backbone,dataset,N,alpha,seed,K,tau,method,phase0_kind,probe_size_actual,sigma,acc,mean_teacher,best_teacher,oracle,theta0_acc,m3_mean_gap,m3_clients_helped,m3_clients_evaluated,m3_gap,m3_student_acc_on_Di,m3_teacher_acc_on_Di,m4_mean,m4_clients_evaluated,m4_ood_acc,wall_clock_sec,phase_teacher_sec,phase_phase0_sec,phase_distill_sec,phase_aggregate_sec,phase_eval_sec,job_id,node,status,error
resnet18_cifar10,CIFAR10,10,0.01,42,300,4.0,dp_avg_eps2_K20,dp_avg,10,3.986361524956496,0.1699,0.15068000000000004,0.3262,0.8701,0.1686,-0.8523560208662168,0,9,"[-0.9993986770895971, -1.0, -0.928773072747014, null, -0.996003996003996, -0.8186300639658848, -0.3144557299681954, -0.6296296296296295, -1.0, -0.9843130183916337]","[0.0, 0.0, 0.06514657980456026, null, 0.0001998001998001998, 0.16964285714285715, 0.5701241407612598, 0.18518518518518517, 0.0, 0.0066714749368914535]","[0.9993986770895971, 1.0, 0.9939196525515743, null, 0.9962037962037962, 0.988272921108742, 0.8845798707294552, 0.8148148148148148, 1.0, 0.9909844933285251]",0.13484734126984127,10,"[0.212375, 0.18877777777777777, 0.14814285714285713, 0.1699, 0.2045, 0.0325, 0.071625, 0.088125, 0.18877777777777777, 0.04375]",10.322768926620483,4.523475646972656,0.07535529136657715,5.426757097244263,0.0006055831909179688,0.13612747192382812,1112414,ai05,success,
resnet18_cifar10,CIFAR10,10,0.01,43,300,4.0,dp_avg_eps2_K20,dp_avg,10,3.9676203949800515,0.238,0.16484000000000001,0.3425,0.868,0.1266,-0.7445551237296147,0,10,"[-0.47727272727272724, -0.6934778474995247, -0.9597278411180582, -0.545937813440321, -0.999599278701663, -1.0, -1.0, -0.25, -0.5653512454520011, -0.954184483811851]","[0.4318181818181818, 0.3008176459402928, 0.018389113644722323, 0.4198595787362086, 0.0002003606491685033, 0.0, 0.0, 0.75, 0.39350685698292753, 0.044797393606190186]","[0.9090909090909091, 0.9942954934398175, 0.9781169547627805, 0.9657973921765296, 0.9997996393508315, 1.0, 1.0, 1.0, 0.9588581024349286, 0.9989818774180411]",0.2117376984126984,10,"[0.16614285714285715, 0.155625, 0.271125, 0.21042857142857144, 0.271125, 0.2594444444444444, 0.2644444444444444, 0.176375, 0.042666666666666665, 0.3]",10.859899759292603,4.423169136047363,0.058379411697387695,5.9964728355407715,0.0005478858947753906,0.16124343872070312,1112414,ai05,success,
resnet18_cifar10,CIFAR10,10,0.01,44,300,4.0,dp_avg_eps2_K20,dp_avg,10,3.962551391060827,0.2102,0.16871000000000003,0.2874,0.8667,0.12,-0.751178175929564,0,10,"[-0.9127096383107698, -0.888, -0.17396707051879468, -0.9612053410321184, -0.0022007042253521236, -0.9235569422776911, -0.8565943559224418, -0.7940194051216797, -1.0, -0.9995283018867924]","[0.08143059203879571, 0.112, 0.8260329294812053, 0.01217971851317214, 0.9977992957746479, 0.0093603744149766, 0.12727970819735074, 0.17369174487036743, 0.0, 0.0]","[0.9941402303495656, 1.0, 1.0, 0.9733850595452905, 1.0, 0.9329173166926678, 0.9838740641197926, 0.9677111499920471, 1.0, 0.9995283018867924]",0.17076845238095237,10,"[0.040285714285714286, 0.22311111111111112, 0.1421111111111111, 0.2864285714285714, 0.12277777777777778, 0.18271428571428572, 0.13142857142857142, 0.016166666666666666, 0.262375, 0.30028571428571427]",10.827292442321777,4.436635732650757,0.04115915298461914,6.040208578109741,0.0005381107330322266,0.14912700653076172,1112414,ai05,success,
resnet18_cifar10,CIFAR10,10,0.01,42,300,4.0,dp_avg_eps8_K20,dp_avg,10,0.996590381239124,0.2093,0.15068000000000004,0.3262,0.8701,0.2128,-0.8288238025084526,0,9,"[-0.9993986770895971, -1.0, -0.8267100977198697, null, -0.9954045954045954, -0.7311433901918976, -0.3032728018877603, -0.6296296296296295, -1.0, -0.9738550306527227]","[0.0, 0.0, 0.16720955483170466, null, 0.0007992007992007992, 0.2571295309168444, 0.5813070688416949, 0.18518518518518517, 0.0, 0.01712946267580238]","[0.9993986770895971, 1.0, 0.9939196525515743, null, 0.9962037962037962, 0.988272921108742, 0.8845798707294552, 0.8148148148148148, 1.0, 0.9909844933285251]",0.16874051587301592,10,"[0.261625, 0.23255555555555554, 0.15028571428571427, 0.2093, 0.239875, 0.05383333333333333, 0.118625, 0.13725, 0.23255555555555554, 0.0515]",10.242228269577026,4.407469987869263,0.048521995544433594,5.471971273422241,0.0004489421844482422,0.1472322940826416,1112414,ai05,success,
resnet18_cifar10,CIFAR10,10,0.01,43,300,4.0,dp_avg_eps8_K20,dp_avg,10,0.9919050987450129,0.3085,0.16484000000000001,0.3425,0.868,0.2555,-0.6641229545581917,0,10,"[-0.36363636363636365, -0.4942004183304811, -0.938948142699522, -0.5393179538615848, -0.999599278701663, -1.0, -1.0, 0.0, -0.4293310943184999, -0.8761962940338016]","[0.5454545454545454, 0.5000950751093364, 0.03916881206325855, 0.42647943831494484, 0.0002003606491685033, 0.0, 0.0, 1.0, 0.5295270081164287, 0.12278558338423946]","[0.9090909090909091, 0.9942954934398175, 0.9781169547627805, 0.9657973921765296, 0.9997996393508315, 1.0, 1.0, 1.0, 0.9588581024349286, 0.9989818774180411]",0.28311408730158727,10,"[0.23857142857142857, 0.214125, 0.328875, 0.299, 0.328875, 0.3293333333333333, 0.3427777777777778, 0.25575, 0.09583333333333334, 0.398]",11.068045139312744,4.442922353744507,0.04119062423706055,6.242642641067505,0.00047469139099121094,0.1694355010986328,1112414,ai05,success,
resnet18_cifar10,CIFAR10,10,0.01,44,300,4.0,dp_avg_eps8_K20,dp_avg,10,0.9906378477652068,0.2404,0.16871000000000003,0.2874,0.8667,0.2631,-0.7282085657411154,0,10,"[-0.909072539907052, -0.7801290322580645, -0.13762037899968937, -0.9239444243955252, -0.0017605633802817433, -0.9235569422776911, -0.820406987905548, -0.786066486400509, -1.0, -0.9995283018867924]","[0.08506769044251364, 0.21987096774193549, 0.8623796210003106, 0.049440635149765426, 0.9982394366197183, 0.0093603744149766, 0.16346707621424458, 0.1816446635915381, 0.0, 0.0]","[0.9941402303495656, 1.0, 1.0, 0.9733850595452905, 1.0, 0.9329173166926678, 0.9838740641197926, 0.9677111499920471, 1.0, 0.9995283018867924]",0.20195694444444445,10,"[0.07871428571428571, 0.2437777777777778, 0.17222222222222222, 0.30328571428571427, 0.15611111111111112, 0.22142857142857142, 0.16214285714285714, 0.04683333333333333, 0.291625, 0.3434285714285714]",10.99009919166565,4.392695426940918,0.04244422912597656,6.258090019226074,0.0005350112915039062,0.1599278450012207,1112414,ai05,success,
resnet18_cifar10,CIFAR10,10,0.01,42,300,4.0,labelled_probe_warmup,labelled,100,0.0,0.1644,0.15068000000000004,0.3262,0.8701,0.3086,-0.8571716807210905,0,9,"[-0.9993986770895971, -1.0, -0.9226927252985885, null, -0.9958041958041958, -0.8062366737739872, -0.3775520673027598, -0.6296296296296295, -1.0, -0.9832311575910567]","[0.0, 0.0, 0.07122692725298589, null, 0.0003996003996003996, 0.1820362473347548, 0.5070278034266954, 0.18518518518518517, 0.0, 0.007753335737468446]","[0.9993986770895971, 1.0, 0.9939196525515743, null, 0.9962037962037962, 0.988272921108742, 0.8845798707294552, 0.8148148148148148, 1.0, 0.9909844933285251]",0.1265054761904762,10,"[0.2055, 0.18266666666666667, 0.14857142857142858, 0.1644, 0.195625, 0.014, 0.079875, 0.0805, 0.18266666666666667, 0.01125]",10.602994203567505,4.53652286529541,0.016480207443237305,5.784672260284424,0.0004436969757080078,0.13379526138305664,1112414,ai05,success,
resnet18_cifar10,CIFAR10,10,0.01,43,300,4.0,labelled_probe_warmup,labelled,100,0.0,0.33,0.16484000000000001,0.3425,0.868,0.3545,-0.6821833237578804,0,10,"[-0.38636363636363635, -0.4194713823920898, -0.9317763883780802, -0.5372116349047141, -0.999599278701663, -1.0, -1.0, -0.25, -0.3713266162888329, -0.9260843005497862]","[0.5227272727272727, 0.5748241110477277, 0.04634056638470026, 0.42858575727181547, 0.0002003606491685033, 0.0, 0.0, 0.75, 0.5875314861460957, 0.07289757686825493]","[0.9090909090909091, 0.9942954934398175, 0.9781169547627805, 0.9657973921765296, 0.9997996393508315, 1.0, 1.0, 1.0, 0.9588581024349286, 0.9989818774180411]",0.3071813492063492,10,"[0.261, 0.22925, 0.343875, 0.3352857142857143, 0.343875, 0.35877777777777775, 0.36666666666666664, 0.289, 0.10333333333333333, 0.44075]",10.64155125617981,4.456177234649658,0.01886272430419922,5.851928949356079,0.0004780292510986328,0.14514756202697754,1112414,ai05,success,
resnet18_cifar10,CIFAR10,10,0.01,44,300,4.0,labelled_probe_warmup,labelled,100,0.0,0.2586,0.16871000000000003,0.2874,0.8667,0.3657,-0.7169770141320954,0,10,"[-0.9137199434229137, -0.6766451612903226, -0.1826654240447344, -0.8883074702273548, -0.0017605633802817433, -0.9251170046801872, -0.7845075830293722, -0.7975186893589947, -1.0, -0.9995283018867924]","[0.08042028692665185, 0.3233548387096774, 0.8173345759552656, 0.08507758931793577, 0.9982394366197183, 0.0078003120124804995, 0.19936648109042043, 0.17019246063305232, 0.0, 0.0]","[0.9941402303495656, 1.0, 1.0, 0.9733850595452905, 1.0, 0.9329173166926678, 0.9838740641197926, 0.9677111499920471, 1.0, 0.9995283018867924]",0.2225121031746032,10,"[0.11057142857142857, 0.25322222222222224, 0.197, 0.30742857142857144, 0.17633333333333334, 0.2532857142857143, 0.17814285714285713, 0.07233333333333333, 0.307375, 0.36942857142857144]",6.0700459480285645,2.6497464179992676,0.01306009292602539,3.0832595825195312,0.00043511390686035156,0.16991353034973145,1112414,ai05,success,
resnet18_cifar10,CIFAR10,10,0.01,42,300,4.0,no_phase0,none,0,0.0,0.153,0.15068000000000004,0.3262,0.8701,0.1112,-0.8667175527995751,0,9,"[-0.9993986770895971, -1.0, -0.9874049945711183, null, -0.9962037962037962, -0.8186966950959488, -0.3786806196778496, -0.6296296296296295, -1.0, -0.9904435629282367]","[0.0, 0.0, 0.006514657980456026, null, 0.0, 0.16957622601279318, 0.5058992510516056, 0.18518518518518517, 0.0, 0.0005409304002884963]","[0.9993986770895971, 1.0, 0.9939196525515743, null, 0.9962037962037962, 0.988272921108742, 0.8845798707294552, 0.8148148148148148, 1.0, 0.9909844933285251]",0.11581607142857142,10,"[0.19125, 0.17, 0.1452857142857143, 0.153, 0.19025, 0.0015, 0.066125, 0.06625, 0.17, 0.0045]",10.398699522018433,4.410351753234863,0.008284568786621094,5.6661131381988525,0.0004410743713378906,0.13779044151306152,1112414,ai05,success,
resnet18_cifar10,CIFAR10,10,0.01,43,300,4.0,no_phase0,none,0,0.0,0.2279,0.16484000000000001,0.3425,0.868,0.1046,-0.7608576885294892,0,10,"[-0.5454545454545454, -0.8372314128161248, -0.9749908054431777, -0.5270812437311936, -0.9997996393508315, -1.0, -1.0, -0.25, -0.5821438567030507, -0.8918753817959683]","[0.36363636363636365, 0.1570640806236927, 0.003126149319602795, 0.438716148445336, 0.0, 0.0, 0.0, 0.75, 0.37671424573187795, 0.1071064956220729]","[0.9090909090909091, 0.9942954934398175, 0.9781169547627805, 0.9657973921765296, 0.9997996393508315, 1.0, 1.0, 1.0, 0.9588581024349286, 0.9989818774180411]",0.20575972222222222,10,"[0.16028571428571428, 0.168625, 0.278875, 0.18071428571428572, 0.278875, 0.24066666666666667, 0.25322222222222224, 0.1605, 0.026833333333333334, 0.309]",11.393243789672852,4.5563483238220215,0.00860285758972168,6.476557731628418,0.0005800724029541016,0.1890430450439453,1112414,ai05,success,
resnet18_cifar10,CIFAR10,10,0.01,44,300,4.0,no_phase0,none,0,0.0,0.1823,0.16871000000000003,0.2874,0.8667,0.0998,-0.7720776061511891,0,10,"[-0.9228126894322085, -0.8681290322580645, -0.2839391115253185, -0.9607542403464453, -0.0011003521126760063, -0.9258970358814353, -0.9396237281627952, -0.8189915699061556, -1.0, -0.9995283018867924]","[0.07132754091735705, 0.1318709677419355, 0.7160608884746815, 0.012630819198845183, 0.998899647887324, 0.0070202808112324495, 0.044250335956997504, 0.14871958008589153, 0.0, 0.0]","[0.9941402303495656, 1.0, 1.0, 0.9733850595452905, 1.0, 0.9329173166926678, 0.9838740641197926, 0.9677111499920471, 1.0, 0.9995283018867924]",0.1451404761904762,10,"[0.017285714285714286, 0.19, 0.12444444444444444, 0.24385714285714286, 0.09155555555555556, 0.16, 0.117, 0.019333333333333334, 0.2275, 0.26042857142857145]",10.89045238494873,4.553079605102539,0.008965253829956055,6.03025484085083,0.00044035911560058594,0.13509345054626465,1112414,ai05,success,
resnet18_cifar10,CIFAR10,10,0.01,42,300,4.0,raw_union_K20,raw_union,335,0.0,0.3397,0.15068000000000004,0.3262,0.8701,0.5765,-0.7248633407444429,0,9,"[-0.9993986770895971, -0.9627906976744186, -0.24147665580890332, null, -0.992007992007992, -0.5406449893390192, -0.24130501692828565, -0.6296296296296295, -1.0, -0.9165164082221422]","[0.0, 0.037209302325581395, 0.752442996742671, null, 0.004195804195804196, 0.4476279317697228, 0.6432748538011696, 0.18518518518518517, 0.0, 0.07446808510638298]","[0.9993986770895971, 1.0, 0.9939196525515743, null, 0.9962037962037962, 0.988272921108742, 0.8845798707294552, 0.8148148148148148, 1.0, 0.9909844933285251]",0.29535353174603174,10,"[0.424625, 0.37177777777777776, 0.20157142857142857, 0.3397, 0.3305, 0.17883333333333334, 0.267375, 0.294625, 0.37177777777777776, 0.17275]",10.625046014785767,4.582542896270752,0.0365748405456543,5.712750196456909,0.0004487037658691406,0.13751721382141113,1112414,ai05,success,
resnet18_cifar10,CIFAR10,10,0.01,43,300,4.0,raw_union_K20,raw_union,326,0.0,0.4917,0.16484000000000001,0.3425,0.868,0.583,-0.4985221270229717,0,10,"[-0.09090909090909083, -0.08043354249857393, -0.9021699154100773, -0.5212637913741224, -0.999599278701663, -1.0, -0.9997995991983968, 0.0, -0.18884690736076126, -0.20219914477703116]","[0.8181818181818182, 0.9138619509412436, 0.0759470393527032, 0.4445336008024072, 0.0002003606491685033, 0.0, 0.0002004008016032064, 1.0, 0.7700111950741674, 0.79678273264101]","[0.9090909090909091, 0.9942954934398175, 0.9781169547627805, 0.9657973921765296, 0.9997996393508315, 1.0, 1.0, 1.0, 0.9588581024349286, 0.9989818774180411]",0.4556392857142857,10,"[0.4372857142857143, 0.385625, 0.49975, 0.45985714285714285, 0.499875, 0.4568888888888889, 0.5461111111111111, 0.39975, 0.302, 0.56925]",11.006292819976807,4.438406229019165,0.05541849136352539,6.18925666809082,0.0004982948303222656,0.1465151309967041,1112414,ai05,success,
resnet18_cifar10,CIFAR10,10,0.01,44,300,4.0,raw_union_K20,raw_union,352,0.0,0.3747,0.16871000000000003,0.2874,0.8667,0.6026,-0.6263074538554552,0,10,"[-0.8421903414831279, -0.40103225806451614, -0.04224914569742155, -0.7148141465175027, -0.007922535211267623, -0.8876755070202809, -0.5992512958341332, -0.7684110068395101, -1.0, -0.9995283018867924]","[0.15194988886643768, 0.5989677419354839, 0.9577508543025784, 0.2585709130277878, 0.9920774647887324, 0.0452418096723869, 0.38462276828565944, 0.19930014315253697, 0.0, 0.0]","[0.9941402303495656, 1.0, 1.0, 0.9733850595452905, 1.0, 0.9329173166926678, 0.9838740641197926, 0.9677111499920471, 1.0, 0.9995283018867924]",0.3412515873015873,10,"[0.24557142857142858, 0.3546666666666667, 0.30877777777777776, 0.39271428571428574, 0.30633333333333335, 0.387, 0.29085714285714287, 0.18016666666666667, 0.413, 0.5334285714285715]",10.849298477172852,4.42929220199585,0.037480831146240234,6.058837890625,0.0005023479461669922,0.14815592765808105,1112414,ai05,success,
resnet18_cifar10,CIFAR10,10,0.01,42,300,4.0,warmup_only_labelled,warmup_only,100,0.0,0.3086,0.15068000000000004,0.3262,0.8701,0.3086,-0.6495519328867256,0,9,"[-0.39106033273201035, -0.7892821031344792, -0.4197611292073832, null, -0.4919080919080919, -0.9604211087420043, -0.3569303375397558, -0.537037037037037, -1.0, -0.8995672556797693]","[0.6083383443575867, 0.21071789686552073, 0.5741585233441912, null, 0.5042957042957043, 0.02785181236673774, 0.5276495331896994, 0.2777777777777778, 0.0, 0.09141723764875587]","[0.9993986770895971, 1.0, 0.9939196525515743, null, 0.9962037962037962, 0.988272921108742, 0.8845798707294552, 0.8148148148148148, 1.0, 0.9909844933285251]",0.2838772619047619,10,"[0.244125, 0.32033333333333336, 0.2997142857142857, 0.3086, 0.247125, 0.39266666666666666, 0.252125, 0.279, 0.32033333333333336, 0.17475]",4.919643402099609,4.538547039031982,0.017667531967163086,0.0,0.0,0.15653300285339355,1112414,ai05,success,
resnet18_cifar10,CIFAR10,10,0.01,43,300,4.0,warmup_only_labelled,warmup_only,100,0.0,0.3545,0.16484000000000001,0.3425,0.868,0.3545,-0.6462706344910334,0,10,"[-0.18181818181818177, -0.17303669899220386, -0.5077234277307834, -0.8122367101303912, -0.9883790823482268, -1.0, -0.96312625250501, -0.5, -0.3378113630002799, -0.9985746283852576]","[0.7272727272727273, 0.8212587944476136, 0.47039352703199705, 0.1535606820461384, 0.011420557002604689, 0.0, 0.03687374749498998, 0.5, 0.6210467394346487, 0.00040724903278354713]","[0.9090909090909091, 0.9942954934398175, 0.9781169547627805, 0.9657973921765296, 0.9997996393508315, 1.0, 1.0, 1.0, 0.9588581024349286, 0.9989818774180411]",0.3333275793650794,10,"[0.2842857142857143, 0.245, 0.28325, 0.45714285714285713, 0.338625, 0.3937777777777778, 0.39011111111111113, 0.34825, 0.22683333333333333, 0.366]",4.808453321456909,4.4362194538116455,0.02295684814453125,0.0,0.0,0.16547536849975586,1112414,ai05,success,
resnet18_cifar10,CIFAR10,10,0.01,44,300,4.0,warmup_only_labelled,warmup_only,100,0.0,0.3657,0.16871000000000003,0.2874,0.8667,0.3657,-0.6281229137513388,0,10,"[-0.7294402909678723, -0.36593548387096775, -0.9993786890338614, -0.25333814507398056, -0.987455985915493, -0.8127925117004681, -0.6307352658859666, -0.5026244631779864, 0.0, -0.9995283018867924]","[0.2646999393816933, 0.6340645161290323, 0.0006213109661385523, 0.72004691447131, 0.012544014084507043, 0.12012480499219969, 0.35313879823382605, 0.46508668681406073, 1.0, 0.0]","[0.9941402303495656, 1.0, 1.0, 0.9733850595452905, 1.0, 0.9329173166926678, 0.9838740641197926, 0.9677111499920471, 1.0, 0.9995283018867924]",0.3865293650793651,10,"[0.48028571428571426, 0.3381111111111111, 0.4063333333333333, 0.22714285714285715, 0.4051111111111111, 0.4818571428571429, 0.417, 0.39766666666666667, 0.2755, 0.4362857142857143]",4.822051048278809,4.460983037948608,0.020167827606201172,0.0,0.0,0.16773200035095215,1112414,ai05,success,
resnet18_cifar10,CIFAR10,10,0.05,42,300,4.0,dp_avg_eps2_K20,dp_avg,10,3.986361524956496,0.28,0.22974999999999998,0.4259,0.8701,0.1581,-0.7699911445897306,0,10,"[-0.7383467992541952, -0.969778015512169, -0.5458960660514813, -0.9814265955344794, -0.7780429594272076, -0.6320674553892411, -0.0803987779385753, -0.9981751824817517, -1.0, -0.9757795943082046]","[0.23534286306194324, 0.0024070607114201658, 0.4239922292374939, 0.011657775143252322, 0.15393794749403342, 0.32773383881299434, 0.7965910918154044, 0.0009124087591240876, 0.0, 0.0018165304268846503]","[0.9736896623161384, 0.9721850762235892, 0.9698882952889752, 0.9930843706777317, 0.931980906921241, 0.9598012942022355, 0.8769898697539797, 0.9990875912408759, 1.0, 0.9775961247350893]",0.22820432098765434,9,"[0.1802, 0.43533333333333335, 0.16766666666666666, 0.31283333333333335, 0.18033333333333335, 0.04525, 0.16433333333333333, 0.257, 0.3108888888888889, null]",11.020804405212402,4.542042970657349,0.04317498207092285,6.1418137550354,0.0005691051483154297,0.17151713371276855,1112414,ai05,success,
resnet18_cifar10,CIFAR10,10,0.05,43,300,4.0,dp_avg_eps2_K20,dp_avg,10,3.9676203949800515,0.2599,0.28791,0.3571,0.868,0.1974,-0.6882977188436159,0,10,"[-0.6894512771996215, -0.2946486137975499, -0.811958647666946, -0.5594260050388871, -0.9456595264937994, -0.5885509838998211, -0.9695756605284228, -0.5506566604127581, -0.5317564607971967, -0.9412933526011561]","[0.2800378429517502, 0.7024500322372663, 0.14585079631181894, 0.38295541680359296, 0.04509582863585118, 0.39803220035778175, 0.009007205764611689, 0.35647279549718575, 0.42871222076215504, 0.009934971098265896]","[0.9694891201513718, 0.9970986460348162, 0.957809443978765, 0.94238142184248, 0.9907553551296505, 0.9865831842576028, 0.9785828662930345, 0.9071294559099438, 0.9604686815593517, 0.951228323699422]",0.19452208994708997,9,"[0.2856666666666667, 0.110625, 0.2, 0.177, 0.22125, 0.24485714285714286, 0.1428, 0.2665, 0.102, null]",10.930978536605835,4.334447860717773,0.06114482879638672,6.2196364402771,0.0004584789276123047,0.13170266151428223,1112414,ai05,success,
resnet18_cifar10,CIFAR10,10,0.05,44,300,4.0,dp_avg_eps2_K20,dp_avg,10,3.962551391060827,0.353,0.24933,0.3431,0.8667,0.1734,-0.6043041818981725,0,10,"[-0.515085196185712, -0.5921483097055615, -0.1961796592669075, -0.2712806912481821, -0.38641779189833203, -0.864375290292615, -0.8458036984352774, -0.8167661184689274, -0.5673076923076923, -0.9876773711725167]","[0.4294200406440519, 0.400945110868775, 0.7883324728962313, 0.7019419967490803, 0.6052422557585385, 0.08592661402693916, 0.1233760075865339, 0.1491777033910639, 0.28365384615384615, 0.0011202389843166542]","[0.944505236829764, 0.9930934205743366, 0.9845121321631388, 0.9732226879972624, 0.9916600476568705, 0.9503019043195541, 0.9691797060218112, 0.9659438218599913, 0.8509615384615384, 0.9887976101568334]",0.2963820105820106,9,"[0.1332, 0.36857142857142855, 0.419, 0.116, 0.281, 0.4365, 0.26, 0.32233333333333336, 0.3308333333333333, null]",11.43143916130066,4.575719118118286,0.04735088348388672,6.5163068771362305,0.00057220458984375,0.13773083686828613,1112414,ai05,success,
resnet18_cifar10,CIFAR10,10,0.05,42,300,4.0,dp_avg_eps8_K20,dp_avg,10,0.996590381239124,0.2926,0.22974999999999998,0.4259,0.8701,0.2649,-0.7636669596547376,0,10,"[-0.7159726538222498, -0.9689756619416956, -0.5382871944309535, -0.9731278403477573, -0.7768496420047732, -0.6089286881495524, -0.08072037305032964, -0.9990875912408759, -1.0, -0.9747199515591886]","[0.25771700849388857, 0.0032094142818935543, 0.43160110085802167, 0.019956530329974312, 0.15513126491646778, 0.35087260605268317, 0.7962694967036501, 0.0, 0.0, 0.0028761731759006964]","[0.9736896623161384, 0.9721850762235892, 0.9698882952889752, 0.9930843706777317, 0.931980906921241, 0.9598012942022355, 0.8769898697539797, 0.9990875912408759, 1.0, 0.9775961247350893]",0.24110987654320992,9,"[0.1856, 0.44916666666666666, 0.18266666666666667, 0.3278333333333333, 0.1905, 0.05525, 0.18083333333333335, 0.27325, 0.3248888888888889, null]",11.07120680809021,4.540827751159668,0.08781909942626953,6.140205144882202,0.0004734992980957031,0.13515710830688477,1112414,ai05,success,
resnet18_cifar10,CIFAR10,10,0.05,43,300,4.0,dp_avg_eps8_K20,dp_avg,10,0.9919050987450129,0.2641,0.28791,0.3571,0.868,0.3146,-0.6830852239455572,0,10,"[-0.685666982024598, -0.2746615087040619, -0.8062307907236658, -0.559316464015774, -0.9438556933483653, -0.5778175313059033, -0.9693755004003203, -0.5506566604127581, -0.5223390275952694, -0.9409320809248556]","[0.28382213812677387, 0.7224371373307543, 0.1515786532550992, 0.3830649578267061, 0.04689966178128523, 0.4087656529516995, 0.009207365892714172, 0.35647279549718575, 0.4381296539640823, 0.010296242774566474]","[0.9694891201513718, 0.9970986460348162, 0.957809443978765, 0.94238142184248, 0.9907553551296505, 0.9865831842576028, 0.9785828662930345, 0.9071294559099438, 0.9604686815593517, 0.951228323699422]",0.19816375661375663,9,"[0.2891666666666667, 0.11325, 0.2, 0.1812, 0.2265, 0.24785714285714286, 0.147, 0.2735, 0.105, null]",10.840421199798584,4.432060241699219,0.06136465072631836,5.985805511474609,0.0006504058837890625,0.17429709434509277,1112414,ai05,success,
resnet18_cifar10,CIFAR10,10,0.05,44,300,4.0,dp_avg_eps8_K20,dp_avg,10,0.9906378477652068,0.3687,0.24933,0.3431,0.8667,0.3266,-0.588341771315597,0,10,"[-0.5072690323589182, -0.5579789167575426, -0.18895198760970566, -0.2481820515014116, -0.3546465448768864, -0.8632141198327914, -0.8123281175912754, -0.8058506767573861, -0.5576923076923077, -0.9873039581777445]","[0.4372362044708457, 0.4351145038167939, 0.7955601445534332, 0.7250406364958508, 0.6370135027799841, 0.08708778448676266, 0.1568515884305358, 0.16009314510260514, 0.2932692307692308, 0.0014936519790888724]","[0.944505236829764, 0.9930934205743366, 0.9845121321631388, 0.9732226879972624, 0.9916600476568705, 0.9503019043195541, 0.9691797060218112, 0.9659438218599913, 0.8509615384615384, 0.9887976101568334]",0.3112820105820106,9,"[0.1526, 0.38457142857142856, 0.43166666666666664, 0.1224, 0.301, 0.461, 0.2658, 0.32966666666666666, 0.35283333333333333, null]",10.97212553024292,4.407309293746948,0.0479278564453125,6.191441774368286,0.0005612373352050781,0.16286540031433105,1112414,ai05,success,
resnet18_cifar10,CIFAR10,10,0.05,42,300,4.0,labelled_probe_warmup,labelled,100,0.0,0.2879,0.22974999999999998,0.4259,0.8701,0.3086,-0.7642760288249425,0,10,"[-0.7076859332918998, -0.9695105643220112, -0.537639630888781, -0.9670025686623197, -0.7828162291169452, -0.6252042617164522, -0.07879080237980385, -0.9990875912408759, -1.0, -0.9750227066303361]","[0.26600372902423863, 0.002674511901577962, 0.43224866440019427, 0.026081802015411975, 0.14916467780429593, 0.3345970324857834, 0.7981990673741759, 0.0, 0.0, 0.0025734181047532547]","[0.9736896623161384, 0.9721850762235892, 0.9698882952889752, 0.9930843706777317, 0.931980906921241, 0.9598012942022355, 0.8769898697539797, 0.9990875912408759, 1.0, 0.9775961247350893]",0.2363052469135802,9,"[0.1874, 0.441, 0.17533333333333334, 0.31883333333333336, 0.18966666666666668, 0.057, 0.17, 0.267625, 0.3198888888888889, null]",10.954425573348999,4.5084474086761475,0.01810598373413086,6.142299652099609,0.00045800209045410156,0.15093564987182617,1112414,ai05,success,
resnet18_cifar10,CIFAR10,10,0.05,43,300,4.0,labelled_probe_warmup,labelled,100,0.0,0.2671,0.28791,0.3571,0.868,0.3545,-0.6808851049545201,0,10,"[-0.684484389782403, -0.25918762088974856, -0.8034367141659682, -0.5589878409464344, -0.942728297632469, -0.5769230769230769, -0.9691753402722179, -0.5506566604127581, -0.5223390275952694, -0.9409320809248556]","[0.2850047303689688, 0.7379110251450677, 0.15437272981279687, 0.3833935808960456, 0.04802705749718151, 0.40966010733452596, 0.009407526020816653, 0.35647279549718575, 0.4381296539640823, 0.010296242774566474]","[0.9694891201513718, 0.9970986460348162, 0.957809443978765, 0.94238142184248, 0.9907553551296505, 0.9865831842576028, 0.9785828662930345, 0.9071294559099438, 0.9604686815593517, 0.951228323699422]",0.2008595238095238,9,"[0.2935, 0.11375, 0.2, 0.182, 0.2275, 0.25157142857142856, 0.1522, 0.2785, 0.10871428571428571, null]",10.755476236343384,4.446900129318237,0.01953125,5.976486444473267,0.0006277561187744141,0.14672565460205078,1112414,ai05,success,
resnet18_cifar10,CIFAR10,10,0.05,44,300,4.0,labelled_probe_warmup,labelled,100,0.0,0.3824,0.24933,0.3431,0.8667,0.3657,-0.5818258666213489,0,10,"[-0.5094575582304205, -0.5645219920029081, -0.19050077439339175, -0.23492172127641375, -0.34948371723590155, -0.8641430562006502, -0.7750592697961118, -0.7947896958230243, -0.5480769230769231, -0.9873039581777445]","[0.43504767859934346, 0.42857142857142855, 0.7940113577697471, 0.7383009667208487, 0.642176330420969, 0.08615884811890386, 0.19412043622569938, 0.17115412603696697, 0.30288461538461536, 0.0014936519790888724]","[0.944505236829764, 0.9930934205743366, 0.9845121321631388, 0.9732226879972624, 0.9916600476568705, 0.9503019043195541, 0.9691797060218112, 0.9659438218599913, 0.8509615384615384, 0.9887976101568334]",0.32416349206349204,9,"[0.1778, 0.4005714285714286, 0.43766666666666665, 0.1242, 0.3216, 0.4841666666666667, 0.2658, 0.33416666666666667, 0.3715, null]",9.352204322814941,4.160836458206177,0.023638248443603516,4.872758388519287,0.000476837158203125,0.1497037410736084,1112414,ai05,success,
resnet18_cifar10,CIFAR10,10,0.05,42,300,4.0,no_phase0,none,0,0.0,0.2684,0.22974999999999998,0.4259,0.8701,0.1112,-0.7781775137497803,0,10,"[-0.784545266210897, -0.9716501738432736, -0.5408774485996439, -0.9837976684449714, -0.7852028639618138, -0.6487352114517289, -0.09149380929409878, -0.9990875912408759, -1.0, -0.9763851044504995]","[0.18914439610524136, 0.0005349023803155924, 0.42901084668933137, 0.009286702232760324, 0.1467780429594272, 0.31106608275050657, 0.785496060459881, 0.0, 0.0, 0.0012110202845897668]","[0.9736896623161384, 0.9721850762235892, 0.9698882952889752, 0.9930843706777317, 0.931980906921241, 0.9598012942022355, 0.8769898697539797, 0.9990875912408759, 1.0, 0.9775961247350893]",0.21835709876543208,9,"[0.1842, 0.4265, 0.14516666666666667, 0.309, 0.1695, 0.03025, 0.1555, 0.246875, 0.2982222222222222, null]",11.101664543151855,4.458911895751953,0.0080413818359375,6.360346794128418,0.00047898292541503906,0.1344437599182129,1112414,ai05,success,
resnet18_cifar10,CIFAR10,10,0.05,43,300,4.0,no_phase0,none,0,0.0,0.2502,0.28791,0.3571,0.868,0.1046,-0.7009529424165363,0,10,"[-0.6946546830652791, -0.379110251450677, -0.8278848840458228, -0.5599737101544529, -0.9490417136414881, -0.5974955277280858, -0.9695756605284228, -0.5506566604127581, -0.5382172579938678, -0.9429190751445087]","[0.27483443708609273, 0.6179883945841392, 0.12992455993294216, 0.3824077116880272, 0.04171364148816235, 0.389087656529517, 0.009007205764611689, 0.35647279549718575, 0.422251423565484, 0.008309248554913294]","[0.9694891201513718, 0.9970986460348162, 0.957809443978765, 0.94238142184248, 0.9907553551296505, 0.9865831842576028, 0.9785828662930345, 0.9071294559099438, 0.9604686815593517, 0.951228323699422]",0.18586653439153436,9,"[0.2728333333333333, 0.108125, 0.2, 0.173, 0.21625, 0.23385714285714285, 0.1274, 0.25033333333333335, 0.091, null]",11.050760507583618,4.401242017745972,0.009081125259399414,6.313177585601807,0.0005197525024414062,0.15304350852966309,1112414,ai05,success,
resnet18_cifar10,CIFAR10,10,0.05,44,300,4.0,no_phase0,none,0,0.0,0.3251,0.24933,0.3431,0.8667,0.0998,-0.6251430140095541,0,10,"[-0.5211818039706112, -0.6659396583060705, -0.1982447083118224, -0.33595688253913936, -0.4023034154090548, -0.8650719925685091, -0.8662873399715505, -0.8266627856207248, -0.5817307692307692, -0.988050784167289]","[0.42332343285915275, 0.3271537622682661, 0.7862674238513164, 0.6372658054581231, 0.5893566322478158, 0.08522991175104505, 0.10289236605026078, 0.1392810362392665, 0.2692307692307692, 0.0007468259895444362]","[0.944505236829764, 0.9930934205743366, 0.9845121321631388, 0.9732226879972624, 0.9916600476568705, 0.9503019043195541, 0.9691797060218112, 0.9659438218599913, 0.8509615384615384, 0.9887976101568334]",0.2697529100529101,9,"[0.0954, 0.35914285714285715, 0.38433333333333336, 0.1166, 0.2488, 0.3908333333333333, 0.241, 0.2871666666666667, 0.3045, null]",11.057110071182251,4.423178434371948,0.007107734680175781,6.27837347984314,0.0005552768707275391,0.18947458267211914,1112414,ai05,success,
resnet18_cifar10,CIFAR10,10,0.05,42,300,4.0,raw_union_K20,raw_union,626,0.0,0.5316,0.22974999999999998,0.4259,0.8701,0.7176,-0.4682467963878832,0,10,"[-0.38036047234307024, -0.5782294731211554, -0.31050671847175004, -0.4250148192056906, -0.41527446300715987, -0.3897640368651546, -0.05933429811866864, -0.5994525547445255, -0.6578947368421053, -0.8666363911595519]","[0.5933291899730682, 0.3939556031024338, 0.6593815768172252, 0.5680695514720411, 0.5167064439140812, 0.5700372573370809, 0.8176555716353111, 0.39963503649635035, 0.34210526315789475, 0.11095973357553739]","[0.9736896623161384, 0.9721850762235892, 0.9698882952889752, 0.9930843706777317, 0.931980906921241, 0.9598012942022355, 0.8769898697539797, 0.9990875912408759, 1.0, 0.9775961247350893]",0.48945740740740745,9,"[0.4472, 0.5786666666666667, 0.4483333333333333, 0.49016666666666664, 0.468, 0.394, 0.512, 0.51775, 0.549, null]",11.06390643119812,4.588885307312012,0.05115842819213867,6.0785346031188965,0.0006854534149169922,0.17222285270690918,1112414,ai05,success,
resnet18_cifar10,CIFAR10,10,0.05,43,300,4.0,raw_union_K20,raw_union,735,0.0,0.4006,0.28791,0.3571,0.868,0.7476,-0.5251965495025587,0,10,"[-0.5801797540208136, -0.09671179883945835, -0.7428052528639284, -0.4296198926497973, -0.7091319052987599, -0.3300536672629696, -0.9645716573258607, -0.31801125703564737, -0.35129215943933423, -0.7295881502890174]","[0.38930936613055817, 0.9003868471953579, 0.21500419111483654, 0.5127615291926827, 0.28162344983089066, 0.6565295169946332, 0.01401120896717374, 0.5891181988742964, 0.6091765221200175, 0.22164017341040462]","[0.9694891201513718, 0.9970986460348162, 0.957809443978765, 0.94238142184248, 0.9907553551296505, 0.9865831842576028, 0.9785828662930345, 0.9071294559099438, 0.9604686815593517, 0.951228323699422]",0.33381732804232805,9,"[0.4216666666666667, 0.265375, 0.3288, 0.3106, 0.3465, 0.33985714285714286, 0.3422, 0.3945, 0.25485714285714284, null]",11.017625570297241,4.4056994915008545,0.07955265045166016,6.210615396499634,0.0004639625549316406,0.1419990062713623,1112414,ai05,success,
resnet18_cifar10,CIFAR10,10,0.05,44,300,4.0,raw_union_K20,raw_union,676,0.0,0.5213,0.24933,0.3431,0.8667,0.7563,-0.45800777109111007,0,10,"[-0.45208691574175397, -0.3231552162849872, -0.15229736706246766, -0.08589271965095391, -0.14138204924543285, -0.814677194612169, -0.5283072546230441, -0.7259496434289041, -0.45192307692307687, -0.9044062733383121]","[0.49241832108801, 0.6699382042893494, 0.8322147651006712, 0.8873299683463085, 0.8502779984114377, 0.13562470970738505, 0.4408724513987672, 0.23999417843108717, 0.39903846153846156, 0.08439133681852129]","[0.944505236829764, 0.9930934205743366, 0.9845121321631388, 0.9732226879972624, 0.9916600476568705, 0.9503019043195541, 0.9691797060218112, 0.9659438218599913, 0.8509615384615384, 0.9887976101568334]",0.460494708994709,9,"[0.3582, 0.5102857142857142, 0.5738333333333333, 0.2084, 0.4812, 0.6743333333333333, 0.3452, 0.45116666666666666, 0.5418333333333333, null]",11.092449426651001,4.488611698150635,0.09220385551452637,6.169270277023315,0.0005135536193847656,0.15934038162231445,1112414,ai05,success,
resnet18_cifar10,CIFAR10,10,0.05,42,300,4.0,warmup_only_labelled,warmup_only,100,0.0,0.3086,0.22974999999999998,0.4259,0.8701,0.3086,-0.6122340508225285,0,10,"[-0.36130101512326496, -0.75849157528751, -0.5575522098105876, -0.48211815846670625, -0.383054892601432, -0.8731943264265638, -0.3460363402476282, -0.7883211678832116, -0.7631578947368421, -0.809112927641538]","[0.6123886471928734, 0.21369350093607917, 0.41233608547838757, 0.5109662122110255, 0.548926014319809, 0.08660696777567162, 0.5309535295063516, 0.21076642335766424, 0.23684210526315788, 0.1684831970935513]","[0.9736896623161384, 0.9721850762235892, 0.9698882952889752, 0.9930843706777317, 0.931980906921241, 0.9598012942022355, 0.8769898697539797, 0.9990875912408759, 1.0, 0.9775961247350893]",0.28616851851851854,9,"[0.3526, 0.2916666666666667, 0.31583333333333335, 0.12216666666666667, 0.22833333333333333, 0.43375, 0.23183333333333334, 0.279, 0.32033333333333336, null]",4.753193378448486,4.4580078125,0.011429548263549805,0.0,0.0,0.1457526683807373,1112414,ai05,success,
resnet18_cifar10,CIFAR10,10,0.05,43,300,4.0,warmup_only_labelled,warmup_only,100,0.0,0.3545,0.28791,0.3571,0.868,0.3545,-0.6134493179629775,0,10,"[-0.35406811731315035, -0.18343004513217276, -0.47499301480860573, -0.8114798992222587, -0.9246899661781285, -0.6493738819320214, -0.905324259407526, -0.8086303939962477, -0.48204117389399914, -0.5404624277456648]","[0.6154210028382214, 0.8136686009026435, 0.48281642917015927, 0.13090152262022128, 0.06606538895152199, 0.3372093023255814, 0.0732586068855084, 0.09849906191369606, 0.4784275076653526, 0.41076589595375723]","[0.9694891201513718, 0.9970986460348162, 0.957809443978765, 0.94238142184248, 0.9907553551296505, 0.9865831842576028, 0.9785828662930345, 0.9071294559099438, 0.9604686815593517, 0.951228323699422]",0.3326687830687831,9,"[0.2715, 0.3015, 0.2274, 0.3842, 0.3115, 0.3965714285714286, 0.3358, 0.4628333333333333, 0.3027142857142857, null]",4.778314113616943,4.460415601730347,0.013530969619750977,0.0,0.0,0.13250136375427246,1112414,ai05,success,
resnet18_cifar10,CIFAR10,10,0.05,44,300,4.0,warmup_only_labelled,warmup_only,100,0.0,0.3657,0.24933,0.3431,0.8667,0.3657,-0.6844077960170866,0,10,"[-0.7672346412380804, -0.35841512177390034, -0.9814145585957665, -0.2626400889725383, -0.9535345512311358, -0.8142127264282396, -0.6774774774774774, -0.4494251200698588, -0.5961538461538461, -0.9835698282300224]","[0.1772705955916836, 0.6346782988004362, 0.003097573567372225, 0.7105825990247241, 0.03812549642573471, 0.13608917789131444, 0.2917022285443338, 0.5165187017901325, 0.2548076923076923, 0.005227781926811053]","[0.944505236829764, 0.9930934205743366, 0.9845121321631388, 0.9732226879972624, 0.9916600476568705, 0.9503019043195541, 0.9691797060218112, 0.9659438218599913, 0.8509615384615384, 0.9887976101568334]",0.36190952380952385,9,"[0.3828, 0.3462857142857143, 0.44683333333333336, 0.1796, 0.3818, 0.5563333333333333, 0.2932, 0.39766666666666667, 0.27266666666666667, null]",4.719685077667236,4.353261232376099,0.023489952087402344,0.0,0.0,0.16080307960510254,1112414,ai05,success,
resnet18_cifar10,CIFAR10,10,0.1,42,300,4.0,dp_avg_eps2_K20,dp_avg,10,3.986361524956496,0.3611,0.34592,0.4721,0.8701,0.1438,-0.5443835191040789,0,10,"[-0.0835369917796045, -0.10404624277456653, -0.938698807672369, -0.2757111597374179, -0.4660316319194824, -0.7524045067326188, -0.6033597112314314, -0.48918299821837613, -0.9619530754597336, -0.7689100655151877]","[0.8949122417240614, 0.8058766859344894, 0.018144116122343183, 0.6812545587162655, 0.5167145938173976, 0.19455894476504534, 0.28543662362904343, 0.4837108679053194, 0.02219403931515536, 0.20941036331149493]","[0.9784492335036659, 0.9099229287090559, 0.9568429237947123, 0.9569657184536834, 0.98274622573688, 0.9469634514976641, 0.8887963348604748, 0.9728938661236955, 0.984147114774889, 0.9783204288266826]",0.30413888888888896,9,"[0.19175, 0.16, 0.46075, 0.33575, 0.33975, 0.405, 0.121, 0.27325, 0.45, null]",11.474118947982788,4.501153230667114,0.0553131103515625,6.605225086212158,0.0005340576171875,0.18424654006958008,1112414,ai05,success,
resnet18_cifar10,CIFAR10,10,0.1,43,300,4.0,dp_avg_eps2_K20,dp_avg,10,3.9676203949800515,0.4867,0.36031,0.6062,0.868,0.1563,-0.42527121353631714,0,10,"[-0.7264631043256997, -0.1857246904588492, -0.48269486762313274, -0.30485489557906165, -0.2947389802965671, -0.29814037192561493, -0.9178082191780821, -0.5279554363523828, -0.08847926267281114, -0.42585230695096976]","[0.24118502362777172, 0.7560087399854334, 0.44216831829611003, 0.6126932465419039, 0.6615884623197238, 0.6460707858428314, 0.0410958904109589, 0.4380028883845678, 0.8580645161290322, 0.5121069750632454]","[0.9676481279534714, 0.9417334304442826, 0.9248631859192428, 0.9175481421209656, 0.9563274426162909, 0.9442111577684463, 0.958904109589041, 0.9659583247369506, 0.9465437788018434, 0.9379592820142152]",0.3725555555555556,9,"[0.6124, 0.30375, 0.003, 0.44616666666666666, 0.442, 0.3756, 0.49925, 0.1595, 0.5113333333333333, null]",11.25557255744934,4.514810085296631,0.055267333984375,6.402745485305786,0.00042510032653808594,0.1313936710357666,1112414,ai05,success,
resnet18_cifar10,CIFAR10,10,0.1,44,300,4.0,dp_avg_eps2_K20,dp_avg,10,3.962551391060827,0.419,0.3444900000000001,0.5435,0.8667,0.1817,-0.4715901502193103,0,10,"[-0.7534402042842957, -0.45489721886336154, -0.8762230919765167, -0.7723919915700738, -0.42913058949116356, -0.28280333436245764, -0.7037867078825348, -0.0024203307785397588, -0.063752276867031, -0.37705575611712805]","[0.20797276209391402, 0.5141475211608223, 0.0949119373776908, 0.20363540569020022, 0.533032854940102, 0.6270453843778944, 0.2312982998454405, 0.9745865268253328, 0.8982999392835458, 0.6068993180906538]","[0.9614129663782097, 0.9690447400241838, 0.9711350293542075, 0.976027397260274, 0.9621634444312656, 0.909848718740352, 0.9350850077279753, 0.9770068576038725, 0.9620522161505768, 0.9839550742077818]",0.26305833333333334,8,"[0.31066666666666665, null, 0.3815, 0.393, 0.0085, 0.4145, 0.3065, 0.1422, 0.1476, null]",11.480091333389282,4.6445841789245605,0.07201004028320312,6.477564811706543,0.0004990100860595703,0.12625741958618164,1112414,ai05,success,
resnet18_cifar10,CIFAR10,10,0.1,42,300,4.0,dp_avg_eps8_K20,dp_avg,10,0.996590381239124,0.3752,0.34592,0.4721,0.8701,0.3222,-0.530959894676668,0,10,"[-0.08264830037769388, -0.10452793834296725, -0.9267755313634007, -0.2691466083150984, -0.43439971243709563, -0.740313272877164, -0.5954463418020269, -0.4642402646983965, -0.9454660748256183, -0.7466349017272186]","[0.895800933125972, 0.8053949903660886, 0.03006739243131156, 0.687819110138585, 0.5483465132997843, 0.20665017862050014, 0.2933499930584479, 0.508653601425299, 0.03868103994927077, 0.23168552709946397]","[0.9784492335036659, 0.9099229287090559, 0.9568429237947123, 0.9569657184536834, 0.98274622573688, 0.9469634514976641, 0.8887963348604748, 0.9728938661236955, 0.984147114774889, 0.9783204288266826]",0.3229351851851852,9,"[0.2135, 0.18766666666666668, 0.47325, 0.34775, 0.34925, 0.448, 0.136, 0.284, 0.467, null]",11.487179040908813,4.610966682434082,0.061188459396362305,6.527379274368286,0.00047016143798828125,0.12454891204833984,1112414,ai05,success,
resnet18_cifar10,CIFAR10,10,0.1,43,300,4.0,dp_avg_eps8_K20,dp_avg,10,0.9919050987450129,0.4892,0.36031,0.6062,0.868,0.3379,-0.42274377229589266,0,10,"[-0.7251908396946565, -0.1842680262199563, -0.47729625795000746, -0.3043124491456469, -0.2920983140361568, -0.29394121175764854, -0.9178082191780821, -0.5271301836187332, -0.08110599078341019, -0.42428623057462955]","[0.242457288258815, 0.7574654042243263, 0.4475669279692353, 0.6132356929753187, 0.664229128580134, 0.6502699460107978, 0.0410958904109589, 0.43882814111821744, 0.8654377880184332, 0.5136730514395856]","[0.9676481279534714, 0.9417334304442826, 0.9248631859192428, 0.9175481421209656, 0.9563274426162909, 0.9442111577684463, 0.958904109589041, 0.9659583247369506, 0.9465437788018434, 0.9379592820142152]",0.3754,9,"[0.6166, 0.30775, 0.0035, 0.4475, 0.44325, 0.376, 0.502, 0.167, 0.515, null]",10.838109016418457,4.422342777252197,0.06634187698364258,6.033874273300171,0.0005435943603515625,0.16470861434936523,1112414,ai05,success,
resnet18_cifar10,CIFAR10,10,0.1,44,300,4.0,dp_avg_eps8_K20,dp_avg,10,0.9906378477652068,0.4263,0.3444900000000001,0.5435,0.8667,0.3632,-0.4637522452259516,0,10,"[-0.7514541069655271, -0.44232164449818623, -0.8654598825831703, -0.7660695468914647, -0.42272565531965367, -0.27539364001234956, -0.689644513137558, -0.0028237192416297185, -0.061020036429872526, -0.3606097071801043]","[0.20995885941268266, 0.5267230955259976, 0.10567514677103718, 0.20995785036880926, 0.5394377891116119, 0.6344550787280024, 0.2454404945904173, 0.9741831383622428, 0.9010321797207043, 0.6233453670276775]","[0.9614129663782097, 0.9690447400241838, 0.9711350293542075, 0.976027397260274, 0.9621634444312656, 0.909848718740352, 0.9350850077279753, 0.9770068576038725, 0.9620522161505768, 0.9839550742077818]",0.2701374999999999,8,"[0.31366666666666665, null, 0.38975, 0.40275, 0.012, 0.42133333333333334, 0.313, 0.1492, 0.1594, null]",8.78217339515686,3.8754494190216064,0.04353475570678711,4.5948827266693115,0.0004372596740722656,0.11696672439575195,1112414,ai05,success,
resnet18_cifar10,CIFAR10,10,0.1,42,300,4.0,labelled_probe_warmup,labelled,100,0.0,0.3733,0.34592,0.4721,0.8701,0.3086,-0.5325879131132449,0,10,"[-0.08287047322817154, -0.10452793834296725, -0.9345515811301192, -0.2676878191101385, -0.4450035945363049, -0.7458092882660071, -0.5926697209496044, -0.4541868159837108, -0.9461001902346227, -0.7524717093508041]","[0.8955787602754943, 0.8053949903660886, 0.022291342664593053, 0.6892778993435449, 0.5377426312005751, 0.20115416323165705, 0.2961266139108705, 0.5187070501399847, 0.03804692454026633, 0.2258487194758785]","[0.9784492335036659, 0.9099229287090559, 0.9568429237947123, 0.9569657184536834, 0.98274622573688, 0.9469634514976641, 0.8887963348604748, 0.9728938661236955, 0.984147114774889, 0.9783204288266826]",0.3188537037037037,9,"[0.21275, 0.173, 0.473, 0.351, 0.35275, 0.426, 0.14033333333333334, 0.27825, 0.4626, null]",11.356093645095825,4.444149971008301,0.025885820388793945,6.590146780014038,0.0005340576171875,0.14330220222473145,1112414,ai05,success,
resnet18_cifar10,CIFAR10,10,0.1,43,300,4.0,labelled_probe_warmup,labelled,100,0.0,0.49,0.36031,0.6062,0.868,0.3545,-0.4239994719789995,0,10,"[-0.7262813522355507, -0.18353969410050985, -0.47796183996450237, -0.3045836723623543, -0.2908795449928905, -0.29814037192561493, -0.9178082191780821, -0.5272333402104394, -0.08940092165898628, -0.4241657631610649]","[0.24136677571792076, 0.7581937363437727, 0.4469013459547404, 0.6129644697586113, 0.6654478976234004, 0.6460707858428314, 0.0410958904109589, 0.43872498452651126, 0.8571428571428571, 0.5137935188531503]","[0.9676481279534714, 0.9417334304442826, 0.9248631859192428, 0.9175481421209656, 0.9563274426162909, 0.9442111577684463, 0.958904109589041, 0.9659583247369506, 0.9465437788018434, 0.9379592820142152]",0.3766444444444444,9,"[0.6182, 0.3105, 0.0035, 0.44716666666666666, 0.44375, 0.3766, 0.50325, 0.1705, 0.5163333333333333, null]",11.28771424293518,4.496277570724487,0.023516416549682617,6.48397421836853,0.0006330013275146484,0.14986109733581543,1112414,ai05,success,
resnet18_cifar10,CIFAR10,10,0.1,44,300,4.0,labelled_probe_warmup,labelled,100,0.0,0.4326,0.3444900000000001,0.5435,0.8667,0.3657,-0.46051322140900447,0,10,"[-0.7484749609873742, -0.4503022974607014, -0.8551859099804305, -0.7608008429926238, -0.42414897402443363, -0.2692188947205928, -0.6775115919629058, -0.0028237192416297185, -0.06648451730418947, -0.35018050541516255]","[0.21293800539083557, 0.5187424425634825, 0.1159491193737769, 0.21522655426765017, 0.5380144704068319, 0.6406298240197592, 0.25757341576506954, 0.9741831383622428, 0.8955676988463873, 0.6337745687926193]","[0.9614129663782097, 0.9690447400241838, 0.9711350293542075, 0.976027397260274, 0.9621634444312656, 0.909848718740352, 0.9350850077279753, 0.9770068576038725, 0.9620522161505768, 0.9839550742077818]",0.27553750000000005,8,"[0.32033333333333336, null, 0.3825, 0.417, 0.0195, 0.43166666666666664, 0.3155, 0.1484, 0.1694, null]",11.187154293060303,4.449063301086426,0.02199697494506836,6.39164924621582,0.0006153583526611328,0.15898585319519043,1112414,ai05,success,
resnet18_cifar10,CIFAR10,10,0.1,42,300,4.0,no_phase0,none,0,0.0,0.3484,0.34592,0.4721,0.8701,0.1112,-0.5548620943619424,0,10,"[-0.08642523883581432, -0.1131984585741811, -0.9507516848107828, -0.2764405543398978, -0.4690869877785766, -0.7691673536685902, -0.6091906150215188, -0.5209977093407991, -0.9695624603677869, -0.7837998808814771]","[0.8920239946678515, 0.7967244701348748, 0.0060912389839294975, 0.6805251641137856, 0.5136592379583034, 0.17779609782907393, 0.279605719838956, 0.4518961567828964, 0.014584654407102092, 0.19452054794520549]","[0.9784492335036659, 0.9099229287090559, 0.9568429237947123, 0.9569657184536834, 0.98274622573688, 0.9469634514976641, 0.8887963348604748, 0.9728938661236955, 0.984147114774889, 0.9783204288266826]",0.2902351851851852,9,"[0.17475, 0.149, 0.45, 0.31675, 0.32, 0.404, 0.09566666666666666, 0.26175, 0.4402, null]",11.03582501411438,4.415989398956299,0.008609771728515625,6.298115491867065,0.0005292892456054688,0.14490079879760742,1112414,ai05,success,
resnet18_cifar10,CIFAR10,10,0.1,43,300,4.0,no_phase0,none,0,0.0,0.4851,0.36031,0.6062,0.868,0.1046,-0.42842835291451786,0,10,"[-0.7275536168665939, -0.18645302257829566, -0.4861706848099394, -0.3051261187957689, -0.3008328255128987, -0.3131373725254949, -0.9178082191780821, -0.529502785227976, -0.09124423963133643, -0.42645464401879296]","[0.2400945110868775, 0.7552804078659869, 0.43869250110930336, 0.6124220233251967, 0.6554946171033922, 0.6310737852429514, 0.0410958904109589, 0.43645553950897464, 0.8552995391705069, 0.5115046379954222]","[0.9676481279534714, 0.9417334304442826, 0.9248631859192428, 0.9175481421209656, 0.9563274426162909, 0.9442111577684463, 0.958904109589041, 0.9659583247369506, 0.9465437788018434, 0.9379592820142152]",0.37043333333333334,9,"[0.6094, 0.301, 0.002, 0.4455, 0.44275, 0.376, 0.49775, 0.151, 0.5085, null]",11.038554906845093,4.355653524398804,0.010026931762695312,6.367778778076172,0.0004928112030029297,0.13511013984680176,1112414,ai05,success,
resnet18_cifar10,CIFAR10,10,0.1,44,300,4.0,no_phase0,none,0,0.0,0.4,0.3444900000000001,0.5435,0.8667,0.0998,-0.4865901404815215,0,10,"[-0.7693289828344446, -0.47376058041112457, -0.8825831702544031, -0.7755532139093784, -0.43861938085636343, -0.291447977770917, -0.7288253477588872, -0.0024203307785397588, -0.07255616272009713, -0.43080625752105906]","[0.19208398354376507, 0.49528415961305927, 0.0885518590998043, 0.20047418335089567, 0.5235440635749021, 0.618400740969435, 0.2062596599690881, 0.9745865268253328, 0.8894960534304797, 0.5531488166867228]","[0.9614129663782097, 0.9690447400241838, 0.9711350293542075, 0.976027397260274, 0.9621634444312656, 0.909848718740352, 0.9350850077279753, 0.9770068576038725, 0.9620522161505768, 0.9839550742077818]",0.24591874999999996,8,"[0.306, null, 0.3645, 0.37625, 0.007, 0.4015, 0.2655, 0.1188, 0.1278, null]",10.875219106674194,4.42486572265625,0.008510351181030273,6.106297969818115,0.0005927085876464844,0.1605057716369629,1112414,ai05,success,
resnet18_cifar10,CIFAR10,10,0.1,42,300,4.0,raw_union_K20,raw_union,968,0.0,0.6556,0.34592,0.4721,0.8701,0.7896,-0.268659715692085,0,10,"[-0.056654076871806236, -0.041425818882466325, -0.5475635044064282, -0.15754923413566735, -0.2050682961897915, -0.44352844187963725, -0.37373316673608226, -0.2018325273606515, -0.3614457831325302, -0.2977963073257892]","[0.9217951566318596, 0.8684971098265896, 0.4092794193882841, 0.799416484318016, 0.7776779295470885, 0.5034350096180269, 0.5150631681243926, 0.7710613387630441, 0.6227013316423589, 0.6805241215008934]","[0.9784492335036659, 0.9099229287090559, 0.9568429237947123, 0.9569657184536834, 0.98274622573688, 0.9469634514976641, 0.8887963348604748, 0.9728938661236955, 0.984147114774889, 0.9783204288266826]",0.6359277777777778,9,"[0.58575, 0.5873333333333334, 0.77125, 0.652, 0.577, 0.716, 0.5486666666666666, 0.59075, 0.6946, null]",11.074989318847656,4.619923830032349,0.05619072914123535,6.112812757492065,0.0005106925964355469,0.15807652473449707,1112414,ai05,success,
resnet18_cifar10,CIFAR10,10,0.1,43,300,4.0,raw_union_K20,raw_union,989,0.0,0.5718,0.36031,0.6062,0.868,0.7544,-0.3419005698151859,0,10,"[-0.6054162122864413, -0.1398397669337218, -0.3685105753586748, -0.24952535937076215, -0.20597196831200493, -0.17996400719856032, -0.7876712328767123, -0.4922632556220342, -0.052534562211981606, -0.33730875798096616]","[0.36223191566703017, 0.8018936635105608, 0.556352610560568, 0.6680227827502034, 0.750355474304286, 0.764247150569886, 0.17123287671232876, 0.47369506911491643, 0.8940092165898618, 0.600650524033249]","[0.9676481279534714, 0.9417334304442826, 0.9248631859192428, 0.9175481421209656, 0.9563274426162909, 0.9442111577684463, 0.958904109589041, 0.9659583247369506, 0.9465437788018434, 0.9379592820142152]",0.4734212962962963,9,"[0.6816, 0.40525, 0.129, 0.5236666666666666, 0.52025, 0.4784, 0.581625, 0.3375, 0.6035, null]",10.773842096328735,4.375729560852051,0.12007927894592285,5.953115463256836,0.0005090236663818359,0.16286778450012207,1112414,ai05,success,
resnet18_cifar10,CIFAR10,10,0.1,44,300,4.0,raw_union_K20,raw_union,991,0.0,0.6281,0.3444900000000001,0.5435,0.8667,0.7772,-0.29441901640371315,0,10,"[-0.6897432259895021, -0.23458282950423226, -0.6193737769080235, -0.4773445732349842, -0.23330565769185152, -0.16239580117320163, -0.35463678516228747, -0.012908430818878602, -0.02792956891317544, -0.13196951464099482]","[0.2716697403887076, 0.7344619105199516, 0.35176125244618395, 0.4986828240252898, 0.728857786739414, 0.7474529175671504, 0.5804482225656878, 0.9640984267849939, 0.9341226472374013, 0.851985559566787]","[0.9614129663782097, 0.9690447400241838, 0.9711350293542075, 0.976027397260274, 0.9621634444312656, 0.909848718740352, 0.9350850077279753, 0.9770068576038725, 0.9620522161505768, 0.9839550742077818]",0.5049250000000001,8,"[0.555, null, 0.62425, 0.59325, 0.1735, 0.6155, 0.6365, 0.4058, 0.4356, null]",11.22459864616394,4.510276794433594,0.0812227725982666,6.316733121871948,0.0005195140838623047,0.15732097625732422,1112414,ai05,success,
resnet18_cifar10,CIFAR10,10,0.1,42,300,4.0,warmup_only_labelled,warmup_only,100,0.0,0.3086,0.34592,0.4721,0.8701,0.3086,-0.6699458303070626,0,10,"[-0.848478115974228, -0.331888246628131, -0.3759720062208398, -0.8307804522246535, -0.8010424155283968, -0.5575707611981313, -0.5221435512980703, -0.6598371086790531, -0.9486366518706405, -0.8231089934484812]","[0.1299711175294379, 0.5780346820809249, 0.5808709175738724, 0.1261852662290299, 0.1817038102084831, 0.38939269029953283, 0.36665278356240455, 0.3130567574446424, 0.03551046290424857, 0.1552114353782013]","[0.9784492335036659, 0.9099229287090559, 0.9568429237947123, 0.9569657184536834, 0.98274622573688, 0.9469634514976641, 0.8887963348604748, 0.9728938661236955, 0.984147114774889, 0.9783204288266826]",0.25582222222222223,9,"[0.1635, 0.21566666666666667, 0.163, 0.37, 0.46625, 0.0, 0.2763333333333333, 0.31025, 0.3374, null]",4.776106357574463,4.494349241256714,0.013178825378417969,0.0,0.0,0.1284956932067871,1112414,ai05,success,
resnet18_cifar10,CIFAR10,10,0.1,43,300,4.0,warmup_only_labelled,warmup_only,100,0.0,0.3545,0.36031,0.6062,0.868,0.3545,-0.5907626560040213,0,10,"[-0.7215557978916758, -0.8011653313911143, -0.47781393285017015, -0.35801464605370226, -0.8054032094251473, -0.3875224955008998, -0.20547945205479445, -0.5767485042294203, -0.9152073732718895, -0.6587158173714011]","[0.2460923300617957, 0.14056809905316825, 0.4470492530690726, 0.5595334960672633, 0.15092423319114362, 0.5566886622675465, 0.7534246575342466, 0.38920982050753045, 0.03133640552995392, 0.27924346464281413]","[0.9676481279534714, 0.9417334304442826, 0.9248631859192428, 0.9175481421209656, 0.9563274426162909, 0.9442111577684463, 0.958904109589041, 0.9659583247369506, 0.9465437788018434, 0.9379592820142152]",0.35782592592592594,9,"[0.417, 0.3205, 0.172, 0.3273333333333333, 0.495, 0.4386, 0.245, 0.4065, 0.3985, null]",4.805619239807129,4.460799932479858,0.020605087280273438,0.0,0.0,0.16353225708007812,1112414,ai05,success,
resnet18_cifar10,CIFAR10,10,0.1,44,300,4.0,warmup_only_labelled,warmup_only,100,0.0,0.3657,0.3444900000000001,0.5435,0.8667,0.3657,-0.5767181223858321,0,10,"[-0.3289828344446021, -0.9322853688029021, -0.6971624266144815, -0.7276080084299262, -0.6901909619262246, -0.27384995368941034, -0.582998454404946, -0.36789027833803956, -0.8497267759562841, -0.3164861612515043]","[0.6324301319336076, 0.03675937122128174, 0.273972602739726, 0.24841938883034773, 0.2719724825050409, 0.6359987650509417, 0.35208655332302935, 0.609116579265833, 0.11232544019429265, 0.6674689129562775]","[0.9614129663782097, 0.9690447400241838, 0.9711350293542075, 0.976027397260274, 0.9621634444312656, 0.909848718740352, 0.9350850077279753, 0.9770068576038725, 0.9620522161505768, 0.9839550742077818]",0.31203958333333337,8,"[0.30466666666666664, null, 0.16625, 0.2955, 0.449, 0.302, 0.3515, 0.3272, 0.3002, null]",4.81343936920166,4.518004655838013,0.016179323196411133,0.0,0.0,0.12330365180969238,1112414,ai05,success,
resnet18_cifar10,CIFAR10,10,0.3,42,300,4.0,dp_avg_eps2_K20,dp_avg,10,3.986361524956496,0.7209,0.5231600000000001,0.7136,0.8701,0.1603,-0.20046817504828313,0,10,"[-0.4068517689207345, -0.1731477691363078, -0.17885542953982536, -0.20851906884596338, -0.2556029882604055, -0.12467532467532472, -0.22860847018150388, -0.12084181941615757, -0.16698292220113853, -0.14059618930547013]","[0.5087326466636811, 0.7380270159639787, 0.7588319645417807, 0.6927521875515932, 0.6682230522945571, 0.8147186147186147, 0.756266205704408, 0.7976917854718262, 0.7649167193759224, 0.7980946527350953]","[0.9155844155844156, 0.9111747851002865, 0.9376873940816061, 0.9012712563975566, 0.9238260405549626, 0.9393939393939394, 0.9848746758859118, 0.9185336048879837, 0.931899641577061, 0.9386908420405654]",0.6871666666666667,4,"[0.776, 0.732, null, null, null, 0.5776666666666667, 0.663, null, null, null]",10.546876430511475,4.183351039886475,0.12365293502807617,5.961964845657349,0.0005848407745361328,0.13515114784240723,1112414,ai05,success,
resnet18_cifar10,CIFAR10,10,0.3,43,300,4.0,dp_avg_eps2_K20,dp_avg,10,3.9676203949800515,0.6179,0.53491,0.6687,0.868,0.2175,-0.3143064550743021,0,10,"[-0.19985486211901315, -0.3707580082461148, -0.20890702022777496, -0.31218187987784196, -0.13280318091451293, -0.4771743408107044, -0.4464944649446495, -0.2986834887547998, -0.3647964796479648, -0.33141082519964504]","[0.720754716981132, 0.4963526799873137, 0.7433282338942716, 0.6175771971496437, 0.7829025844930417, 0.43073593073593075, 0.5048641395504864, 0.6039495337356007, 0.57997799779978, 0.5924282756580893]","[0.9206095791001452, 0.8671106882334285, 0.9522352541220466, 0.9297590770274856, 0.9157057654075547, 0.9079102715466352, 0.9513586044951359, 0.9026330224904004, 0.9447744774477448, 0.9238391008577344]",0.2209285714285714,7,"[0.096, 0.46, 0.041, 0.71, 0.1575, null, 0.041, null, 0.041, null]",10.519143342971802,4.2020583152771,0.0792088508605957,5.996531963348389,0.00046944618225097656,0.11574316024780273,1112414,ai05,success,
resnet18_cifar10,CIFAR10,10,0.3,44,300,4.0,dp_avg_eps2_K20,dp_avg,10,3.962551391060827,0.5948,0.55401,0.7587,0.8667,0.1967,-0.3066865374788679,0,10,"[-0.16031390134529155, -0.4710743801652893, -0.43011494252873567, -0.4250252270433905, -0.22594018359490675, -0.1599718111346018, -0.2981039325842697, -0.3700200969381724, -0.2539543057996485, -0.27234659365437275]","[0.7746636771300448, 0.43264462809917353, 0.4760919540229885, 0.5118062563067608, 0.6739709801599052, 0.6979093258163026, 0.5923455056179775, 0.5647239626433385, 0.6891476274165202, 0.6501852150104687]","[0.9349775784753364, 0.9037190082644628, 0.9062068965517242, 0.9368314833501513, 0.899911163754812, 0.8578811369509044, 0.8904494382022472, 0.9347440595815109, 0.9431019332161688, 0.9225318086648414]",0.5616666666666666,3,"[null, null, null, 0.566, null, 0.4875, null, null, 0.6315, null]",10.505643844604492,4.249593019485474,0.05317068099975586,5.921481132507324,0.0005145072937011719,0.131638765335083,1112414,ai05,success,
resnet18_cifar10,CIFAR10,10,0.3,42,300,4.0,dp_avg_eps8_K20,dp_avg,10,0.996590381239124,0.7268,0.5231600000000001,0.7136,0.8701,0.321,-0.19483990808804136,0,10,"[-0.40058217644424543, -0.17232910356119524, -0.17272845782818413, -0.20571239887733206, -0.24759871931696908, -0.11688311688311692, -0.22385479688850474, -0.11473183978275636, -0.15876027830487038, -0.135218192993239]","[0.5150022391401702, 0.7388456815390912, 0.7649589362534219, 0.6955588575202245, 0.6762273212379936, 0.8225108225108225, 0.7610198789974071, 0.8038017651052274, 0.7731393632721906, 0.8034726490473264]","[0.9155844155844156, 0.9111747851002865, 0.9376873940816061, 0.9012712563975566, 0.9238260405549626, 0.9393939393939394, 0.9848746758859118, 0.9185336048879837, 0.931899641577061, 0.9386908420405654]",0.6943333333333334,4,"[0.784, 0.742, null, null, null, 0.589, 0.6623333333333333, null, null, null]",10.585649251937866,4.234528064727783,0.07323884963989258,5.989685773849487,0.0005099773406982422,0.12113714218139648,1112414,ai05,success,
resnet18_cifar10,CIFAR10,10,0.3,43,300,4.0,dp_avg_eps8_K20,dp_avg,10,0.9919050987450129,0.6222,0.53491,0.6687,0.868,0.3612,-0.31005020007714196,0,10,"[-0.19782293178519594, -0.3672692673644149, -0.20244773074961753, -0.3036986766202918, -0.13200795228628226, -0.4736324281778827, -0.4404562227440456, -0.29594075699396605, -0.35995599559955993, -0.32727003845016267]","[0.7227866473149492, 0.4998414208690136, 0.749787523372429, 0.6260604004071938, 0.7836978131212724, 0.43427784336875247, 0.5109023817510903, 0.6066922654964344, 0.5848184818481849, 0.5965690624075717]","[0.9206095791001452, 0.8671106882334285, 0.9522352541220466, 0.9297590770274856, 0.9157057654075547, 0.9079102715466352, 0.9513586044951359, 0.9026330224904004, 0.9447744774477448, 0.9238391008577344]",0.22660714285714292,7,"[0.113, 0.468, 0.042, 0.71625, 0.163, null, 0.042, null, 0.042, null]",10.63540005683899,4.343726634979248,0.05425095558166504,5.928588628768921,0.0004744529724121094,0.11510324478149414,1112414,ai05,success,
resnet18_cifar10,CIFAR10,10,0.3,44,300,4.0,dp_avg_eps8_K20,dp_avg,10,0.9906378477652068,0.6035,0.55401,0.7587,0.8667,0.3758,-0.29998981331126445,0,10,"[-0.1573243647234679, -0.46797520661157027, -0.41977011494252875, -0.41130171543895055, -0.2247557003257329, -0.1536293164200141, -0.2921348314606742, -0.3600898451353588, -0.24846221441124783, -0.2644548236430988]","[0.7776532137518685, 0.43574380165289256, 0.4864367816091954, 0.5255297679112008, 0.6751554634290791, 0.7042518205308903, 0.598314606741573, 0.5746542144461521, 0.6946397188049209, 0.6580769850217426]","[0.9349775784753364, 0.9037190082644628, 0.9062068965517242, 0.9368314833501513, 0.899911163754812, 0.8578811369509044, 0.8904494382022472, 0.9347440595815109, 0.9431019332161688, 0.9225318086648414]",0.573,3,"[null, null, null, 0.585, null, 0.486, null, null, 0.648, null]",10.454612255096436,4.160116195678711,0.06560921669006348,5.963518857955933,0.00049591064453125,0.12318229675292969,1112414,ai05,success,
resnet18_cifar10,CIFAR10,10,0.3,42,300,4.0,labelled_probe_warmup,labelled,100,0.0,0.7277,0.5231600000000001,0.7136,0.8701,0.3086,-0.19317017653331142,0,10,"[-0.40013434841021056, -0.16004911993450666, -0.1791161517403207, -0.20571239887733206, -0.2508004268943437, -0.11515151515151523, -0.2234226447709594, -0.1082824168363884, -0.15412186379928317, -0.13491087891825437]","[0.515450067174205, 0.7511256651657798, 0.7585712423412854, 0.6955588575202245, 0.673025613660619, 0.8242424242424242, 0.7614520311149524, 0.8102511880515954, 0.7777777777777778, 0.803779963122311]","[0.9155844155844156, 0.9111747851002865, 0.9376873940816061, 0.9012712563975566, 0.9238260405549626, 0.9393939393939394, 0.9848746758859118, 0.9185336048879837, 0.931899641577061, 0.9386908420405654]",0.6975,4,"[0.796, 0.746, null, null, null, 0.5866666666666667, 0.6613333333333333, null, null, null]",10.75251317024231,4.228848457336426,0.015148162841796875,6.224190711975098,0.0005977153778076172,0.12294459342956543,1112414,ai05,success,
resnet18_cifar10,CIFAR10,10,0.3,43,300,4.0,labelled_probe_warmup,labelled,100,0.0,0.6202,0.53491,0.6687,0.868,0.3545,-0.3099981408470992,0,10,"[-0.19782293178519594, -0.36029178560101494, -0.20227774944756072, -0.3047166610111979, -0.13260437375745526, -0.4738292011019284, -0.44481717544448174, -0.29648930334613277, -0.36237623762376237, -0.3247559893522626]","[0.7227866473149492, 0.5068189026324136, 0.7499575046744859, 0.6250424160162877, 0.7831013916500994, 0.4340810704447068, 0.5065414290506541, 0.6061437191442677, 0.5823982398239824, 0.5990831115054718]","[0.9206095791001452, 0.8671106882334285, 0.9522352541220466, 0.9297590770274856, 0.9157057654075547, 0.9079102715466352, 0.9513586044951359, 0.9026330224904004, 0.9447744774477448, 0.9238391008577344]",0.223,7,"[0.095, 0.469, 0.04, 0.712, 0.165, null, 0.04, null, 0.04, null]",10.880080461502075,4.3232245445251465,0.013367414474487305,6.279034614562988,0.00047898292541503906,0.11951589584350586,1112414,ai05,success,
resnet18_cifar10,CIFAR10,10,0.3,44,300,4.0,labelled_probe_warmup,labelled,100,0.0,0.6036,0.55401,0.7587,0.8667,0.3657,-0.3017391294710232,0,10,"[-0.15994020926756358, -0.4706611570247934, -0.4181609195402299, -0.4205852674066599, -0.22668048563814036, -0.1472868217054264, -0.2970505617977528, -0.35098711431611307, -0.2590070298769772, -0.26703172813657594]","[0.7750373692077728, 0.43305785123966944, 0.48804597701149427, 0.5162462159434914, 0.6732306781166716, 0.710594315245478, 0.5933988764044944, 0.5837569452653978, 0.6840949033391915, 0.6555000805282655]","[0.9349775784753364, 0.9037190082644628, 0.9062068965517242, 0.9368314833501513, 0.899911163754812, 0.8578811369509044, 0.8904494382022472, 0.9347440595815109, 0.9431019332161688, 0.9225318086648414]",0.5676666666666667,3,"[null, null, null, 0.563, null, 0.4855, null, null, 0.6545, null]",10.948289155960083,4.3538854122161865,0.01493215560913086,6.3063249588012695,0.0005540847778320312,0.12694454193115234,1112414,ai05,success,
resnet18_cifar10,CIFAR10,10,0.3,42,300,4.0,no_phase0,none,0,0.0,0.7127,0.5231600000000001,0.7136,0.8701,0.1112,-0.20679432752556076,0,10,"[-0.4328257948947604, -0.17846909537453948, -0.1861556511536957, -0.22420340102360903, -0.2805496264674493, -0.11991341991341997, -0.22644770959377702, -0.1186354378818738, -0.16613957410921365, -0.13460356484326974]","[0.4827586206896552, 0.732705689725747, 0.7515317429279104, 0.6770678553739475, 0.6432764140875133, 0.8194805194805195, 0.7584269662921348, 0.7998981670061099, 0.7657600674678473, 0.8040872771972957]","[0.9155844155844156, 0.9111747851002865, 0.9376873940816061, 0.9012712563975566, 0.9238260405549626, 0.9393939393939394, 0.9848746758859118, 0.9185336048879837, 0.931899641577061, 0.9386908420405654]",0.6791666666666667,4,"[0.779, 0.74, null, null, null, 0.5526666666666666, 0.645, null, null, null]",7.959527969360352,2.318291187286377,0.0059299468994140625,5.410197734832764,0.0004267692565917969,0.11494851112365723,1112414,ai05,success,
resnet18_cifar10,CIFAR10,10,0.3,43,300,4.0,no_phase0,none,0,0.0,0.6104,0.53491,0.6687,0.868,0.1046,-0.31987392993134584,0,10,"[-0.20101596516690856, -0.36980653346019665, -0.21468638449770527, -0.32609433322022396, -0.13618290258449306, -0.48406139315230223, -0.45823549144582354, -0.3014262205156336, -0.3731573157315732, -0.33407275953859805]","[0.7195936139332366, 0.49730415477323187, 0.7375488696243413, 0.6036647438072617, 0.7795228628230616, 0.42384887839433294, 0.49312311304931233, 0.6012068019747668, 0.5716171617161716, 0.5897663413191363]","[0.9206095791001452, 0.8671106882334285, 0.9522352541220466, 0.9297590770274856, 0.9157057654075547, 0.9079102715466352, 0.9513586044951359, 0.9026330224904004, 0.9447744774477448, 0.9238391008577344]",0.20832142857142855,7,"[0.067, 0.44, 0.033, 0.70275, 0.1495, null, 0.033, null, 0.033, null]",10.510371685028076,4.432788610458374,0.006112813949584961,5.7548394203186035,0.0005640983581542969,0.14885616302490234,1112414,ai05,success,
resnet18_cifar10,CIFAR10,10,0.3,44,300,4.0,no_phase0,none,0,0.0,0.5841,0.55401,0.7587,0.8667,0.0998,-0.31853612007150695,0,10,"[-0.16031390134529155, -0.4807851239669422, -0.4524137931034483, -0.4478304742684157, -0.237192774652058, -0.1587972750763449, -0.3160112359550562, -0.3790046104740513, -0.2719683655536028, -0.28104364631985834]","[0.7746636771300448, 0.42293388429752066, 0.45379310344827584, 0.4890010090817356, 0.6627183891027539, 0.6990838618745595, 0.574438202247191, 0.5557394491074595, 0.6711335676625659, 0.6414881623449831]","[0.9349775784753364, 0.9037190082644628, 0.9062068965517242, 0.9368314833501513, 0.899911163754812, 0.8578811369509044, 0.8904494382022472, 0.9347440595815109, 0.9431019332161688, 0.9225318086648414]",0.5568333333333334,3,"[null, null, null, 0.547, null, 0.483, null, null, 0.6405, null]",10.449025392532349,4.225107669830322,0.007123708724975586,5.958120584487915,0.0005307197570800781,0.12409591674804688,1112414,ai05,success,
resnet18_cifar10,CIFAR10,10,0.3,42,300,4.0,raw_union_K20,raw_union,1556,0.0,0.8085,0.5231600000000001,0.7136,0.8701,0.7925,-0.11867297463588718,0,10,"[-0.24160322436184511, -0.10560785918952098, -0.11589101812019298, -0.12861152385669472, -0.1013874066168623, -0.06017316017316021, -0.2035436473638721, -0.07942973523421593, -0.076112165296226, -0.07437000614628142]","[0.6739811912225705, 0.8055669259107655, 0.8217963759614131, 0.7726597325408618, 0.8224386339381003, 0.8792207792207792, 0.7813310285220397, 0.8391038696537678, 0.855787476280835, 0.864320835894284]","[0.9155844155844156, 0.9111747851002865, 0.9376873940816061, 0.9012712563975566, 0.9238260405549626, 0.9393939393939394, 0.9848746758859118, 0.9185336048879837, 0.931899641577061, 0.9386908420405654]",0.7829166666666666,4,"[0.884, 0.753, null, null, null, 0.7553333333333333, 0.7393333333333333, null, null, null]",10.908518314361572,4.347167015075684,0.09412980079650879,6.1712541580200195,0.0005691051483154297,0.13961505889892578,1112414,ai05,success,
resnet18_cifar10,CIFAR10,10,0.3,43,300,4.0,raw_union_K20,raw_union,1532,0.0,0.7291,0.53491,0.6687,0.868,0.7987,-0.19414804023044976,0,10,"[-0.14310595065312048, -0.21059308594988901, -0.12374638789733128, -0.17645062775704112, -0.07514910536779318, -0.32644628099173556, -0.25997987252599797, -0.20323642347778392, -0.22002200220022006, -0.20275066548358467]","[0.7775036284470247, 0.6565176022835395, 0.8284888662247153, 0.7533084492704445, 0.8405566600397615, 0.5814639905548996, 0.6913787319691379, 0.6993965990126165, 0.7247524752475247, 0.7210884353741497]","[0.9206095791001452, 0.8671106882334285, 0.9522352541220466, 0.9297590770274856, 0.9157057654075547, 0.9079102715466352, 0.9513586044951359, 0.9026330224904004, 0.9447744774477448, 0.9238391008577344]",0.4223571428571429,7,"[0.438, 0.649, 0.227, 0.809, 0.3795, null, 0.227, null, 0.227, null]",10.808186769485474,4.4401328563690186,0.07845568656921387,6.031260013580322,0.0006160736083984375,0.13650059700012207,1112414,ai05,success,
resnet18_cifar10,CIFAR10,10,0.3,44,300,4.0,raw_union_K20,raw_union,1559,0.0,0.7433,0.55401,0.7587,0.8667,0.8046,-0.16470357846158723,0,10,"[-0.12070254110612855, -0.3128099173553719, -0.18413793103448273, -0.1929364278506559, -0.13221794492152794, -0.08574113225276014, -0.1587078651685393, -0.19446743113843246, -0.14323374340949035, -0.12208085037848293]","[0.8142750373692078, 0.5909090909090909, 0.7220689655172414, 0.7438950554994954, 0.767693218833284, 0.7721400046981443, 0.7317415730337079, 0.7402766284430784, 0.7998681898066784, 0.8004509582863585]","[0.9349775784753364, 0.9037190082644628, 0.9062068965517242, 0.9368314833501513, 0.899911163754812, 0.8578811369509044, 0.8904494382022472, 0.9347440595815109, 0.9431019332161688, 0.9225318086648414]",0.6853333333333333,3,"[null, null, null, 0.698, null, 0.624, null, null, 0.734, null]",10.757922172546387,4.214568138122559,0.11222434043884277,6.127926588058472,0.0005712509155273438,0.146378755569458,1112414,ai05,success,
resnet18_cifar10,CIFAR10,10,0.3,42,300,4.0,warmup_only_labelled,warmup_only,100,0.0,0.3086,0.5231600000000001,0.7136,0.8701,0.3086,-0.6025615834928522,0,10,"[-0.6191222570532915, -0.4510847318870241, -0.5020205970538392, -0.6691431401684003, -0.7033084311632871, -0.6346320346320347, -0.4913569576490925, -0.6233876442634081, -0.5840185536580224, -0.7475414874001229]","[0.29646215853112406, 0.4600900532132624, 0.4356667970277669, 0.23212811622915636, 0.22051760939167556, 0.3047619047619048, 0.49351771823681934, 0.2951459606245757, 0.3478810879190386, 0.19114935464044253]","[0.9155844155844156, 0.9111747851002865, 0.9376873940816061, 0.9012712563975566, 0.9238260405549626, 0.9393939393939394, 0.9848746758859118, 0.9185336048879837, 0.931899641577061, 0.9386908420405654]",0.42416666666666664,4,"[0.54, 0.651, null, null, null, 0.17633333333333334, 0.3293333333333333, null, null, null]",4.634997606277466,4.297049283981323,0.010269641876220703,0.0,0.0,0.16732215881347656,1112414,ai05,success,
resnet18_cifar10,CIFAR10,10,0.3,43,300,4.0,warmup_only_labelled,warmup_only,100,0.0,0.3545,0.53491,0.6687,0.868,0.3545,-0.5705128754993514,0,10,"[-0.5841799709724238, -0.4196003805899144, -0.46132925378208395, -0.5395317271801833, -0.6791252485089463, -0.5637544273907911, -0.6630325394163032, -0.5010970927043334, -0.8468646864686469, -0.44661342797988757]","[0.3364296081277213, 0.4475103076435141, 0.4909060003399626, 0.39022734984730234, 0.23658051689860835, 0.34415584415584416, 0.2883260650788326, 0.40153592978606695, 0.09790979097909791, 0.4772256728778468]","[0.9206095791001452, 0.8671106882334285, 0.9522352541220466, 0.9297590770274856, 0.9157057654075547, 0.9079102715466352, 0.9513586044951359, 0.9026330224904004, 0.9447744774477448, 0.9238391008577344]",0.17239285714285715,7,"[0.038, 0.452, 0.034, 0.21875, 0.396, null, 0.034, null, 0.034, null]",4.5837414264678955,4.253307580947876,0.011502504348754883,0.0,0.0,0.12087321281433105,1112414,ai05,success,
resnet18_cifar10,CIFAR10,10,0.3,44,300,4.0,warmup_only_labelled,warmup_only,100,0.0,0.3657,0.55401,0.7587,0.8667,0.3657,-0.5414936388786427,0,10,"[-0.4110612855007474, -0.6787190082644629, -0.6236781609195403, -0.7126135216952573, -0.43588984305596684, -0.28917077754287057, -0.5417837078651686, -0.4945028963234425, -0.6419156414762742, -0.5856015461426962]","[0.523916292974589, 0.225, 0.2825287356321839, 0.22421796165489405, 0.4640213206988451, 0.5687103594080338, 0.34866573033707865, 0.44024116325806834, 0.30118629173989453, 0.33693026252214525]","[0.9349775784753364, 0.9037190082644628, 0.9062068965517242, 0.9368314833501513, 0.899911163754812, 0.8578811369509044, 0.8904494382022472, 0.9347440595815109, 0.9431019332161688, 0.9225318086648414]",0.35666666666666663,3,"[null, null, null, 0.0, null, 0.346, null, null, 0.724, null]",4.512092590332031,4.212695837020874,0.013187170028686523,0.0,0.0,0.11295032501220703,1112414,ai05,success,
resnet18_cifar10,CIFAR10,10,1.0,42,300,4.0,dp_avg_eps2_K20,dp_avg,10,3.986361524956496,0.8003,0.6997,0.7908,0.8701,0.1612,-0.08129487901642969,0,10,"[-0.09231762427372492, -0.10470639032815199, -0.07541899441340782, -0.07627230667547913, -0.06864920846279032, -0.08375420875420869, -0.0758895247574023, -0.09059233449477355, -0.05249768732654947, -0.0928505106778087]","[0.8050355067785668, 0.7793609671848014, 0.8114525139664804, 0.8075346992729676, 0.800266311584554, 0.8117283950617284, 0.8014431450609605, 0.8025551684088269, 0.8304810360777058, 0.822346022903126]","[0.8973531310522918, 0.8840673575129534, 0.8868715083798883, 0.8838070059484467, 0.8689155200473443, 0.8954826038159371, 0.8773326698183628, 0.8931475029036005, 0.8829787234042553, 0.9151965335809347]",,0,"[null, null, null, null, null, null, null, null, null, null]",9.217637300491333,3.86045241355896,0.06475996971130371,4.994755506515503,0.0005671977996826172,0.1343982219696045,1112414,ai05,success,
resnet18_cifar10,CIFAR10,10,1.0,43,300,4.0,dp_avg_eps2_K20,dp_avg,10,3.9676203949800515,0.7912,0.7586600000000001,0.8152,0.868,0.2025,-0.08032916258283887,0,10,"[-0.06391752577319587, -0.08976734609841475, -0.04383116883116889, -0.07455470737913483, -0.1355442410898583, -0.07944688874921435, -0.10883579825559353, -0.07277628032345018, -0.05805751492132394, -0.07656015440703401]","[0.8281786941580757, 0.7556104591311509, 0.8577922077922078, 0.7977099236641222, 0.759185358469795, 0.7958516656191075, 0.7629882442169131, 0.8100767157370931, 0.8388497015735215, 0.7979841303881622]","[0.8920962199312715, 0.8453778052295656, 0.9016233766233767, 0.872264631043257, 0.8947295995596533, 0.8752985543683218, 0.8718240424725067, 0.8828529960605432, 0.8969072164948454, 0.8745442847951962]",,0,"[null, null, null, null, null, null, null, null, null, null]",10.515525102615356,4.259588003158569,0.07312250137329102,5.921667098999023,0.00044226646423339844,0.12275576591491699,1112414,ai05,success,
resnet18_cifar10,CIFAR10,10,1.0,44,300,4.0,dp_avg_eps2_K20,dp_avg,10,3.962551391060827,0.7989,0.7265499999999999,0.8074,0.8667,0.2238,-0.07947718313496759,0,10,"[-0.10882036572248122, -0.06021546748749518, -0.03823644166991802, -0.07410667136067595, -0.12052785923753662, -0.11323328785811737, -0.06155798825955894, -0.0572698744769875, -0.0579404793257835, -0.1028633959511216]","[0.7726783793474363, 0.828780300115429, 0.7838470542333204, 0.8178137651821862, 0.7906158357771261, 0.7787424035718715, 0.8262732032365541, 0.8365585774058577, 0.8493547537529629, 0.757614444647091]","[0.8814987450699175, 0.8889957676029242, 0.8220834959032384, 0.8919204365428621, 0.9111436950146627, 0.8919756914299889, 0.887831191496113, 0.8938284518828452, 0.9072952330787464, 0.8604778405982126]",,0,"[null, null, null, null, null, null, null, null, null, null]",10.664583206176758,4.177040100097656,0.05393838882446289,6.1324143409729,0.0005505084991455078,0.13863778114318848,1112414,ai05,success,
resnet18_cifar10,CIFAR10,10,1.0,42,300,4.0,dp_avg_eps8_K20,dp_avg,10,0.996590381239124,0.803,0.6997,0.7908,0.8701,0.325,-0.07956884665885834,0,10,"[-0.08930492791047984, -0.10449050086355793, -0.07322426177174779, -0.07534699272967604, -0.06539428909602019, -0.08291245791245794, -0.07464543418760883, -0.0882694541231126, -0.05203515263644776, -0.09006499535747448]","[0.8080482031418119, 0.7795768566493955, 0.8136472466081405, 0.8084600132187707, 0.8035212309513241, 0.8125701459034792, 0.802687235630754, 0.8048780487804879, 0.8309435707678076, 0.8251315382234602]","[0.8973531310522918, 0.8840673575129534, 0.8868715083798883, 0.8838070059484467, 0.8689155200473443, 0.8954826038159371, 0.8773326698183628, 0.8931475029036005, 0.8829787234042553, 0.9151965335809347]",,0,"[null, null, null, null, null, null, null, null, null, null]",10.517739057540894,4.1950037479400635,0.12203454971313477,5.927801609039307,0.0005738735198974609,0.12262916564941406,1112414,ai05,success,
resnet18_cifar10,CIFAR10,10,1.0,43,300,4.0,dp_avg_eps8_K20,dp_avg,10,0.9919050987450129,0.7917,0.7586600000000001,0.8152,0.868,0.3589,-0.0786723864819627,0,10,"[-0.06345933562428407, -0.08853201564751911, -0.04123376623376629, -0.07353689567430033, -0.13540663272326958, -0.07932118164676305, -0.10428517254455827, -0.06904416338378605, -0.055344546934346206, -0.07656015440703401]","[0.8286368843069875, 0.7568457895820465, 0.8603896103896104, 0.7987277353689567, 0.7593229668363837, 0.7959773727215588, 0.7675388699279484, 0.8138088326767572, 0.8415626695604992, 0.7979841303881622]","[0.8920962199312715, 0.8453778052295656, 0.9016233766233767, 0.872264631043257, 0.8947295995596533, 0.8752985543683218, 0.8718240424725067, 0.8828529960605432, 0.8969072164948454, 0.8745442847951962]",,0,"[null, null, null, null, null, null, null, null, null, null]",10.619686365127563,4.194207429885864,0.0637063980102539,6.06317663192749,0.0004336833953857422,0.1259012222290039,1112414,ai05,success,
resnet18_cifar10,CIFAR10,10,1.0,44,300,4.0,dp_avg_eps8_K20,dp_avg,10,0.9906378477652068,0.7998,0.7265499999999999,0.8074,0.8667,0.3632,-0.07725276126726795,0,10,"[-0.10613122983148082, -0.06021546748749518, -0.03589543503706594, -0.07129026579827491, -0.11642228739002936, -0.11298524122535047, -0.059178169125813196, -0.055177824267782394, -0.05583355280484592, -0.09939813970454126]","[0.7753675152384367, 0.828780300115429, 0.7861880608661724, 0.8206301707445872, 0.7947214076246334, 0.7789904502046384, 0.8286530223702998, 0.8386506276150628, 0.8514616802739005, 0.7610797008936714]","[0.8814987450699175, 0.8889957676029242, 0.8220834959032384, 0.8919204365428621, 0.9111436950146627, 0.8919756914299889, 0.887831191496113, 0.8938284518828452, 0.9072952330787464, 0.8604778405982126]",,0,"[null, null, null, null, null, null, null, null, null, null]",10.626700639724731,4.236648082733154,0.06956315040588379,6.026749610900879,0.0004513263702392578,0.12422680854797363,1112414,ai05,success,
resnet18_cifar10,CIFAR10,10,1.0,42,300,4.0,labelled_probe_warmup,labelled,100,0.0,0.8034,0.6997,0.7908,0.8701,0.3086,-0.07992742908223267,0,10,"[-0.08930492791047984, -0.10449050086355793, -0.0742218675179569, -0.07627230667547913, -0.06450658381417373, -0.08066778900112237, -0.07688479721323715, -0.08943089430894313, -0.05157261794634593, -0.09192200557103059]","[0.8080482031418119, 0.7795768566493955, 0.8126496408619314, 0.8075346992729676, 0.8044089362331706, 0.8148148148148148, 0.8004478726051256, 0.8037166085946573, 0.8314061054579094, 0.8232745280099041]","[0.8973531310522918, 0.8840673575129534, 0.8868715083798883, 0.8838070059484467, 0.8689155200473443, 0.8954826038159371, 0.8773326698183628, 0.8931475029036005, 0.8829787234042553, 0.9151965335809347]",,0,"[null, null, null, null, null, null, null, null, null, null]",10.682960748672485,4.3801655769348145,0.020214557647705078,6.003121376037598,0.0005693435668945312,0.14797735214233398,1112414,ai05,success,
resnet18_cifar10,CIFAR10,10,1.0,43,300,4.0,labelled_probe_warmup,labelled,100,0.0,0.7921,0.7586600000000001,0.8152,0.868,0.3545,-0.07823253073287634,0,10,"[-0.0602520045819015, -0.08317891702697144, -0.04220779220779225, -0.07709923664122142, -0.13416815742397137, -0.08221244500314273, -0.10409556313993173, -0.06800746423387938, -0.05561584373304396, -0.07548788333690759]","[0.83184421534937, 0.7621988882025942, 0.8594155844155844, 0.7951653944020356, 0.7605614421356819, 0.7930861093651791, 0.7677284793325749, 0.8148455318266639, 0.8412913727618014, 0.7990564014582886]","[0.8920962199312715, 0.8453778052295656, 0.9016233766233767, 0.872264631043257, 0.8947295995596533, 0.8752985543683218, 0.8718240424725067, 0.8828529960605432, 0.8969072164948454, 0.8745442847951962]",,0,"[null, null, null, null, null, null, null, null, null, null]",10.584381341934204,4.1301960945129395,0.01694774627685547,6.1238462924957275,0.0005462169647216797,0.1342146396636963,1112414,ai05,success,
resnet18_cifar10,CIFAR10,10,1.0,44,300,4.0,labelled_probe_warmup,labelled,100,0.0,0.798,0.7265499999999999,0.8074,0.8667,0.3657,-0.07846012873338662,0,10,"[-0.10882036572248122, -0.05809926894959605, -0.03862660944206009, -0.07340256997007566, -0.1178885630498534, -0.11385340444003478, -0.061240679041726254, -0.053608786610878645, -0.05820384514090071, -0.10085719496625933]","[0.7726783793474363, 0.8308964986533282, 0.7834568864611783, 0.8185178665727865, 0.7932551319648093, 0.7781222869899541, 0.8265905124543867, 0.8402196652719666, 0.8490913879378457, 0.7596206456319533]","[0.8814987450699175, 0.8889957676029242, 0.8220834959032384, 0.8919204365428621, 0.9111436950146627, 0.8919756914299889, 0.887831191496113, 0.8938284518828452, 0.9072952330787464, 0.8604778405982126]",,0,"[null, null, null, null, null, null, null, null, null, null]",10.533722400665283,4.156881093978882,0.022258520126342773,6.107405185699463,0.0004391670227050781,0.11319088935852051,1112414,ai05,success,
resnet18_cifar10,CIFAR10,10,1.0,42,300,4.0,no_phase0,none,0,0.0,0.8033,0.6997,0.7908,0.8701,0.1112,-0.08132251899741942,0,10,"[-0.09274800946847428, -0.10513816925734032, -0.07501995211492418, -0.07732980832782543, -0.06702174877940525, -0.08361391694725029, -0.0778800696690719, -0.0913666279519938, -0.0518038852913969, -0.09130300216651188]","[0.8046051215838175, 0.7789291882556131, 0.8118515562649641, 0.8064771976206213, 0.801893771267939, 0.8118686868686869, 0.7994526001492909, 0.8017808749516067, 0.8311748381128584, 0.8238935314144228]","[0.8973531310522918, 0.8840673575129534, 0.8868715083798883, 0.8838070059484467, 0.8689155200473443, 0.8954826038159371, 0.8773326698183628, 0.8931475029036005, 0.8829787234042553, 0.9151965335809347]",,0,"[null, null, null, null, null, null, null, null, null, null]",10.565730810165405,4.18810772895813,0.006491422653198242,6.012744665145874,0.0006291866302490234,0.17634010314941406,1112414,ai05,success,
resnet18_cifar10,CIFAR10,10,1.0,43,300,4.0,no_phase0,none,0,0.0,0.7889,0.7586600000000001,0.8152,0.868,0.1046,-0.0809282969093018,0,10,"[-0.06437571592210778, -0.08709079678814091, -0.04318181818181821, -0.07989821882951653, -0.13925966698775283, -0.08221244500314273, -0.10845657944634057, -0.06945884304374872, -0.05642973412913732, -0.0789191507613124]","[0.8277205040091637, 0.7582870084414247, 0.8584415584415584, 0.7923664122137405, 0.7554699325719004, 0.7930861093651791, 0.7633674630261661, 0.8133941530167945, 0.8404774823657081, 0.7956251340338838]","[0.8920962199312715, 0.8453778052295656, 0.9016233766233767, 0.872264631043257, 0.8947295995596533, 0.8752985543683218, 0.8718240424725067, 0.8828529960605432, 0.8969072164948454, 0.8745442847951962]",,0,"[null, null, null, null, null, null, null, null, null, null]",10.242406845092773,4.167357921600342,0.007312774658203125,5.7793128490448,0.0005526542663574219,0.1331174373626709,1112414,ai05,success,
resnet18_cifar10,CIFAR10,10,1.0,44,300,4.0,no_phase0,none,0,0.0,0.7967,0.7265499999999999,0.8074,0.8667,0.0998,-0.08121115223759291,0,10,"[-0.11348153460021515, -0.06021546748749518, -0.04447912602419035, -0.07533884879422637, -0.12199413489736066, -0.1158377775021705, -0.06139933365064254, -0.055177824267782394, -0.06004740584672108, -0.10414006930512487]","[0.7680172104697024, 0.828780300115429, 0.777604369879048, 0.8165815877486358, 0.7891495601173021, 0.7761379139278184, 0.8264318578454705, 0.8386506276150628, 0.8472478272320253, 0.7563377712930878]","[0.8814987450699175, 0.8889957676029242, 0.8220834959032384, 0.8919204365428621, 0.9111436950146627, 0.8919756914299889, 0.887831191496113, 0.8938284518828452, 0.9072952330787464, 0.8604778405982126]",,0,"[null, null, null, null, null, null, null, null, null, null]",10.55075979232788,4.215042352676392,0.005692243576049805,6.023809432983398,0.0005409717559814453,0.12714648246765137,1112414,ai05,success,
resnet18_cifar10,CIFAR10,10,1.0,42,300,4.0,raw_union_K20,raw_union,1955,0.0,0.8318,0.6997,0.7908,0.8701,0.8235,-0.04784227697003336,0,10,"[-0.05551969012265978, -0.06930051813471505, -0.039505187549880305, -0.05036351619299395, -0.04009468856339693, -0.05429292929292928, -0.04055735257526749, -0.0456833139759969, -0.019657724329324666, -0.06344784896316924]","[0.841833440929632, 0.8147668393782384, 0.847366320830008, 0.8334434897554528, 0.8288208314839474, 0.8411896745230079, 0.8367753172430953, 0.8474641889276036, 0.8633209990749307, 0.8517486846177654]","[0.8973531310522918, 0.8840673575129534, 0.8868715083798883, 0.8838070059484467, 0.8689155200473443, 0.8954826038159371, 0.8773326698183628, 0.8931475029036005, 0.8829787234042553, 0.9151965335809347]",,0,"[null, null, null, null, null, null, null, null, null, null]",10.425241708755493,4.134601593017578,0.11512970924377441,5.868418455123901,0.0004749298095703125,0.11818981170654297,1112414,ai05,success,
resnet18_cifar10,CIFAR10,10,1.0,43,300,4.0,raw_union_K20,raw_union,1959,0.0,0.8303,0.7586600000000001,0.8152,0.868,0.8022,-0.04301743589703823,0,10,"[-0.03276059564719369, -0.04056001647107277, -0.027922077922077904, -0.048600508905852435, -0.07196917572588413, -0.042111879321181656, -0.05328024270003795, -0.035869790586771755, -0.03635377102550197, -0.040746300664808]","[0.8593356242840778, 0.8048177887584929, 0.8737012987012988, 0.8236641221374046, 0.8227604238337691, 0.8331866750471402, 0.8185437997724687, 0.8469832054737715, 0.8605534454693434, 0.8337979841303882]","[0.8920962199312715, 0.8453778052295656, 0.9016233766233767, 0.872264631043257, 0.8947295995596533, 0.8752985543683218, 0.8718240424725067, 0.8828529960605432, 0.8969072164948454, 0.8745442847951962]",,0,"[null, null, null, null, null, null, null, null, null, null]",10.374736547470093,4.137739896774292,0.10709404945373535,5.817039966583252,0.00042939186096191406,0.1222078800201416,1112414,ai05,success,
resnet18_cifar10,CIFAR10,10,1.0,44,300,4.0,raw_union_K20,raw_union,1954,0.0,0.8319,0.7265499999999999,0.8074,0.8667,0.8103,-0.0405048218337027,1,10,"[-0.06651129437074221, -0.03732204694113117, 0.012875536480686733, -0.04471043830311561, -0.06070381231671551, -0.0775145727396751, -0.0388703791845153, -0.023012552301255207, -0.021859362654727432, -0.047419296005836165]","[0.8149874506991753, 0.851673720661793, 0.8349590323839251, 0.8472099982397465, 0.8504398826979472, 0.8144611186903138, 0.8489608123115977, 0.87081589958159, 0.885435870424019, 0.8130585445923765]","[0.8814987450699175, 0.8889957676029242, 0.8220834959032384, 0.8919204365428621, 0.9111436950146627, 0.8919756914299889, 0.887831191496113, 0.8938284518828452, 0.9072952330787464, 0.8604778405982126]",,0,"[null, null, null, null, null, null, null, null, null, null]",9.847140550613403,3.8858892917633057,0.17947721481323242,5.4791176319122314,0.0006566047668457031,0.139113187789917,1112414,ai05,success,
resnet18_cifar10,CIFAR10,10,1.0,42,300,4.0,warmup_only_labelled,warmup_only,100,0.0,0.3086,0.6997,0.7908,0.8701,0.3086,-0.5801047493578051,0,10,"[-0.7038949860124811, -0.4930915371329879, -0.6859537110933759, -0.607270323859881, -0.5176801301967746, -0.5014029180695847, -0.6282657377457079, -0.44870305845915603, -0.6066142460684552, -0.6081708449396471]","[0.19345814503981063, 0.3909758203799655, 0.20091779728651238, 0.27653668208856574, 0.3512353898505696, 0.39407968574635244, 0.2490669320726549, 0.4444444444444444, 0.27636447733580016, 0.30702568864128754]","[0.8973531310522918, 0.8840673575129534, 0.8868715083798883, 0.8838070059484467, 0.8689155200473443, 0.8954826038159371, 0.8773326698183628, 0.8931475029036005, 0.8829787234042553, 0.9151965335809347]",,0,"[null, null, null, null, null, null, null, null, null, null]",4.488211393356323,4.187813997268677,0.01460719108581543,0.0,0.0,0.11637449264526367,1112414,ai05,success,
resnet18_cifar10,CIFAR10,10,1.0,43,300,4.0,warmup_only_labelled,warmup_only,100,0.0,0.3545,0.7586600000000001,0.8152,0.868,0.3545,-0.5262280116642024,0,10,"[-0.5660939289805269, -0.514309244389541, -0.46850649350649354, -0.6526717557251909, -0.4952525113526903, -0.5841609050911376, -0.4945013272658324, -0.5214596724030687, -0.5100379815518177, -0.45528629637572376]","[0.32600229095074457, 0.33106856084002473, 0.4331168831168831, 0.21959287531806615, 0.399477088206963, 0.29113764927718416, 0.37732271520667426, 0.3613933236574746, 0.38686923494302766, 0.4192579884194724]","[0.8920962199312715, 0.8453778052295656, 0.9016233766233767, 0.872264631043257, 0.8947295995596533, 0.8752985543683218, 0.8718240424725067, 0.8828529960605432, 0.8969072164948454, 0.8745442847951962]",,0,"[null, null, null, null, null, null, null, null, null, null]",4.6461122035980225,4.352686166763306,0.010069131851196289,0.0,0.0,0.10697364807128906,1112414,ai05,success,
resnet18_cifar10,CIFAR10,10,1.0,44,300,4.0,warmup_only_labelled,warmup_only,100,0.0,0.3657,0.7265499999999999,0.8074,0.8667,0.3657,-0.5152434892420699,0,10,"[-0.37880960917891715, -0.40111581377452865, -0.46547015216543114, -0.6673120929413835, -0.6791788856304986, -0.5376410765223862, -0.494685070601301, -0.5570083682008369, -0.46510402949697127, -0.5061097939084442]","[0.5026891358910004, 0.48787995382839555, 0.35661334373780723, 0.2246083436014786, 0.23196480938416422, 0.35433461490760265, 0.393146120894812, 0.3368200836820084, 0.4421912035817751, 0.3543680466897684]","[0.8814987450699175, 0.8889957676029242, 0.8220834959032384, 0.8919204365428621, 0.9111436950146627, 0.8919756914299889, 0.887831191496113, 0.8938284518828452, 0.9072952330787464, 0.8604778405982126]",,0,"[null, null, null, null, null, null, null, null, null, null]",4.628155469894409,4.334063529968262,0.02095651626586914,0.0,0.0,0.11890459060668945,1112414,ai05,success,
resnet18_cifar10,CIFAR10,20,0.01,42,300,4.0,dp_avg_eps2_K20,dp_avg,10,3.986361524956496,0.2617,0.12854500000000002,0.1979,0.8701,0.1493,-0.7395141186751848,0,17,"[-1.0, -0.8888888888888888, -0.9866090712742981, -0.7291666666666666, -0.46359166471552327, 0.0, -0.9996588195155237, null, -1.0, null, -0.998995983935743, -0.41509627201966404, -0.47308085977482084, -1.0, 0.0, -0.8687258687258688, -0.8571428571428571, null, -1.0, -0.8907830648182841]","[0.0, 0.1111111111111111, 0.0021598272138228943, 0.0, 0.5314914539920393, 1.0, 0.000341180484476288, null, 0.0, null, 0.0, 0.5462925030725113, 0.48618219037871035, 0.0, 1.0, 0.12355212355212356, 0.0, null, 0.0, 0.09591607343574372]","[1.0, 1.0, 0.988768898488121, 0.7291666666666666, 0.9950831187075626, 1.0, 1.0, null, 1.0, null, 0.998995983935743, 0.9613887750921754, 0.9592630501535312, 1.0, 1.0, 0.9922779922779923, 0.8571428571428571, null, 1.0, 0.9866991382540278]",0.24959001984126986,20,"[0.2907777777777778, 0.2758888888888889, 0.2978571428571429, 0.327125, 0.06785714285714285, 0.22033333333333333, 0.2907777777777778, 0.2617, 0.2907777777777778, 0.2617, 0.3255, 0.18675, 0.206875, 0.2758888888888889, 0.18088888888888888, 0.286125, 0.3255, 0.2617, 0.2907777777777778, 0.067]",14.543039560317993,4.166820287704468,0.05299019813537598,9.92939305305481,0.0009458065032958984,0.21842503547668457,1112414,ai05,success,
resnet18_cifar10,CIFAR10,20,0.01,43,300,4.0,dp_avg_eps2_K20,dp_avg,10,3.9676203949800515,0.4254,0.11995000000000003,0.199,0.868,0.1003,-0.528166125454406,0,12,"[null, -0.10440376051459666, -0.20100452034153693, -0.2662553393450404, null, null, -1.0, null, -0.8543705703678703, -0.0876421923474664, null, -0.8613960973647155, null, -0.9628621427182578, null, -0.20700636942675166, -0.7978410206084396, null, 0.0, -0.9952114924181963]","[null, 0.8953488372093024, 0.793169261677549, 0.7320835310868533, null, null, 0.0, null, 0.14276071549105637, 0.9082213029989659, null, 0.13699456849728425, null, 0.02683258798366712, null, 0.7484076433121019, 0.16748446189074256, null, 1.0, 0.0015961691939345571]","[null, 0.999752597723899, 0.9941737820190859, 0.9983388704318937, null, null, 1.0, null, 0.9971312858589267, 0.9958634953464323, null, 0.9983906658619996, null, 0.9896947307019249, null, 0.9554140127388535, 0.9653254824991822, null, 1.0, 0.9968076616121309]",0.41180146825396824,20,"[0.4254, 0.331375, 0.2764285714285714, 0.442875, 0.4254, 0.4254, 0.4726666666666667, 0.4254, 0.42025, 0.418625, 0.4254, 0.403, 0.4254, 0.442875, 0.4254, 0.32675, 0.4784285714285714, 0.4254, 0.37355555555555553, 0.446]",12.03501272201538,4.224286794662476,0.07031488418579102,7.368149757385254,0.000978231430053711,0.16766095161437988,1112414,ai05,success,
resnet18_cifar10,CIFAR10,20,0.01,44,300,4.0,dp_avg_eps2_K20,dp_avg,10,3.962551391060827,0.1325,0.11991,0.1873,0.8667,0.1488,-0.8494276709443953,0,16,"[null, -1.0, null, -0.7142857142857143, -0.9972033559728326, -0.49619385942654143, -1.0, -0.531328320802005, -0.9977127172918573, -0.8861588861588862, null, null, -1.0, -0.9734513274336283, -0.9997995590298657, -1.0, 0.0, -1.0, -0.9947089947089947, -1.0]","[null, 0.0, null, 0.2857142857142857, 0.0013983220135836995, 0.39913727480334943, 0.0, 0.428718855963438, 0.0, 0.11363636363636363, null, null, 0.0, 0.004424778761061947, 0.0, 0.0, 1.0, 0.0, 0.0027434842249657062, 0.0]","[null, 1.0, null, 1.0, 0.9986016779864163, 0.8953311342298909, 1.0, 0.960047176765443, 0.9977127172918573, 0.9997952497952498, null, null, 1.0, 0.9778761061946902, 0.9997995590298657, 1.0, 1.0, 1.0, 0.9974524789339604, 1.0]",0.12914414682539682,20,"[0.1325, 0.14722222222222223, 0.1325, 0.12377777777777778, 0.13925, 0.040875, 0.14722222222222223, 0.0145, 0.165625, 0.151125, 0.1325, 0.1325, 0.14722222222222223, 0.13925, 0.165625, 0.14722222222222223, 0.036333333333333336, 0.14722222222222223, 0.151125, 0.18928571428571428]",14.496049880981445,4.387117147445679,0.03791165351867676,9.695773839950562,0.0008711814880371094,0.19063019752502441,1112414,ai05,success,
resnet18_cifar10,CIFAR10,20,0.01,42,300,4.0,dp_avg_eps8_K20,dp_avg,10,0.996590381239124,0.2988,0.12854500000000002,0.1979,0.8701,0.3177,-0.6646652838765402,0,17,"[-1.0, -0.8888888888888888, -0.9788336933045357, -0.7291666666666666, -0.4359634745961133, 0.0, -1.0, null, -1.0, null, -0.9985943775100401, -0.3999385497746826, -0.3462640736949846, 0.0, 0.0, -0.8050193050193051, -0.8571428571428571, null, -1.0, -0.8594979393031098]","[0.0, 0.1111111111111111, 0.009935205183585313, 0.0, 0.5591196441114493, 1.0, 0.0, null, 0.0, null, 0.00040160642570281126, 0.5614502253174928, 0.6129989764585466, 1.0, 1.0, 0.18725868725868725, 0.0, null, 0.0, 0.12720119895091794]","[1.0, 1.0, 0.988768898488121, 0.7291666666666666, 0.9950831187075626, 1.0, 1.0, null, 1.0, null, 0.998995983935743, 0.9613887750921754, 0.9592630501535312, 1.0, 1.0, 0.9922779922779923, 0.8571428571428571, null, 1.0, 0.9866991382540278]",0.28628974206349206,20,"[0.332, 0.31166666666666665, 0.3422857142857143, 0.3735, 0.10142857142857142, 0.24955555555555556, 0.332, 0.2988, 0.332, 0.2988, 0.3685, 0.227625, 0.219875, 0.31166666666666665, 0.22266666666666668, 0.312625, 0.3685, 0.2988, 0.332, 0.0915]",14.805546760559082,4.279675722122192,0.04274272918701172,10.140661716461182,0.0008215904235839844,0.17306137084960938,1112414,ai05,success,
resnet18_cifar10,CIFAR10,20,0.01,43,300,4.0,dp_avg_eps8_K20,dp_avg,10,0.9919050987450129,0.4537,0.11995000000000003,0.199,0.868,0.3026,-0.5166192351523539,0,12,"[null, -0.07075705096486884, -0.09231541938724264, -0.3535832937826294, null, null, -1.0, null, -0.847283158960513, -0.11297828335056881, null, -0.6763226714946691, null, -0.9638343379350574, null, -0.28503184713375795, -0.8029113509977102, null, 0.0, -0.994413407821229]","[null, 0.9289955467590302, 0.9018583626318433, 0.6447555766492643, null, null, 0.0, null, 0.14984812689841376, 0.8828852119958635, null, 0.3220679943673305, null, 0.025860392766867586, null, 0.6703821656050956, 0.16241413150147202, null, 1.0, 0.0023942537909018356]","[null, 0.999752597723899, 0.9941737820190859, 0.9983388704318937, null, null, 1.0, null, 0.9971312858589267, 0.9958634953464323, null, 0.9983906658619996, null, 0.9896947307019249, null, 0.9554140127388535, 0.9653254824991822, null, 1.0, 0.9968076616121309]",0.4430475595238095,20,"[0.4537, 0.37225, 0.30014285714285716, 0.486875, 0.4537, 0.4537, 0.5041111111111111, 0.4537, 0.452375, 0.45775, 0.4537, 0.414, 0.4537, 0.486875, 0.4537, 0.37275, 0.523, 0.4537, 0.4022222222222222, 0.459]",12.72846794128418,4.360841512680054,0.09529757499694824,7.896038055419922,0.0009548664093017578,0.1876537799835205,1112414,ai05,success,
resnet18_cifar10,CIFAR10,20,0.01,44,300,4.0,dp_avg_eps8_K20,dp_avg,10,0.9906378477652068,0.143,0.11991,0.1873,0.8667,0.3029,-0.8421727025439301,0,16,"[null, -1.0, null, -0.7142857142857143, -0.9968038353975229, -0.49606698807409283, -1.0, -0.5179124281291464, -0.9977127172918573, -0.7919737919737919, null, null, -1.0, -0.9690265486725663, -0.9997995590298657, -1.0, 0.0, -1.0, -0.9911816578483245, -1.0]","[null, 0.0, null, 0.2857142857142857, 0.001797842588893328, 0.399264146155798, 0.0, 0.44213474863629665, 0.0, 0.20782145782145783, null, null, 0.0, 0.008849557522123894, 0.0, 0.0, 1.0, 0.0, 0.0062708210856359005, 0.0]","[null, 1.0, null, 1.0, 0.9986016779864163, 0.8953311342298909, 1.0, 0.960047176765443, 0.9977127172918573, 0.9997952497952498, null, null, 1.0, 0.9778761061946902, 0.9997995590298657, 1.0, 1.0, 1.0, 0.9974524789339604, 1.0]",0.13985525793650794,20,"[0.143, 0.15888888888888889, 0.143, 0.1338888888888889, 0.150625, 0.054125, 0.15888888888888889, 0.026, 0.17875, 0.15275, 0.143, 0.143, 0.15888888888888889, 0.150625, 0.17875, 0.15888888888888889, 0.04811111111111111, 0.15888888888888889, 0.15275, 0.2042857142857143]",14.779122352600098,4.59566593170166,0.05574965476989746,9.772251605987549,0.0008380413055419922,0.20740151405334473,1112414,ai05,success,
resnet18_cifar10,CIFAR10,20,0.01,42,300,4.0,labelled_probe_warmup,labelled,100,0.0,0.289,0.12854500000000002,0.1979,0.8701,0.3086,-0.7260032224516633,0,17,"[-1.0, -0.7777777777777778, -0.9779697624190066, -0.7291666666666666, -0.5853430110044486, 0.0, -1.0, null, -1.0, null, -0.9985943775100401, -0.37279803359278985, -0.3326509723643807, -1.0, 0.0, -0.8243243243243243, -0.8571428571428571, null, -1.0, -0.8862869988759836]","[0.0, 0.2222222222222222, 0.01079913606911447, 0.0, 0.40974010770311403, 1.0, 0.0, null, 0.0, null, 0.00040160642570281126, 0.5885907414993855, 0.6266120777891505, 0.0, 1.0, 0.16795366795366795, 0.0, null, 0.0, 0.1004121393780442]","[1.0, 1.0, 0.988768898488121, 0.7291666666666666, 0.9950831187075626, 1.0, 1.0, null, 1.0, null, 0.998995983935743, 0.9613887750921754, 0.9592630501535312, 1.0, 1.0, 0.9922779922779923, 0.8571428571428571, null, 1.0, 0.9866991382540278]",0.2771641865079365,20,"[0.3211111111111111, 0.29644444444444445, 0.34985714285714287, 0.36125, 0.09885714285714285, 0.22955555555555557, 0.3211111111111111, 0.289, 0.3211111111111111, 0.289, 0.35575, 0.211375, 0.205, 0.29644444444444445, 0.21255555555555555, 0.308, 0.35575, 0.289, 0.3211111111111111, 0.111]",15.025746822357178,4.23333477973938,0.018123626708984375,10.416269779205322,0.0010349750518798828,0.18578410148620605,1112414,ai05,success,
resnet18_cifar10,CIFAR10,20,0.01,43,300,4.0,labelled_probe_warmup,labelled,100,0.0,0.4474,0.11995000000000003,0.199,0.868,0.3545,-0.5346825882449314,0,12,"[null, -0.06902523503216229, -0.07302862882973382, -0.4736592311343142, null, null, -1.0, null, -0.8439082011474857, -0.2450879007238883, null, -0.5338966002816335, null, -0.9688897530624149, null, -0.3821656050955414, -0.8325155381092574, null, 0.0, -0.9940143655227454]","[null, 0.9307273626917367, 0.9211451531893521, 0.5246796392975795, null, null, 0.0, null, 0.1532230847114411, 0.750775594622544, null, 0.4644940655803661, null, 0.020804977639510013, null, 0.5732484076433121, 0.13280994438992477, null, 1.0, 0.002793296089385475]","[null, 0.999752597723899, 0.9941737820190859, 0.9983388704318937, null, null, 1.0, null, 0.9971312858589267, 0.9958634953464323, null, 0.9983906658619996, null, 0.9896947307019249, null, 0.9554140127388535, 0.9653254824991822, null, 1.0, 0.9968076616121309]",0.4406543452380952,20,"[0.4474, 0.378, 0.303, 0.49375, 0.4474, 0.4474, 0.4971111111111111, 0.4474, 0.44275, 0.466625, 0.4474, 0.3875, 0.4474, 0.49375, 0.4474, 0.37875, 0.5324285714285715, 0.4474, 0.3942222222222222, 0.466]",11.745916366577148,4.167900323867798,0.01975703239440918,7.215836048126221,0.001070261001586914,0.18084955215454102,1112414,ai05,success,
resnet18_cifar10,CIFAR10,20,0.01,44,300,4.0,labelled_probe_warmup,labelled,100,0.0,0.1167,0.11991,0.1873,0.8667,0.3657,-0.8664103351478595,0,16,"[null, -1.0, null, -0.8571428571428572, -0.9980023971234518, -0.4955595026642984, -1.0, -0.6212590299277606, -0.9977127172918573, -0.9193284193284194, null, null, -1.0, -0.9778761061946902, -0.9997995590298657, -1.0, 0.0, -1.0, -0.9958847736625515, -1.0]","[null, 0.0, null, 0.14285714285714285, 0.0005992808629644426, 0.3997716315655925, 0.0, 0.33878814683768244, 0.0, 0.08046683046683047, null, null, 0.0, 0.0, 0.0, 0.0, 1.0, 0.0, 0.0015677052714089751, 0.0]","[null, 1.0, null, 1.0, 0.9986016779864163, 0.8953311342298909, 1.0, 0.960047176765443, 0.9977127172918573, 0.9997952497952498, null, null, 1.0, 0.9778761061946902, 0.9997995590298657, 1.0, 1.0, 1.0, 0.9974524789339604, 1.0]",0.11425071428571427,20,"[0.1167, 0.12966666666666668, 0.1167, 0.12011111111111111, 0.135125, 0.020875, 0.12966666666666668, 0.010125, 0.145875, 0.13575, 0.1167, 0.1167, 0.12966666666666668, 0.135125, 0.145875, 0.12966666666666668, 0.018555555555555554, 0.12966666666666668, 0.13575, 0.1667142857142857]",14.238556861877441,4.316565752029419,0.01703023910522461,9.533905744552612,0.0008778572082519531,0.19749927520751953,1112414,ai05,success,
resnet18_cifar10,CIFAR10,20,0.01,42,300,4.0,no_phase0,none,0,0.0,0.2484,0.12854500000000002,0.1979,0.8701,0.1112,-0.7503241224851683,0,17,"[-1.0, -0.8888888888888888, -0.988768898488121, -0.7291666666666666, -0.7164598454694451, 0.0, -1.0, null, -1.0, null, -0.998995983935743, -0.4198074559606718, -0.39600818833162743, -1.0, 0.0, -0.8185328185328186, -0.8571428571428571, null, -1.0, -0.9417384788310229]","[0.0, 0.1111111111111111, 0.0, 0.0, 0.27862327323811753, 1.0, 0.0, null, 0.0, null, 0.0, 0.5415813191315035, 0.5632548618219038, 0.0, 1.0, 0.17374517374517376, 0.0, null, 0.0, 0.04496065942300487]","[1.0, 1.0, 0.988768898488121, 0.7291666666666666, 0.9950831187075626, 1.0, 1.0, null, 1.0, null, 0.998995983935743, 0.9613887750921754, 0.9592630501535312, 1.0, 1.0, 0.9922779922779923, 0.8571428571428571, null, 1.0, 0.9866991382540278]",0.2365174404761905,20,"[0.276, 0.26311111111111113, 0.3177142857142857, 0.3105, 0.08314285714285714, 0.20344444444444446, 0.276, 0.2484, 0.276, 0.2484, 0.310375, 0.17225, 0.17075, 0.26311111111111113, 0.166, 0.252375, 0.310375, 0.2484, 0.276, 0.058]",14.634801864624023,4.309873104095459,0.006348371505737305,9.96209979057312,0.0008335113525390625,0.19202041625976562,1112414,ai05,success,
resnet18_cifar10,CIFAR10,20,0.01,43,300,4.0,no_phase0,none,0,0.0,0.3775,0.11995000000000003,0.199,0.868,0.1046,-0.6177097314227525,0,12,"[null, -0.23676397822859963, -0.09321948769462585, -0.7038443284290461, null, null, -1.0, null, -0.8774890313871077, -0.11220268872802486, null, -0.9762623214644941, null, -0.9791950223604899, null, -0.6321656050955414, -0.8053647366699378, null, 0.0, -0.9960095770151636]","[null, 0.7629886194952994, 0.9009542943244601, 0.29449454200284764, null, null, 0.0, null, 0.1196422544718191, 0.8836608066184074, null, 0.022128344397505533, null, 0.01049970834143496, null, 0.3232484076433121, 0.15996074582924436, null, 1.0, 0.0007980845969672786]","[null, 0.999752597723899, 0.9941737820190859, 0.9983388704318937, null, null, 1.0, null, 0.9971312858589267, 0.9958634953464323, null, 0.9983906658619996, null, 0.9896947307019249, null, 0.9554140127388535, 0.9653254824991822, null, 1.0, 0.9968076616121309]",0.3721129960317461,20,"[0.3775, 0.336, 0.2372857142857143, 0.432875, 0.3775, 0.3775, 0.41944444444444445, 0.3775, 0.375, 0.363625, 0.3775, 0.3725, 0.3775, 0.432875, 0.3775, 0.31625, 0.4155714285714286, 0.3775, 0.3333333333333333, 0.3875]",11.738382816314697,4.231690406799316,0.006249189376831055,7.139463901519775,0.0008065700531005859,0.20011162757873535,1112414,ai05,success,
resnet18_cifar10,CIFAR10,20,0.01,44,300,4.0,no_phase0,none,0,0.0,0.1063,0.11991,0.1873,0.8667,0.0998,-0.8816555647657833,0,16,"[null, -1.0, null, -1.0, -0.9980023971234518, -0.495686374016747, -1.0, -0.6495650891935723, -0.9977127172918573, -0.9907862407862408, null, null, -1.0, -0.9778761061946902, -0.9997995590298657, -1.0, 0.0, -1.0, -0.9970605526161082, -1.0]","[null, 0.0, null, 0.0, 0.0005992808629644426, 0.3996447602131439, 0.0, 0.31048208757187085, 0.0, 0.009009009009009009, null, null, 0.0, 0.0, 0.0, 0.0, 1.0, 0.0, 0.0003919263178522438, 0.0]","[null, 1.0, null, 1.0, 0.9986016779864163, 0.8953311342298909, 1.0, 0.960047176765443, 0.9977127172918573, 0.9997952497952498, null, null, 1.0, 0.9778761061946902, 0.9997995590298657, 1.0, 1.0, 1.0, 0.9974524789339604, 1.0]",0.10387299603174602,20,"[0.1063, 0.11811111111111111, 0.1063, 0.11222222222222222, 0.12625, 0.007875, 0.11811111111111111, 0.00125, 0.132875, 0.131625, 0.1063, 0.1063, 0.11811111111111111, 0.12625, 0.132875, 0.11811111111111111, 0.007, 0.11811111111111111, 0.131625, 0.15185714285714286]",14.332922220230103,4.350383043289185,0.0064699649810791016,9.593843460083008,0.0008819103240966797,0.1992955207824707,1112414,ai05,success,
resnet18_cifar10,CIFAR10,20,0.01,42,300,4.0,raw_union_K20,raw_union,410,0.0,0.6039,0.12854500000000002,0.1979,0.8701,0.7093,-0.3278884974429716,0,17,"[-0.4470232088799193, -0.7777777777777778, -0.22980561555075596, -0.3333333333333333, -0.06696324045890889, 0.0, -0.2047082906857728, null, -0.9933734939759036, null, -0.9748995983935743, -0.2848217943465793, -0.11903787103377683, 0.0, 0.0, -0.17760617760617758, -0.7142857142857142, null, 0.0, -0.250468340202323]","[0.5529767911200807, 0.2222222222222222, 0.758963282937365, 0.3958333333333333, 0.9281198782486537, 1.0, 0.7952917093142272, null, 0.006626506024096385, null, 0.024096385542168676, 0.6765669807455961, 0.8402251791197544, 1.0, 1.0, 0.8146718146718147, 0.14285714285714285, null, 1.0, 0.7362307980517048]","[1.0, 1.0, 0.988768898488121, 0.7291666666666666, 0.9950831187075626, 1.0, 1.0, null, 1.0, null, 0.998995983935743, 0.9613887750921754, 0.9592630501535312, 1.0, 1.0, 0.9922779922779923, 0.8571428571428571, null, 1.0, 0.9866991382540278]",0.5920576190476191,20,"[0.6077777777777778, 0.6293333333333333, 0.522, 0.68, 0.4722857142857143, 0.5788888888888889, 0.5848888888888889, 0.6039, 0.6703333333333333, 0.6039, 0.665625, 0.58575, 0.542875, 0.6293333333333333, 0.5623333333333334, 0.549625, 0.668625, 0.6039, 0.6077777777777778, 0.472]",14.498418092727661,4.31578516960144,0.050161123275756836,9.787264108657837,0.0009357929229736328,0.18925738334655762,1112414,ai05,success,
resnet18_cifar10,CIFAR10,20,0.01,43,300,4.0,raw_union_K20,raw_union,384,0.0,0.5435,0.11995000000000003,0.199,0.868,0.6793,-0.42243265269706415,0,12,"[null, -0.03488372093023251, -0.13038674033149178, -0.1110583768391078, null, null, -1.0, null, -0.8354708066149172, -0.0429162357807652, null, -0.24622812311406161, null, -0.9212521874392378, null, -0.04936305732484081, -0.7064115145567549, null, 0.0, -0.9912210694333599]","[null, 0.9648688767936665, 0.8637870416875941, 0.8872804935927859, null, null, 0.0, null, 0.16166047924400945, 0.9529472595656671, null, 0.752162542747938, null, 0.06844254326268714, null, 0.9060509554140127, 0.2589139679424272, null, 1.0, 0.00558659217877095]","[null, 0.999752597723899, 0.9941737820190859, 0.9983388704318937, null, null, 1.0, null, 0.9971312858589267, 0.9958634953464323, null, 0.9983906658619996, null, 0.9896947307019249, null, 0.9554140127388535, 0.9653254824991822, null, 1.0, 0.9968076616121309]",0.5279044642857142,20,"[0.5435, 0.4475, 0.4005714285714286, 0.567375, 0.5435, 0.5435, 0.5996666666666667, 0.5435, 0.558125, 0.548375, 0.5435, 0.466, 0.5435, 0.562625, 0.5435, 0.452375, 0.6251428571428571, 0.5435, 0.49733333333333335, 0.485]",9.876787424087524,3.934804916381836,0.03409528732299805,5.546022415161133,0.0008170604705810547,0.21050190925598145,1112414,ai05,success,
resnet18_cifar10,CIFAR10,20,0.01,44,300,4.0,raw_union_K20,raw_union,349,0.0,0.3172,0.11991,0.1873,0.8667,0.6379,-0.6699363759362483,0,16,"[null, -0.8610944076969332, null, -0.2857142857142857, -0.980623252097483, -0.42933265668612025, -0.9987980769230769, -0.2649270234409553, -0.526075022872827, -0.17076167076167081, null, null, -0.5047770700636942, -0.8451327433628318, -0.9895770695530166, -1.0, 0.0, -0.8823529411764706, -0.9798157946306094, -1.0]","[null, 0.13890559230306676, null, 0.7142857142857143, 0.01797842588893328, 0.4659984775437706, 0.001201923076923077, 0.6951201533244877, 0.4716376944190302, 0.829033579033579, null, null, 0.49522292993630573, 0.13274336283185842, 0.010222489476849068, 0.0, 1.0, 0.11764705882352941, 0.01763668430335097, 0.0]","[null, 1.0, null, 1.0, 0.9986016779864163, 0.8953311342298909, 1.0, 0.960047176765443, 0.9977127172918573, 0.9997952497952498, null, null, 1.0, 0.9778761061946902, 0.9997995590298657, 1.0, 1.0, 1.0, 0.9974524789339604, 1.0]",0.3153781944444445,20,"[0.3172, 0.3368888888888889, 0.3172, 0.2858888888888889, 0.3195, 0.258125, 0.35233333333333333, 0.19725, 0.3355, 0.293625, 0.3172, 0.3172, 0.3001111111111111, 0.307625, 0.3925, 0.3507777777777778, 0.24188888888888888, 0.34, 0.29375, 0.433]",14.248168706893921,4.338885545730591,0.04186105728149414,9.476494073867798,0.0010769367218017578,0.21503043174743652,1112414,ai05,success,
resnet18_cifar10,CIFAR10,20,0.01,42,300,4.0,warmup_only_labelled,warmup_only,100,0.0,0.3086,0.12854500000000002,0.1979,0.8701,0.3086,-0.6113305758688121,0,17,"[-0.4978809283551968, -0.8888888888888888, -0.8207343412526998, -0.22916666666666663, -0.9908686490283306, 0.0, -0.9669054930058001, null, -0.3919678714859438, null, -0.7871485943775101, -0.7090331831216714, -0.6370522006141248, -1.0, -1.0, -0.972972972972973, 0.0, null, 0.0, -0.5]","[0.5021190716448032, 0.1111111111111111, 0.16803455723542116, 0.5, 0.00421446967923203, 1.0, 0.03309450699419993, null, 0.6080321285140562, null, 0.21184738955823293, 0.2523555919705039, 0.3222108495394063, 0.0, 0.0, 0.019305019305019305, 0.8571428571428571, null, 1.0, 0.4866991382540277]","[1.0, 1.0, 0.988768898488121, 0.7291666666666666, 0.9950831187075626, 1.0, 1.0, null, 1.0, null, 0.998995983935743, 0.9613887750921754, 0.9592630501535312, 1.0, 1.0, 0.9922779922779923, 0.8571428571428571, null, 1.0, 0.9866991382540278]",0.31540636904761904,20,"[0.2828888888888889, 0.29644444444444445, 0.3547142857142857, 0.292875, 0.3365714285714286, 0.27055555555555555, 0.3392222222222222, 0.3086, 0.277, 0.3086, 0.28925, 0.32375, 0.304375, 0.29644444444444445, 0.3342222222222222, 0.381625, 0.2405, 0.3086, 0.2828888888888889, 0.479]",4.721299409866333,4.325180768966675,0.01821613311767578,0.0,0.0,0.21745586395263672,1112414,ai05,success,
resnet18_cifar10,CIFAR10,20,0.01,43,300,4.0,warmup_only_labelled,warmup_only,100,0.0,0.3545,0.11995000000000003,0.199,0.868,0.3545,-0.5972679451733014,0,12,"[null, -0.23577436912419591, -0.762531391260673, -0.9869482676791648, null, null, -0.5769230769230769, null, -0.21363482956463042, -0.9958634953464323, null, -0.16857775095554217, null, -0.7170911919113359, null, -0.9235668789808917, -0.9350670592083742, null, 0.0, -0.6512370311252993]","[null, 0.7639782285997031, 0.23164239075841286, 0.011390602752728999, null, null, 0.4230769230769231, null, 0.7834964562942963, 0.0, null, 0.8298129149064575, null, 0.27260353879058913, null, 0.03184713375796178, 0.03025842329080798, null, 1.0, 0.3455706304868316]","[null, 0.999752597723899, 0.9941737820190859, 0.9983388704318937, null, null, 1.0, null, 0.9971312858589267, 0.9958634953464323, null, 0.9983906658619996, null, 0.9896947307019249, null, 0.9554140127388535, 0.9653254824991822, null, 1.0, 0.9968076616121309]",0.3781302579365079,20,"[0.3545, 0.347125, 0.43514285714285716, 0.396875, 0.3545, 0.3545, 0.35988888888888887, 0.3545, 0.2535, 0.43875, 0.3545, 0.244875, 0.3545, 0.40375, 0.3545, 0.3855, 0.3931428571428571, 0.3545, 0.30955555555555553, 0.7585]",4.61277437210083,4.259557485580444,0.020653724670410156,0.0,0.0,0.2013380527496338,1112414,ai05,success,
resnet18_cifar10,CIFAR10,20,0.01,44,300,4.0,warmup_only_labelled,warmup_only,100,0.0,0.3657,0.11991,0.1873,0.8667,0.3657,-0.6172966367401561,0,16,"[null, -0.3692122669873722, null, -1.0, -0.41510187774670393, -0.38974879472215174, -1.0, -0.701312103788884, -0.30924062214089665, -0.9991809991809992, null, null, -0.30095541401273884, -0.668141592920354, -0.3658047704950892, -1.0, 0.0, -0.7058823529411764, -0.985498726239467, -0.6666666666666667]","[null, 0.6307877330126278, null, 0.0, 0.5834998002397124, 0.5055823395077391, 0.0, 0.25873507297655907, 0.6884720951509606, 0.0006142506142506142, null, null, 0.6990445859872612, 0.30973451327433627, 0.6339947885347765, 0.0, 1.0, 0.29411764705882354, 0.011953752694493435, 0.3333333333333333]","[null, 1.0, null, 1.0, 0.9986016779864163, 0.8953311342298909, 1.0, 0.960047176765443, 0.9977127172918573, 0.9997952497952498, null, null, 1.0, 0.9778761061946902, 0.9997995590298657, 1.0, 1.0, 1.0, 0.9974524789339604, 1.0]",0.3692155952380953,20,"[0.3657, 0.33755555555555555, 0.3657, 0.40244444444444444, 0.38175, 0.317375, 0.4063333333333333, 0.3485, 0.299625, 0.457125, 0.3657, 0.3657, 0.32944444444444443, 0.41725, 0.309375, 0.3381111111111111, 0.31366666666666665, 0.37477777777777777, 0.45575, 0.43242857142857144]",4.64117693901062,4.303875923156738,0.011530160903930664,0.0,0.0,0.1833488941192627,1112414,ai05,success,
resnet18_cifar10,CIFAR10,20,0.05,42,300,4.0,dp_avg_eps2_K20,dp_avg,10,3.986361524956496,0.3556,0.22960000000000003,0.4745,0.8701,0.2073,-0.5017314570651565,1,20,"[-1.0, -0.29210526315789465, -0.15138632162661747, -0.7877375403370384, -0.7045724465558194, -0.22912966252220257, -0.041724617524339425, -0.3914656771799629, -1.0, -0.27108433734939763, -0.7577081615828525, -0.88, -0.3469419195809583, -0.8548057259713702, -0.022727272727272818, -0.3176865046102263, -0.6263157894736842, 0.03125, -0.8645418326693227, -0.5259460684341717]","[0.0, 0.5842105263157895, 0.8044362292051755, 0.16672642524202222, 0.2722684085510689, 0.6518650088809946, 0.9561891515994436, 0.4935064935064935, 0.0, 0.6385542168674698, 0.17040395713107997, 0.12, 0.5607764597134494, 0.09202453987730061, 0.6818181818181818, 0.6538139145012574, 0.318796992481203, 0.9375, 0.02390438247011952, 0.4457285293451167]","[1.0, 0.8763157894736842, 0.955822550831793, 0.9544639655790605, 0.9768408551068883, 0.8809946714031972, 0.997913769123783, 0.8849721706864564, 1.0, 0.9096385542168675, 0.9281121187139324, 1.0, 0.9077183792944077, 0.9468302658486708, 0.7045454545454546, 0.9715004191114837, 0.9451127819548872, 0.90625, 0.8884462151394422, 0.9716745977792884]",0.2960121136173767,19,"[0.39511111111111114, 0.224, 0.19675, 0.42625, 0.173, 0.3692857142857143, 0.24357142857142858, 0.41385714285714287, 0.39511111111111114, 0.3515, 0.248, 0.3808888888888889, 0.259, 0.266, 0.18316666666666667, 0.15833333333333333, 0.2938571428571429, 0.21871428571428572, 0.42783333333333334, null]",11.06712293624878,2.5987348556518555,0.04983329772949219,8.076870203018188,0.0010273456573486328,0.20531344413757324,1112414,ai05,success,
resnet18_cifar10,CIFAR10,20,0.05,43,300,4.0,dp_avg_eps2_K20,dp_avg,10,3.9676203949800515,0.133,0.24580000000000002,0.4386,0.868,0.1054,-0.8082891795106069,0,20,"[-0.9285714285714285, -0.7939979654120041, -0.8080357142857143, -0.9910134797803295, -0.37843551797040176, -0.8720472440944882, -0.9968968192397207, -0.9324654190398698, -0.8950329840900272, -0.9269444444444443, -0.9860583016476553, -0.6953757225433526, -0.3524096385542169, -0.970015455950541, -0.18093023255813945, -0.9205569205569206, -0.9864066193853428, -0.8625277161862528, -0.8254228041462084, -0.8626391617550754]","[0.017857142857142856, 0.20167853509664294, 0.1796875, 0.0, 0.5274841437632135, 0.08267716535433071, 0.0, 0.024410089503661515, 0.07237097400077609, 0.035833333333333335, 0.011406844106463879, 0.2994219653179191, 0.45481927710843373, 0.0037094281298299847, 0.7879069767441861, 0.02293202293202293, 0.000591016548463357, 0.015521064301552107, 0.14293507910529188, 0.11509495743287491]","[0.9464285714285714, 0.995676500508647, 0.9877232142857143, 0.9910134797803295, 0.9059196617336153, 0.9547244094488189, 0.9968968192397207, 0.9568755085435313, 0.9674039580908033, 0.9627777777777777, 0.9974651457541192, 0.9947976878612717, 0.8072289156626506, 0.973724884080371, 0.9688372093023255, 0.9434889434889435, 0.9869976359338062, 0.8780487804878049, 0.9683578832515003, 0.9777341191879503]",0.08903791666666666,20,"[0.143, 0.040857142857142856, 0.04125, 0.209, 0.057, 0.2088, 0.16625, 0.0, 0.009, 0.2, 0.16075, 0.007333333333333333, 0.07125, 0.015, 0.047142857142857146, 0.174, 0.166125, 0.055, 0.009, 0.0]",18.22900915145874,4.695987701416016,0.06035804748535156,13.015414714813232,0.0011157989501953125,0.2659566402435303,1112414,ai05,success,
resnet18_cifar10,CIFAR10,20,0.05,44,300,4.0,dp_avg_eps2_K20,dp_avg,10,3.962551391060827,0.1699,0.21927499999999997,0.4376,0.8667,0.1152,-0.7628621862406962,0,20,"[-0.4762348555452004, -0.9931065154547476, -0.24142857142857144, -0.9809213587715216, -0.9440894568690096, -0.8467130543150899, -0.42819729375818416, -0.9396496815286624, -0.5603864734299517, -0.04069010416666663, -0.7763975155279503, -0.910086004691165, -0.9413919413919414, -0.8818973862536301, -0.994932860400304, -0.9863945578231292, -0.894736842105263, -0.9919614147909969, -0.8030278365619404, -0.625]","[0.44641192917054984, 0.00022237046920169, 0.7028571428571428, 0.0020939972080037225, 0.020766773162939296, 0.041021912971232734, 0.5652553470100393, 0.042834394904458596, 0.3743961352657005, 0.9475911458333334, 0.053830227743271224, 0.017200938232994525, 0.0, 0.049370764762826716, 0.0005067139599695972, 0.0, 0.05263157894736842, 0.003215434083601286, 0.19029790004883607, 0.20833333333333334]","[0.9226467847157502, 0.9933288859239493, 0.9442857142857143, 0.9830153559795254, 0.9648562300319489, 0.8877349672863226, 0.9934526407682235, 0.982484076433121, 0.9347826086956522, 0.98828125, 0.8302277432712215, 0.9272869429241595, 0.9413919413919414, 0.9312681510164569, 0.9954395743602736, 0.9863945578231292, 0.9473684210526315, 0.9951768488745981, 0.9933257366107765, 0.8333333333333334]",0.1730590476190476,20,"[0.0028, 0.283, 0.09985714285714285, 0.1372, 0.143, 0.22833333333333333, 0.12675, 0.00016666666666666666, 0.09785714285714285, 0.002, 0.25325, 0.137, 0.2808333333333333, 0.16883333333333334, 0.0028, 0.2808333333333333, 0.098, 0.11633333333333333, 0.0023333333333333335, 1.0]",18.394763946533203,4.557920932769775,0.07430171966552734,13.417552471160889,0.0009593963623046875,0.17197537422180176,1112414,ai05,success,
resnet18_cifar10,CIFAR10,20,0.05,42,300,4.0,dp_avg_eps8_K20,dp_avg,10,0.996590381239124,0.3795,0.22960000000000003,0.4745,0.8701,0.3078,-0.4788577989314593,1,20,"[-1.0, -0.24736842105263157, -0.1510166358595194, -0.7773395482251703, -0.7033847980997625, -0.2380106571936057, -0.03616133518776077, -0.33395176252319114, -1.0, -0.2650602409638554, -0.7185490519373454, -0.76, -0.312740717917116, -0.8220858895705522, 0.0, -0.25733445096395646, -0.624812030075188, 0.05208333333333337, -0.8645418326693227, -0.516881939723544]","[0.0, 0.6289473684210526, 0.8048059149722736, 0.17712441735389028, 0.2734560570071259, 0.6429840142095915, 0.9617524339360223, 0.5510204081632653, 0.0, 0.6445783132530121, 0.20956306677658698, 0.24, 0.5949776613772917, 0.12474437627811862, 0.7045454545454546, 0.7141659681475272, 0.32030075187969925, 0.9583333333333334, 0.02390438247011952, 0.45479265805574437]","[1.0, 0.8763157894736842, 0.955822550831793, 0.9544639655790605, 0.9768408551068883, 0.8809946714031972, 0.997913769123783, 0.8849721706864564, 1.0, 0.9096385542168675, 0.9281121187139324, 1.0, 0.9077183792944077, 0.9468302658486708, 0.7045454545454546, 0.9715004191114837, 0.9451127819548872, 0.90625, 0.8884462151394422, 0.9716745977792884]",0.32322500000000004,19,"[0.4216666666666667, 0.2495, 0.24125, 0.47875, 0.2204, 0.39085714285714285, 0.2735714285714286, 0.43214285714285716, 0.4216666666666667, 0.381125, 0.24866666666666667, 0.4, 0.27375, 0.2911666666666667, 0.209, 0.17966666666666667, 0.316, 0.24442857142857144, 0.4676666666666667, null]",17.69844341278076,4.559117555618286,0.07359600067138672,12.72127079963684,0.0008921623229980469,0.16005563735961914,1112414,ai05,success,
resnet18_cifar10,CIFAR10,20,0.05,43,300,4.0,dp_avg_eps8_K20,dp_avg,10,0.9919050987450129,0.1375,0.24580000000000002,0.4386,0.868,0.2791,-0.8044608861151221,0,20,"[-0.9107142857142857, -0.7924720244150559, -0.8080357142857143, -0.9910134797803295, -0.37420718816067655, -0.8681102362204725, -0.9968968192397207, -0.9316517493897477, -0.8952270081490105, -0.9125, -0.9847908745247148, -0.676878612716763, -0.3524096385542169, -0.970015455950541, -0.18093023255813945, -0.9180999180999181, -0.9864066193853428, -0.8625277161862528, -0.8210583742498636, -0.8552717747216765]","[0.03571428571428571, 0.20320447609359105, 0.1796875, 0.0, 0.5317124735729387, 0.08661417322834646, 0.0, 0.025223759153783564, 0.07217694994179279, 0.050277777777777775, 0.012674271229404309, 0.3179190751445087, 0.45481927710843373, 0.0037094281298299847, 0.7879069767441861, 0.025389025389025387, 0.000591016548463357, 0.015521064301552107, 0.14729950900163666, 0.12246234446627374]","[0.9464285714285714, 0.995676500508647, 0.9877232142857143, 0.9910134797803295, 0.9059196617336153, 0.9547244094488189, 0.9968968192397207, 0.9568755085435313, 0.9674039580908033, 0.9627777777777777, 0.9974651457541192, 0.9947976878612717, 0.8072289156626506, 0.973724884080371, 0.9688372093023255, 0.9434889434889435, 0.9869976359338062, 0.8780487804878049, 0.9683578832515003, 0.9777341191879503]",0.0928297619047619,20,"[0.143, 0.04485714285714286, 0.046875, 0.2124, 0.0626, 0.2122, 0.171875, 0.0, 0.0124, 0.2, 0.16425, 0.010166666666666666, 0.07825, 0.020666666666666667, 0.05357142857142857, 0.17683333333333334, 0.17175, 0.0625, 0.0124, 0.0]",17.87643337249756,4.504626274108887,0.0701761245727539,12.942655801773071,0.0008435249328613281,0.19099211692810059,1112414,ai05,success,
resnet18_cifar10,CIFAR10,20,0.05,44,300,4.0,dp_avg_eps8_K20,dp_avg,10,0.9906378477652068,0.1758,0.21927499999999997,0.4376,0.8667,0.3819,-0.7551312566226998,0,20,"[-0.451071761416589, -0.9931065154547476, -0.24142857142857144, -0.9809213587715216, -0.9408945686900958, -0.8448437013189325, -0.3867306852902662, -0.9375796178343948, -0.5531400966183575, -0.0322265625, -0.7639751552795031, -0.9093041438623924, -0.9377289377289377, -0.8770571151984511, -0.994932860400304, -0.9863945578231292, -0.894736842105263, -0.9903536977491962, -0.8028650496500082, -0.5833333333333334]","[0.47157502329916123, 0.00022237046920169, 0.7028571428571428, 0.0020939972080037225, 0.023961661341853034, 0.04289126596739017, 0.6067219554779573, 0.04490445859872611, 0.38164251207729466, 0.9560546875, 0.06625258799171843, 0.017982799061767005, 0.003663003663003663, 0.05421103581800581, 0.0005067139599695972, 0.0, 0.05263157894736842, 0.00482315112540193, 0.19046068696076834, 0.25]","[0.9226467847157502, 0.9933288859239493, 0.9442857142857143, 0.9830153559795254, 0.9648562300319489, 0.8877349672863226, 0.9934526407682235, 0.982484076433121, 0.9347826086956522, 0.98828125, 0.8302277432712215, 0.9272869429241595, 0.9413919413919414, 0.9312681510164569, 0.9954395743602736, 0.9863945578231292, 0.9473684210526315, 0.9951768488745981, 0.9933257366107765, 0.8333333333333334]",0.17838285714285715,20,"[0.0052, 0.2925, 0.10828571428571429, 0.147, 0.1432857142857143, 0.244, 0.12825, 0.0005, 0.10457142857142857, 0.0037142857142857142, 0.25575, 0.1464, 0.2886666666666667, 0.1705, 0.0052, 0.2886666666666667, 0.105, 0.12583333333333332, 0.004333333333333333, 1.0]",17.44451665878296,4.3349151611328125,0.08191847801208496,12.6410813331604,0.0008704662322998047,0.19681549072265625,1112414,ai05,success,
resnet18_cifar10,CIFAR10,20,0.05,42,300,4.0,labelled_probe_warmup,labelled,100,0.0,0.3854,0.22960000000000003,0.4745,0.8701,0.3086,-0.4737520969073142,2,20,"[-1.0, -0.25, -0.15249537892791132, -0.7547508067407672, -0.7019002375296912, -0.23268206039076378, -0.045201668984701016, -0.33395176252319114, -1.0, -0.2530120481927711, -0.6914262159934048, -0.74, -0.30842705284239724, -0.8302658486707567, 0.045454545454545414, -0.2560771165129925, -0.6255639097744361, 0.04166666666666663, -0.8645418326693227, -0.5218672105143893]","[0.0, 0.6263157894736842, 0.8033271719038817, 0.1997131588382933, 0.2749406175771972, 0.6483126110124334, 0.952712100139082, 0.5510204081632653, 0.0, 0.6566265060240963, 0.2366859027205276, 0.26, 0.5992913264520104, 0.1165644171779141, 0.75, 0.7154233025984912, 0.31954887218045114, 0.9479166666666666, 0.02390438247011952, 0.44980738726489916]","[1.0, 0.8763157894736842, 0.955822550831793, 0.9544639655790605, 0.9768408551068883, 0.8809946714031972, 0.997913769123783, 0.8849721706864564, 1.0, 0.9096385542168675, 0.9281121187139324, 1.0, 0.9077183792944077, 0.9468302658486708, 0.7045454545454546, 0.9715004191114837, 0.9451127819548872, 0.90625, 0.8884462151394422, 0.9716745977792884]",0.3298242481203007,19,"[0.4282222222222222, 0.25916666666666666, 0.263, 0.48275, 0.231, 0.3975714285714286, 0.27585714285714286, 0.43542857142857144, 0.4282222222222222, 0.387625, 0.251, 0.4008888888888889, 0.2645, 0.2986666666666667, 0.2195, 0.18366666666666667, 0.32457142857142857, 0.25785714285714284, 0.4771666666666667, null]",18.61734700202942,4.414403438568115,0.0257720947265625,13.84358286857605,0.0009489059448242188,0.1697831153869629,1112414,ai05,success,
resnet18_cifar10,CIFAR10,20,0.05,43,300,4.0,labelled_probe_warmup,labelled,100,0.0,0.1412,0.24580000000000002,0.4386,0.868,0.3545,-0.8021430816971618,0,20,"[-0.9285714285714285, -0.79323499491353, -0.8080357142857143, -0.9910134797803295, -0.37949260042283306, -0.8562992125984251, -0.9968968192397207, -0.9324654190398698, -0.8952270081490105, -0.9199999999999999, -0.9860583016476553, -0.6236994219653179, -0.3524096385542169, -0.970015455950541, -0.18093023255813945, -0.9148239148239149, -0.9869976359338062, -0.8625277161862528, -0.8139661756683033, -0.8501964636542241]","[0.017857142857142856, 0.20244150559511698, 0.1796875, 0.0, 0.5264270613107822, 0.0984251968503937, 0.0, 0.024410089503661515, 0.07217694994179279, 0.042777777777777776, 0.011406844106463879, 0.37109826589595374, 0.45481927710843373, 0.0037094281298299847, 0.7879069767441861, 0.028665028665028666, 0.0, 0.015521064301552107, 0.15439170758319695, 0.12753765553372626]","[0.9464285714285714, 0.995676500508647, 0.9877232142857143, 0.9910134797803295, 0.9059196617336153, 0.9547244094488189, 0.9968968192397207, 0.9568755085435313, 0.9674039580908033, 0.9627777777777777, 0.9974651457541192, 0.9947976878612717, 0.8072289156626506, 0.973724884080371, 0.9688372093023255, 0.9434889434889435, 0.9869976359338062, 0.8780487804878049, 0.9683578832515003, 0.9777341191879503]",0.09476261904761904,20,"[0.14285714285714285, 0.052571428571428575, 0.0515, 0.2088, 0.0736, 0.2088, 0.1765, 0.0, 0.0088, 0.2, 0.171, 0.007333333333333333, 0.092, 0.014666666666666666, 0.05885714285714286, 0.174, 0.1765, 0.06866666666666667, 0.0088, 0.0]",19.524449110031128,4.59240984916687,0.01910114288330078,14.58790111541748,0.0008816719055175781,0.169952392578125,1112414,ai05,success,
resnet18_cifar10,CIFAR10,20,0.05,44,300,4.0,labelled_probe_warmup,labelled,100,0.0,0.1755,0.21927499999999997,0.4376,0.8667,0.3657,-0.7543104798048506,0,20,"[-0.4641192917054986, -0.9928841449855459, -0.24142857142857144, -0.9809213587715216, -0.9233226837060703, -0.8369508775573788, -0.41313836752509825, -0.931687898089172, -0.5410628019323671, -0.03743489583333337, -0.7701863354037267, -0.9077404222048475, -0.9377289377289377, -0.8741529525653436, -0.994932860400304, -0.9863945578231292, -0.8421052631578947, -0.982315112540193, -0.8027022627380759, -0.625]","[0.45852749301025164, 0.00044474093840338, 0.7028571428571428, 0.0020939972080037225, 0.04153354632587859, 0.05078408972894381, 0.5803142732431252, 0.05079617834394905, 0.39371980676328505, 0.9508463541666666, 0.060041407867494824, 0.019546520719311962, 0.003663003663003663, 0.057115198451113264, 0.0005067139599695972, 0.0, 0.10526315789473684, 0.012861736334405145, 0.19062347387270062, 0.20833333333333334]","[0.9226467847157502, 0.9933288859239493, 0.9442857142857143, 0.9830153559795254, 0.9648562300319489, 0.8877349672863226, 0.9934526407682235, 0.982484076433121, 0.9347826086956522, 0.98828125, 0.8302277432712215, 0.9272869429241595, 0.9413919413919414, 0.9312681510164569, 0.9954395743602736, 0.9863945578231292, 0.9473684210526315, 0.9951768488745981, 0.9933257366107765, 0.8333333333333334]",0.1779317261904762,20,"[0.0108, 0.2905, 0.10785714285714286, 0.1424, 0.14457142857142857, 0.23333333333333334, 0.131875, 0.002, 0.10014285714285714, 0.007857142857142858, 0.26075, 0.1402, 0.2835, 0.17383333333333334, 0.0108, 0.2833333333333333, 0.10171428571428572, 0.124, 0.009166666666666667, 1.0]",19.207682847976685,4.465087175369263,0.023932218551635742,14.400874137878418,0.0008912086486816406,0.16163873672485352,1112414,ai05,success,
resnet18_cifar10,CIFAR10,20,0.05,42,300,4.0,no_phase0,none,0,0.0,0.3538,0.22960000000000003,0.4745,0.8701,0.1112,-0.49923711878473254,2,20,"[-1.0, -0.2710526315789473, -0.15656192236598898, -0.8182144137683758, -0.7155581947743468, -0.26998223801065724, -0.05006954102920724, -0.3413729128014842, -1.0, -0.3192771084337349, -0.7791426215993404, -0.84, -0.3355415190263442, -0.8834355828220859, 0.045454545454545414, -0.268650461022632, -0.624812030075188, 0.04166666666666663, -0.8645418326693227, -0.5336505778382052]","[0.0, 0.6052631578947368, 0.799260628465804, 0.13624955181068482, 0.26128266033254155, 0.61101243339254, 0.9478442280945758, 0.5435992578849722, 0.0, 0.5903614457831325, 0.14896949711459193, 0.16, 0.5721768602680635, 0.06339468302658487, 0.75, 0.7028499580888516, 0.32030075187969925, 0.9479166666666666, 0.02390438247011952, 0.43802401994108314]","[1.0, 0.8763157894736842, 0.955822550831793, 0.9544639655790605, 0.9768408551068883, 0.8809946714031972, 0.997913769123783, 0.8849721706864564, 1.0, 0.9096385542168675, 0.9281121187139324, 1.0, 0.9077183792944077, 0.9468302658486708, 0.7045454545454546, 0.9715004191114837, 0.9451127819548872, 0.90625, 0.8884462151394422, 0.9716745977792884]",0.29561246867167923,19,"[0.39311111111111113, 0.214, 0.21025, 0.4415, 0.175, 0.383, 0.2522857142857143, 0.408, 0.39311111111111113, 0.351875, 0.241, 0.37544444444444447, 0.24575, 0.2816666666666667, 0.16933333333333334, 0.15266666666666667, 0.2807142857142857, 0.22342857142857142, 0.4245, null]",17.498834371566772,4.536534547805786,0.00700688362121582,12.610825300216675,0.0008187294006347656,0.1664752960205078,1112414,ai05,success,
resnet18_cifar10,CIFAR10,20,0.05,43,300,4.0,no_phase0,none,0,0.0,0.1117,0.24580000000000002,0.4386,0.868,0.1046,-0.8275438306023585,0,20,"[-0.9464285714285714, -0.7952695829094608, -0.8080357142857143, -0.9910134797803295, -0.38583509513742076, -0.9301181102362205, -0.9968968192397207, -0.9332790886899919, -0.8956150562669771, -0.9447222222222221, -0.9936628643852978, -0.8875722543352601, -0.3524096385542169, -0.970015455950541, -0.18093023255813945, -0.9369369369369369, -0.9869976359338062, -0.8625277161862528, -0.861974904528096, -0.8906352324819908]","[0.0, 0.20040691759918616, 0.1796875, 0.0, 0.5200845665961945, 0.024606299212598427, 0.0, 0.023596419853539462, 0.07178890182382615, 0.018055555555555554, 0.0038022813688212928, 0.10722543352601156, 0.45481927710843373, 0.0037094281298299847, 0.7879069767441861, 0.006552006552006552, 0.0, 0.015521064301552107, 0.10638297872340426, 0.0870988867059594]","[0.9464285714285714, 0.995676500508647, 0.9877232142857143, 0.9910134797803295, 0.9059196617336153, 0.9547244094488189, 0.9968968192397207, 0.9568755085435313, 0.9674039580908033, 0.9627777777777777, 0.9974651457541192, 0.9947976878612717, 0.8072289156626506, 0.973724884080371, 0.9688372093023255, 0.9434889434889435, 0.9869976359338062, 0.8780487804878049, 0.9683578832515003, 0.9777341191879503]",0.07347845238095241,20,"[0.14285714285714285, 0.012714285714285714, 0.014625, 0.2056, 0.0178, 0.2056, 0.139625, 0.0, 0.0056, 0.2, 0.136125, 0.004666666666666667, 0.02225, 0.009333333333333334, 0.016714285714285713, 0.17133333333333334, 0.139625, 0.0195, 0.0056, 0.0]",19.057538747787476,4.560533046722412,0.007518291473388672,14.09595251083374,0.0009360313415527344,0.21108102798461914,1112414,ai05,success,
resnet18_cifar10,CIFAR10,20,0.05,44,300,4.0,no_phase0,none,0,0.0,0.1667,0.21927499999999997,0.4376,0.8667,0.0998,-0.7689572301367185,0,20,"[-0.49207828518173347, -0.9933288859239493, -0.24142857142857144, -0.9809213587715216, -0.9488817891373802, -0.8506594661958667, -0.45395024006983853, -0.9447452229299362, -0.570048309178744, -0.0458984375, -0.7826086956521738, -0.9116497263487099, -0.9413919413919414, -0.8838334946757018, -0.994932860400304, -0.9863945578231292, -0.894736842105263, -0.9919614147909969, -0.8030278365619404, -0.6666666666666667]","[0.43056849953401677, 0.0, 0.7028571428571428, 0.0020939972080037225, 0.01597444089456869, 0.03707550109045592, 0.539502400698385, 0.03773885350318471, 0.3647342995169082, 0.9423828125, 0.047619047619047616, 0.01563721657544957, 0.0, 0.04743465634075508, 0.0005067139599695972, 0.0, 0.05263157894736842, 0.003215434083601286, 0.19029790004883607, 0.16666666666666666]","[0.9226467847157502, 0.9933288859239493, 0.9442857142857143, 0.9830153559795254, 0.9648562300319489, 0.8877349672863226, 0.9934526407682235, 0.982484076433121, 0.9347826086956522, 0.98828125, 0.8302277432712215, 0.9272869429241595, 0.9413919413919414, 0.9312681510164569, 0.9954395743602736, 0.9863945578231292, 0.9473684210526315, 0.9951768488745981, 0.9933257366107765, 0.8333333333333334]",0.17019386904761907,20,"[0.0006, 0.2778333333333333, 0.09528571428571428, 0.1328, 0.14285714285714285, 0.22133333333333333, 0.125375, 0.0, 0.09485714285714286, 0.00042857142857142855, 0.25075, 0.1328, 0.2773333333333333, 0.16716666666666666, 0.0006, 0.2773333333333333, 0.09485714285714286, 0.11116666666666666, 0.0005, 1.0]",18.707141637802124,4.55128812789917,0.006251335144042969,13.78187608718872,0.0009317398071289062,0.20263957977294922,1112414,ai05,success,
resnet18_cifar10,CIFAR10,20,0.05,42,300,4.0,raw_union_K20,raw_union,1217,0.0,0.6482,0.22960000000000003,0.4745,0.8701,0.7758,-0.24943360335876075,2,20,"[-0.6633690574333608, -0.06842105263157894, -0.08872458410351203, -0.41878809609178913, -0.4616983372921615, -0.09058614564831269, -0.00834492350486793, -0.051948051948051965, -0.625580195977308, -0.22891566265060237, -0.3148392415498763, -0.44999999999999996, -0.1315667847789247, -0.3190184049079755, 0.18181818181818177, -0.07837384744341991, -0.4030075187969925, 0.0625, -0.5338645418326693, -0.29594380240199414]","[0.33663094256663917, 0.8078947368421052, 0.867097966728281, 0.5356758694872714, 0.5151425178147269, 0.7904085257548845, 0.9895688456189151, 0.8330241187384044, 0.3744198040226921, 0.6807228915662651, 0.6132728771640561, 0.55, 0.776151594515483, 0.6278118609406953, 0.8863636363636364, 0.8931265716680638, 0.5421052631578948, 0.96875, 0.3545816733067729, 0.6757307953772943]","[1.0, 0.8763157894736842, 0.955822550831793, 0.9544639655790605, 0.9768408551068883, 0.8809946714031972, 0.997913769123783, 0.8849721706864564, 1.0, 0.9096385542168675, 0.9281121187139324, 1.0, 0.9077183792944077, 0.9468302658486708, 0.7045454545454546, 0.9715004191114837, 0.9451127819548872, 0.90625, 0.8884462151394422, 0.9716745977792884]",0.6150439849624061,19,"[0.6815555555555556, 0.5718333333333333, 0.58975, 0.74275, 0.6058, 0.6255714285714286, 0.5757142857142857, 0.66, 0.6781111111111111, 0.66075, 0.5146666666666667, 0.665, 0.5845, 0.5685, 0.5518333333333333, 0.502, 0.6097142857142858, 0.5552857142857143, 0.7425, null]",19.443400382995605,4.5591113567352295,0.13975024223327637,14.388200998306274,0.0009038448333740234,0.18277192115783691,1112414,ai05,success,
resnet18_cifar10,CIFAR10,20,0.05,43,300,4.0,raw_union_K20,raw_union,1303,0.0,0.4356,0.24580000000000002,0.4386,0.868,0.8021,-0.48211774332422397,0,20,"[-0.1607142857142857, -0.3598677517802644, -0.5504464285714286, -0.8996505242136794, -0.09619450317124745, -0.49212598425196846, -0.8060512024825446, -0.5720097640358015, -0.8515715948777649, -0.3238888888888889, -0.44613434727503165, -0.08612716763005779, -0.20180722891566272, -0.7693972179289026, -0.13441860465116273, -0.5806715806715808, -0.599290780141844, -0.541019955654102, -0.6999454446262957, -0.4710216110019647]","[0.7857142857142857, 0.6358087487283826, 0.4372767857142857, 0.09136295556665003, 0.8097251585623678, 0.4625984251968504, 0.1908456167571761, 0.38486574450772987, 0.11583236321303841, 0.6388888888888888, 0.5513307984790875, 0.9086705202312139, 0.6054216867469879, 0.20432766615146833, 0.8344186046511628, 0.3628173628173628, 0.3877068557919622, 0.3370288248337029, 0.2684124386252046, 0.5067125081859856]","[0.9464285714285714, 0.995676500508647, 0.9877232142857143, 0.9910134797803295, 0.9059196617336153, 0.9547244094488189, 0.9968968192397207, 0.9568755085435313, 0.9674039580908033, 0.9627777777777777, 0.9974651457541192, 0.9947976878612717, 0.8072289156626506, 0.973724884080371, 0.9688372093023255, 0.9434889434889435, 0.9869976359338062, 0.8780487804878049, 0.9683578832515003, 0.9777341191879503]",0.389997380952381,20,"[0.3545714285714286, 0.30514285714285716, 0.378625, 0.5582, 0.3644, 0.4872, 0.479875, 0.20425, 0.3402, 0.3308, 0.391875, 0.31266666666666665, 0.429, 0.44866666666666666, 0.447, 0.4495, 0.491875, 0.375, 0.3726, 0.2785]",19.68185329437256,4.686569690704346,0.15177369117736816,14.502444505691528,0.0009377002716064453,0.17644000053405762,1112414,ai05,success,
resnet18_cifar10,CIFAR10,20,0.05,44,300,4.0,raw_union_K20,raw_union,1166,0.0,0.5628,0.21927499999999997,0.4376,0.8667,0.7803,-0.3756055389159766,0,20,"[-0.22646784715750234, -0.24438514565265734, -0.13571428571428568, -0.5535132619823173, -0.4456869009584664, -0.4569529546162634, -0.16935835879528593, -0.36640127388535026, -0.22705314009661837, -0.01106770833333337, -0.3354037267080745, -0.7083659108678655, -0.5128205128205128, -0.3746369796708615, -0.8621738028882696, -0.6587301587301587, -0.42105263157894735, -0.41961414790996787, -0.38271202995279185, 0.0]","[0.6961789375582479, 0.748943740271292, 0.8085714285714286, 0.429502093997208, 0.5191693290734825, 0.4307820126700592, 0.8240942819729375, 0.6160828025477707, 0.7077294685990339, 0.9772135416666666, 0.494824016563147, 0.21892103205629398, 0.42857142857142855, 0.5566311713455954, 0.13326577147200405, 0.3276643990929705, 0.5263157894736842, 0.5755627009646302, 0.6106137066579846, 0.8333333333333334]","[0.9226467847157502, 0.9933288859239493, 0.9442857142857143, 0.9830153559795254, 0.9648562300319489, 0.8877349672863226, 0.9934526407682235, 0.982484076433121, 0.9347826086956522, 0.98828125, 0.8302277432712215, 0.9272869429241595, 0.9413919413919414, 0.9312681510164569, 0.9954395743602736, 0.9863945578231292, 0.9473684210526315, 0.9951768488745981, 0.9933257366107765, 0.8333333333333334]",0.5671045833333335,20,"[0.523, 0.664, 0.5177142857142857, 0.5832, 0.538, 0.4876666666666667, 0.537625, 0.42633333333333334, 0.507, 0.5101428571428571, 0.5785, 0.5956, 0.6678333333333333, 0.49433333333333335, 0.523, 0.6036666666666667, 0.5611428571428572, 0.5658333333333333, 0.4655, 0.992]",14.697803497314453,5.0440521240234375,0.08253788948059082,9.265308141708374,0.0008795261383056641,0.1418142318725586,1112414,ai05,success,
resnet18_cifar10,CIFAR10,20,0.05,42,300,4.0,warmup_only_labelled,warmup_only,100,0.0,0.3086,0.22960000000000003,0.4745,0.8701,0.3086,-0.6217077133153321,0,20,"[-0.4891453696070349, -0.631578947368421, -0.7046210720887246, -0.6529221943348871, -0.7737529691211401, -0.3321492007104796, -0.9617524339360223, -0.8571428571428571, -0.38189788550799386, -0.2650602409638554, -0.6691673536685903, -0.63, -0.5698659682637499, -0.8507157464212679, -0.5, -0.9371332774518022, -0.37293233082706767, -0.6458333333333333, -0.5139442231075697, -0.6945388624518468]","[0.5108546303929651, 0.24473684210526317, 0.2512014787430684, 0.30154177124417353, 0.20308788598574823, 0.5488454706927176, 0.03616133518776078, 0.027829313543599257, 0.6181021144920061, 0.6445783132530121, 0.25894476504534214, 0.37, 0.33785241103065783, 0.09611451942740286, 0.20454545454545456, 0.03436714165968147, 0.5721804511278196, 0.2604166666666667, 0.3745019920318725, 0.2771357353274416]","[1.0, 0.8763157894736842, 0.955822550831793, 0.9544639655790605, 0.9768408551068883, 0.8809946714031972, 0.997913769123783, 0.8849721706864564, 1.0, 0.9096385542168675, 0.9281121187139324, 1.0, 0.9077183792944077, 0.9468302658486708, 0.7045454545454546, 0.9715004191114837, 0.9451127819548872, 0.90625, 0.8884462151394422, 0.9716745977792884]",0.3025197994987469,19,"[0.2828888888888889, 0.3015, 0.29025, 0.26625, 0.2584, 0.3077142857142857, 0.31414285714285717, 0.33471428571428574, 0.277, 0.23025, 0.5946666666666667, 0.29644444444444445, 0.17625, 0.26416666666666666, 0.324, 0.38016666666666665, 0.27485714285714286, 0.3437142857142857, 0.2305, null]",4.919556379318237,4.558370351791382,0.01761007308959961,0.0,0.0,0.17896103858947754,1112414,ai05,success,
resnet18_cifar10,CIFAR10,20,0.05,43,300,4.0,warmup_only_labelled,warmup_only,100,0.0,0.3545,0.24580000000000002,0.4386,0.868,0.3545,-0.6403187110833289,0,20,"[-0.9285714285714285, -0.43921668362156663, -0.6312500000000001, -0.8676984523215177, -0.8805496828752644, -0.5344488188976377, -0.7315748642358417, -0.5024410089503661, -0.24078385719829254, -0.9199999999999999, -0.4106463878326997, -0.1800578034682081, -0.5602409638554218, -0.6676970633693973, -0.9069767441860465, -0.4643734643734644, -0.932919621749409, -0.516629711751663, -0.7975995635570103, -0.6926981008513425]","[0.017857142857142856, 0.5564598168870803, 0.35647321428571427, 0.12331502745881179, 0.02536997885835095, 0.4202755905511811, 0.26532195500387895, 0.4544344995931652, 0.7266201008925107, 0.042777777777777776, 0.5868187579214195, 0.8147398843930636, 0.2469879518072289, 0.30602782071097373, 0.06186046511627907, 0.47911547911547914, 0.054078014184397165, 0.3614190687361419, 0.1707583196944899, 0.28503601833660774]","[0.9464285714285714, 0.995676500508647, 0.9877232142857143, 0.9910134797803295, 0.9059196617336153, 0.9547244094488189, 0.9968968192397207, 0.9568755085435313, 0.9674039580908033, 0.9627777777777777, 0.9974651457541192, 0.9947976878612717, 0.8072289156626506, 0.973724884080371, 0.9688372093023255, 0.9434889434889435, 0.9869976359338062, 0.8780487804878049, 0.9683578832515003, 0.9777341191879503]",0.3539522023809524,20,"[0.3365714285714286, 0.3965714285714286, 0.3855, 0.2218, 0.5668, 0.2226, 0.348375, 0.46925, 0.1772, 0.3236, 0.348125, 0.3948333333333333, 0.49625, 0.132, 0.35314285714285715, 0.24566666666666667, 0.344125, 0.3273333333333333, 0.2308, 0.7585]",4.877296686172485,4.477011442184448,0.017623424530029297,0.0,0.0,0.20142102241516113,1112414,ai05,success,
resnet18_cifar10,CIFAR10,20,0.05,44,300,4.0,warmup_only_labelled,warmup_only,100,0.0,0.3657,0.21927499999999997,0.4376,0.8667,0.3657,-0.5562379775452696,0,20,"[-0.6989748369058714, -0.3938181009561931, -0.7771428571428571, -0.3797114937180084, -0.18370607028753994, -0.5558209575241458, -0.8782191182889568, -0.28025477707006363, -0.4130434782608696, -0.9873046875, -0.40579710144927533, -0.8256450351837372, -0.3992673992673993, -0.68054211035818, -0.35900684063845956, -0.373015873015873, -0.36842105263157887, -0.6816720257234727, -0.9833957349829073, -0.5]","[0.22367194780987884, 0.5995107849677562, 0.16714285714285715, 0.603303862261517, 0.7811501597444089, 0.3319140097621768, 0.1152335224792667, 0.7022292993630573, 0.5217391304347826, 0.0009765625, 0.4244306418219462, 0.1016419077404222, 0.5421245421245421, 0.25072604065827686, 0.6364327337218141, 0.6133786848072562, 0.5789473684210527, 0.3135048231511254, 0.009930001627869119, 0.3333333333333333]","[0.9226467847157502, 0.9933288859239493, 0.9442857142857143, 0.9830153559795254, 0.9648562300319489, 0.8877349672863226, 0.9934526407682235, 0.982484076433121, 0.9347826086956522, 0.98828125, 0.8302277432712215, 0.9272869429241595, 0.9413919413919414, 0.9312681510164569, 0.9954395743602736, 0.9863945578231292, 0.9473684210526315, 0.9951768488745981, 0.9933257366107765, 0.8333333333333334]",0.36303636904761905,20,"[0.4778, 0.35083333333333333, 0.3424285714285714, 0.3056, 0.3221428571428571, 0.394, 0.386125, 0.3551666666666667, 0.3627142857142857, 0.4347142857142857, 0.39025, 0.3872, 0.22616666666666665, 0.36433333333333334, 0.4778, 0.21766666666666667, 0.3982857142857143, 0.5545, 0.513, 0.0]",4.782937526702881,4.410877466201782,0.0167996883392334,0.0,0.0,0.18716716766357422,1112414,ai05,success,
resnet18_cifar10,CIFAR10,20,0.1,42,300,4.0,dp_avg_eps2_K20,dp_avg,10,3.986361524956496,0.502,0.344495,0.6041,0.8701,0.1877,-0.40578195314486065,0,20,"[-0.46945010183299396, -0.48249551166965887, -0.04570135746606341, -0.10192837465564741, -0.5465863453815261, -0.18993506493506496, -0.5011695906432749, -0.45494994438264735, -0.47797587834294697, -0.1507537688442211, -0.34448979591836726, -0.06796116504854366, -0.4145962732919255, -0.45263628239499554, -0.4510395707578806, -0.7381436314363143, -0.5556594948550047, -0.810550198525241, -0.3712871287128713, -0.48832958380202474]","[0.4429735234215886, 0.4757630161579892, 0.918552036199095, 0.7575757575757576, 0.37751004016064255, 0.7702922077922078, 0.4444444444444444, 0.4560622914349277, 0.5018353434714211, 0.7939698492462312, 0.6428571428571429, 0.8867313915857605, 0.5304736024844721, 0.5102770330652369, 0.4924547283702213, 0.21476964769647697, 0.2890551917680075, 0.09926262053318208, 0.504950495049505, 0.4249156355455568]","[0.9124236252545825, 0.9582585278276481, 0.9642533936651584, 0.859504132231405, 0.9240963855421687, 0.9602272727272727, 0.9456140350877194, 0.9110122358175751, 0.9798112218143681, 0.9447236180904522, 0.9873469387755102, 0.9546925566343042, 0.9450698757763976, 0.9629133154602324, 0.9434942991281019, 0.9529132791327913, 0.8447146866230122, 0.9098128190584232, 0.8762376237623762, 0.9132452193475815]",0.4461296296296296,18,"[0.2505, 0.70725, 0.226, 0.422, 0.4705, 0.23133333333333334, 0.482, 0.67775, 0.58625, 0.4915, 0.37125, 0.4836666666666667, 0.4115, 0.486, 0.02, 0.48533333333333334, 0.495, null, 0.7325, null]",11.705272436141968,4.069072246551514,0.08691167831420898,7.2534544467926025,0.0007967948913574219,0.1462996006011963,1112414,ai05,success,
resnet18_cifar10,CIFAR10,20,0.1,43,300,4.0,dp_avg_eps2_K20,dp_avg,10,3.9676203949800515,0.478,0.29978999999999995,0.5138,0.868,0.278,-0.4118036964286855,2,20,"[-0.3271276595744681, 0.00990099009900991, -0.6134335368717707, -0.058638743455497355, -0.512621359223301, -0.829059829059829, -0.49300031816735607, -0.05323193916349811, 0.022321428571428603, -0.217238962859145, -0.13737734165923277, -0.7414068745003997, -0.7858376511226252, -0.8399122807017544, -0.8925005804504296, -0.6170166702749513, -0.06626800097632413, -0.21556195965417868, -0.5836589698046182, -0.28440366972477066]","[0.5691489361702128, 0.9623762376237623, 0.3085955847815876, 0.9048865619546248, 0.41941747572815535, 0.0547008547008547, 0.4575246579700923, 0.935361216730038, 0.8348214285714286, 0.7309039943938332, 0.8331846565566459, 0.23501199040767387, 0.11744386873920552, 0.09064327485380116, 0.0726723937775714, 0.31088980298765967, 0.4430070783500122, 0.7531219980787704, 0.325044404973357, 0.48623853211009177]","[0.8962765957446809, 0.9524752475247524, 0.9220291216533584, 0.9635253054101222, 0.9320388349514563, 0.8837606837606837, 0.9505249761374484, 0.9885931558935361, 0.8125, 0.9481429572529783, 0.9705619982158786, 0.9764188649080735, 0.9032815198618307, 0.9305555555555556, 0.965172974228001, 0.927906473262611, 0.5092750793263363, 0.9686839577329491, 0.9087033747779751, 0.7706422018348624]",0.37988375,20,"[0.5106666666666667, 0.21966666666666668, 0.0, 0.010333333333333333, 0.5066666666666667, 0.6406666666666667, 0.3551666666666667, 0.393875, 0.2636, 0.5058, 0.21966666666666668, 0.5824, 0.4905, 0.517, 0.24233333333333335, 0.555, 0.4965, 0.010333333333333333, 0.6555, 0.422]",10.476441621780396,2.5287206172943115,0.059168100357055664,7.539534568786621,0.0009362697601318359,0.22588062286376953,1112414,ai05,success,
resnet18_cifar10,CIFAR10,20,0.1,44,300,4.0,dp_avg_eps2_K20,dp_avg,10,3.962551391060827,0.516,0.3159,0.4541,0.8667,0.2126,-0.4233218727574837,0,20,"[-0.34055118110236215, -0.5065176908752327, -0.8921996124031009, -0.45154777927321665, -0.15416191562143666, -0.06666666666666665, -0.2616970658207771, -0.31656346749226005, -0.07147391138758419, -0.5844287158746209, -0.3811965811965812, -0.4026622296173046, -0.42042755344418054, -0.21183800623052962, -0.6190476190476191, -0.7742803650830798, -0.6006191950464396, -0.260522496371553, -0.441410693970421, -0.7086247086247086]","[0.6023622047244095, 0.31843575418994413, 0.09060077519379844, 0.47644683714670255, 0.7689851767388826, 0.8, 0.7116045466560931, 0.6199690402476781, 0.8904405230417671, 0.3619817997977755, 0.5401709401709401, 0.5607321131447587, 0.45368171021377673, 0.7071651090342679, 0.18831168831168832, 0.180435291364381, 0.38183694530443757, 0.6422351233671988, 0.5187713310580204, 0.22377622377622378]","[0.9429133858267716, 0.8249534450651769, 0.9828003875968992, 0.9279946164199192, 0.9231470923603192, 0.8666666666666667, 0.9733016124768702, 0.9365325077399381, 0.9619144344293513, 0.9464105156723963, 0.9213675213675213, 0.9633943427620633, 0.8741092636579573, 0.9190031152647975, 0.8073593073593074, 0.9547156564474608, 0.9824561403508771, 0.9027576197387518, 0.9601820250284414, 0.9324009324009324]",0.4745679197994988,19,"[0.4638, 0.536, 0.5732, 0.3448, 0.2684, 0.5178571428571429, 0.214, 0.72, 0.33666666666666667, 0.46325, 0.534, 0.472, 0.6724, 0.0905, 0.5945, 0.5835, 0.6315, 0.50125, 0.49916666666666665, null]",17.640390634536743,4.570652484893799,0.06773805618286133,12.657721042633057,0.0008552074432373047,0.20000076293945312,1112414,ai05,success,
resnet18_cifar10,CIFAR10,20,0.1,42,300,4.0,dp_avg_eps8_K20,dp_avg,10,0.996590381239124,0.51,0.344495,0.6041,0.8701,0.3259,-0.4001120175793041,0,20,"[-0.47097759674134426, -0.47755834829443444, -0.04230769230769227, -0.09779614325068875, -0.5357429718875502, -0.1826298701298701, -0.4812865497076024, -0.44716351501668516, -0.47797587834294697, -0.1507537688442211, -0.343265306122449, -0.06472491909385114, -0.3990683229813665, -0.4508489722966935, -0.4361167002012072, -0.7296747967479675, -0.5491113189897101, -0.8116846284741918, -0.3683168316831683, -0.4852362204724409]","[0.4414460285132383, 0.48070017953321365, 0.9219457013574661, 0.7617079889807162, 0.38835341365461845, 0.7775974025974026, 0.464327485380117, 0.4638487208008899, 0.5018353434714211, 0.7939698492462312, 0.6440816326530612, 0.889967637540453, 0.546001552795031, 0.5120643431635389, 0.5073775989268947, 0.22323848238482386, 0.29560336763330214, 0.09812819058423142, 0.5079207920792079, 0.4280089988751406]","[0.9124236252545825, 0.9582585278276481, 0.9642533936651584, 0.859504132231405, 0.9240963855421687, 0.9602272727272727, 0.9456140350877194, 0.9110122358175751, 0.9798112218143681, 0.9447236180904522, 0.9873469387755102, 0.9546925566343042, 0.9450698757763976, 0.9629133154602324, 0.9434942991281019, 0.9529132791327913, 0.8447146866230122, 0.9098128190584232, 0.8762376237623762, 0.9132452193475815]",0.45474074074074067,18,"[0.262, 0.71625, 0.24325, 0.43133333333333335, 0.4855, 0.23766666666666666, 0.4826666666666667, 0.68225, 0.589, 0.4985, 0.38075, 0.49016666666666664, 0.4175, 0.4955, 0.027, 0.49033333333333334, 0.5076666666666667, null, 0.748, null]",16.455100536346436,4.219940185546875,0.06910562515258789,11.86322546005249,0.0008091926574707031,0.14936423301696777,1112414,ai05,success,
resnet18_cifar10,CIFAR10,20,0.1,43,300,4.0,dp_avg_eps8_K20,dp_avg,10,0.9919050987450129,0.4863,0.29978999999999995,0.5138,0.868,0.3567,-0.40388552897788854,2,20,"[-0.2792553191489362, 0.003960396039603964, -0.6063879755753875, -0.058638743455497355, -0.5058252427184466, -0.8205128205128205, -0.4828189627744194, -0.04689480354879594, 0.0357142857142857, -0.2151366503153469, -0.1462979482604817, -0.7406075139888089, -0.7858376511226252, -0.8377192982456141, -0.890643139075923, -0.6122537345745833, -0.04906028801562118, -0.2019212295869357, -0.5623445825932505, -0.27522935779816515]","[0.6170212765957447, 0.9564356435643564, 0.3156411460779709, 0.9048865619546248, 0.4262135922330097, 0.06324786324786325, 0.46770601336302897, 0.9416983523447402, 0.8482142857142857, 0.7330063069376314, 0.8242640499553969, 0.23581135091926458, 0.11744386873920552, 0.09283625730994152, 0.07452983515207802, 0.31565273868802773, 0.46021479131071513, 0.7667627281460134, 0.3463587921847247, 0.4954128440366973]","[0.8962765957446809, 0.9524752475247524, 0.9220291216533584, 0.9635253054101222, 0.9320388349514563, 0.8837606837606837, 0.9505249761374484, 0.9885931558935361, 0.8125, 0.9481429572529783, 0.9705619982158786, 0.9764188649080735, 0.9032815198618307, 0.9305555555555556, 0.965172974228001, 0.927906473262611, 0.5092750793263363, 0.9686839577329491, 0.9087033747779751, 0.7706422018348624]",0.38820166666666667,20,"[0.5176666666666667, 0.2315, 0.002, 0.019333333333333334, 0.5163333333333333, 0.6423333333333333, 0.3631666666666667, 0.40275, 0.2778, 0.5102, 0.22966666666666666, 0.5932, 0.5033333333333333, 0.533, 0.25366666666666665, 0.5645, 0.4995, 0.019333333333333334, 0.66275, 0.422]",16.69391632080078,4.145291566848755,0.08102560043334961,12.116714239120483,0.0008594989776611328,0.17755770683288574,1112414,ai05,success,
resnet18_cifar10,CIFAR10,20,0.1,44,300,4.0,dp_avg_eps8_K20,dp_avg,10,0.9906378477652068,0.5227,0.3159,0.4541,0.8667,0.3689,-0.41829393779967405,0,20,"[-0.3307086614173228, -0.5046554934823091, -0.8914728682170543, -0.4542395693135935, -0.15119726339794748, -0.06666666666666665, -0.24398625429553267, -0.3231424148606812, -0.06677669163387079, -0.57633973710819, -0.37435897435897425, -0.39600665557404324, -0.4026128266033254, -0.20664589823468327, -0.6103896103896105, -0.7735782822373041, -0.5887512899896801, -0.264876632801161, -0.428517254455821, -0.710955710955711]","[0.6122047244094488, 0.3202979515828678, 0.09132751937984496, 0.4737550471063257, 0.7719498289623717, 0.8, 0.7293153581813375, 0.6133900928792569, 0.8951377427954805, 0.3700707785642063, 0.5470085470085471, 0.56738768718802, 0.47149643705463185, 0.7123572170301142, 0.19696969696969696, 0.1811373742101568, 0.3937048503611971, 0.6378809869375908, 0.5316647705726204, 0.22144522144522144]","[0.9429133858267716, 0.8249534450651769, 0.9828003875968992, 0.9279946164199192, 0.9231470923603192, 0.8666666666666667, 0.9733016124768702, 0.9365325077399381, 0.9619144344293513, 0.9464105156723963, 0.9213675213675213, 0.9633943427620633, 0.8741092636579573, 0.9190031152647975, 0.8073593073593074, 0.9547156564474608, 0.9824561403508771, 0.9027576197387518, 0.9601820250284414, 0.9324009324009324]",0.4814347117794487,19,"[0.4772, 0.54275, 0.585, 0.3568, 0.2774, 0.5281428571428571, 0.21866666666666668, 0.729, 0.33266666666666667, 0.4625, 0.541, 0.4755, 0.6738, 0.1005, 0.5955, 0.594, 0.642, 0.51, 0.5048333333333334, null]",17.40189528465271,4.4368133544921875,0.07343578338623047,12.505646467208862,0.0010056495666503906,0.1983175277709961,1112414,ai05,success,
resnet18_cifar10,CIFAR10,20,0.1,42,300,4.0,labelled_probe_warmup,labelled,100,0.0,0.5065,0.344495,0.6041,0.8701,0.3086,-0.4057408834646513,0,20,"[-0.4704684317718941, -0.4708258527827648, -0.040723981900452455, -0.09641873278236912, -0.5425702811244979, -0.18100649350649345, -0.472514619883041, -0.5061179087875417, -0.4693235448348191, -0.13819095477386933, -0.3979591836734694, -0.06796116504854366, -0.40663819875776397, -0.4530831099195711, -0.4267270288397048, -0.7266260162601625, -0.5500467726847522, -0.8162223482699943, -0.3920792079207921, -0.48931383577052867]","[0.4419551934826884, 0.4874326750448833, 0.9235294117647059, 0.7630853994490359, 0.3815261044176707, 0.7792207792207793, 0.47309941520467835, 0.40489432703003336, 0.510487676979549, 0.8065326633165829, 0.5893877551020408, 0.8867313915857605, 0.5384316770186336, 0.5098302055406613, 0.5167672702883971, 0.22628726287262874, 0.29466791393826003, 0.09359047078842882, 0.48415841584158414, 0.42393138357705284]","[0.9124236252545825, 0.9582585278276481, 0.9642533936651584, 0.859504132231405, 0.9240963855421687, 0.9602272727272727, 0.9456140350877194, 0.9110122358175751, 0.9798112218143681, 0.9447236180904522, 0.9873469387755102, 0.9546925566343042, 0.9450698757763976, 0.9629133154602324, 0.9434942991281019, 0.9529132791327913, 0.8447146866230122, 0.9098128190584232, 0.8762376237623762, 0.9132452193475815]",0.45003240740740735,18,"[0.2555, 0.7055, 0.2435, 0.434, 0.4665, 0.225, 0.47, 0.6835, 0.5785, 0.48733333333333334, 0.3775, 0.495, 0.4225, 0.50375, 0.036, 0.477, 0.503, null, 0.7365, null]",17.71708607673645,4.205445051193237,0.01741313934326172,13.163302183151245,0.0009305477142333984,0.17490458488464355,1112414,ai05,success,
resnet18_cifar10,CIFAR10,20,0.1,43,300,4.0,labelled_probe_warmup,labelled,100,0.0,0.4816,0.29978999999999995,0.5138,0.868,0.3545,-0.4066203717924314,2,20,"[-0.31117021276595747, 0.001980198019801982, -0.6077970878346641, -0.05759162303664922, -0.49126213592233015, -0.8256410256410256, -0.47741011772192177, -0.049429657794676785, 0.0357142857142857, -0.20392431674842326, -0.14808206958073145, -0.7406075139888089, -0.7875647668393781, -0.8384502923976609, -0.8915718597631763, -0.6174496644295302, -0.0524774225042714, -0.21978866474543712, -0.5563055062166963, -0.29357798165137616]","[0.5851063829787234, 0.9544554455445544, 0.31423203381869425, 0.9059336823734729, 0.4407766990291262, 0.05811965811965812, 0.4731148584155266, 0.9391634980988594, 0.8482142857142857, 0.744218640504555, 0.8224799286351472, 0.23581135091926458, 0.1157167530224525, 0.09210526315789473, 0.0736011144648247, 0.31045680883308074, 0.4567976568220649, 0.748895292987512, 0.35239786856127886, 0.47706422018348627]","[0.8962765957446809, 0.9524752475247524, 0.9220291216533584, 0.9635253054101222, 0.9320388349514563, 0.8837606837606837, 0.9505249761374484, 0.9885931558935361, 0.8125, 0.9481429572529783, 0.9705619982158786, 0.9764188649080735, 0.9032815198618307, 0.9305555555555556, 0.965172974228001, 0.927906473262611, 0.5092750793263363, 0.9686839577329491, 0.9087033747779751, 0.7706422018348624]",0.38429833333333335,20,"[0.5163333333333333, 0.2245, 0.0005, 0.017333333333333333, 0.5146666666666667, 0.6406666666666667, 0.35533333333333333, 0.3965, 0.2694, 0.5008, 0.23, 0.5866, 0.49733333333333335, 0.5313333333333333, 0.25433333333333336, 0.56525, 0.498, 0.017333333333333333, 0.65175, 0.418]",17.82828426361084,4.289198875427246,0.01617884635925293,13.15878963470459,0.0009129047393798828,0.18028807640075684,1112414,ai05,success,
resnet18_cifar10,CIFAR10,20,0.1,44,300,4.0,labelled_probe_warmup,labelled,100,0.0,0.5204,0.3159,0.4541,0.8667,0.3657,-0.420264103169851,0,20,"[-0.38484251968503935, -0.49906890130353815, -0.8989825581395349, -0.48855989232839836, -0.15644241733181297, -0.06666666666666665, -0.20724292889241336, -0.33978328173374617, -0.06880792179763873, -0.5601617795753286, -0.3931623931623931, -0.406405990016639, -0.3931116389548694, -0.19158878504672894, -0.6038961038961039, -0.7870348701146735, -0.5789473684210527, -0.2706821480406386, -0.3989381873340918, -0.710955710955711]","[0.5580708661417323, 0.3258845437616387, 0.08381782945736434, 0.43943472409152085, 0.7667046750285063, 0.8, 0.7660586835844568, 0.596749226006192, 0.8931065126317126, 0.3862487360970677, 0.5282051282051282, 0.5569883527454242, 0.4809976247030879, 0.7274143302180686, 0.20346320346320346, 0.16768078633278727, 0.40350877192982454, 0.6320754716981132, 0.5612438376943496, 0.22144522144522144]","[0.9429133858267716, 0.8249534450651769, 0.9828003875968992, 0.9279946164199192, 0.9231470923603192, 0.8666666666666667, 0.9733016124768702, 0.9365325077399381, 0.9619144344293513, 0.9464105156723963, 0.9213675213675213, 0.9633943427620633, 0.8741092636579573, 0.9190031152647975, 0.8073593073593074, 0.9547156564474608, 0.9824561403508771, 0.9027576197387518, 0.9601820250284414, 0.9324009324009324]",0.4793320802005012,19,"[0.4976, 0.5365, 0.601, 0.3616, 0.275, 0.5281428571428571, 0.20166666666666666, 0.7505, 0.3016666666666667, 0.4315, 0.5496, 0.4731666666666667, 0.6632, 0.1085, 0.582, 0.6035, 0.64475, 0.49475, 0.5026666666666667, null]",17.52512264251709,4.006903886795044,0.02007746696472168,13.141458988189697,0.0008435249328613281,0.18575000762939453,1112414,ai05,success,
resnet18_cifar10,CIFAR10,20,0.1,42,300,4.0,no_phase0,none,0,0.0,0.4845,0.344495,0.6041,0.8701,0.1112,-0.4226442987442439,0,20,"[-0.4821792260692465, -0.48698384201077194, -0.0447963800904978, -0.09917355371900827, -0.576706827309237, -0.20292207792207795, -0.5461988304093568, -0.4961067853170189, -0.48243314105925533, -0.13567839195979903, -0.39265306122448973, -0.06796116504854366, -0.4468167701863355, -0.4557640750670242, -0.48641851106639833, -0.7476287262872628, -0.5668849391955099, -0.8252977878615996, -0.402970297029703, -0.5073115860517434]","[0.430244399185336, 0.47127468581687615, 0.9194570135746606, 0.7603305785123967, 0.3473895582329317, 0.7573051948051948, 0.39941520467836256, 0.41490545050055616, 0.49737808075511275, 0.8090452261306532, 0.5946938775510204, 0.8867313915857605, 0.4982531055900621, 0.5071492403932082, 0.45707578806170357, 0.20528455284552846, 0.2778297474275023, 0.08451503119682359, 0.47326732673267324, 0.40593363329583804]","[0.9124236252545825, 0.9582585278276481, 0.9642533936651584, 0.859504132231405, 0.9240963855421687, 0.9602272727272727, 0.9456140350877194, 0.9110122358175751, 0.9798112218143681, 0.9447236180904522, 0.9873469387755102, 0.9546925566343042, 0.9450698757763976, 0.9629133154602324, 0.9434942991281019, 0.9529132791327913, 0.8447146866230122, 0.9098128190584232, 0.8762376237623762, 0.9132452193475815]",0.4251805555555555,18,"[0.2185, 0.68375, 0.19325, 0.4053333333333333, 0.424, 0.20433333333333334, 0.4716666666666667, 0.66775, 0.57225, 0.4686666666666667, 0.3575, 0.4713333333333333, 0.392, 0.46825, 0.012, 0.457, 0.4766666666666667, null, 0.709, null]",17.05752420425415,4.267340898513794,0.007031917572021484,12.391923189163208,0.0008766651153564453,0.17840933799743652,1112414,ai05,success,
resnet18_cifar10,CIFAR10,20,0.1,43,300,4.0,no_phase0,none,0,0.0,0.4727,0.29978999999999995,0.5138,0.868,0.1046,-0.41598927288651816,1,20,"[-0.32446808510638303, 0.0, -0.619539689995303, -0.06352530541012213, -0.5106796116504855, -0.8341880341880341, -0.4958638243716195, -0.05956907477820028, 0.013392857142857095, -0.21443587946741416, -0.15611061552185546, -0.7478017585931255, -0.7892918825561313, -0.8399122807017544, -0.8950545623403762, -0.6202641264342932, -0.07334635098852815, -0.2178674351585015, -0.5868561278863234, -0.28440366972477066]","[0.5718085106382979, 0.9524752475247524, 0.3024894316580554, 0.9, 0.42135922330097086, 0.04957264957264957, 0.45466115176582883, 0.9290240811153359, 0.8258928571428571, 0.7337070777855641, 0.8144513826940232, 0.22861710631494805, 0.11398963730569948, 0.09064327485380116, 0.0701184118876248, 0.3076423468283178, 0.43592872833780816, 0.7508165225744476, 0.32184724689165184, 0.48623853211009177]","[0.8962765957446809, 0.9524752475247524, 0.9220291216533584, 0.9635253054101222, 0.9320388349514563, 0.8837606837606837, 0.9505249761374484, 0.9885931558935361, 0.8125, 0.9481429572529783, 0.9705619982158786, 0.9764188649080735, 0.9032815198618307, 0.9305555555555556, 0.965172974228001, 0.927906473262611, 0.5092750793263363, 0.9686839577329491, 0.9087033747779751, 0.7706422018348624]",0.3751716666666666,20,"[0.5058333333333334, 0.21333333333333335, 0.0, 0.005333333333333333, 0.503, 0.6403333333333333, 0.3485, 0.387, 0.256, 0.5006, 0.21533333333333332, 0.579, 0.4851666666666667, 0.5083333333333333, 0.23833333333333334, 0.552, 0.4945, 0.005333333333333333, 0.652, 0.4135]",17.40062665939331,4.308081388473511,0.007244110107421875,12.719502210617065,0.0007963180541992188,0.17168307304382324,1112414,ai05,success,
resnet18_cifar10,CIFAR10,20,0.1,44,300,4.0,no_phase0,none,0,0.0,0.4932,0.3159,0.4541,0.8667,0.0998,-0.45011749783824195,0,20,"[-0.39074803149606296, -0.5400372439478585, -0.8980135658914729, -0.5148048452220726, -0.17559863169897372, -0.06666666666666665, -0.2646048109965635, -0.34829721362229105, -0.07248952646946816, -0.6248736097067744, -0.41709401709401706, -0.44592346089850254, -0.4608076009501188, -0.23779854620976115, -0.6363636363636364, -0.7886730634214838, -0.6390608875128998, -0.29898403483309144, -0.47288585513841486, -0.7086247086247086]","[0.5521653543307087, 0.2849162011173184, 0.08478682170542635, 0.41318977119784656, 0.7475484606613455, 0.8, 0.7086968014803067, 0.5882352941176471, 0.8894249079598832, 0.32153690596562184, 0.5042735042735043, 0.5174708818635607, 0.41330166270783847, 0.6812045690550363, 0.170995670995671, 0.16604259302597707, 0.3433952528379773, 0.6037735849056604, 0.48729616989002655, 0.22377622377622378]","[0.9429133858267716, 0.8249534450651769, 0.9828003875968992, 0.9279946164199192, 0.9231470923603192, 0.8666666666666667, 0.9733016124768702, 0.9365325077399381, 0.9619144344293513, 0.9464105156723963, 0.9213675213675213, 0.9633943427620633, 0.8741092636579573, 0.9190031152647975, 0.8073593073593074, 0.9547156564474608, 0.9824561403508771, 0.9027576197387518, 0.9601820250284414, 0.9324009324009324]",0.4532302005012532,19,"[0.4454, 0.51525, 0.5442, 0.3306, 0.2388, 0.4928571428571429, 0.16766666666666666, 0.7075, 0.292, 0.42925, 0.5334, 0.4583333333333333, 0.6622, 0.0605, 0.58075, 0.5545, 0.63, 0.4785, 0.48966666666666664, null]",17.927682399749756,4.206993103027344,0.0070607662200927734,13.329916000366211,0.0009381771087646484,0.186751127243042,1112414,ai05,success,
resnet18_cifar10,CIFAR10,20,0.1,42,300,4.0,raw_union_K20,raw_union,1950,0.0,0.7385,0.344495,0.6041,0.8701,0.8137,-0.2004961101014297,0,20,"[-0.2978615071283096, -0.20780969479353673, -0.03981900452488685, -0.019283746556473802, -0.29156626506024097, -0.06899350649350644, -0.1824561403508772, -0.22803114571746386, -0.24331410592553748, -0.11306532663316582, -0.1277551020408163, -0.032362459546925515, -0.13819875776397517, -0.33378016085790885, -0.17152917505030174, -0.29132791327913277, -0.35266604303087, -0.556437889960295, -0.13762376237623763, -0.17604049493813267]","[0.6145621181262729, 0.7504488330341114, 0.9244343891402715, 0.8402203856749312, 0.6325301204819277, 0.8912337662337663, 0.7631578947368421, 0.6829810901001112, 0.7364971158888306, 0.8316582914572864, 0.8595918367346939, 0.9223300970873787, 0.8068711180124224, 0.6291331546023236, 0.7719651240778002, 0.6615853658536586, 0.4920486435921422, 0.3533749290981282, 0.7386138613861386, 0.7372047244094488]","[0.9124236252545825, 0.9582585278276481, 0.9642533936651584, 0.859504132231405, 0.9240963855421687, 0.9602272727272727, 0.9456140350877194, 0.9110122358175751, 0.9798112218143681, 0.9447236180904522, 0.9873469387755102, 0.9546925566343042, 0.9450698757763976, 0.9629133154602324, 0.9434942991281019, 0.9529132791327913, 0.8447146866230122, 0.9098128190584232, 0.8762376237623762, 0.9132452193475815]",0.7268240740740741,18,"[0.68725, 0.866, 0.692, 0.6296666666666667, 0.777, 0.679, 0.628, 0.833, 0.712, 0.717, 0.66, 0.688, 0.711, 0.73775, 0.596, 0.7546666666666667, 0.805, null, 0.9095, null]",17.321593284606934,4.064910173416138,0.12790632247924805,12.80729603767395,0.0008413791656494141,0.1496260166168213,1112414,ai05,success,
resnet18_cifar10,CIFAR10,20,0.1,43,300,4.0,raw_union_K20,raw_union,1708,0.0,0.6587,0.29978999999999995,0.5138,0.868,0.7974,-0.2413011697689754,3,20,"[-0.06648936170212771, 0.017821782178217838, -0.3626115547205261, -0.026701570680628284, -0.3242718446601942, -0.39487179487179486, -0.24292077632834874, -0.03041825095057038, 0.0803571428571429, -0.09810791871058167, -0.07671721677074039, -0.5007993605115907, -0.6804835924006908, -0.7244152046783626, -0.7555142790805666, -0.3468283178177095, 0.13912618989504522, -0.09164265129683002, -0.2671403197158082, -0.07339449541284404]","[0.8297872340425532, 0.9702970297029703, 0.5594175669328323, 0.9368237347294939, 0.6077669902912621, 0.4888888888888889, 0.7076041998090996, 0.9581749049429658, 0.8928571428571429, 0.8500350385423966, 0.8938447814451382, 0.4756195043964828, 0.22279792746113988, 0.20614035087719298, 0.2096586951474344, 0.5810781554449015, 0.6484012692213815, 0.8770413064361191, 0.6415630550621669, 0.6972477064220184]","[0.8962765957446809, 0.9524752475247524, 0.9220291216533584, 0.9635253054101222, 0.9320388349514563, 0.8837606837606837, 0.9505249761374484, 0.9885931558935361, 0.8125, 0.9481429572529783, 0.9705619982158786, 0.9764188649080735, 0.9032815198618307, 0.9305555555555556, 0.965172974228001, 0.927906473262611, 0.5092750793263363, 0.9686839577329491, 0.9087033747779751, 0.7706422018348624]",0.5885612499999999,20,"[0.6853333333333333, 0.49983333333333335, 0.239, 0.336, 0.7003333333333334, 0.6696666666666666, 0.5588333333333333, 0.608625, 0.584, 0.6456, 0.4821666666666667, 0.751, 0.7141666666666666, 0.744, 0.5676666666666667, 0.70725, 0.6695, 0.336, 0.79075, 0.4815]",17.34812307357788,4.265810012817383,0.19141674041748047,12.550228595733643,0.0009417533874511719,0.16396236419677734,1112414,ai05,success,
resnet18_cifar10,CIFAR10,20,0.1,44,300,4.0,raw_union_K20,raw_union,1717,0.0,0.7014,0.3159,0.4541,0.8667,0.8171,-0.2182448503158078,0,20,"[-0.13484251968503935, -0.2029795158286778, -0.7267441860465116, -0.18842530282637948, -0.08050171037628273, 0.0, -0.08406026962727997, -0.15905572755417963, -0.05370064745461478, -0.2578361981799797, -0.16752136752136748, -0.14725457570715472, -0.15914489311163893, -0.10384215991692625, -0.27056277056277056, -0.43084483969108356, -0.29721362229102166, -0.09941944847605222, -0.24383769434963976, -0.557109557109557]","[0.8080708661417323, 0.6219739292364991, 0.2560562015503876, 0.7395693135935397, 0.8426453819840365, 0.8666666666666667, 0.8892413428495902, 0.7774767801857585, 0.9082137869747365, 0.6885743174924166, 0.7538461538461538, 0.8161397670549085, 0.7149643705463183, 0.8151609553478713, 0.5367965367965368, 0.5238708167563773, 0.6852425180598555, 0.8033381712626996, 0.7163443306788017, 0.3752913752913753]","[0.9429133858267716, 0.8249534450651769, 0.9828003875968992, 0.9279946164199192, 0.9231470923603192, 0.8666666666666667, 0.9733016124768702, 0.9365325077399381, 0.9619144344293513, 0.9464105156723963, 0.9213675213675213, 0.9633943427620633, 0.8741092636579573, 0.9190031152647975, 0.8073593073593074, 0.9547156564474608, 0.9824561403508771, 0.9027576197387518, 0.9601820250284414, 0.9324009324009324]",0.6642640350877195,19,"[0.6412, 0.68175, 0.7614, 0.587, 0.5662, 0.692, 0.49333333333333335, 0.8, 0.6516666666666666, 0.62425, 0.68, 0.6313333333333333, 0.7958, 0.521, 0.678, 0.783, 0.70775, 0.665, 0.6603333333333333, null]",16.734634160995483,3.9260778427124023,0.1261610984802246,12.335073471069336,0.0008368492126464844,0.17194914817810059,1112414,ai05,success,
resnet18_cifar10,CIFAR10,20,0.1,42,300,4.0,warmup_only_labelled,warmup_only,100,0.0,0.3086,0.344495,0.6041,0.8701,0.3086,-0.6361443526774472,0,20,"[-0.6720977596741344, -0.6463195691202872, -0.44004524886877827, -0.38154269972451793, -0.6803212851405622, -0.7532467532467533, -0.4859649122807018, -0.7953281423804227, -0.6082852648138437, -0.44472361809045224, -0.9640816326530612, -0.9352750809061489, -0.7288431677018634, -0.7131367292225201, -0.5732729711602951, -0.44918699186991873, -0.4939195509822264, -0.5314804310833806, -0.7237623762376237, -0.7020528683914511]","[0.24032586558044808, 0.3119389587073609, 0.5242081447963801, 0.47796143250688705, 0.24377510040160644, 0.2069805194805195, 0.45964912280701753, 0.11568409343715239, 0.3715259570005244, 0.5, 0.02326530612244898, 0.019417475728155338, 0.21622670807453417, 0.24977658623771223, 0.3702213279678068, 0.5037262872628726, 0.3507951356407858, 0.37833238797504254, 0.15247524752475247, 0.21119235095613048]","[0.9124236252545825, 0.9582585278276481, 0.9642533936651584, 0.859504132231405, 0.9240963855421687, 0.9602272727272727, 0.9456140350877194, 0.9110122358175751, 0.9798112218143681, 0.9447236180904522, 0.9873469387755102, 0.9546925566343042, 0.9450698757763976, 0.9629133154602324, 0.9434942991281019, 0.9529132791327913, 0.8447146866230122, 0.9098128190584232, 0.8762376237623762, 0.9132452193475815]",0.27405555555555555,18,"[0.306, 0.30525, 0.3255, 0.546, 0.3255, 0.191, 0.337, 0.2015, 0.1555, 0.21683333333333332, 0.25925, 0.4111666666666667, 0.118, 0.37, 0.54, 0.07866666666666666, 0.20633333333333334, null, 0.0395, null]",4.489156484603882,4.145794153213501,0.019136905670166016,0.0,0.0,0.16370439529418945,1112414,ai05,success,
resnet18_cifar10,CIFAR10,20,0.1,43,300,4.0,warmup_only_labelled,warmup_only,100,0.0,0.3545,0.29978999999999995,0.5138,0.868,0.3545,-0.5272507784653961,0,20,"[-0.7819148936170213, -0.3504950495049505, -0.5692813527477689, -0.45776614310645725, -0.5893203883495146, -0.32649572649572645, -0.30559974546611524, -0.17490494296577952, -0.5223214285714286, -0.2978276103714085, -0.8884924174843889, -0.46482813749000795, -0.5682210708117443, -0.5906432748538012, -0.5980961225911308, -0.8739987010175363, -0.44703441542592137, -0.723342939481268, -0.3630550621669627, -0.6513761467889909]","[0.11436170212765957, 0.601980198019802, 0.35274776890558945, 0.5057591623036649, 0.34271844660194173, 0.5572649572649573, 0.6449252306713331, 0.8136882129277566, 0.29017857142857145, 0.6503153468815698, 0.08206958073148975, 0.5115907274180655, 0.33506044905008636, 0.3399122807017544, 0.3670768516368702, 0.05390777224507469, 0.06224066390041494, 0.2453410182516811, 0.5456483126110124, 0.11926605504587157]","[0.8962765957446809, 0.9524752475247524, 0.9220291216533584, 0.9635253054101222, 0.9320388349514563, 0.8837606837606837, 0.9505249761374484, 0.9885931558935361, 0.8125, 0.9481429572529783, 0.9705619982158786, 0.9764188649080735, 0.9032815198618307, 0.9305555555555556, 0.965172974228001, 0.927906473262611, 0.5092750793263363, 0.9686839577329491, 0.9087033747779751, 0.7706422018348624]",0.34587,20,"[0.2776666666666667, 0.274, 0.1995, 0.38566666666666666, 0.2996666666666667, 0.649, 0.14916666666666667, 0.3015, 0.2566, 0.2336, 0.3248333333333333, 0.2412, 0.3273333333333333, 0.5396666666666666, 0.36733333333333335, 0.40475, 0.6055, 0.38566666666666666, 0.50975, 0.185]",4.356041669845581,3.994666576385498,0.014425992965698242,0.0,0.0,0.1712479591369629,1112414,ai05,success,
resnet18_cifar10,CIFAR10,20,0.1,44,300,4.0,warmup_only_labelled,warmup_only,100,0.0,0.3657,0.3159,0.4541,0.8667,0.3657,-0.5739539275819657,0,20,"[-0.812992125984252, -0.7243947858472998, -0.4120639534883721, -0.8775235531628532, -0.5416191562143671, -0.5333333333333334, -0.4472640761300555, -0.8393962848297214, -0.5128856163514028, -0.551061678463094, -0.8017094017094016, -0.6439267886855242, -0.3551068883610452, -0.20664589823468327, -0.577922077922078, -0.791130353381699, -0.6158410732714138, -0.6197387518142234, -0.24156238149412212, -0.3729603729603729]","[0.12992125984251968, 0.1005586592178771, 0.5707364341085271, 0.05047106325706595, 0.3815279361459521, 0.3333333333333333, 0.5260375363468147, 0.09713622291021672, 0.4490288180779485, 0.3953488372093023, 0.11965811965811966, 0.3194675540765391, 0.5190023752969121, 0.7123572170301142, 0.22943722943722944, 0.16358530306576177, 0.36661506707946334, 0.2830188679245283, 0.7186196435343193, 0.5594405594405595]","[0.9429133858267716, 0.8249534450651769, 0.9828003875968992, 0.9279946164199192, 0.9231470923603192, 0.8666666666666667, 0.9733016124768702, 0.9365325077399381, 0.9619144344293513, 0.9464105156723963, 0.9213675213675213, 0.9633943427620633, 0.8741092636579573, 0.9190031152647975, 0.8073593073593074, 0.9547156564474608, 0.9824561403508771, 0.9027576197387518, 0.9601820250284414, 0.9324009324009324]",0.37050939849624065,19,"[0.5984, 0.4685, 0.467, 0.311, 0.311, 0.42742857142857144, 0.3253333333333333, 0.724, 0.015333333333333332, 0.18175, 0.5008, 0.36433333333333334, 0.2558, 0.1475, 0.3365, 0.4515, 0.4685, 0.315, 0.37, null]",4.224579095840454,3.883071184158325,0.01572561264038086,0.0,0.0,0.16580772399902344,1112414,ai05,success,
resnet18_cifar10,CIFAR10,20,0.3,42,300,4.0,dp_avg_eps2_K20,dp_avg,10,3.986361524956496,0.7088,0.49240500000000004,0.7605,0.8701,0.209,-0.19594204140747126,1,20,"[-0.2751407884151248, -0.24224468455907988, -0.11977715877437323, -0.15104379860826855, -0.16421495046532564, -0.45474006116207955, -0.17487684729064035, 0.003039513677811523, -0.28623566214807095, -0.3455418034857287, -0.21082513247539736, -0.13739324173783884, -0.12091967073516896, -0.15640116091583356, -0.14534377719756308, -0.24123588829471188, -0.21116597037599694, -0.10013531799729358, -0.1326934795856185, -0.25195094760312153]","[0.6154465004022526, 0.658766120599512, 0.8231197771587744, 0.7130577159230455, 0.7721404983488442, 0.4489296636085627, 0.6354679802955665, 0.8085106382978723, 0.670490093847758, 0.5471078555190705, 0.7342922028766087, 0.7541774972150018, 0.7930740845869997, 0.745888423089326, 0.7597911227154047, 0.6844919786096256, 0.6680592480060767, 0.8200270635994588, 0.7957038391224863, 0.653288740245262]","[0.8905872888173774, 0.9010108051585919, 0.9428969359331476, 0.864101514531314, 0.9363554488141699, 0.9036697247706422, 0.8103448275862069, 0.8054711246200608, 0.956725755995829, 0.8926496590047992, 0.945117335352006, 0.8915707389528407, 0.9139937553221686, 0.9022895840051596, 0.9051348999129678, 0.9257278669043375, 0.8792252183820737, 0.9201623815967523, 0.9283973187081048, 0.9052396878483835]",0.6969621212121212,11,"[0.784, null, 0.919, null, null, 0.762, 0.8213333333333334, 0.816, 0.848, 0.622, 0.919, 0.56525, null, null, null, 0.427, null, 0.183, null, null]",17.138937950134277,4.324554920196533,0.09252309799194336,12.372135400772095,0.0008208751678466797,0.13896584510803223,1112414,ai05,success,
resnet18_cifar10,CIFAR10,20,0.3,43,300,4.0,dp_avg_eps2_K20,dp_avg,10,3.9676203949800515,0.6628,0.51053,0.6386,0.868,0.2093,-0.22342343157499736,0,20,"[-0.31576635924462015, -0.14115523465703972, -0.1529927760577916, -0.08838317015083352, -0.11000383288616322, -0.1817862165963432, -0.5933656354826686, -0.07664756446991405, -0.14514767932489459, -0.3849252013808976, -0.05063291139240511, -0.1657101865136299, -0.11164787976382184, -0.7595894111291194, -0.21057388160867607, -0.12569659442724457, -0.10540992749581712, -0.4964800536372779, -0.05006418485237485, -0.20248993042841457]","[0.6012296881862099, 0.792057761732852, 0.7389060887512899, 0.8319661286054512, 0.8098888463012649, 0.730309423347398, 0.34662691017517705, 0.8116045845272206, 0.7670886075949367, 0.5638665132336018, 0.880801687763713, 0.7144906743185079, 0.8174986580783682, 0.20043219881145327, 0.6741979213737008, 0.7820433436532508, 0.7897378694924707, 0.3530003352329869, 0.8234916559691913, 0.6616623947272061]","[0.9169960474308301, 0.9332129963898917, 0.8918988648090815, 0.9203492987562847, 0.9198926791874281, 0.9120956399437412, 0.9399925456578457, 0.8882521489971347, 0.9122362869198313, 0.9487917146144994, 0.9314345991561181, 0.8802008608321378, 0.92914653784219, 0.9600216099405726, 0.8847718029823769, 0.9077399380804954, 0.8951477969882878, 0.8494803888702648, 0.8735558408215661, 0.8641523251556207]",0.6088571428571428,14,"[null, 0.842, null, 0.111, 0.004, 0.821, 0.858, 0.68, 0.784, 0.004, 0.667, 0.486, null, null, 0.667, 0.877, 0.893, null, 0.83, null]",16.701273918151855,4.4467082023620605,0.08723735809326172,11.852384567260742,0.0007915496826171875,0.12857627868652344,1112414,ai05,success,
resnet18_cifar10,CIFAR10,20,0.3,44,300,4.0,dp_avg_eps2_K20,dp_avg,10,3.962551391060827,0.6562,0.48821499999999995,0.7192,0.8667,0.2068,-0.21788567647250087,0,20,"[-0.1421895861148198, -0.19744318181818177, -0.15613207547169816, -0.26206196038598273, -0.27213352685050807, -0.034517766497461966, -0.1898846495119787, -0.22425796995236347, -0.14156186019303885, -0.18714963346269942, -0.35729794933655, -0.37341895310371664, -0.15721231766612642, -0.0936270653029111, -0.21757981868348442, -0.3316923076923076, -0.3575079872204472, -0.34144620811287474, -0.2769623484365029, -0.043636363636363584]","[0.7850467289719626, 0.734375, 0.7797169811320754, 0.6465210766886744, 0.6509433962264151, 0.8416243654822335, 0.7018633540372671, 0.6317332356174423, 0.7853173442527055, 0.7395429064251833, 0.5575392038600724, 0.5532204709087372, 0.713128038897893, 0.7592446892210858, 0.7106819077650769, 0.5796923076923077, 0.5214057507987221, 0.5583774250440917, 0.5922144224633057, 0.892]","[0.9272363150867824, 0.9318181818181818, 0.9358490566037736, 0.9085830370746572, 0.9230769230769231, 0.8761421319796955, 0.8917480035492458, 0.8559912055698058, 0.9268792044457443, 0.9266925398878827, 0.9148371531966224, 0.9266394240124538, 0.8703403565640194, 0.8528717545239969, 0.9282617264485613, 0.9113846153846153, 0.8789137380191693, 0.8998236331569665, 0.8691767708998086, 0.9356363636363636]",0.619375,14,"[0.292, 0.56475, 0.892, 0.6265, 0.646, 0.745, null, null, 0.529, 0.4485, 0.983, 0.529, 0.4635, 0.322, null, null, 0.983, null, 0.647, null]",16.63877296447754,4.2984230518341064,0.07858943939208984,11.875084161758423,0.0009129047393798828,0.16297459602355957,1112414,ai05,success,
resnet18_cifar10,CIFAR10,20,0.3,42,300,4.0,dp_avg_eps8_K20,dp_avg,10,0.996590381239124,0.7131,0.49240500000000004,0.7605,0.8701,0.3243,-0.19048679652811565,1,20,"[-0.26870474658085286, -0.23004531195538525, -0.11664345403899723, -0.14940646745804342, -0.16511558090663458, -0.44097859327217126, -0.16256157635467972, 0.00911854103343468, -0.2841501564129302, -0.334427885829755, -0.20666161998486, -0.13293724470850354, -0.11581038887311956, -0.1551112544340535, -0.14186248912097477, -0.23885918003565065, -0.2058488416255222, -0.0987821380243572, -0.1256855575868373, -0.2452619843924192]","[0.6218825422365245, 0.6709654932032066, 0.8262534818941504, 0.7146950470732706, 0.7712398679075353, 0.46269113149847096, 0.6477832512315271, 0.8145896656534954, 0.6725755995828988, 0.5582217731750442, 0.738455715367146, 0.7586334942443371, 0.7981833664490491, 0.7471783295711061, 0.763272410791993, 0.6868686868686869, 0.6733763767565515, 0.8213802435723951, 0.8027117611212675, 0.6599777034559643]","[0.8905872888173774, 0.9010108051585919, 0.9428969359331476, 0.864101514531314, 0.9363554488141699, 0.9036697247706422, 0.8103448275862069, 0.8054711246200608, 0.956725755995829, 0.8926496590047992, 0.945117335352006, 0.8915707389528407, 0.9139937553221686, 0.9022895840051596, 0.9051348999129678, 0.9257278669043375, 0.8792252183820737, 0.9201623815967523, 0.9283973187081048, 0.9052396878483835]",0.702469696969697,11,"[0.785, null, 0.923, null, null, 0.7655, 0.8196666666666667, 0.8175, 0.851, 0.628, 0.923, 0.5745, null, null, null, 0.437, null, 0.203, null, null]",16.45133328437805,4.107284307479858,0.0835103988647461,11.934840679168701,0.0008790493011474609,0.15129756927490234,1112414,ai05,success,
resnet18_cifar10,CIFAR10,20,0.3,43,300,4.0,dp_avg_eps8_K20,dp_avg,10,0.9919050987450129,0.6648,0.51053,0.6386,0.868,0.3662,-0.22162441678792652,0,20,"[-0.310935441370224, -0.13718411552346577, -0.15170278637770895, -0.08864779042074622, -0.10885396703717898, -0.18002812939521795, -0.5915020499440925, -0.0709169054441261, -0.1409282700421941, -0.3745684695051783, -0.05432489451476796, -0.16642754662840753, -0.10869565217391308, -0.7585089141004862, -0.21373700858563038, -0.12817337461300304, -0.09760178471834924, -0.49564197116996306, -0.04942233632862647, -0.2046869278652509]","[0.6060606060606061, 0.796028880866426, 0.7401960784313726, 0.8317015083355385, 0.8110387121502491, 0.7320675105485233, 0.34849049571375323, 0.8173352435530086, 0.7713080168776372, 0.5742232451093211, 0.8771097046413502, 0.7137733142037302, 0.820450885668277, 0.20151269584008644, 0.6710347943967465, 0.7795665634674923, 0.7975460122699386, 0.3538384177003017, 0.8241335044929397, 0.6594653972903698]","[0.9169960474308301, 0.9332129963898917, 0.8918988648090815, 0.9203492987562847, 0.9198926791874281, 0.9120956399437412, 0.9399925456578457, 0.8882521489971347, 0.9122362869198313, 0.9487917146144994, 0.9314345991561181, 0.8802008608321378, 0.92914653784219, 0.9600216099405726, 0.8847718029823769, 0.9077399380804954, 0.8951477969882878, 0.8494803888702648, 0.8735558408215661, 0.8641523251556207]",0.611,14,"[null, 0.843, null, 0.113, 0.005, 0.8245, 0.857, 0.689, 0.777, 0.005, 0.671, 0.4895, null, null, 0.671, 0.88, 0.894, null, 0.835, null]",17.049086570739746,4.304118394851685,0.08283734321594238,12.353604555130005,0.0009462833404541016,0.1582624912261963,1112414,ai05,success,
resnet18_cifar10,CIFAR10,20,0.3,44,300,4.0,dp_avg_eps8_K20,dp_avg,10,0.9906378477652068,0.657,0.48821499999999995,0.7192,0.8667,0.3648,-0.21420085676511103,0,20,"[-0.14419225634178912, -0.19270833333333326, -0.1570754716981132, -0.254951752158456, -0.2692307692307693, -0.028426395939086357, -0.18189884649511978, -0.22059362403810923, -0.14273179292190696, -0.18197498921949118, -0.3563329312424608, -0.3675812414866706, -0.14910858995137766, -0.08890637293469716, -0.2132439889633425, -0.33353846153846145, -0.34792332268370607, -0.3432098765432099, -0.2667517549457563, -0.043636363636363584]","[0.7830440587449933, 0.7391098484848485, 0.7787735849056604, 0.6536312849162011, 0.6538461538461539, 0.8477157360406091, 0.709849157054126, 0.6353975815316966, 0.7841474115238374, 0.7447175506683915, 0.5585042219541616, 0.5590581825257832, 0.7212317666126418, 0.7639653815892997, 0.7150177374852188, 0.5778461538461539, 0.5309904153354632, 0.5566137566137566, 0.6024250159540523, 0.892]","[0.9272363150867824, 0.9318181818181818, 0.9358490566037736, 0.9085830370746572, 0.9230769230769231, 0.8761421319796955, 0.8917480035492458, 0.8559912055698058, 0.9268792044457443, 0.9266925398878827, 0.9148371531966224, 0.9266394240124538, 0.8703403565640194, 0.8528717545239969, 0.9282617264485613, 0.9113846153846153, 0.8789137380191693, 0.8998236331569665, 0.8691767708998086, 0.9356363636363636]",0.6207321428571427,14,"[0.291, 0.56575, 0.892, 0.626, 0.64, 0.747, null, null, 0.54, 0.4475, 0.983, 0.54, 0.465, 0.326, null, null, 0.983, null, 0.644, null]",17.75804829597473,4.454757928848267,0.0844731330871582,12.900095462799072,0.00102996826171875,0.15906858444213867,1112414,ai05,success,
resnet18_cifar10,CIFAR10,20,0.3,42,300,4.0,labelled_probe_warmup,labelled,100,0.0,0.7134,0.49240500000000004,0.7605,0.8701,0.3086,-0.1914543108895954,1,20,"[-0.2654867256637169, -0.23039386545834795, -0.12186629526462389, -0.14654113794514945, -0.16991894326028212, -0.43944954128440367, -0.17241379310344818, 0.003039513677811523, -0.29509906152241916, -0.32912351603940393, -0.20325510976532923, -0.13405124396583734, -0.11297189894975879, -0.1583360206385036, -0.14534377719756308, -0.24123588829471188, -0.20470945689327769, -0.0987821380243572, -0.12736136502132844, -0.23578595317725748]","[0.6251005631536605, 0.6706169397002439, 0.8210306406685237, 0.7175603765861646, 0.7664365055538878, 0.46422018348623856, 0.6379310344827587, 0.8085106382978723, 0.6616266944734098, 0.5635261429653953, 0.7418622255866768, 0.7575194949870033, 0.8010218563724099, 0.743953563366656, 0.7597911227154047, 0.6844919786096256, 0.674515761488796, 0.8213802435723951, 0.8010359536867764, 0.669453734671126]","[0.8905872888173774, 0.9010108051585919, 0.9428969359331476, 0.864101514531314, 0.9363554488141699, 0.9036697247706422, 0.8103448275862069, 0.8054711246200608, 0.956725755995829, 0.8926496590047992, 0.945117335352006, 0.8915707389528407, 0.9139937553221686, 0.9022895840051596, 0.9051348999129678, 0.9257278669043375, 0.8792252183820737, 0.9201623815967523, 0.9283973187081048, 0.9052396878483835]",0.7031742424242425,11,"[0.775, null, 0.926, null, null, 0.755, 0.8226666666666667, 0.8205, 0.852, 0.6315, 0.926, 0.57125, null, null, null, 0.447, null, 0.208, null, null]",16.551666498184204,4.358564615249634,0.023464441299438477,11.890917301177979,0.0008456707000732422,0.13843798637390137,1112414,ai05,success,
resnet18_cifar10,CIFAR10,20,0.3,43,300,4.0,labelled_probe_warmup,labelled,100,0.0,0.6641,0.51053,0.6386,0.868,0.3545,-0.2227176984562214,0,20,"[-0.30961791831357055, -0.1353790613718412, -0.15918472652218785, -0.08997089177030959, -0.11881947106170943, -0.179676511954993, -0.5922474841595229, -0.07521489971346706, -0.14261603375527432, -0.37226697353279625, -0.052742616033755296, -0.1678622668579628, -0.11111111111111116, -0.7595894111291194, -0.2132851333032083, -0.12693498452012386, -0.09592861126603458, -0.49715051961112966, -0.052631578947368474, -0.20212376418894185]","[0.6073781291172595, 0.7978339350180506, 0.7327141382868937, 0.8303784069859751, 0.8010732081257187, 0.7324191279887482, 0.3477450614983228, 0.8130372492836676, 0.769620253164557, 0.5765247410817032, 0.8786919831223629, 0.712338593974175, 0.8180354267310789, 0.20043219881145327, 0.6714866696791686, 0.7808049535603715, 0.7992191857222533, 0.3523298692591351, 0.8209242618741976, 0.6620285609666788]","[0.9169960474308301, 0.9332129963898917, 0.8918988648090815, 0.9203492987562847, 0.9198926791874281, 0.9120956399437412, 0.9399925456578457, 0.8882521489971347, 0.9122362869198313, 0.9487917146144994, 0.9314345991561181, 0.8802008608321378, 0.92914653784219, 0.9600216099405726, 0.8847718029823769, 0.9077399380804954, 0.8951477969882878, 0.8494803888702648, 0.8735558408215661, 0.8641523251556207]",0.612,14,"[null, 0.838, null, 0.116, 0.005, 0.8315, 0.858, 0.676, 0.779, 0.005, 0.685, 0.4865, null, null, 0.685, 0.877, 0.897, null, 0.829, null]",16.959349155426025,4.156714916229248,0.02062535285949707,12.473376512527466,0.0008385181427001953,0.1377248764038086,1112414,ai05,success,
resnet18_cifar10,CIFAR10,20,0.3,44,300,4.0,labelled_probe_warmup,labelled,100,0.0,0.6564,0.48821499999999995,0.7192,0.8667,0.3657,-0.21702057237427566,0,20,"[-0.15220293724966627, -0.1983901515151515, -0.1655660377358491, -0.25749111223971555, -0.27539912917271414, -0.029441624365482255, -0.1960958296362023, -0.21986075485525836, -0.155893536121673, -0.17636912462268217, -0.35560916767189377, -0.3687487838100798, -0.15072933549432732, -0.09284028324154214, -0.21009065825778483, -0.32820512820512815, -0.34664536741214047, -0.34779541446208107, -0.2712188895979579, -0.041818181818181754]","[0.7750333778371161, 0.7334280303030303, 0.7702830188679245, 0.6510919248349416, 0.647677793904209, 0.8467005076142132, 0.6956521739130435, 0.6361304507145474, 0.7709856683240713, 0.7503234152652005, 0.5592279855247286, 0.557890640202374, 0.7196110210696921, 0.7600314712824547, 0.7181710681907765, 0.5831794871794872, 0.5322683706070288, 0.5520282186948854, 0.5979578813018507, 0.8938181818181818]","[0.9272363150867824, 0.9318181818181818, 0.9358490566037736, 0.9085830370746572, 0.9230769230769231, 0.8761421319796955, 0.8917480035492458, 0.8559912055698058, 0.9268792044457443, 0.9266925398878827, 0.9148371531966224, 0.9266394240124538, 0.8703403565640194, 0.8528717545239969, 0.9282617264485613, 0.9113846153846153, 0.8789137380191693, 0.8998236331569665, 0.8691767708998086, 0.9356363636363636]",0.6193928571428572,14,"[0.312, 0.574, 0.894, 0.6155, 0.625, 0.736, null, null, 0.536, 0.4395, 0.982, 0.536, 0.454, 0.341, null, null, 0.982, null, 0.6445, null]",10.979493141174316,4.094089031219482,0.023705005645751953,6.562983274459839,0.0007824897766113281,0.11779069900512695,1112414,ai05,success,
resnet18_cifar10,CIFAR10,20,0.3,42,300,4.0,no_phase0,none,0,0.0,0.6975,0.49240500000000004,0.7605,0.8701,0.1112,-0.20709508065984844,0,20,"[-0.27916331456154475, -0.2537469501568491, -0.1187325905292479, -0.15963978714695048, -0.1774241969378565, -0.46941896024464835, -0.20443349753694573, -0.006079027355623046, -0.32429614181439004, -0.3553927759535236, -0.21915215745647232, -0.14073523950984035, -0.1265966505818905, -0.16639793614962906, -0.17058311575282858, -0.2430184194890077, -0.2263577668059248, -0.10284167794316645, -0.14259597806215718, -0.2552954292084727]","[0.6114239742558326, 0.6472638550017428, 0.8241643454038997, 0.7044617273843635, 0.7589312518763134, 0.43425076452599387, 0.6059113300492611, 0.7993920972644377, 0.632429614181439, 0.5372568830512756, 0.7259651778955337, 0.7508354994430003, 0.7873971047402781, 0.7358916478555305, 0.7345517841601392, 0.6827094474153298, 0.6528674515761489, 0.8173207036535859, 0.7858013406459476, 0.6499442586399108]","[0.8905872888173774, 0.9010108051585919, 0.9428969359331476, 0.864101514531314, 0.9363554488141699, 0.9036697247706422, 0.8103448275862069, 0.8054711246200608, 0.956725755995829, 0.8926496590047992, 0.945117335352006, 0.8915707389528407, 0.9139937553221686, 0.9022895840051596, 0.9051348999129678, 0.9257278669043375, 0.8792252183820737, 0.9201623815967523, 0.9283973187081048, 0.9052396878483835]",0.6856818181818182,11,"[0.768, null, 0.92, null, null, 0.7355, 0.817, 0.8095, 0.8465, 0.6155, 0.92, 0.546, null, null, null, 0.4095, null, 0.155, null, null]",16.490066528320312,4.326647758483887,0.006696224212646484,11.833902835845947,0.0008642673492431641,0.1432631015777588,1112414,ai05,success,
resnet18_cifar10,CIFAR10,20,0.3,43,300,4.0,no_phase0,none,0,0.0,0.6514,0.51053,0.6386,0.868,0.1046,-0.23542771561045134,0,20,"[-0.3465085638998683, -0.15703971119133575, -0.1762125902992776, -0.09923260121725319, -0.12686853200459947, -0.18635724331926862, -0.6190831159150205, -0.07736389684813749, -0.1654008438818566, -0.4073647871116225, -0.05643459915611815, -0.17001434720229558, -0.12265163714439076, -0.7595894111291194, -0.2205151378219612, -0.12941176470588234, -0.11042944785276076, -0.5082132081796848, -0.05455712451861361, -0.21530574880995978]","[0.5704874835309618, 0.776173285198556, 0.7156862745098039, 0.8211166975390315, 0.7930241471828287, 0.7257383966244726, 0.3209094297428252, 0.8108882521489972, 0.7468354430379747, 0.5414269275028769, 0.875, 0.7101865136298422, 0.8064949006977993, 0.20043219881145327, 0.6642566651604157, 0.778328173374613, 0.7847183491355271, 0.34126718069057993, 0.8189987163029525, 0.6488465763456609]","[0.9169960474308301, 0.9332129963898917, 0.8918988648090815, 0.9203492987562847, 0.9198926791874281, 0.9120956399437412, 0.9399925456578457, 0.8882521489971347, 0.9122362869198313, 0.9487917146144994, 0.9314345991561181, 0.8802008608321378, 0.92914653784219, 0.9600216099405726, 0.8847718029823769, 0.9077399380804954, 0.8951477969882878, 0.8494803888702648, 0.8735558408215661, 0.8641523251556207]",0.5952142857142857,14,"[null, 0.837, null, 0.074, 0.003, 0.804, 0.855, 0.645, 0.786, 0.003, 0.63, 0.466, null, null, 0.63, 0.876, 0.894, null, 0.83, null]",16.082124710083008,4.159260034561157,0.006720781326293945,11.609572649002075,0.0008370876312255859,0.12417960166931152,1112414,ai05,success,
resnet18_cifar10,CIFAR10,20,0.3,44,300,4.0,no_phase0,none,0,0.0,0.6304,0.48821499999999995,0.7192,0.8667,0.0998,-0.2348765732092135,0,20,"[-0.15353805073431248, -0.2040719696969696, -0.17028301886792452, -0.2681564245810055, -0.28338171262699574, -0.03350253807106607, -0.20763087843833183, -0.2429461341150605, -0.1599883006727113, -0.1897369555843036, -0.4041013268998793, -0.40358046312512164, -0.1588330632090762, -0.1007081038552321, -0.24201813165155694, -0.36615384615384616, -0.38146964856230026, -0.39188712522045854, -0.2897255902999363, -0.04581818181818176]","[0.7736982643524699, 0.7277462121212122, 0.7655660377358491, 0.6404266124936516, 0.6396952104499274, 0.8426395939086294, 0.6841171251109139, 0.6130450714547453, 0.766890903773033, 0.7369555843035791, 0.5107358262967431, 0.5230589608873322, 0.7115072933549432, 0.7521636506687648, 0.6862435947970044, 0.5452307692307692, 0.497444089456869, 0.5079365079365079, 0.5794511805998723, 0.8898181818181818]","[0.9272363150867824, 0.9318181818181818, 0.9358490566037736, 0.9085830370746572, 0.9230769230769231, 0.8761421319796955, 0.8917480035492458, 0.8559912055698058, 0.9268792044457443, 0.9266925398878827, 0.9148371531966224, 0.9266394240124538, 0.8703403565640194, 0.8528717545239969, 0.9282617264485613, 0.9113846153846153, 0.8789137380191693, 0.8998236331569665, 0.8691767708998086, 0.9356363636363636]",0.5898214285714287,14,"[0.191, 0.526, 0.894, 0.601, 0.594, 0.732, null, null, 0.528, 0.374, 0.982, 0.528, 0.421, 0.285, null, null, 0.982, null, 0.6195, null]",16.18448829650879,4.233633995056152,0.0067327022552490234,11.603533506393433,0.0008530616760253906,0.1682734489440918,1112414,ai05,success,
resnet18_cifar10,CIFAR10,20,0.3,42,300,4.0,raw_union_K20,raw_union,2941,0.0,0.8164,0.49240500000000004,0.7605,0.8701,0.8246,-0.08059107950522013,1,20,"[-0.12148028962188262, -0.10212617636807253, -0.06859331476323116, -0.0659025787965617, -0.07415190633443403, -0.208256880733945, -0.024630541871921152, 0.08814589665653494, -0.11105318039624612, -0.1518060116190958, -0.12604087812263431, -0.049387300408466395, -0.05194436559750215, -0.06417284746855845, -0.03916449086161877, -0.13487819370172316, -0.07102164830991264, -0.05480378890392423, -0.04844606946983543, -0.13210702341137126]","[0.7691069991954947, 0.7988846287905194, 0.8743036211699164, 0.7981989357347523, 0.8622035424797359, 0.6954128440366972, 0.7857142857142857, 0.8936170212765957, 0.8456725755995829, 0.7408436473857034, 0.8190764572293717, 0.8421834385443743, 0.8620493897246665, 0.8381167365366011, 0.865970409051349, 0.7908496732026143, 0.808203570072161, 0.8653585926928281, 0.8799512492382694, 0.7731326644370122]","[0.8905872888173774, 0.9010108051585919, 0.9428969359331476, 0.864101514531314, 0.9363554488141699, 0.9036697247706422, 0.8103448275862069, 0.8054711246200608, 0.956725755995829, 0.8926496590047992, 0.945117335352006, 0.8915707389528407, 0.9139937553221686, 0.9022895840051596, 0.9051348999129678, 0.9257278669043375, 0.8792252183820737, 0.9201623815967523, 0.9283973187081048, 0.9052396878483835]",0.8172878787878788,11,"[0.888, null, 0.927, null, null, 0.8905, 0.8626666666666667, 0.893, 0.8765, 0.744, 0.927, 0.7485, null, null, null, 0.664, null, 0.569, null, null]",14.386664152145386,2.51904034614563,0.13650083541870117,11.448415279388428,0.0009484291076660156,0.1664886474609375,1112414,ai05,success,
resnet18_cifar10,CIFAR10,20,0.3,43,300,4.0,raw_union_K20,raw_union,2959,0.0,0.7724,0.51053,0.6386,0.868,0.819,-0.11624154100837703,0,20,"[-0.14229249011857714, -0.03574007220216613, -0.05366357069143446, -0.033342154008997094, -0.03564584131851278, -0.09106891701828412, -0.3339545285128588, -0.01074498567335247, -0.03037974683544309, -0.1622554660529344, -0.021624472573839704, -0.10186513629842187, -0.0448201825013419, -0.6277687736358725, -0.0930863081789427, -0.06439628482972137, -0.020078081427774674, -0.33741200134093186, -0.009627727856225898, -0.07506407909190771]","[0.7747035573122529, 0.8974729241877256, 0.8382352941176471, 0.8870071447472876, 0.8842468378689153, 0.8210267229254571, 0.606038017144987, 0.8775071633237822, 0.8818565400843882, 0.786536248561565, 0.9098101265822784, 0.7783357245337159, 0.8843263553408481, 0.33225283630470015, 0.7916854948034342, 0.843343653250774, 0.8750697155605132, 0.5120683875293329, 0.8639281129653402, 0.789088246063713]","[0.9169960474308301, 0.9332129963898917, 0.8918988648090815, 0.9203492987562847, 0.9198926791874281, 0.9120956399437412, 0.9399925456578457, 0.8882521489971347, 0.9122362869198313, 0.9487917146144994, 0.9314345991561181, 0.8802008608321378, 0.92914653784219, 0.9600216099405726, 0.8847718029823769, 0.9077399380804954, 0.8951477969882878, 0.8494803888702648, 0.8735558408215661, 0.8641523251556207]",0.7370714285714285,14,"[null, 0.8965, null, 0.485, 0.167, 0.91, 0.8945, 0.864, 0.816, 0.167, 0.862, 0.701, null, null, 0.862, 0.915, 0.913, null, 0.866, null]",16.39689064025879,4.273355960845947,0.25770020484924316,11.573686838150024,0.0008983612060546875,0.15762042999267578,1112414,ai05,success,
resnet18_cifar10,CIFAR10,20,0.3,44,300,4.0,raw_union_K20,raw_union,2895,0.0,0.8059,0.48821499999999995,0.7192,0.8667,0.8272,-0.08016095716708302,0,20,"[-0.06742323097463288, -0.09990530303030298, -0.05283018867924527, -0.12290502793296088, -0.13860667634252544, -0.018274111675126936, -0.04525288376220049, -0.0721876145108098, -0.06463878326996197, -0.060802069857697316, -0.10036188178528349, -0.1587857559836544, -0.024311183144246296, -0.011801730920535047, -0.06661411115490734, -0.11589743589743584, -0.13322683706070282, -0.08924162257495583, -0.11869814932992984, -0.04145454545454541]","[0.8598130841121495, 0.8319128787878788, 0.8830188679245283, 0.7856780091416963, 0.7844702467343977, 0.8578680203045685, 0.8464951197870453, 0.783803591058996, 0.8622404211757824, 0.8658904700301854, 0.8144752714113389, 0.7678536680287994, 0.8460291734197731, 0.8410700236034618, 0.861647615293654, 0.7954871794871795, 0.7456869009584665, 0.8105820105820106, 0.7504786215698788, 0.8941818181818182]","[0.9272363150867824, 0.9318181818181818, 0.9358490566037736, 0.9085830370746572, 0.9230769230769231, 0.8761421319796955, 0.8917480035492458, 0.8559912055698058, 0.9268792044457443, 0.9266925398878827, 0.9148371531966224, 0.9266394240124538, 0.8703403565640194, 0.8528717545239969, 0.9282617264485613, 0.9113846153846153, 0.8789137380191693, 0.8998236331569665, 0.8691767708998086, 0.9356363636363636]",0.7921785714285713,14,"[0.803, 0.8, 0.844, 0.7585, 0.841, 0.818, null, null, 0.701, 0.779, 0.956, 0.701, 0.6955, 0.636, null, null, 0.956, null, 0.8015, null]",17.001524209976196,4.261563301086426,0.2612879276275635,12.124525547027588,0.0008103847503662109,0.12967395782470703,1112414,ai05,success,
resnet18_cifar10,CIFAR10,20,0.3,42,300,4.0,warmup_only_labelled,warmup_only,100,0.0,0.3086,0.49240500000000004,0.7605,0.8701,0.3086,-0.5895670507687297,0,20,"[-0.5913113435237329, -0.5806901359358663, -0.4303621169916434, -0.4212034383954155, -0.6958871209846893, -0.635474006116208, -0.4901477832512315, -0.47720364741641336, -0.8764337851929093, -0.6534478403637283, -0.4591218773656321, -0.5982176011882658, -0.5319330116378087, -0.6517252499193809, -0.5935596170583115, -0.6428995840760547, -0.6205848841625522, -0.6779431664411366, -0.6782449725776966, -0.48494983277591974]","[0.29927594529364443, 0.3203206692227257, 0.5125348189415042, 0.4428980761358985, 0.24046832782948063, 0.26819571865443426, 0.32019704433497537, 0.3282674772036474, 0.08029197080291971, 0.23920181864107098, 0.48599545798637395, 0.29335313776457483, 0.38206074368435994, 0.2505643340857788, 0.31157528285465624, 0.2828282828282828, 0.2586403342195215, 0.2422192151556157, 0.25015234613040827, 0.42028985507246375]","[0.8905872888173774, 0.9010108051585919, 0.9428969359331476, 0.864101514531314, 0.9363554488141699, 0.9036697247706422, 0.8103448275862069, 0.8054711246200608, 0.956725755995829, 0.8926496590047992, 0.945117335352006, 0.8915707389528407, 0.9139937553221686, 0.9022895840051596, 0.9051348999129678, 0.9257278669043375, 0.8792252183820737, 0.9201623815967523, 0.9283973187081048, 0.9052396878483835]",0.26548484848484843,11,"[0.078, null, 0.54, null, null, 0.0555, 0.3873333333333333, 0.0005, 0.3255, 0.2095, 0.54, 0.183, null, null, null, 0.398, null, 0.203, null, null]",4.629445552825928,4.2864766120910645,0.02014303207397461,0.0,0.0,0.1756432056427002,1112414,ai05,success,
resnet18_cifar10,CIFAR10,20,0.3,43,300,4.0,warmup_only_labelled,warmup_only,100,0.0,0.3545,0.51053,0.6386,0.868,0.3545,-0.5534782009937812,0,20,"[-0.35309617918313574, -0.33285198555956685, -0.5072239422084623, -0.59248478433448, -0.7152165580682254, -0.6311533052039382, -0.2590383898620947, -0.7593123209169055, -0.47088607594936716, -0.21461449942462596, -0.5896624472573839, -0.7453371592539455, -0.6033279656468062, -0.8168557536466774, -0.6389516493447809, -0.4848297213622291, -0.49749023982152824, -0.6268856855514582, -0.6829268292682927, -0.5474185280117174]","[0.5638998682476943, 0.6003610108303249, 0.3846749226006192, 0.3278645144218047, 0.20467612111920275, 0.28094233473980307, 0.680954155795751, 0.12893982808022922, 0.4413502109704641, 0.7341772151898734, 0.34177215189873417, 0.13486370157819225, 0.3258185721953838, 0.1431658562938952, 0.24582015363759602, 0.42291021671826623, 0.3976575571667596, 0.22259470331880657, 0.19062901155327341, 0.3167337971439033]","[0.9169960474308301, 0.9332129963898917, 0.8918988648090815, 0.9203492987562847, 0.9198926791874281, 0.9120956399437412, 0.9399925456578457, 0.8882521489971347, 0.9122362869198313, 0.9487917146144994, 0.9314345991561181, 0.8802008608321378, 0.92914653784219, 0.9600216099405726, 0.8847718029823769, 0.9077399380804954, 0.8951477969882878, 0.8494803888702648, 0.8735558408215661, 0.8641523251556207]",0.3469642857142857,14,"[null, 0.005, null, 0.758, 0.034, 0.793, 0.0235, 0.361, 0.306, 0.034, 0.827, 0.3795, null, null, 0.827, 0.0195, 0.038, null, 0.452, null]",4.54295015335083,4.189987421035767,0.012134313583374023,0.0,0.0,0.136216402053833,1112414,ai05,success,
resnet18_cifar10,CIFAR10,20,0.3,44,300,4.0,warmup_only_labelled,warmup_only,100,0.0,0.3657,0.48821499999999995,0.7192,0.8667,0.3657,-0.5361459064697084,0,20,"[-0.7036048064085447, -0.6325757575757576, -0.6462264150943396, -0.7750126968004063, -0.6777939042089987, -0.19390862944162446, -0.5341614906832298, -0.3836570172224258, -0.5554255630301257, -0.5062526951272099, -0.5008443908323281, -0.6328079392877992, -0.6239870340356564, -0.42092840283241545, -0.3555380370516358, -0.4342564102564102, -0.6440894568690095, -0.6052910052910052, -0.5845564773452457, -0.31199999999999994]","[0.22363150867823764, 0.29924242424242425, 0.28962264150943395, 0.13357034027425088, 0.24528301886792453, 0.682233502538071, 0.35758651286601595, 0.47233418834738, 0.3714536414156186, 0.4204398447606727, 0.41399276236429433, 0.2938314847246546, 0.24635332252836303, 0.43194335169158143, 0.5727236893969255, 0.47712820512820514, 0.23482428115015974, 0.2945326278659612, 0.28462029355456286, 0.6236363636363637]","[0.9272363150867824, 0.9318181818181818, 0.9358490566037736, 0.9085830370746572, 0.9230769230769231, 0.8761421319796955, 0.8917480035492458, 0.8559912055698058, 0.9268792044457443, 0.9266925398878827, 0.9148371531966224, 0.9266394240124538, 0.8703403565640194, 0.8528717545239969, 0.9282617264485613, 0.9113846153846153, 0.8789137380191693, 0.8998236331569665, 0.8691767708998086, 0.9356363636363636]",0.34785714285714286,14,"[0.692, 0.4685, 0.834, 0.142, 0.011, 0.0, null, null, 0.035, 0.346, 0.619, 0.035, 0.307, 0.614, null, null, 0.619, null, 0.1475, null]",4.54814076423645,4.19816517829895,0.01481485366821289,0.0,0.0,0.1519620418548584,1112414,ai05,success,
resnet18_cifar10,CIFAR10,20,1.0,42,300,4.0,dp_avg_eps2_K20,dp_avg,10,3.986361524956496,0.7889,0.6779299999999998,0.812,0.8701,0.2653,-0.07247046754350159,0,20,"[-0.09696376101860926, -0.08585055643879169, -0.07279693486590033, -0.05618401206636503, -0.060559006211180044, -0.09689153439153442, -0.046839472487494316, -0.11600402617010563, -0.05522447357965832, -0.05521472392638027, -0.06908665105386425, -0.06881287726358143, -0.017615176151761447, -0.08637873754152825, -0.0919595570534425, -0.0563153660498793, -0.05067064083457529, -0.11920172599784251, -0.07475678443420386, -0.07208333333333328]","[0.7881162259222984, 0.7541070482246953, 0.7931034482758621, 0.8092006033182504, 0.8329192546583851, 0.7933201058201058, 0.7889949977262392, 0.7891293407146452, 0.7945967421533572, 0.8118609406952966, 0.7760538641686182, 0.8293762575452717, 0.8113143631436315, 0.7631703844328429, 0.7703418391911411, 0.7860016090104586, 0.8205663189269746, 0.7702265372168284, 0.7762416794674859, 0.77875]","[0.8850799869409076, 0.839957604663487, 0.8659003831417624, 0.8653846153846154, 0.8934782608695652, 0.8902116402116402, 0.8358344702137335, 0.9051333668847509, 0.8498212157330155, 0.8670756646216768, 0.8451405152224825, 0.8981891348088531, 0.8289295392953929, 0.8495491219743712, 0.8623013962445836, 0.8423169750603379, 0.8712369597615499, 0.8894282632146709, 0.8509984639016898, 0.8508333333333333]",,0,"[null, null, null, null, null, null, null, null, null, null, null, null, null, null, null, null, null, null, null, null]",17.327608585357666,4.330156564712524,0.10533332824707031,12.58468747138977,0.0010631084442138672,0.12265825271606445,1112414,ai05,success,
resnet18_cifar10,CIFAR10,20,1.0,43,300,4.0,dp_avg_eps2_K20,dp_avg,10,3.9676203949800515,0.7601,0.677125,0.753,0.868,0.2029,-0.10980152448206715,1,20,"[-0.16592427616926508, -0.19478527607361962, -0.10483870967741937, -0.12353422416143989, -0.16188524590163944, -0.08609271523178808, -0.10661478599221785, -0.15455304928989133, -0.11934156378600813, -0.0622876557191393, -0.12084702446148232, -0.058459808881394015, -0.07622950819672125, -0.13152650458349935, -0.12651057401812682, -0.06532110091743115, -0.038415366146458574, -0.21875, -0.1529164477141356, 0.07280334728033477]","[0.6314031180400891, 0.6372699386503068, 0.8004908835904628, 0.7662939732751568, 0.7360655737704918, 0.8021036229061161, 0.7696498054474709, 0.7259816207184628, 0.7626886145404664, 0.8278595696489242, 0.7524644030668127, 0.8161888701517707, 0.7561475409836066, 0.739736946990833, 0.7979607250755287, 0.8330275229357799, 0.765906362545018, 0.6594669117647058, 0.6873357856016815, 0.8635983263598327]","[0.7973273942093542, 0.8320552147239264, 0.9053295932678822, 0.8898281974365967, 0.8979508196721312, 0.8881963381379042, 0.8762645914396887, 0.8805346700083542, 0.8820301783264746, 0.8901472253680635, 0.873311427528295, 0.8746486790331647, 0.8323770491803278, 0.8712634515743324, 0.9244712990936556, 0.898348623853211, 0.8043217286914766, 0.8782169117647058, 0.8402522333158171, 0.7907949790794979]",0.688,1,"[null, null, null, null, null, null, null, null, null, null, null, null, null, 0.688, null, null, null, null, null, null]",17.601770401000977,4.409322023391724,0.08394479751586914,12.81534457206726,0.0009250640869140625,0.14393019676208496,1112414,ai05,success,
resnet18_cifar10,CIFAR10,20,1.0,44,300,4.0,dp_avg_eps2_K20,dp_avg,10,3.962551391060827,0.7984,0.688525,0.8012,0.8667,0.31,-0.06446280496816384,1,20,"[-0.07014681892332786, 0.03449691991786452, -0.07614903453902644, -0.04659248956884565, -0.13100436681222716, -0.03853955375253548, -0.06946413382478023, -0.060246679316887986, -0.0772879464285714, -0.07551887971992999, -0.08861301369863017, -0.06186152099886488, -0.08427495291902065, -0.0357142857142857, -0.1289428076256499, -0.0749100425253516, -0.051421893260615414, -0.05650596163815447, -0.0420326223337516, -0.05452601568068427]","[0.7871125611745514, 0.8652977412731007, 0.8205058471580092, 0.8087621696801113, 0.784154709918902, 0.7961460446247465, 0.8185426708250638, 0.8102466793168881, 0.7762276785714286, 0.7914478619654913, 0.8000856164383562, 0.804199772985244, 0.7589453860640302, 0.8123249299719888, 0.7500866551126516, 0.8380765456329735, 0.7970393455395404, 0.8076723691031623, 0.7892095357590966, 0.8328581610833927]","[0.8572593800978793, 0.8308008213552361, 0.8966548816970357, 0.8553546592489569, 0.9151590767311292, 0.834685598377282, 0.888006804649844, 0.8704933586337761, 0.853515625, 0.8669667416854213, 0.8886986301369864, 0.8660612939841089, 0.8432203389830508, 0.8480392156862745, 0.8790294627383015, 0.9129865881583251, 0.8484612388001558, 0.8641783307413168, 0.8312421580928482, 0.887384176764077]",,0,"[null, null, null, null, null, null, null, null, null, null, null, null, null, null, null, null, null, null, null, null]",17.13243794441223,4.281486988067627,0.18782639503479004,12.375389814376831,0.0010135173797607422,0.11364221572875977,1112414,ai05,success,
resnet18_cifar10,CIFAR10,20,1.0,42,300,4.0,dp_avg_eps8_K20,dp_avg,10,0.996590381239124,0.792,0.6779299999999998,0.812,0.8701,0.3419,-0.07107268348003734,0,20,"[-0.0946784198498204, -0.08585055643879169, -0.07279693486590033, -0.05542986425339369, -0.0593167701863353, -0.09424603174603174, -0.04865848112778526, -0.1137393054856568, -0.05244338498212153, -0.05470347648261753, -0.06528103044496492, -0.0663983903420523, -0.016598915989159857, -0.08353108685334598, -0.08907077515647577, -0.05551086082059531, -0.052757078986587214, -0.1186623516720604, -0.07219662058371745, -0.06958333333333333]","[0.7904015670910872, 0.7541070482246953, 0.7931034482758621, 0.8099547511312217, 0.8341614906832299, 0.7959656084656085, 0.7871759890859482, 0.7913940613990941, 0.797377830750894, 0.8123721881390593, 0.7798594847775175, 0.8317907444668008, 0.8123306233062331, 0.7660180351210252, 0.7732306210881078, 0.7868061142397426, 0.8184798807749627, 0.7707659115426105, 0.7788018433179723, 0.78125]","[0.8850799869409076, 0.839957604663487, 0.8659003831417624, 0.8653846153846154, 0.8934782608695652, 0.8902116402116402, 0.8358344702137335, 0.9051333668847509, 0.8498212157330155, 0.8670756646216768, 0.8451405152224825, 0.8981891348088531, 0.8289295392953929, 0.8495491219743712, 0.8623013962445836, 0.8423169750603379, 0.8712369597615499, 0.8894282632146709, 0.8509984639016898, 0.8508333333333333]",,0,"[null, null, null, null, null, null, null, null, null, null, null, null, null, null, null, null, null, null, null, null]",17.43941593170166,4.396248817443848,0.09096622467041016,12.61159896850586,0.0010273456573486328,0.16111040115356445,1112414,ai05,success,
resnet18_cifar10,CIFAR10,20,1.0,43,300,4.0,dp_avg_eps8_K20,dp_avg,10,0.9919050987450129,0.7608,0.677125,0.753,0.868,0.3336,-0.10825772741178305,1,20,"[-0.16536748329621387, -0.19325153374233128, -0.1041374474053296, -0.1238069266430325, -0.16434426229508203, -0.08375535644721466, -0.1035019455252918, -0.15246449456975764, -0.11842706904435296, -0.060777651944129873, -0.11756115370573206, -0.053962900505902134, -0.07459016393442619, -0.12993224392188119, -0.12688821752265855, -0.06275229357798162, -0.03661464585834329, -0.21553308823529405, -0.1502890173410404, 0.07280334728033477]","[0.6319599109131403, 0.6388036809815951, 0.8011921458625526, 0.7660212707935642, 0.7336065573770492, 0.8044409816906896, 0.7727626459143969, 0.7280701754385965, 0.7636031092821216, 0.8293695734239336, 0.755750273822563, 0.8206857785272625, 0.7577868852459017, 0.7413312076524512, 0.797583081570997, 0.8355963302752294, 0.7677070828331333, 0.6626838235294118, 0.6899632159747767, 0.8635983263598327]","[0.7973273942093542, 0.8320552147239264, 0.9053295932678822, 0.8898281974365967, 0.8979508196721312, 0.8881963381379042, 0.8762645914396887, 0.8805346700083542, 0.8820301783264746, 0.8901472253680635, 0.873311427528295, 0.8746486790331647, 0.8323770491803278, 0.8712634515743324, 0.9244712990936556, 0.898348623853211, 0.8043217286914766, 0.8782169117647058, 0.8402522333158171, 0.7907949790794979]",0.687,1,"[null, null, null, null, null, null, null, null, null, null, null, null, null, 0.687, null, null, null, null, null, null]",17.526267290115356,4.377607345581055,0.09894156455993652,12.747035503387451,0.0010406970977783203,0.14337992668151855,1112414,ai05,success,
resnet18_cifar10,CIFAR10,20,1.0,44,300,4.0,dp_avg_eps8_K20,dp_avg,10,0.9906378477652068,0.8001,0.688525,0.8012,0.8667,0.3801,-0.06305529655792441,1,20,"[-0.06769983686786296, 0.0353182751540041, -0.07506119118846888, -0.0445062586926287, -0.12882096069868998, -0.0365111561866126, -0.06691239013325767, -0.06261859582542695, -0.0789620535714286, -0.07401850462615644, -0.09160958904109595, -0.06186152099886488, -0.0795668549905838, -0.025910364145658282, -0.12790294627383014, -0.07589139679424273, -0.049084534476042, -0.05650596163815447, -0.0395232120451694, -0.053456878118317896]","[0.7895595432300163, 0.8661190965092402, 0.8215936905085668, 0.8108484005563282, 0.7863381160324392, 0.7981744421906694, 0.8210944145165864, 0.8078747628083491, 0.7745535714285714, 0.7929482370592649, 0.7970890410958904, 0.804199772985244, 0.763653483992467, 0.8221288515406162, 0.7511265164644714, 0.8370951913640824, 0.7993767043241138, 0.8076723691031623, 0.7917189460476788, 0.8339272986457591]","[0.8572593800978793, 0.8308008213552361, 0.8966548816970357, 0.8553546592489569, 0.9151590767311292, 0.834685598377282, 0.888006804649844, 0.8704933586337761, 0.853515625, 0.8669667416854213, 0.8886986301369864, 0.8660612939841089, 0.8432203389830508, 0.8480392156862745, 0.8790294627383015, 0.9129865881583251, 0.8484612388001558, 0.8641783307413168, 0.8312421580928482, 0.887384176764077]",,0,"[null, null, null, null, null, null, null, null, null, null, null, null, null, null, null, null, null, null, null, null]",17.48817777633667,4.453584432601929,0.09080004692077637,12.66681694984436,0.0009148120880126953,0.117340087890625,1112414,ai05,success,
resnet18_cifar10,CIFAR10,20,1.0,42,300,4.0,labelled_probe_warmup,labelled,100,0.0,0.7898,0.6779299999999998,0.812,0.8701,0.3086,-0.07158914731959168,0,20,"[-0.09598432908912835, -0.08850026497085317, -0.0676883780332056, -0.05693815987933637, -0.05745341614906829, -0.09358465608465616, -0.04865848112778526, -0.1175138399597383, -0.05601907032181164, -0.052658486707566454, -0.06586651053864168, -0.07082494969818909, -0.015582655826558267, -0.08163265306122447, -0.08762638420799229, -0.058728881737731276, -0.05722801788375553, -0.12135922330097082, -0.07168458781362008, -0.06625000000000003]","[0.7890956578517793, 0.7514573396926338, 0.7982120051085568, 0.808446455505279, 0.8360248447204969, 0.7966269841269841, 0.7871759890859482, 0.7876195269250126, 0.7938021454112039, 0.8144171779141104, 0.7792740046838408, 0.827364185110664, 0.8133468834688347, 0.7679164689131467, 0.7746750120365913, 0.7835880933226066, 0.8140089418777944, 0.7680690399137001, 0.7793138760880697, 0.7845833333333333]","[0.8850799869409076, 0.839957604663487, 0.8659003831417624, 0.8653846153846154, 0.8934782608695652, 0.8902116402116402, 0.8358344702137335, 0.9051333668847509, 0.8498212157330155, 0.8670756646216768, 0.8451405152224825, 0.8981891348088531, 0.8289295392953929, 0.8495491219743712, 0.8623013962445836, 0.8423169750603379, 0.8712369597615499, 0.8894282632146709, 0.8509984639016898, 0.8508333333333333]",,0,"[null, null, null, null, null, null, null, null, null, null, null, null, null, null, null, null, null, null, null, null]",17.10502862930298,4.394033193588257,0.023678302764892578,12.364968538284302,0.0009388923645019531,0.15093278884887695,1112414,ai05,success,
resnet18_cifar10,CIFAR10,20,1.0,43,300,4.0,labelled_probe_warmup,labelled,100,0.0,0.7611,0.677125,0.753,0.868,0.3545,-0.10920003132163174,1,20,"[-0.16759465478841873, -0.19670245398773012, -0.10553997194950915, -0.12244341423506955, -0.1684426229508197, -0.08492403583950137, -0.10428015564202331, -0.1507936507936507, -0.1188843164151806, -0.059645149112872775, -0.12048192771084343, -0.05283867341202919, -0.07377049180327866, -0.13232363491430843, -0.12839879154078548, -0.06018348623853209, -0.043817527010804325, -0.21783088235294112, -0.1481870730425644, 0.07308228730822874]","[0.6297327394209354, 0.6353527607361963, 0.7997896213183731, 0.7673847832015271, 0.7295081967213115, 0.8032723022984029, 0.7719844357976654, 0.7297410192147035, 0.763145861911294, 0.8305020762551907, 0.7528294998174516, 0.8218100056211355, 0.7586065573770492, 0.738939816660024, 0.7960725075528701, 0.8381651376146789, 0.7605042016806722, 0.6603860294117647, 0.6920651602732527, 0.8638772663877267]","[0.7973273942093542, 0.8320552147239264, 0.9053295932678822, 0.8898281974365967, 0.8979508196721312, 0.8881963381379042, 0.8762645914396887, 0.8805346700083542, 0.8820301783264746, 0.8901472253680635, 0.873311427528295, 0.8746486790331647, 0.8323770491803278, 0.8712634515743324, 0.9244712990936556, 0.898348623853211, 0.8043217286914766, 0.8782169117647058, 0.8402522333158171, 0.7907949790794979]",0.685,1,"[null, null, null, null, null, null, null, null, null, null, null, null, null, 0.685, null, null, null, null, null, null]",16.91239285469055,4.434223890304565,0.024703025817871094,12.152061939239502,0.0011630058288574219,0.17118239402770996,1112414,ai05,success,
resnet18_cifar10,CIFAR10,20,1.0,44,300,4.0,labelled_probe_warmup,labelled,100,0.0,0.7983,0.688525,0.8012,0.8667,0.3657,-0.06419184650306795,1,20,"[-0.06892332789559541, 0.03860369609856262, -0.07560511286374771, -0.04867872044506261, -0.13162819713038054, -0.04158215010141986, -0.06719591721009355, -0.062144212523719156, -0.078125, -0.07451862965741429, -0.09203767123287676, -0.0641316685584562, -0.0805084745762712, -0.031512605042016806, -0.1272097053726169, -0.07687275106313374, -0.052201012855473294, -0.05443234836702959, -0.0420326223337516, -0.05310049893086244]","[0.7883360522022839, 0.8694045174537988, 0.821049768833288, 0.8066759388038943, 0.7835308796007486, 0.7931034482758621, 0.8208108874397505, 0.8083491461100569, 0.775390625, 0.792448112028007, 0.7966609589041096, 0.8019296254256527, 0.7627118644067796, 0.8165266106442577, 0.7518197573656846, 0.8361138370951914, 0.7962602259446825, 0.8097459823742872, 0.7892095357590966, 0.8342836778332146]","[0.8572593800978793, 0.8308008213552361, 0.8966548816970357, 0.8553546592489569, 0.9151590767311292, 0.834685598377282, 0.888006804649844, 0.8704933586337761, 0.853515625, 0.8669667416854213, 0.8886986301369864, 0.8660612939841089, 0.8432203389830508, 0.8480392156862745, 0.8790294627383015, 0.9129865881583251, 0.8484612388001558, 0.8641783307413168, 0.8312421580928482, 0.887384176764077]",,0,"[null, null, null, null, null, null, null, null, null, null, null, null, null, null, null, null, null, null, null, null]",17.025601625442505,4.247533798217773,0.025096416473388672,12.419201135635376,0.0009706020355224609,0.15845203399658203,1112414,ai05,success,
resnet18_cifar10,CIFAR10,20,1.0,42,300,4.0,no_phase0,none,0,0.0,0.7878,0.6779299999999998,0.812,0.8701,0.1112,-0.07548775798829319,0,20,"[-0.1008814887365328, -0.09167991520932695, -0.07279693486590033, -0.05920060331825039, -0.06180124223602479, -0.09722222222222221, -0.055025011368804, -0.12455963764469047, -0.05721096543504167, -0.06390593047034765, -0.07289227166276346, -0.06841046277665996, -0.017615176151761447, -0.08637873754152825, -0.09051516610495913, -0.0563153660498793, -0.05752608047690011, -0.12459546925566334, -0.08038914490527405, -0.0708333333333333]","[0.7841984982043748, 0.7482776894541601, 0.7931034482758621, 0.806184012066365, 0.8316770186335404, 0.792989417989418, 0.7808094588449295, 0.7805737292400604, 0.7926102502979738, 0.8031697341513292, 0.772248243559719, 0.8297786720321931, 0.8113143631436315, 0.7631703844328429, 0.7717862301396244, 0.7860016090104586, 0.8137108792846498, 0.7648327939590076, 0.7706093189964157, 0.78]","[0.8850799869409076, 0.839957604663487, 0.8659003831417624, 0.8653846153846154, 0.8934782608695652, 0.8902116402116402, 0.8358344702137335, 0.9051333668847509, 0.8498212157330155, 0.8670756646216768, 0.8451405152224825, 0.8981891348088531, 0.8289295392953929, 0.8495491219743712, 0.8623013962445836, 0.8423169750603379, 0.8712369597615499, 0.8894282632146709, 0.8509984639016898, 0.8508333333333333]",,0,"[null, null, null, null, null, null, null, null, null, null, null, null, null, null, null, null, null, null, null, null]",17.194685697555542,4.4342827796936035,0.007527828216552734,12.462191104888916,0.0011622905731201172,0.13112354278564453,1112414,ai05,success,
resnet18_cifar10,CIFAR10,20,1.0,43,300,4.0,no_phase0,none,0,0.0,0.7557,0.677125,0.753,0.868,0.1046,-0.11344806127922358,1,20,"[-0.17093541202672613, -0.20092024539877307, -0.10659186535764376, -0.12817016634851375, -0.16803278688524592, -0.09037787300350608, -0.10817120622568088, -0.1528822055137844, -0.12940100594421577, -0.0611551528878822, -0.12413289521723259, -0.05621135469364813, -0.07950819672131149, -0.13511359107214027, -0.13519637462235645, -0.06422018348623859, -0.044417767106842754, -0.2251838235294117, -0.1597477666841829, 0.0714086471408647]","[0.626391982182628, 0.6311349693251533, 0.7987377279102384, 0.7616580310880829, 0.7299180327868853, 0.7978184651343981, 0.7680933852140078, 0.7276524644945698, 0.7526291723822588, 0.8289920724801813, 0.7491785323110625, 0.8184373243395165, 0.7528688524590164, 0.7361498605021921, 0.7892749244712991, 0.8341284403669724, 0.7599039615846338, 0.6530330882352942, 0.6805044666316342, 0.8622036262203626]","[0.7973273942093542, 0.8320552147239264, 0.9053295932678822, 0.8898281974365967, 0.8979508196721312, 0.8881963381379042, 0.8762645914396887, 0.8805346700083542, 0.8820301783264746, 0.8901472253680635, 0.873311427528295, 0.8746486790331647, 0.8323770491803278, 0.8712634515743324, 0.9244712990936556, 0.898348623853211, 0.8043217286914766, 0.8782169117647058, 0.8402522333158171, 0.7907949790794979]",0.684,1,"[null, null, null, null, null, null, null, null, null, null, null, null, null, 0.684, null, null, null, null, null, null]",17.303393602371216,4.555792570114136,0.0060193538665771484,12.42698049545288,0.0009312629699707031,0.16292214393615723,1112414,ai05,success,
resnet18_cifar10,CIFAR10,20,1.0,44,300,4.0,no_phase0,none,0,0.0,0.7968,0.688525,0.8012,0.8667,0.0998,-0.06654744235247767,1,20,"[-0.07177814029363783, 0.0353182751540041, -0.07941256459069901, -0.04728789986091797, -0.13661883967560828, -0.04462474645030423, -0.06833002551743694, -0.06356736242884253, -0.0803571428571429, -0.078019504876219, -0.09803082191780832, -0.06469920544835406, -0.0805084745762712, -0.03081232492997199, -0.13102253032928934, -0.080798168138698, -0.052201012855473294, -0.05806117159149826, -0.044542032622333805, -0.05559515324305064]","[0.7854812398042414, 0.8661190965092402, 0.8172423171063367, 0.808066759388039, 0.7785402370555209, 0.7900608519269777, 0.8196767791324071, 0.8069259962049335, 0.7731584821428571, 0.7889472368092023, 0.790667808219178, 0.8013620885357549, 0.7627118644067796, 0.8172268907563025, 0.7480069324090122, 0.8321884200196271, 0.7962602259446825, 0.8061171591498185, 0.7867001254705144, 0.8317890235210263]","[0.8572593800978793, 0.8308008213552361, 0.8966548816970357, 0.8553546592489569, 0.9151590767311292, 0.834685598377282, 0.888006804649844, 0.8704933586337761, 0.853515625, 0.8669667416854213, 0.8886986301369864, 0.8660612939841089, 0.8432203389830508, 0.8480392156862745, 0.8790294627383015, 0.9129865881583251, 0.8484612388001558, 0.8641783307413168, 0.8312421580928482, 0.887384176764077]",,0,"[null, null, null, null, null, null, null, null, null, null, null, null, null, null, null, null, null, null, null, null]",16.959410667419434,4.317245721817017,0.0068798065185546875,12.32060432434082,0.0008900165557861328,0.1235342025756836,1112414,ai05,success,
resnet18_cifar10,CIFAR10,20,1.0,42,300,4.0,raw_union_K20,raw_union,3876,0.0,0.8426,0.6779299999999998,0.812,0.8701,0.8323,-0.0156729021316452,3,20,"[-0.02611818478615735, -0.009009009009009028, -0.007662835249042099, -0.017722473604826594, -0.02608695652173909, -0.04530423280423279, 0.006821282401091477, -0.039758429793658734, -0.004370282081843424, -0.010224948875255602, -0.009660421545667486, -0.019315895372233327, 0.022357723577235755, -0.025628856193640304, -0.026480500722195544, -0.012067578439259874, 0.007451564828613977, -0.041531823085221076, -0.01331285202252952, -0.015833333333333366]","[0.8589618021547503, 0.830948595654478, 0.8582375478927203, 0.8476621417797888, 0.8673913043478261, 0.8449074074074074, 0.842655752614825, 0.8653749370910921, 0.8454509336511721, 0.8568507157464212, 0.835480093676815, 0.8788732394366198, 0.8512872628726287, 0.8239202657807309, 0.835820895522388, 0.830249396621078, 0.8786885245901639, 0.8478964401294499, 0.8376856118791602, 0.835]","[0.8850799869409076, 0.839957604663487, 0.8659003831417624, 0.8653846153846154, 0.8934782608695652, 0.8902116402116402, 0.8358344702137335, 0.9051333668847509, 0.8498212157330155, 0.8670756646216768, 0.8451405152224825, 0.8981891348088531, 0.8289295392953929, 0.8495491219743712, 0.8623013962445836, 0.8423169750603379, 0.8712369597615499, 0.8894282632146709, 0.8509984639016898, 0.8508333333333333]",,0,"[null, null, null, null, null, null, null, null, null, null, null, null, null, null, null, null, null, null, null, null]",16.011162996292114,4.250680685043335,0.34357213973999023,11.097724199295044,0.0008761882781982422,0.12618660926818848,1112414,ai05,success,
resnet18_cifar10,CIFAR10,20,1.0,43,300,4.0,raw_union_K20,raw_union,3825,0.0,0.8247,0.677125,0.753,0.868,0.8365,-0.037601354193474976,2,20,"[-0.05512249443207129, -0.08665644171779141, -0.03821879382889204, -0.052631578947368474, -0.09016393442622961, -0.03233346318659924, -0.03540856031128403, -0.06390977443609014, -0.04069501600365788, -0.017742544356360912, -0.0376049653158087, -0.00843170320404718, -0.00983606557377048, -0.0577919489836588, -0.0536253776435045, -0.018715596330275197, 0.0282112845138055, -0.12362132352941169, -0.05675249605885446, 0.09902370990237097]","[0.7422048997772829, 0.745398773006135, 0.8671107994389902, 0.8371966184892282, 0.8077868852459016, 0.855862874951305, 0.8408560311284047, 0.816624895572264, 0.8413351623228167, 0.8724046810117025, 0.8357064622124863, 0.8662169758291175, 0.8225409836065574, 0.8134715025906736, 0.870845921450151, 0.8796330275229358, 0.8325330132052821, 0.7545955882352942, 0.7834997372569626, 0.8898186889818689]","[0.7973273942093542, 0.8320552147239264, 0.9053295932678822, 0.8898281974365967, 0.8979508196721312, 0.8881963381379042, 0.8762645914396887, 0.8805346700083542, 0.8820301783264746, 0.8901472253680635, 0.873311427528295, 0.8746486790331647, 0.8323770491803278, 0.8712634515743324, 0.9244712990936556, 0.898348623853211, 0.8043217286914766, 0.8782169117647058, 0.8402522333158171, 0.7907949790794979]",0.781,1,"[null, null, null, null, null, null, null, null, null, null, null, null, null, 0.781, null, null, null, null, null, null]",11.640899896621704,2.4464948177337646,0.1483292579650879,8.774921894073486,0.0008556842803955078,0.13535141944885254,1112414,ai05,success,
resnet18_cifar10,CIFAR10,20,1.0,44,300,4.0,raw_union_K20,raw_union,3916,0.0,0.8439,0.688525,0.8012,0.8667,0.8312,-0.012306879938474891,6,20,"[-0.0036704730831973453, 0.06776180698151946, -0.023388632036986712, 0.009040333796940137, -0.0636306924516532, -0.0010141987829614951, -0.03430677629713641, 0.0004743833017077925, -0.023716517857142905, -0.021005251312828155, -0.03938356164383572, -0.011350737797956811, -0.028719397363465182, 0.02450980392156865, -0.059618717504332674, -0.02878639188747134, 0.005064277366575776, -0.007257646448937338, 0.013174404015056429, -0.020313613684960763]","[0.8535889070146819, 0.8985626283367556, 0.873266249660049, 0.8643949930458971, 0.851528384279476, 0.8336713995943205, 0.8537000283527076, 0.8709677419354839, 0.8297991071428571, 0.8459614903725932, 0.8493150684931506, 0.8547105561861521, 0.8145009416195856, 0.8725490196078431, 0.8194107452339688, 0.8842001962708538, 0.8535255161667316, 0.8569206842923794, 0.8444165621079046, 0.8670705630791162]","[0.8572593800978793, 0.8308008213552361, 0.8966548816970357, 0.8553546592489569, 0.9151590767311292, 0.834685598377282, 0.888006804649844, 0.8704933586337761, 0.853515625, 0.8669667416854213, 0.8886986301369864, 0.8660612939841089, 0.8432203389830508, 0.8480392156862745, 0.8790294627383015, 0.9129865881583251, 0.8484612388001558, 0.8641783307413168, 0.8312421580928482, 0.887384176764077]",,0,"[null, null, null, null, null, null, null, null, null, null, null, null, null, null, null, null, null, null, null, null]",17.412433385849,4.343322277069092,0.3486483097076416,12.397701978683472,0.0008301734924316406,0.13247060775756836,1112414,ai05,success,
resnet18_cifar10,CIFAR10,20,1.0,42,300,4.0,warmup_only_labelled,warmup_only,100,0.0,0.3086,0.6779299999999998,0.812,0.8701,0.3086,-0.5589550256420328,0,20,"[-0.6379366634018936, -0.5320614732379438, -0.6015325670498084, -0.5282805429864253, -0.5145962732919254, -0.6121031746031746, -0.4433833560709413, -0.6721187720181178, -0.5955502582439411, -0.5475460122699386, -0.41920374707259955, -0.6116700201207244, -0.4759485094850948, -0.4736592311343142, -0.6754935002407318, -0.5607401448109413, -0.5994038748137109, -0.6440129449838188, -0.5330261136712751, -0.5008333333333334]","[0.24714332353901403, 0.3078961314255432, 0.26436781609195403, 0.33710407239819007, 0.37888198757763975, 0.2781084656084656, 0.39245111414279216, 0.23301459486663312, 0.2542709574890743, 0.31952965235173825, 0.4259367681498829, 0.2865191146881288, 0.3529810298102981, 0.375889890840057, 0.1868078960038517, 0.2815768302493966, 0.27183308494783903, 0.24541531823085222, 0.31797235023041476, 0.35]","[0.8850799869409076, 0.839957604663487, 0.8659003831417624, 0.8653846153846154, 0.8934782608695652, 0.8902116402116402, 0.8358344702137335, 0.9051333668847509, 0.8498212157330155, 0.8670756646216768, 0.8451405152224825, 0.8981891348088531, 0.8289295392953929, 0.8495491219743712, 0.8623013962445836, 0.8423169750603379, 0.8712369597615499, 0.8894282632146709, 0.8509984639016898, 0.8508333333333333]",,0,"[null, null, null, null, null, null, null, null, null, null, null, null, null, null, null, null, null, null, null, null]",4.5977349281311035,4.276746034622192,0.016254663467407227,0.0,0.0,0.1264641284942627,1112414,ai05,success,
resnet18_cifar10,CIFAR10,20,1.0,43,300,4.0,warmup_only_labelled,warmup_only,100,0.0,0.3545,0.677125,0.753,0.868,0.3545,-0.5154154466009637,0,20,"[-0.5991091314031181, -0.5751533742331288, -0.5284011220196354, -0.7082083446959367, -0.5155737704918033, -0.6116088819633814, -0.46653696498054475, -0.3847117794486215, -0.3072702331961591, -0.5620989052472631, -0.44432274552756484, -0.5750421585160201, -0.6004098360655737, -0.5113591072140296, -0.3700906344410876, -0.5746788990825689, -0.485594237695078, -0.5988051470588235, -0.5191802417235942, -0.3701534170153417]","[0.19821826280623608, 0.25690184049079756, 0.37692847124824685, 0.18161985274065995, 0.3823770491803279, 0.2765874561745228, 0.40972762645914396, 0.49582289055973267, 0.5747599451303155, 0.3280483201208003, 0.4289886820007302, 0.2996065205171445, 0.2319672131147541, 0.3599043443603029, 0.554380664652568, 0.3236697247706422, 0.3187274909963986, 0.27941176470588236, 0.3210719915922228, 0.4206415620641562]","[0.7973273942093542, 0.8320552147239264, 0.9053295932678822, 0.8898281974365967, 0.8979508196721312, 0.8881963381379042, 0.8762645914396887, 0.8805346700083542, 0.8820301783264746, 0.8901472253680635, 0.873311427528295, 0.8746486790331647, 0.8323770491803278, 0.8712634515743324, 0.9244712990936556, 0.898348623853211, 0.8043217286914766, 0.8782169117647058, 0.8402522333158171, 0.7907949790794979]",0.758,1,"[null, null, null, null, null, null, null, null, null, null, null, null, null, 0.758, null, null, null, null, null, null]",4.689156770706177,4.358672380447388,0.018791913986206055,0.0,0.0,0.1339585781097412,1112414,ai05,success,
resnet18_cifar10,CIFAR10,20,1.0,44,300,4.0,warmup_only_labelled,warmup_only,100,0.0,0.3657,0.688525,0.8012,0.8667,0.3657,-0.49683892876745245,0,20,"[-0.5126427406199021, -0.2829568788501027, -0.7019309219472396, -0.6036161335187762, -0.4413599500935746, -0.4787018255578093, -0.4388999149418769, -0.6019924098671727, -0.6244419642857143, -0.42510627656914224, -0.39511986301369867, -0.5539160045402951, -0.4331450094161958, -0.5343137254901961, -0.5660311958405546, -0.36179260713117434, -0.5710946630307752, -0.4494556765163297, -0.37829360100376414, -0.5819672131147542]","[0.34461663947797716, 0.5478439425051335, 0.19472395974979603, 0.2517385257301808, 0.4737991266375546, 0.35598377281947263, 0.44910688970796714, 0.2685009487666034, 0.22907366071428573, 0.4418604651162791, 0.4935787671232877, 0.31214528944381387, 0.410075329566855, 0.3137254901960784, 0.31299826689774696, 0.5511939810271508, 0.2773665757693806, 0.41472265422498705, 0.45294855708908405, 0.30541696364932286]","[0.8572593800978793, 0.8308008213552361, 0.8966548816970357, 0.8553546592489569, 0.9151590767311292, 0.834685598377282, 0.888006804649844, 0.8704933586337761, 0.853515625, 0.8669667416854213, 0.8886986301369864, 0.8660612939841089, 0.8432203389830508, 0.8480392156862745, 0.8790294627383015, 0.9129865881583251, 0.8484612388001558, 0.8641783307413168, 0.8312421580928482, 0.887384176764077]",,0,"[null, null, null, null, null, null, null, null, null, null, null, null, null, null, null, null, null, null, null, null]",4.708575487136841,4.438709020614624,0.01588892936706543,0.0,0.0,0.12093305587768555,1112414,ai05,success,
resnet18_cifar10,CIFAR10,50,0.01,42,300,4.0,dp_avg_eps2_K20,dp_avg,10,3.986361524956496,0.1,0.114822,0.2535,0.8701,0.1552,-0.9152272979535887,0,23,"[null, null, -0.9954863461972466, null, null, null, null, -0.9883765487290842, -1.0, null, 0.0, null, -1.0, null, null, -1.0, null, null, null, -1.0, null, -1.0, -0.5101768435101768, null, -0.9956458635703919, null, -0.9946391752577319, -0.9987752602571953, -1.0, null, -1.0, null, -0.9987827145465612, -0.9988558352402745, null, null, null, -0.8029032917603762, -0.9294990723562152, null, null, null, null, null, -1.0, null, -0.997999599919984, -1.0, -0.9819444444444444, -0.8571428571428571]","[null, null, 0.0, null, null, null, null, 0.006897432622301699, 0.0, null, 1.0, null, 0.0, null, null, 0.0, null, null, null, 0.0, null, 0.0, 0.44544544544544545, null, 0.0, null, 0.0, 0.0, 0.0, null, 0.0, null, 0.0, 0.0005720823798627002, null, null, null, 0.1748108771212431, 0.0, null, null, null, null, null, 0.0, null, 0.0, 0.0, 0.001388888888888889, 0.0]","[null, null, 0.9954863461972466, null, null, null, null, 0.9952739813513859, 1.0, null, 1.0, null, 1.0, null, null, 1.0, null, null, null, 1.0, null, 1.0, 0.9556222889556223, null, 0.9956458635703919, null, 0.9946391752577319, 0.9987752602571953, 1.0, null, 1.0, null, 0.9987827145465612, 0.9994279176201373, null, null, null, 0.9777141688816193, 0.9294990723562152, null, null, null, null, null, 1.0, null, 0.997999599919984, 1.0, 0.9833333333333333, 0.8571428571428571]",0.09923809523809522,50,"[0.1, 0.1, 0.14285714285714285, 0.1, 0.1, 0.1, 0.1, 0.0, 0.1111111111111111, 0.1, 0.0, 0.1, 0.1111111111111111, 0.1, 0.1, 0.1111111111111111, 0.1, 0.1, 0.1, 0.1111111111111111, 0.1, 0.1111111111111111, 0.0, 0.1, 0.125, 0.1, 0.14285714285714285, 0.125, 0.1111111111111111, 0.1, 0.1111111111111111, 0.1, 0.14285714285714285, 0.0, 0.1, 0.1, 0.1, 0.0, 0.125, 0.1, 0.1, 0.1, 0.1, 0.1, 0.1111111111111111, 0.1, 0.125, 0.1111111111111111, 0.0, 0.3333333333333333]",19.09149956703186,4.39576530456543,0.052944183349609375,14.133604764938354,0.002378702163696289,0.33440351486206055,1112414,ai05,success,
resnet18_cifar10,CIFAR10,50,0.01,43,300,4.0,dp_avg_eps2_K20,dp_avg,10,3.9676203949800515,0.3537,0.11689999999999999,0.2514,0.868,0.144,-0.6243173200532474,0,33,"[null, -0.4798011187072716, -0.820786997433704, null, -0.6, null, null, -1.0, -1.0, -0.39359038557836756, -0.33333333333333337, -0.9967948717948718, -0.7806714140386571, -0.4285714285714286, null, -0.3638850889192886, -0.2290103608431583, -0.5385177961969771, -0.2513687217329207, null, -0.85, -0.33333333333333337, -1.0, -0.49586776859504134, null, -0.25, -0.6521739130434783, -0.9472877719889672, null, -0.8913043478260869, -0.5, null, -0.6732142857142857, null, -0.7554954345620561, -0.3157894736842105, null, null, -1.0, -1.0, null, null, -0.9338721528288023, -0.37037037037037035, null, -0.4174311926605504, null, null, -1.0, 0.0]","[null, 0.5201988812927284, 0.174508126603935, null, 0.4, null, null, 0.0, 0.0, 0.6064096144216324, 0.6666666666666666, 0.002403846153846154, 0.21892166836215665, 0.5714285714285714, null, 0.6337209302325582, 0.7684887459807074, 0.4614822038030229, 0.7357771959057368, null, 0.125, 0.6666666666666666, 0.0, 0.49586776859504134, null, 0.75, 0.34782608695652173, 0.05271222801103279, null, 0.10869565217391304, 0.5, null, 0.30714285714285716, null, 0.20899560365235034, 0.6842105263157895, null, null, 0.0, 0.0, null, null, 0.06612784717119764, 0.5925925925925926, null, 0.4954128440366973, null, null, 0.0, 0.6428571428571429]","[null, 1.0, 0.995295124037639, null, 1.0, null, null, 1.0, 1.0, 1.0, 1.0, 0.999198717948718, 0.9995930824008138, 1.0, null, 0.9976060191518468, 0.9974991068238657, 1.0, 0.9871459176386574, null, 0.975, 1.0, 1.0, 0.9917355371900827, null, 1.0, 1.0, 1.0, null, 1.0, 1.0, null, 0.9803571428571428, null, 0.9644910382144065, 1.0, null, null, 1.0, 1.0, null, null, 1.0, 0.9629629629629629, null, 0.9128440366972477, null, null, 1.0, 0.6428571428571429]",0.3515932380952381,50,"[0.3537, 0.33466666666666667, 0.41625, 0.3537, 0.3417777777777778, 0.3537, 0.3537, 0.393, 0.393, 0.326, 0.3078888888888889, 0.41914285714285715, 0.35075, 0.3417777777777778, 0.3537, 0.19985714285714284, 0.25025, 0.3417777777777778, 0.344, 0.3537, 0.422875, 0.3417777777777778, 0.3701111111111111, 0.301125, 0.3537, 0.3075555555555556, 0.3417777777777778, 0.38711111111111113, 0.3537, 0.3701111111111111, 0.40975, 0.3537, 0.322, 0.3537, 0.388, 0.3078888888888889, 0.3537, 0.3537, 0.393, 0.393, 0.3537, 0.3537, 0.38711111111111113, 0.35875, 0.3537, 0.24342857142857144, 0.3537, 0.3537, 0.36675, 0.3945]",25.319530963897705,4.473894357681274,0.06518912315368652,20.30212712287903,0.002164125442504883,0.3007049560546875,1112414,ai05,success,
resnet18_cifar10,CIFAR10,50,0.01,44,300,4.0,dp_avg_eps2_K20,dp_avg,10,3.962551391060827,0.2991,0.11720999999999998,0.2913,0.8667,0.2273,-0.6263725029018106,0,38,"[-0.8331539289558665, -0.6666666666666667, -0.9101123595505618, -0.4756415832970857, null, -0.9545454545454546, -0.4, -0.9597197898423818, -1.0, -0.10447761194029848, -0.7858204202929314, -0.8617992177314211, -0.7518493611297915, null, -0.14117647058823535, -0.9621232328620966, -0.09090909090909094, null, -1.0, -0.8461538461538461, null, null, -0.7727272727272727, -1.0, -0.6898232784887264, -1.0, -0.0625, 0.0, null, -0.5714285714285714, -0.07818930041152261, null, -0.8333333333333334, -0.9638306617344842, -0.9708737864077669, null, -0.953360768175583, -0.7903091060985798, null, null, -0.08657373440939109, -0.18143360752056403, -0.8284023668639053, null, -0.9150943396226415, null, -0.3529411764705882, -0.08791208791208793, -0.0978441127694859, -0.8214285714285715]","[0.15787585217079297, 0.3333333333333333, 0.0898876404494382, 0.5221835580687255, null, 0.0, 0.6, 0.040280210157618214, 0.0, 0.8955223880597015, 0.21417957970706855, 0.13820078226857888, 0.21183591123066578, null, 0.8235294117647058, 0.037876767137903444, 0.7272727272727273, null, 0.0, 0.15384615384615385, null, null, 0.22727272727272727, 0.0, 0.26508226691042047, 0.0, 0.9375, 1.0, null, 0.42857142857142855, 0.9218106995884774, null, 0.16666666666666666, 0.034114262227702426, 0.026841804683038265, null, 0.027434842249657063, 0.2096908939014202, null, null, 0.8906823184152605, 0.818566392479436, 0.17159763313609466, null, 0.08490566037735849, null, 0.5294117647058824, 0.9010989010989011, 0.9011608623548922, 0.10714285714285714]","[0.9910297811266595, 1.0, 1.0, 0.9978251413658112, null, 0.9545454545454546, 1.0, 1.0, 1.0, 1.0, 1.0, 1.0, 0.9636852723604573, null, 0.9647058823529412, 1.0, 0.8181818181818182, null, 1.0, 1.0, null, null, 1.0, 1.0, 0.9549055453991468, 1.0, 1.0, 1.0, null, 1.0, 1.0, null, 1.0, 0.9979449239621866, 0.9977155910908052, null, 0.9807956104252401, 1.0, null, null, 0.9772560528246516, 1.0, 1.0, null, 1.0, null, 0.8823529411764706, 0.989010989010989, 0.9990049751243781, 0.9285714285714286]",0.28689792857142854,50,"[0.3102857142857143, 0.24, 0.32222222222222224, 0.30475, 0.2991, 0.302875, 0.27355555555555555, 0.328, 0.332, 0.23166666666666666, 0.31022222222222223, 0.31555555555555553, 0.251125, 0.2991, 0.251125, 0.328, 0.203875, 0.2991, 0.32966666666666666, 0.31022222222222223, 0.2991, 0.2991, 0.31022222222222223, 0.3705, 0.251125, 0.332, 0.24, 0.23166666666666666, 0.2991, 0.31022222222222223, 0.23166666666666666, 0.2991, 0.346, 0.26025, 0.274, 0.2991, 0.366, 0.3081111111111111, 0.2991, 0.2991, 0.19114285714285714, 0.24, 0.3081111111111111, 0.2991, 0.32222222222222224, 0.2991, 0.294, 0.2007142857142857, 0.16616666666666666, 0.25642857142857145]",28.153865098953247,4.491275787353516,0.05262613296508789,23.111799240112305,0.0020606517791748047,0.3318819999694824,1112414,ai05,success,
resnet18_cifar10,CIFAR10,50,0.01,42,300,4.0,dp_avg_eps8_K20,dp_avg,10,0.996590381239124,0.1011,0.114822,0.2535,0.8701,0.3221,-0.9086500662239463,0,23,"[null, null, -0.9954863461972466, null, null, null, null, -0.9816068463405289, -1.0, null, 0.0, null, -1.0, null, null, -1.0, null, null, null, -1.0, null, -1.0, -0.5101768435101768, null, -0.9956458635703919, null, -0.9929896907216494, -0.9987752602571953, -1.0, null, -1.0, null, -0.9987827145465612, -0.9988558352402745, null, null, null, -0.8029032917603762, -0.9294990723562152, null, null, null, null, null, -1.0, null, -0.997999599919984, -1.0, -0.9819444444444444, -0.7142857142857142]","[null, null, 0.0, null, null, null, null, 0.013667135010857069, 0.0, null, 1.0, null, 0.0, null, null, 0.0, null, null, null, 0.0, null, 0.0, 0.44544544544544545, null, 0.0, null, 0.0016494845360824743, 0.0, 0.0, null, 0.0, null, 0.0, 0.0005720823798627002, null, null, null, 0.1748108771212431, 0.0, null, null, null, null, null, 0.0, null, 0.0, 0.0, 0.001388888888888889, 0.14285714285714285]","[null, null, 0.9954863461972466, null, null, null, null, 0.9952739813513859, 1.0, null, 1.0, null, 1.0, null, null, 1.0, null, null, null, 1.0, null, 1.0, 0.9556222889556223, null, 0.9956458635703919, null, 0.9946391752577319, 0.9987752602571953, 1.0, null, 1.0, null, 0.9987827145465612, 0.9994279176201373, null, null, null, 0.9777141688816193, 0.9294990723562152, null, null, null, null, null, 1.0, null, 0.997999599919984, 1.0, 0.9833333333333333, 0.8571428571428571]",0.10035145238095237,50,"[0.1011, 0.1011, 0.14442857142857143, 0.1011, 0.1011, 0.1011, 0.1011, 0.0, 0.11233333333333333, 0.1011, 0.0012222222222222222, 0.1011, 0.11233333333333333, 0.1011, 0.1011, 0.11233333333333333, 0.1011, 0.1011, 0.1011, 0.11233333333333333, 0.1011, 0.1111111111111111, 0.001375, 0.1011, 0.126375, 0.1011, 0.14285714285714285, 0.126375, 0.11233333333333333, 0.1011, 0.11233333333333333, 0.1011, 0.14442857142857143, 0.001375, 0.1011, 0.1011, 0.1011, 0.001375, 0.126375, 0.1011, 0.1011, 0.1011, 0.1011, 0.1011, 0.11233333333333333, 0.1011, 0.126375, 0.11233333333333333, 0.0022, 0.3333333333333333]",18.599265336990356,4.371767282485962,0.07761597633361816,13.703171730041504,0.002206563949584961,0.2984898090362549,1112414,ai05,success,
resnet18_cifar10,CIFAR10,50,0.01,43,300,4.0,dp_avg_eps8_K20,dp_avg,10,0.9919050987450129,0.4122,0.11689999999999999,0.2514,0.868,0.3203,-0.5914826687261125,1,33,"[null, -0.24321524756577584, -0.6813515825491874, null, -0.7, null, null, -1.0, -1.0, -0.4391587381071608, -0.33333333333333337, -0.9963942307692307, -0.5523906408952186, -0.5714285714285714, null, -0.4151846785225718, -0.18720971775634154, -0.682106289614822, -0.23113544394191854, null, -0.675, -0.6666666666666667, -1.0, -0.25619834710743805, null, -0.25, -0.782608695652174, -0.8467667790376954, null, -0.6739130434782609, -0.5, null, -0.5928571428571427, null, -0.6712884680419344, -0.24561403508771928, null, null, -1.0, -1.0, null, null, -0.8199853049228508, -0.6296296296296295, null, -0.5183486238532109, null, null, -0.5, 0.1428571428571428]","[null, 0.7567847524342242, 0.31394354148845166, null, 0.3, null, null, 0.0, 0.0, 0.5608412618928392, 0.6666666666666666, 0.0028044871794871795, 0.4472024415055951, 0.42857142857142855, null, 0.582421340629275, 0.8102893890675241, 0.31789371038517794, 0.7560104736967389, null, 0.3, 0.3333333333333333, 0.0, 0.7355371900826446, null, 0.75, 0.21739130434782608, 0.15323322096230463, null, 0.32608695652173914, 0.5, null, 0.3875, null, 0.2932025701724721, 0.7543859649122807, null, null, 0.0, 0.0, null, null, 0.18001469507714915, 0.3333333333333333, null, 0.3944954128440367, null, null, 0.5, 0.7857142857142857]","[null, 1.0, 0.995295124037639, null, 1.0, null, null, 1.0, 1.0, 1.0, 1.0, 0.999198717948718, 0.9995930824008138, 1.0, null, 0.9976060191518468, 0.9974991068238657, 1.0, 0.9871459176386574, null, 0.975, 1.0, 1.0, 0.9917355371900827, null, 1.0, 1.0, 1.0, null, 1.0, 1.0, null, 0.9803571428571428, null, 0.9644910382144065, 1.0, null, null, 1.0, 1.0, null, null, 1.0, 0.9629629629629629, null, 0.9128440366972477, null, null, 1.0, 0.6428571428571429]",0.412154111111111,50,"[0.4122, 0.37244444444444447, 0.46, 0.4122, 0.42155555555555557, 0.4122, 0.4122, 0.458, 0.458, 0.3968888888888889, 0.3672222222222222, 0.5102857142857142, 0.3645, 0.42155555555555557, 0.4122, 0.2822857142857143, 0.31575, 0.42155555555555557, 0.375, 0.4122, 0.48, 0.42155555555555557, 0.40955555555555556, 0.35025, 0.4122, 0.37144444444444447, 0.42155555555555557, 0.44022222222222224, 0.4122, 0.40955555555555556, 0.44075, 0.4122, 0.40785714285714286, 0.4122, 0.43942857142857145, 0.3672222222222222, 0.4122, 0.4122, 0.458, 0.458, 0.4122, 0.4122, 0.44022222222222224, 0.41975, 0.4122, 0.35214285714285715, 0.4122, 0.4122, 0.4465, 0.44125]",22.814242601394653,4.400122165679932,0.06183934211730957,17.8064181804657,0.0021507740020751953,0.36670804023742676,1112414,ai05,success,
resnet18_cifar10,CIFAR10,50,0.01,44,300,4.0,dp_avg_eps8_K20,dp_avg,10,0.9906378477652068,0.3298,0.11720999999999998,0.2913,0.8667,0.3861,-0.5796385247642669,0,38,"[-0.8227484750627916, 0.0, -0.8852749852158486, -0.5452370595911267, null, -0.7272727272727273, -0.4, -0.7626970227670753, -1.0, -0.05970149253731338, -0.8378263638293356, -0.7987831377661886, -0.6839273705447209, null, -0.05882352941176472, -0.7530008002133902, -0.09090909090909094, null, -1.0, -0.7692307692307692, null, null, -0.8787878787878788, -1.0, -0.624009750152346, -0.9905660377358491, 0.0, 0.0, null, -0.6428571428571428, -0.024691358024691357, null, -0.8333333333333334, -0.9465680230168516, -0.963449457452884, null, -0.9375857338820303, -0.8168337510442774, null, null, -0.059427732942039624, -0.10481786133960047, -0.8224852071005917, null, -0.8773584905660378, null, -0.3529411764705882, -0.03296703296703296, -0.06500829187396351, -0.8571428571428572]","[0.16828130606386796, 1.0, 0.11472501478415138, 0.4525880817746846, null, 0.22727272727272727, 0.6, 0.2373029772329247, 0.0, 0.9402985074626866, 0.1621736361706644, 0.20121686223381138, 0.2797579018157364, null, 0.9058823529411765, 0.24699919978660975, 0.7272727272727273, null, 0.0, 0.23076923076923078, null, null, 0.12121212121212122, 0.0, 0.33089579524680074, 0.009433962264150943, 1.0, 1.0, null, 0.35714285714285715, 0.9753086419753086, null, 0.16666666666666666, 0.05137690094533498, 0.034266133637921185, null, 0.043209876543209874, 0.18316624895572264, null, null, 0.9178283198826119, 0.8951821386603995, 0.17751479289940827, null, 0.12264150943396226, null, 0.5294117647058824, 0.9560439560439561, 0.9339966832504146, 0.07142857142857142]","[0.9910297811266595, 1.0, 1.0, 0.9978251413658112, null, 0.9545454545454546, 1.0, 1.0, 1.0, 1.0, 1.0, 1.0, 0.9636852723604573, null, 0.9647058823529412, 1.0, 0.8181818181818182, null, 1.0, 1.0, null, null, 1.0, 1.0, 0.9549055453991468, 1.0, 1.0, 1.0, null, 1.0, 1.0, null, 1.0, 0.9979449239621866, 0.9977155910908052, null, 0.9807956104252401, 1.0, null, null, 0.9772560528246516, 1.0, 1.0, null, 1.0, null, 0.8823529411764706, 0.989010989010989, 0.9990049751243781, 0.9285714285714286]",0.31806513492063493,50,"[0.36457142857142855, 0.26655555555555555, 0.353, 0.349875, 0.3298, 0.321375, 0.31444444444444447, 0.33766666666666667, 0.36466666666666664, 0.261, 0.349, 0.3432222222222222, 0.27375, 0.3298, 0.27375, 0.33766666666666667, 0.241375, 0.3298, 0.363, 0.349, 0.3298, 0.3298, 0.349, 0.406375, 0.27375, 0.36466666666666664, 0.26655555555555555, 0.261, 0.3298, 0.349, 0.261, 0.3298, 0.38875, 0.291625, 0.3112857142857143, 0.3298, 0.376, 0.34544444444444444, 0.3298, 0.3298, 0.24171428571428571, 0.26655555555555555, 0.34544444444444444, 0.3298, 0.353, 0.3298, 0.32885714285714285, 0.23885714285714285, 0.167, 0.2958571428571429]",30.971981287002563,5.089612245559692,0.07830572128295898,25.317257165908813,0.002006053924560547,0.3209493160247803,1112414,ai05,success,
resnet18_cifar10,CIFAR10,50,0.01,42,300,4.0,labelled_probe_warmup,labelled,100,0.0,0.1002,0.114822,0.2535,0.8701,0.3086,-0.9089344069103132,0,23,"[null, null, -0.9954863461972466, null, null, null, null, -0.9872269766253673, -1.0, null, 0.0, null, -1.0, null, null, -1.0, null, null, null, -1.0, null, -1.0, -0.5100656211767323, null, -0.9956458635703919, null, -0.994020618556701, -0.9987752602571953, -1.0, null, -1.0, null, -0.9987827145465612, -0.9988558352402745, null, null, null, -0.8029032917603762, -0.9294990723562152, null, null, null, null, null, -1.0, null, -0.997999599919984, -1.0, -0.9819444444444444, -0.7142857142857142]","[null, null, 0.0, null, null, null, null, 0.008047004726018648, 0.0, null, 1.0, null, 0.0, null, null, 0.0, null, null, null, 0.0, null, 0.0, 0.44555666777889, null, 0.0, null, 0.0006185567010309278, 0.0, 0.0, null, 0.0, null, 0.0, 0.0005720823798627002, null, null, null, 0.1748108771212431, 0.0, null, null, null, null, null, 0.0, null, 0.0, 0.0, 0.001388888888888889, 0.14285714285714285]","[null, null, 0.9954863461972466, null, null, null, null, 0.9952739813513859, 1.0, null, 1.0, null, 1.0, null, null, 1.0, null, null, null, 1.0, null, 1.0, 0.9556222889556223, null, 0.9956458635703919, null, 0.9946391752577319, 0.9987752602571953, 1.0, null, 1.0, null, 0.9987827145465612, 0.9994279176201373, null, null, null, 0.9777141688816193, 0.9294990723562152, null, null, null, null, null, 1.0, null, 0.997999599919984, 1.0, 0.9833333333333333, 0.8571428571428571]",0.09944052380952381,50,"[0.1002, 0.1002, 0.14314285714285716, 0.1002, 0.1002, 0.1002, 0.1002, 0.0, 0.11133333333333334, 0.1002, 0.00022222222222222223, 0.1002, 0.11133333333333334, 0.1002, 0.1002, 0.11133333333333334, 0.1002, 0.1002, 0.1002, 0.11133333333333334, 0.1002, 0.1111111111111111, 0.00025, 0.1002, 0.12525, 0.1002, 0.14285714285714285, 0.12525, 0.11133333333333334, 0.1002, 0.11133333333333334, 0.1002, 0.14314285714285716, 0.00025, 0.1002, 0.1002, 0.1002, 0.00025, 0.12525, 0.1002, 0.1002, 0.1002, 0.1002, 0.1002, 0.11133333333333334, 0.1002, 0.12525, 0.11133333333333334, 0.0004, 0.3333333333333333]",18.94034218788147,4.491499423980713,0.021767139434814453,13.961013793945312,0.0023620128631591797,0.3500332832336426,1112414,ai05,success,
resnet18_cifar10,CIFAR10,50,0.01,43,300,4.0,labelled_probe_warmup,labelled,100,0.0,0.438,0.11689999999999999,0.2514,0.868,0.3545,-0.570110502308578,1,33,"[null, -0.2529521441889372, -0.3887938408896492, null, -0.65, null, null, -1.0, -1.0, -0.4631947921882824, 0.0, -0.9965945512820513, -0.4872838250254323, -0.5714285714285714, null, -0.4435704514363885, -0.16380850303679884, -0.6399317406143344, -0.42132825517733874, null, -0.4, -0.6666666666666667, -1.0, -0.2892561983471075, null, -0.25, -0.7173913043478262, -0.8335887220349372, null, -0.6304347826086957, -0.5, null, -0.6482142857142856, null, -0.4004058167061211, -0.08771929824561409, null, null, -1.0, -1.0, null, null, -0.8089639970609845, -0.6666666666666666, null, -0.5068807339449541, null, null, -1.0, 0.0714285714285714]","[null, 0.7470478558110628, 0.6065012831479898, null, 0.35, null, null, 0.0, 0.0, 0.5368052078117176, 1.0, 0.0026041666666666665, 0.5123092573753815, 0.42857142857142855, null, 0.5540355677154583, 0.8336906037870668, 0.36006825938566556, 0.5658176624613187, null, 0.575, 0.3333333333333333, 0.0, 0.7024793388429752, null, 0.75, 0.2826086956521739, 0.16641127796506283, null, 0.3695652173913043, 0.5, null, 0.33214285714285713, null, 0.5640852215082854, 0.9122807017543859, null, null, 0.0, 0.0, null, null, 0.19103600293901543, 0.2962962962962963, null, 0.4059633027522936, null, null, 0.0, 0.7142857142857143]","[null, 1.0, 0.995295124037639, null, 1.0, null, null, 1.0, 1.0, 1.0, 1.0, 0.999198717948718, 0.9995930824008138, 1.0, null, 0.9976060191518468, 0.9974991068238657, 1.0, 0.9871459176386574, null, 0.975, 1.0, 1.0, 0.9917355371900827, null, 1.0, 1.0, 1.0, null, 1.0, 1.0, null, 0.9803571428571428, null, 0.9644910382144065, 1.0, null, null, 1.0, 1.0, null, null, 1.0, 0.9629629629629629, null, 0.9128440366972477, null, null, 1.0, 0.6428571428571429]",0.4375047222222222,50,"[0.438, 0.4017777777777778, 0.451125, 0.438, 0.44477777777777777, 0.438, 0.438, 0.4866666666666667, 0.4866666666666667, 0.42733333333333334, 0.38911111111111113, 0.5494285714285714, 0.390375, 0.44477777777777777, 0.438, 0.3435714285714286, 0.367375, 0.44477777777777777, 0.3891428571428571, 0.438, 0.4725, 0.44477777777777777, 0.4318888888888889, 0.38525, 0.438, 0.4241111111111111, 0.44477777777777777, 0.4676666666666667, 0.438, 0.4318888888888889, 0.4645, 0.438, 0.467, 0.438, 0.4157142857142857, 0.38911111111111113, 0.438, 0.438, 0.4866666666666667, 0.4866666666666667, 0.438, 0.438, 0.4676666666666667, 0.43875, 0.438, 0.41514285714285715, 0.438, 0.438, 0.48075, 0.3975]",24.987022161483765,4.530267953872681,0.013293743133544922,19.919848680496216,0.0021414756774902344,0.37346410751342773,1112414,ai05,success,
resnet18_cifar10,CIFAR10,50,0.01,44,300,4.0,labelled_probe_warmup,labelled,100,0.0,0.3542,0.11720999999999998,0.2913,0.8667,0.3657,-0.5984576796253731,1,38,"[-0.8586293505561535, 0.0, -0.9828503843879361, -0.20856894301870377, null, -0.40909090909090917, -0.4, -0.5026269702276708, -1.0, -0.28358208955223885, -0.9800466992146041, -0.6710126032159931, -0.558843308675185, null, -0.02352941176470591, -0.48519605228060814, 0.09090909090909083, null, -1.0, -1.0, null, null, -1.0, -0.9862068965517241, -0.4984765386959171, -0.9716981132075472, 0.0, 0.0, null, -1.0, -0.24279835390946503, null, -1.0, -0.9436909165639129, -0.9668760708166761, null, -0.9327846364883402, -0.8759398496240601, null, null, -0.25531914893617025, -0.04747356051703877, -0.8994082840236687, null, -0.9811320754716981, null, -0.47058823529411764, -0.23076923076923084, -0.27230514096185743, -0.8928571428571429]","[0.13240043057050593, 1.0, 0.01714961561206387, 0.7892561983471075, null, 0.5454545454545454, 0.6, 0.4973730297723292, 0.0, 0.7164179104477612, 0.01995330078539588, 0.32898739678400696, 0.40484196368527237, null, 0.9411764705882353, 0.5148039477193919, 0.9090909090909091, null, 0.0, 0.0, null, null, 0.0, 0.013793103448275862, 0.4564290067032297, 0.02830188679245283, 1.0, 1.0, null, 0.0, 0.757201646090535, null, 0.0, 0.05425400739827373, 0.03083952027412907, null, 0.04801097393689986, 0.12406015037593984, null, null, 0.7219369038884813, 0.9525264394829612, 0.10059171597633136, null, 0.018867924528301886, null, 0.4117647058823529, 0.7582417582417582, 0.7266998341625207, 0.03571428571428571]","[0.9910297811266595, 1.0, 1.0, 0.9978251413658112, null, 0.9545454545454546, 1.0, 1.0, 1.0, 1.0, 1.0, 1.0, 0.9636852723604573, null, 0.9647058823529412, 1.0, 0.8181818181818182, null, 1.0, 1.0, null, null, 1.0, 1.0, 0.9549055453991468, 1.0, 1.0, 1.0, null, 1.0, 1.0, null, 1.0, 0.9979449239621866, 0.9977155910908052, null, 0.9807956104252401, 1.0, null, null, 0.9772560528246516, 1.0, 1.0, null, 1.0, null, 0.8823529411764706, 0.989010989010989, 0.9990049751243781, 0.9285714285714286]",0.34391744444444433,50,"[0.3882857142857143, 0.2881111111111111, 0.39122222222222225, 0.341625, 0.3542, 0.278375, 0.30666666666666664, 0.3343333333333333, 0.3903333333333333, 0.31233333333333335, 0.39122222222222225, 0.3557777777777778, 0.281625, 0.3542, 0.281625, 0.3343333333333333, 0.226375, 0.3542, 0.39055555555555554, 0.39122222222222225, 0.3542, 0.3542, 0.39122222222222225, 0.43575, 0.281625, 0.3903333333333333, 0.2881111111111111, 0.31233333333333335, 0.3542, 0.39122222222222225, 0.31233333333333335, 0.3542, 0.43675, 0.34775, 0.351, 0.3542, 0.37275, 0.3814444444444444, 0.3542, 0.3542, 0.2742857142857143, 0.2881111111111111, 0.3814444444444444, 0.3542, 0.39122222222222225, 0.3542, 0.39357142857142857, 0.2412857142857143, 0.20333333333333334, 0.3955714285714286]",22.47240710258484,4.542873382568359,0.01590871810913086,17.504162073135376,0.001861572265625,0.258772611618042,1112414,ai05,success,
resnet18_cifar10,CIFAR10,50,0.01,42,300,4.0,no_phase0,none,0,0.0,0.1,0.114822,0.2535,0.8701,0.1112,-0.9152272979535887,0,23,"[null, null, -0.9954863461972466, null, null, null, null, -0.9883765487290842, -1.0, null, 0.0, null, -1.0, null, null, -1.0, null, null, null, -1.0, null, -1.0, -0.5101768435101768, null, -0.9956458635703919, null, -0.9946391752577319, -0.9987752602571953, -1.0, null, -1.0, null, -0.9987827145465612, -0.9988558352402745, null, null, null, -0.8029032917603762, -0.9294990723562152, null, null, null, null, null, -1.0, null, -0.997999599919984, -1.0, -0.9819444444444444, -0.8571428571428571]","[null, null, 0.0, null, null, null, null, 0.006897432622301699, 0.0, null, 1.0, null, 0.0, null, null, 0.0, null, null, null, 0.0, null, 0.0, 0.44544544544544545, null, 0.0, null, 0.0, 0.0, 0.0, null, 0.0, null, 0.0, 0.0005720823798627002, null, null, null, 0.1748108771212431, 0.0, null, null, null, null, null, 0.0, null, 0.0, 0.0, 0.001388888888888889, 0.0]","[null, null, 0.9954863461972466, null, null, null, null, 0.9952739813513859, 1.0, null, 1.0, null, 1.0, null, null, 1.0, null, null, null, 1.0, null, 1.0, 0.9556222889556223, null, 0.9956458635703919, null, 0.9946391752577319, 0.9987752602571953, 1.0, null, 1.0, null, 0.9987827145465612, 0.9994279176201373, null, null, null, 0.9777141688816193, 0.9294990723562152, null, null, null, null, null, 1.0, null, 0.997999599919984, 1.0, 0.9833333333333333, 0.8571428571428571]",0.09923809523809522,50,"[0.1, 0.1, 0.14285714285714285, 0.1, 0.1, 0.1, 0.1, 0.0, 0.1111111111111111, 0.1, 0.0, 0.1, 0.1111111111111111, 0.1, 0.1, 0.1111111111111111, 0.1, 0.1, 0.1, 0.1111111111111111, 0.1, 0.1111111111111111, 0.0, 0.1, 0.125, 0.1, 0.14285714285714285, 0.125, 0.1111111111111111, 0.1, 0.1111111111111111, 0.1, 0.14285714285714285, 0.0, 0.1, 0.1, 0.1, 0.0, 0.125, 0.1, 0.1, 0.1, 0.1, 0.1, 0.1111111111111111, 0.1, 0.125, 0.1111111111111111, 0.0, 0.3333333333333333]",19.217599153518677,4.279426097869873,0.006622314453125,14.445722103118896,0.002195596694946289,0.30660271644592285,1112414,ai05,success,
resnet18_cifar10,CIFAR10,50,0.01,43,300,4.0,no_phase0,none,0,0.0,0.2606,0.11689999999999999,0.2514,0.868,0.1046,-0.7536945593175239,0,33,"[null, -0.27511912160762375, -0.8605645851154833, null, -0.975, null, null, -1.0, -1.0, -0.6034051076614922, -0.33333333333333337, -0.9975961538461539, -0.9920651068158698, -0.7142857142857143, null, -0.6104651162790697, -0.4933904966059307, -0.9178449536811312, -0.20566531778148056, null, -0.9, -1.0, -1.0, -0.30578512396694213, null, 0.0, -1.0, -0.9941771376034324, null, -1.0, -1.0, null, -0.6821428571428572, null, -0.8626986810957051, -0.5614035087719298, null, null, -1.0, -1.0, null, null, -0.9897134459955915, -0.8518518518518519, null, -0.7454128440366972, null, null, -1.0, 0.0]","[null, 0.7248808783923762, 0.1347305389221557, null, 0.025, null, null, 0.0, 0.0, 0.39659489233850775, 0.6666666666666666, 0.0016025641025641025, 0.007527975584944049, 0.2857142857142857, null, 0.387140902872777, 0.504108610217935, 0.08215504631886884, 0.7814805998571769, null, 0.075, 0.0, 0.0, 0.6859504132231405, null, 1.0, 0.0, 0.0058228623965675755, null, 0.0, 0.0, null, 0.2982142857142857, null, 0.10179235711870138, 0.43859649122807015, null, null, 0.0, 0.0, null, null, 0.010286554004408524, 0.1111111111111111, null, 0.16743119266055045, null, null, 0.0, 0.6428571428571429]","[null, 1.0, 0.995295124037639, null, 1.0, null, null, 1.0, 1.0, 1.0, 1.0, 0.999198717948718, 0.9995930824008138, 1.0, null, 0.9976060191518468, 0.9974991068238657, 1.0, 0.9871459176386574, null, 0.975, 1.0, 1.0, 0.9917355371900827, null, 1.0, 1.0, 1.0, null, 1.0, 1.0, null, 0.9803571428571428, null, 0.9644910382144065, 1.0, null, null, 1.0, 1.0, null, null, 1.0, 0.9629629629629629, null, 0.9128440366972477, null, null, 1.0, 0.6428571428571429]",0.2630448333333334,50,"[0.2606, 0.20755555555555555, 0.310875, 0.2606, 0.2772222222222222, 0.2606, 0.2606, 0.28955555555555557, 0.28955555555555557, 0.24888888888888888, 0.23844444444444443, 0.32, 0.23325, 0.2772222222222222, 0.2606, 0.13857142857142857, 0.167, 0.2772222222222222, 0.24014285714285713, 0.2606, 0.311625, 0.2772222222222222, 0.28933333333333333, 0.18775, 0.2606, 0.19955555555555557, 0.2772222222222222, 0.28888888888888886, 0.2606, 0.28933333333333333, 0.32475, 0.2606, 0.23985714285714285, 0.2606, 0.34, 0.23844444444444443, 0.2606, 0.2606, 0.28955555555555557, 0.28955555555555557, 0.2606, 0.2606, 0.28888888888888886, 0.311625, 0.2606, 0.18842857142857142, 0.2606, 0.2606, 0.28, 0.2945]",25.074182987213135,4.472614765167236,0.007129669189453125,20.11455512046814,0.002108335494995117,0.3317868709564209,1112414,ai05,success,
resnet18_cifar10,CIFAR10,50,0.01,44,300,4.0,no_phase0,none,0,0.0,0.2105,0.11720999999999998,0.2913,0.8667,0.0998,-0.71499760095065,0,38,"[-0.9199856476498027, -0.6666666666666667, -0.9929036073329391, -0.6613745106568073, null, -0.9545454545454546, -0.6, -0.999124343257443, -1.0, -0.19402985074626866, -0.8762470812990872, -0.940026075619296, -0.8406186953597848, null, -0.2823529411764706, -1.0, -0.3636363636363637, null, -1.0, -0.8461538461538461, null, null, -0.8636363636363636, -1.0, -0.7830591102985984, -1.0, -0.375, 0.0, null, -1.0, -0.1440329218106996, null, -1.0, -0.9714344430743937, -0.9968589377498572, null, -0.9807956104252401, -0.9060150375939849, null, null, -0.15113719735876752, -0.34383078730904815, -0.9349112426035503, null, -0.9886792452830189, null, -0.4117647058823529, -0.12637362637362637, -0.16185737976782755, -0.8928571428571429]","[0.07104413347685684, 0.3333333333333333, 0.007096392667060911, 0.33645063070900394, null, 0.0, 0.4, 0.0008756567425569177, 0.0, 0.8059701492537313, 0.12375291870091276, 0.05997392438070404, 0.1230665770006725, null, 0.6823529411764706, 0.0, 0.45454545454545453, null, 0.0, 0.15384615384615385, null, null, 0.13636363636363635, 0.0, 0.17184643510054845, 0.0, 0.625, 1.0, null, 0.0, 0.8559670781893004, null, 0.0, 0.02651048088779285, 0.0008566533409480297, null, 0.0, 0.09398496240601503, null, null, 0.826118855465884, 0.6561692126909519, 0.0650887573964497, null, 0.011320754716981131, null, 0.47058823529411764, 0.8626373626373627, 0.8371475953565506, 0.03571428571428571]","[0.9910297811266595, 1.0, 1.0, 0.9978251413658112, null, 0.9545454545454546, 1.0, 1.0, 1.0, 1.0, 1.0, 1.0, 0.9636852723604573, null, 0.9647058823529412, 1.0, 0.8181818181818182, null, 1.0, 1.0, null, null, 1.0, 1.0, 0.9549055453991468, 1.0, 1.0, 1.0, null, 1.0, 1.0, null, 1.0, 0.9979449239621866, 0.9977155910908052, null, 0.9807956104252401, 1.0, null, null, 0.9772560528246516, 1.0, 1.0, null, 1.0, null, 0.8823529411764706, 0.989010989010989, 0.9990049751243781, 0.9285714285714286]",0.1992296031746031,50,"[0.2317142857142857, 0.16233333333333333, 0.23277777777777778, 0.218875, 0.2105, 0.21875, 0.19455555555555556, 0.23377777777777778, 0.2338888888888889, 0.14055555555555554, 0.22066666666666668, 0.22866666666666666, 0.17675, 0.2105, 0.17675, 0.23377777777777778, 0.138375, 0.2105, 0.2338888888888889, 0.22066666666666668, 0.2105, 0.2105, 0.22066666666666668, 0.263125, 0.17675, 0.2338888888888889, 0.16233333333333333, 0.14055555555555554, 0.2105, 0.22066666666666668, 0.14055555555555554, 0.2105, 0.24825, 0.158125, 0.19585714285714287, 0.2105, 0.263, 0.2238888888888889, 0.2105, 0.2105, 0.11728571428571428, 0.16233333333333333, 0.2238888888888889, 0.2105, 0.23277777777777778, 0.2105, 0.18071428571428572, 0.12342857142857143, 0.08833333333333333, 0.16228571428571428]",28.504158973693848,4.5501251220703125,0.006735801696777344,23.439563035964966,0.002218961715698242,0.3440580368041992,1112414,ai05,success,
resnet18_cifar10,CIFAR10,50,0.01,42,300,4.0,raw_union_K20,raw_union,617,0.0,0.3989,0.114822,0.2535,0.8701,0.6651,-0.5222540781199324,0,23,"[null, null, -0.976303317535545, null, null, null, null, -0.28828713756546176, -0.2222222222222222, null, 0.0, null, -0.45833333333333337, null, null, 0.0, null, null, null, -0.2857142857142857, null, 0.0, -0.4887109331553776, null, -0.9956458635703919, null, -0.43072164948453606, -0.28291488058787506, -0.7666666666666666, null, -0.6310679611650485, null, -0.644856968959221, -0.6607551487414187, null, null, null, -0.7869556327949295, -0.7142857142857143, null, null, null, null, null, -0.4117647058823529, null, -0.9963992798559712, -0.6, -0.9416666666666667, -0.42857142857142855]","[null, null, 0.019183028661701646, null, null, null, null, 0.7069868437859241, 0.7777777777777778, null, 1.0, null, 0.5416666666666666, null, null, 1.0, null, null, null, 0.7142857142857143, null, 1.0, 0.4669113558002447, null, 0.0, null, 0.5639175257731959, 0.7158603796693203, 0.23333333333333334, null, 0.36893203883495146, null, 0.35392574558734025, 0.33867276887871856, null, null, null, 0.19075853608668983, 0.21521335807050093, null, null, null, null, null, 0.5882352941176471, null, 0.0016003200640128026, 0.4, 0.041666666666666664, 0.42857142857142855]","[null, null, 0.9954863461972466, null, null, null, null, 0.9952739813513859, 1.0, null, 1.0, null, 1.0, null, null, 1.0, null, null, null, 1.0, null, 1.0, 0.9556222889556223, null, 0.9956458635703919, null, 0.9946391752577319, 0.9987752602571953, 1.0, null, 1.0, null, 0.9987827145465612, 0.9994279176201373, null, null, null, 0.9777141688816193, 0.9294990723562152, null, null, null, null, null, 1.0, null, 0.997999599919984, 1.0, 0.9833333333333333, 0.8571428571428571]",0.394540873015873,50,"[0.3989, 0.3989, 0.38557142857142856, 0.3989, 0.3989, 0.3989, 0.3989, 0.24485714285714286, 0.3625555555555556, 0.3989, 0.3323333333333333, 0.3989, 0.4027777777777778, 0.3989, 0.3989, 0.3625555555555556, 0.3989, 0.3989, 0.3989, 0.3625555555555556, 0.3989, 0.3417777777777778, 0.36925, 0.3989, 0.428125, 0.3989, 0.3588571428571429, 0.405125, 0.4027777777777778, 0.3989, 0.4027777777777778, 0.3989, 0.4342857142857143, 0.328375, 0.3989, 0.3989, 0.3989, 0.371125, 0.450375, 0.3989, 0.3989, 0.3989, 0.3989, 0.3989, 0.38066666666666665, 0.3989, 0.498375, 0.4027777777777778, 0.4082, 0.5206666666666667]",14.717529535293579,2.46478533744812,0.04067254066467285,11.78450322151184,0.0023353099822998047,0.30873918533325195,1112414,ai05,success,
resnet18_cifar10,CIFAR10,50,0.01,43,300,4.0,raw_union_K20,raw_union,729,0.0,0.7024,0.11689999999999999,0.2514,0.868,0.7665,-0.20289550143579813,1,33,"[null, -0.18914439610524136, -0.21514114627887082, null, -0.22499999999999998, null, null, -0.6454002881251286, -0.4285714285714286, -0.33550325488232347, 0.0, -0.6985176282051282, -0.12451678535096644, 0.0, null, -0.3088235294117647, -0.03715612718828154, -0.27035592393954166, -0.12687455367769573, null, -0.19999999999999996, 0.0, 0.0, -0.2148760330578513, null, -0.25, -0.17391304347826086, -0.2779650628256206, null, -0.30434782608695654, 0.0, null, -0.19107142857142856, null, -0.19343929658437609, 0.0, null, null, -0.6097560975609756, -0.44999999999999996, null, null, -0.2762674504041146, -0.07407407407407407, null, -0.16055045871559626, null, null, 0.0, 0.2857142857142857]","[null, 0.8108556038947586, 0.7801539777587682, null, 0.775, null, null, 0.3545997118748714, 0.5714285714285714, 0.6644967451176765, 1.0, 0.30068108974358976, 0.8750762970498474, 1.0, null, 0.688782489740082, 0.9603429796355841, 0.7296440760604583, 0.8602713639609617, null, 0.775, 1.0, 1.0, 0.7768595041322314, null, 0.75, 0.8260869565217391, 0.7220349371743794, null, 0.6956521739130435, 1.0, null, 0.7892857142857143, null, 0.7710517416300304, 1.0, null, null, 0.3902439024390244, 0.55, null, null, 0.7237325495958854, 0.8888888888888888, null, 0.7522935779816514, null, null, 1.0, 0.9285714285714286]","[null, 1.0, 0.995295124037639, null, 1.0, null, null, 1.0, 1.0, 1.0, 1.0, 0.999198717948718, 0.9995930824008138, 1.0, null, 0.9976060191518468, 0.9974991068238657, 1.0, 0.9871459176386574, null, 0.975, 1.0, 1.0, 0.9917355371900827, null, 1.0, 1.0, 1.0, null, 1.0, 1.0, null, 0.9803571428571428, null, 0.9644910382144065, 1.0, null, null, 1.0, 1.0, null, null, 1.0, 0.9629629629629629, null, 0.9128440366972477, null, null, 1.0, 0.6428571428571429]",0.6994874682539682,50,"[0.7024, 0.6912222222222222, 0.6905, 0.7024, 0.6995555555555556, 0.7024, 0.7024, 0.7407777777777778, 0.7407777777777778, 0.7076666666666667, 0.6718888888888889, 0.8194285714285714, 0.669, 0.6995555555555556, 0.7024, 0.6475714285714286, 0.6485, 0.6995555555555556, 0.6442857142857142, 0.7024, 0.74525, 0.6995555555555556, 0.6838888888888889, 0.69575, 0.7024, 0.685, 0.6995555555555556, 0.7011111111111111, 0.7024, 0.6838888888888889, 0.680125, 0.7024, 0.6747142857142857, 0.7024, 0.663, 0.6718888888888889, 0.7024, 0.7024, 0.7407777777777778, 0.7497777777777778, 0.7024, 0.7024, 0.7011111111111111, 0.678375, 0.7024, 0.6831428571428572, 0.7024, 0.7024, 0.761625, 0.66475]",24.851070404052734,4.501302480697632,0.05441474914550781,19.770036697387695,0.002227306365966797,0.3173246383666992,1112414,ai05,success,
resnet18_cifar10,CIFAR10,50,0.01,44,300,4.0,raw_union_K20,raw_union,839,0.0,0.758,0.11720999999999998,0.2913,0.8667,0.7816,-0.16934141508548065,0,38,"[-0.2055974165769645, 0.0, -0.20756948551153165, -0.20704654197477168, null, -0.09090909090909094, 0.0, -0.08231173380035028, 0.0, -0.02985074626865669, -0.28635109318616003, -0.31421121251629724, -0.25016812373907193, null, -0.05490196078431375, -0.08615630834889298, 0.0, null, -0.4, -0.3846153846153846, null, null, -0.28787878787878785, -0.303448275862069, -0.21694088970140157, -0.5047169811320755, 0.0, 0.0, null, -0.1428571428571429, -0.04115226337448563, null, -0.16666666666666663, -0.5168516235100699, -0.18646487721302107, null, -0.15843621399176955, -0.43107769423558895, null, null, -0.05429200293470293, -0.11374853113983552, -0.3727810650887574, null, -0.20660377358490567, null, 0.0, -0.03296703296703296, -0.06268656716417909, -0.0357142857142857]","[0.785432364549695, 1.0, 0.7924305144884684, 0.7907785993910396, null, 0.8636363636363636, 1.0, 0.9176882661996497, 1.0, 0.9701492537313433, 0.71364890681384, 0.6857887874837028, 0.7135171486213854, null, 0.9098039215686274, 0.913843691651107, 0.8181818181818182, null, 0.6, 0.6153846153846154, null, null, 0.7121212121212122, 0.696551724137931, 0.7379646556977453, 0.49528301886792453, 1.0, 1.0, null, 0.8571428571428571, 0.9588477366255144, null, 0.8333333333333334, 0.48109330045211673, 0.8112507138777841, null, 0.8223593964334706, 0.568922305764411, null, null, 0.9229640498899486, 0.8862514688601645, 0.6272189349112426, null, 0.7933962264150943, null, 0.8823529411764706, 0.9560439560439561, 0.936318407960199, 0.8928571428571429]","[0.9910297811266595, 1.0, 1.0, 0.9978251413658112, null, 0.9545454545454546, 1.0, 1.0, 1.0, 1.0, 1.0, 1.0, 0.9636852723604573, null, 0.9647058823529412, 1.0, 0.8181818181818182, null, 1.0, 1.0, null, null, 1.0, 1.0, 0.9549055453991468, 1.0, 1.0, 1.0, null, 1.0, 1.0, null, 1.0, 0.9979449239621866, 0.9977155910908052, null, 0.9807956104252401, 1.0, null, null, 0.9772560528246516, 1.0, 1.0, null, 1.0, null, 0.8823529411764706, 0.989010989010989, 0.9990049751243781, 0.9285714285714286]",0.7545334523809525,50,"[0.7515714285714286, 0.7427777777777778, 0.7528888888888889, 0.7485, 0.758, 0.73575, 0.7546666666666667, 0.7415555555555555, 0.7893333333333333, 0.7387777777777778, 0.7614444444444445, 0.7658888888888888, 0.74975, 0.758, 0.74975, 0.7415555555555555, 0.737125, 0.758, 0.7528888888888889, 0.7614444444444445, 0.758, 0.758, 0.7614444444444445, 0.7875, 0.74975, 0.7893333333333333, 0.7427777777777778, 0.7387777777777778, 0.758, 0.7614444444444445, 0.7387777777777778, 0.758, 0.756125, 0.771625, 0.7598571428571429, 0.758, 0.73375, 0.7797777777777778, 0.758, 0.758, 0.757, 0.7427777777777778, 0.7797777777777778, 0.758, 0.7528888888888889, 0.758, 0.767, 0.7391428571428571, 0.7143333333333334, 0.7311428571428571]",28.81392192840576,4.601310968399048,0.07313847541809082,23.637217044830322,0.002149343490600586,0.32491350173950195,1112414,ai05,success,
resnet18_cifar10,CIFAR10,50,0.01,42,300,4.0,warmup_only_labelled,warmup_only,100,0.0,0.3086,0.114822,0.2535,0.8701,0.3086,-0.6440877171158083,0,23,"[null, null, -0.5660121868652674, null, null, null, null, -0.7382807510537744, -0.4722222222222222, null, -0.9605263157894737, null, -1.0, null, null, 0.0, null, null, null, -0.4285714285714286, null, -0.9166666666666666, -0.5841396952508064, null, -0.6008708272859216, null, -0.422061855670103, -0.4976525821596244, -1.0, null, -0.9993932038834952, null, -0.9975654290931224, -0.3695652173913043, null, null, null, -0.7922715191167451, -0.45083487940630795, null, null, null, null, null, -0.3594771241830066, null, -0.9961992398479695, -0.30000000000000004, -0.7902777777777777, -0.5714285714285714]","[null, null, 0.42947415933197924, null, null, null, null, 0.25699323029761145, 0.5277777777777778, null, 0.039473684210526314, null, 0.0, null, null, 1.0, null, null, null, 0.5714285714285714, null, 0.08333333333333333, 0.3714825937048159, null, 0.39477503628447025, null, 0.5725773195876289, 0.5011226780975709, 0.0, null, 0.0006067961165048543, null, 0.0012172854534388314, 0.629862700228833, null, null, null, 0.18544264976487426, 0.47866419294990725, null, null, null, null, null, 0.6405228758169934, null, 0.0018003600720144029, 0.7, 0.19305555555555556, 0.2857142857142857]","[null, null, 0.9954863461972466, null, null, null, null, 0.9952739813513859, 1.0, null, 1.0, null, 1.0, null, null, 1.0, null, null, null, 1.0, null, 1.0, 0.9556222889556223, null, 0.9956458635703919, null, 0.9946391752577319, 0.9987752602571953, 1.0, null, 1.0, null, 0.9987827145465612, 0.9994279176201373, null, null, null, 0.9777141688816193, 0.9294990723562152, null, null, null, null, null, 1.0, null, 0.997999599919984, 1.0, 0.9833333333333333, 0.8571428571428571]",0.309019,50,"[0.3086, 0.3086, 0.22271428571428573, 0.3086, 0.3086, 0.3086, 0.3086, 0.332, 0.2828888888888889, 0.3086, 0.3342222222222222, 0.3086, 0.3428888888888889, 0.3086, 0.3086, 0.2828888888888889, 0.3086, 0.3086, 0.3086, 0.2828888888888889, 0.3086, 0.3392222222222222, 0.301875, 0.3086, 0.262375, 0.3086, 0.3547142857142857, 0.292875, 0.3428888888888889, 0.3086, 0.3428888888888889, 0.3086, 0.33057142857142857, 0.294625, 0.3086, 0.3086, 0.3086, 0.350625, 0.279, 0.3086, 0.3086, 0.3086, 0.3086, 0.3086, 0.2796666666666667, 0.3086, 0.333375, 0.27055555555555555, 0.447, 0.216]",4.852527618408203,4.321048259735107,0.020860910415649414,0.0,0.0,0.3382070064544678,1112414,ai05,success,
resnet18_cifar10,CIFAR10,50,0.01,43,300,4.0,warmup_only_labelled,warmup_only,100,0.0,0.3545,0.11689999999999999,0.2514,0.868,0.3545,-0.6298398055866741,0,33,"[null, -0.9720323182100684, -0.20958083832335328, null, -0.75, null, null, -0.9886807985182137, -0.8571428571428572, -0.9634451677516275, 0.0, -0.6572516025641026, -0.17355035605289926, -1.0, null, -0.9353625170998632, -0.33887102536620217, -0.7133105802047781, -0.951678171863842, null, -0.22499999999999998, -0.33333333333333337, -1.0, -0.9504132231404959, null, -1.0, -0.8043478260869565, -0.5706405148636224, null, -0.32608695652173914, -0.33333333333333337, null, -0.7035714285714285, null, -0.2556645248562732, -0.17543859649122806, null, null, -1.0, -0.6, null, null, -0.5518001469507715, -0.6296296296296295, null, -0.7431192660550459, null, null, -0.5, -0.5714285714285715]","[null, 0.027967681789931635, 0.7857142857142857, null, 0.25, null, null, 0.011319201481786376, 0.14285714285714285, 0.03655483224837256, 1.0, 0.34194711538461536, 0.8260427263479145, 0.0, null, 0.06224350205198358, 0.6586280814576635, 0.28668941979522183, 0.03546774577481552, null, 0.75, 0.6666666666666666, 0.0, 0.04132231404958678, null, 0.0, 0.1956521739130435, 0.42935948513637756, null, 0.6739130434782609, 0.6666666666666666, null, 0.2767857142857143, null, 0.7088265133581333, 0.8245614035087719, null, null, 0.0, 0.4, null, null, 0.4481998530492285, 0.3333333333333333, null, 0.16972477064220184, null, null, 0.5, 0.07142857142857142]","[null, 1.0, 0.995295124037639, null, 1.0, null, null, 1.0, 1.0, 1.0, 1.0, 0.999198717948718, 0.9995930824008138, 1.0, null, 0.9976060191518468, 0.9974991068238657, 1.0, 0.9871459176386574, null, 0.975, 1.0, 1.0, 0.9917355371900827, null, 1.0, 1.0, 1.0, null, 1.0, 1.0, null, 0.9803571428571428, null, 0.9644910382144065, 1.0, null, null, 1.0, 1.0, null, null, 1.0, 0.9629629629629629, null, 0.9128440366972477, null, null, 1.0, 0.6428571428571429]",0.35305170634920635,50,"[0.3545, 0.38966666666666666, 0.291875, 0.3545, 0.35988888888888887, 0.3545, 0.3545, 0.3928888888888889, 0.3928888888888889, 0.39011111111111113, 0.30955555555555553, 0.44871428571428573, 0.335, 0.35988888888888887, 0.3545, 0.393, 0.348125, 0.35988888888888887, 0.27985714285714286, 0.3545, 0.30325, 0.35988888888888887, 0.302, 0.434125, 0.3545, 0.3937777777777778, 0.35988888888888887, 0.3436666666666667, 0.3545, 0.302, 0.28325, 0.3545, 0.398, 0.3545, 0.2362857142857143, 0.30955555555555553, 0.3545, 0.3545, 0.3928888888888889, 0.3537777777777778, 0.3545, 0.3545, 0.3436666666666667, 0.3015, 0.3545, 0.45771428571428574, 0.3545, 0.3545, 0.39375, 0.30575]",4.9780192375183105,4.540766954421997,0.021147727966308594,0.0,0.0,0.28699755668640137,1112414,ai05,success,
resnet18_cifar10,CIFAR10,50,0.01,44,300,4.0,warmup_only_labelled,warmup_only,100,0.0,0.3657,0.11720999999999998,0.2913,0.8667,0.3657,-0.6281018778367742,0,38,"[-0.898815931108719, -0.33333333333333337, -0.9875813128326434, -0.4138755980861244, null, -0.2727272727272728, -0.4, -0.3126094570928196, 0.0, -1.0, -1.0, -0.1694915254237288, -0.16207128446536656, null, -0.2666666666666667, -0.3094158442251267, -0.09090909090909094, null, -0.7, -1.0, null, null, -1.0, -0.46896551724137936, -0.15356489945155394, -0.7028301886792453, -0.5, -1.0, null, -1.0, -0.9958847736625515, null, -0.5, -0.7145499383477188, -0.3617932609937178, null, -0.35871056241426613, -0.9534252297410192, null, null, -0.9728539985326486, -0.3710928319623972, -0.9585798816568047, null, -0.9867924528301887, null, -0.6470588235294117, -0.9780219780219781, -0.9976782752902156, -0.9285714285714286]","[0.09221385001794044, 0.6666666666666666, 0.012418687167356593, 0.5839495432796868, null, 0.6818181818181818, 0.6, 0.6873905429071804, 1.0, 0.0, 0.0, 0.8305084745762712, 0.8016139878950908, null, 0.6980392156862745, 0.6905841557748733, 0.7272727272727273, null, 0.3, 0.0, null, null, 0.0, 0.5310344827586206, 0.8013406459475929, 0.2971698113207547, 0.5, 0.0, null, 0.0, 0.00411522633744856, null, 0.5, 0.28339498561446774, 0.6359223300970874, null, 0.622085048010974, 0.04657477025898078, null, null, 0.004402054292002935, 0.6289071680376028, 0.04142011834319527, null, 0.013207547169811321, null, 0.23529411764705882, 0.01098901098901099, 0.0013266998341625207, 0.0]","[0.9910297811266595, 1.0, 1.0, 0.9978251413658112, null, 0.9545454545454546, 1.0, 1.0, 1.0, 1.0, 1.0, 1.0, 0.9636852723604573, null, 0.9647058823529412, 1.0, 0.8181818181818182, null, 1.0, 1.0, null, null, 1.0, 1.0, 0.9549055453991468, 1.0, 1.0, 1.0, null, 1.0, 1.0, null, 1.0, 0.9979449239621866, 0.9977155910908052, null, 0.9807956104252401, 1.0, null, null, 0.9772560528246516, 1.0, 1.0, null, 1.0, null, 0.8823529411764706, 0.989010989010989, 0.9990049751243781, 0.9285714285714286]",0.3657956190476191,50,"[0.4397142857142857, 0.3381111111111111, 0.4051111111111111, 0.30875, 0.3657, 0.299625, 0.3432222222222222, 0.32944444444444443, 0.37477777777777777, 0.4063333333333333, 0.4063333333333333, 0.31366666666666665, 0.276125, 0.3657, 0.276125, 0.32944444444444443, 0.309375, 0.3657, 0.33755555555555555, 0.4063333333333333, 0.3657, 0.3657, 0.4063333333333333, 0.34425, 0.276125, 0.37477777777777777, 0.3381111111111111, 0.4063333333333333, 0.3657, 0.4063333333333333, 0.4063333333333333, 0.3657, 0.37975, 0.421625, 0.3412857142857143, 0.3657, 0.29325, 0.40244444444444444, 0.3657, 0.3657, 0.4362857142857143, 0.3381111111111111, 0.40244444444444444, 0.3657, 0.4051111111111111, 0.3657, 0.3934285714285714, 0.3221428571428571, 0.386, 0.5208571428571429]",5.102122783660889,4.534734010696411,0.020535707473754883,0.0,0.0,0.3427164554595947,1112414,ai05,success,
resnet18_cifar10,CIFAR10,50,0.05,42,300,4.0,dp_avg_eps2_K20,dp_avg,10,3.986361524956496,0.368,0.20183800000000002,0.4288,0.8701,0.2523,-0.5294876705569136,1,49,"[-0.1158008658008658, -0.398110661268556, 0.0, 0.13888888888888884, -0.09413202933985332, -0.8949550794747754, 0.0, -0.42857142857142855, -0.6451612903225806, -0.8649107901444351, -0.011688311688311748, -0.981074168797954, -0.10955710955710951, -0.8728070175438596, -0.8869565217391304, -0.9453376205787781, -0.9523809523809523, -0.3486603910209993, -0.49532983070636316, -0.3910256410256411, -0.5795190069821567, -0.14151534126487164, -0.8943572337717437, -0.8998357963875205, -0.362934362934363, -0.8471337579617835, -0.6089080999812065, -0.8361702127659574, -0.8611111111111112, -0.5685618729096991, -0.1116751269035533, 0.0, -0.15736040609137047, -0.6666666666666667, -0.588477366255144, -0.2842639593908629, -0.9029680365296803, -0.710801393728223, -0.5567258501354198, -0.48351648351648346, -0.7195121951219512, -0.955962587685113, null, -0.5775206611570247, -0.22737819025522032, -0.32142857142857145, -0.875, -0.578125, -0.37751479289940826, -0.9523809523809524]","[0.8268398268398268, 0.5978407557354926, 1.0, 0.6666666666666666, 0.8863080684596577, 0.053213545266067724, 1.0, 0.42857142857142855, 0.25, 0.10195412064570943, 0.9757575757575757, 0.009718670076726343, 0.8321678321678322, 0.06432748538011696, 0.07304347826086957, 0.02572347266881029, 0.0, 0.6071687183200579, 0.4956217162872154, 0.6089743589743589, 0.378200155159038, 0.8290544771446462, 0.08697496817988969, 0.07936507936507936, 0.5637065637065637, 0.0, 0.34655140011276075, 0.09042553191489362, 0.10101010101010101, 0.35451505016722407, 0.7360406091370558, 1.0, 0.6802030456852792, 0.14285714285714285, 0.35939643347050754, 0.5685279187817259, 0.04680365296803653, 0.20557491289198607, 0.43514896178152274, 0.44427001569858715, 0.24390243902439024, 0.017537022603273576, null, 0.38578512396694215, 0.7076566125290024, 0.42857142857142855, 0.03125, 0.125, 0.4863905325443787, 0.034722222222222224]","[0.9426406926406926, 0.9959514170040485, 1.0, 0.5277777777777778, 0.980440097799511, 0.9481686247408431, 1.0, 0.8571428571428571, 0.8951612903225806, 0.9668649107901445, 0.9874458874458875, 0.9907928388746803, 0.9417249417249417, 0.9371345029239766, 0.96, 0.9710610932475884, 0.9523809523809523, 0.9558291093410572, 0.9909515469935786, 1.0, 0.9577191621411947, 0.9705698184095178, 0.9813322019516334, 0.9792008757525998, 0.9266409266409267, 0.8471337579617835, 0.9554595000939673, 0.926595744680851, 0.9621212121212122, 0.9230769230769231, 0.8477157360406091, 1.0, 0.8375634517766497, 0.8095238095238095, 0.9478737997256516, 0.8527918781725888, 0.9497716894977168, 0.9163763066202091, 0.9918748119169425, 0.9277864992150706, 0.9634146341463414, 0.9734996102883866, null, 0.9633057851239669, 0.9350348027842227, 0.75, 0.90625, 0.703125, 0.863905325443787, 0.9871031746031746]",0.34203060317460315,50,"[0.2738333333333333, 0.3895, 0.2982222222222222, 0.4435, 0.18683333333333332, 0.43583333333333335, 0.30885714285714283, 0.3512857142857143, 0.4258571428571429, 0.512, 0.20233333333333334, 0.3458333333333333, 0.17142857142857143, 0.2906666666666667, 0.3551666666666667, 0.5078571428571429, 0.46, 0.2646, 0.33816666666666667, 0.3446666666666667, 0.4054, 0.405, 0.4435, 0.4232, 0.2906666666666667, 0.46, 0.1525, 0.38725, 0.43183333333333335, 0.2347142857142857, 0.35283333333333333, 0.30822222222222223, 0.3482, 0.4238571428571429, 0.3942, 0.314, 0.3308333333333333, 0.2336, 0.2308, 0.2332, 0.3695, 0.40125, 0.368, 0.3896, 0.227, 0.3894285714285714, 0.4265, 0.4985, 0.2755, 0.046]",38.624085426330566,4.884812831878662,0.09947514533996582,33.174646615982056,0.002191781997680664,0.2903320789337158,1112414,ai05,success,
resnet18_cifar10,CIFAR10,50,0.05,43,300,4.0,dp_avg_eps2_K20,dp_avg,10,3.9676203949800515,0.4131,0.188858,0.4646,0.868,0.2206,-0.5052549569809883,2,48,"[-0.6877637130801688, -0.45483576642335766, -0.8453571428571428, -0.04088555615068734, -0.7853048462741011, -0.7647887323943662, -0.24728850325379614, -0.8064987221613729, -0.6592356687898089, -0.16470588235294115, -0.2878048780487805, -0.5, -0.375, -0.6928236083165661, -0.6875, -1.0, -0.2751091703056769, -0.3719885667619437, -0.007194244604316502, 0.13888888888888895, -0.7600542250338906, -0.27501909854851025, -0.151012891344383, -0.8990757855822551, -0.7247524752475247, -0.09523809523809523, -0.30447761194029854, 0.03401360544217691, null, -0.773011617515639, -0.7428571428571429, -0.8598726114649682, -0.9174311926605505, -0.30000000000000004, -0.2674571805006588, -0.11182108626198084, -0.2342546443135478, -0.6659707724425887, -0.5983606557377049, -0.4418011894647409, -0.8256513026052104, -0.7844827586206897, -0.9947831757417672, -0.08799999999999997, -0.809475806451613, null, -0.7119741100323624, -0.2857142857142857, -0.8018617021276596, -0.346644010195412]","[0.26371308016877637, 0.531934306569343, 0.1467857142857143, 0.9500089269773255, 0.2146951537258989, 0.07605633802816901, 0.7295733911785972, 0.15370573201898502, 0.28343949044585987, 0.8176470588235294, 0.6048780487804878, 0.3333333333333333, 0.5416666666666666, 0.28437290409121396, 0.1875, 0.0, 0.45414847161572053, 0.6178031849734585, 0.9640287769784173, 0.9074074074074074, 0.2078626299141437, 0.6730328495034378, 0.7329650092081031, 0.08613678373382624, 0.25643564356435644, 0.7619047619047619, 0.6895522388059702, 0.9115646258503401, null, 0.15907059874888294, 0.17142857142857143, 0.11464968152866242, 0.08256880733944955, 0.6073170731707317, 0.7220026350461133, 0.8434504792332268, 0.6909832351608518, 0.2797494780793319, 0.22131147540983606, 0.530161427357689, 0.16366065464261856, 0.13793103448275862, 0.004238669709814151, 0.8, 0.1310483870967742, null, 0.27184466019417475, 0.7142857142857143, 0.11702127659574468, 0.5598980458793543]","[0.9514767932489452, 0.9867700729927007, 0.9921428571428571, 0.9908944831280129, 1.0, 0.8408450704225352, 0.9768618944323934, 0.9602044541803578, 0.9426751592356688, 0.9823529411764705, 0.8926829268292683, 0.8333333333333334, 0.9166666666666666, 0.97719651240778, 0.875, 1.0, 0.7292576419213974, 0.9897917517354022, 0.9712230215827338, 0.7685185185185185, 0.9679168549480344, 0.948051948051948, 0.8839779005524862, 0.9852125693160814, 0.9811881188118812, 0.8571428571428571, 0.9940298507462687, 0.8775510204081632, null, 0.9320822162645219, 0.9142857142857143, 0.9745222929936306, 1.0, 0.9073170731707317, 0.9894598155467721, 0.9552715654952076, 0.9252378794743996, 0.9457202505219207, 0.819672131147541, 0.9719626168224299, 0.9893119572478289, 0.9224137931034483, 0.9990218454515813, 0.888, 0.9405241935483871, null, 0.9838187702265372, 1.0, 0.9188829787234043, 0.9065420560747663]",0.39889157142857146,50,"[0.44042857142857145, 0.4565714285714286, 0.473, 0.31585714285714284, 0.43644444444444447, 0.43214285714285716, 0.4466, 0.48775, 0.393, 0.3374285714285714, 0.45516666666666666, 0.4, 0.392375, 0.3496666666666667, 0.47725, 0.6396666666666667, 0.4638333333333333, 0.4791666666666667, 0.30414285714285716, 0.2145, 0.41914285714285715, 0.471, 0.29075, 0.45666666666666667, 0.362, 0.387125, 0.423, 0.1957142857142857, 0.4131, 0.5398571428571428, 0.44142857142857145, 0.5195, 0.4494444444444444, 0.561, 0.31025, 0.4068, 0.10933333333333334, 0.35983333333333334, 0.369, 0.2728333333333333, 0.2728333333333333, 0.468, 0.42525, 0.3526666666666667, 0.4068, 0.4131, 0.4037142857142857, 0.37844444444444447, 0.468, 0.203]",38.08410620689392,4.901313066482544,0.1033484935760498,32.65312933921814,0.0021860599517822266,0.25298047065734863,1112414,ai05,success,
resnet18_cifar10,CIFAR10,50,0.05,44,300,4.0,dp_avg_eps2_K20,dp_avg,10,3.962551391060827,0.3011,0.18341800000000003,0.4486,0.8667,0.2871,-0.6284764715292661,1,49,"[-0.5688622754491017, -0.7714285714285715, -0.22424242424242424, -0.4708029197080292, -0.8045977011494252, -0.4285714285714286, -0.5702155453951665, -0.3548387096774194, -0.9090909090909091, 0.004739336492891044, -0.991304347826087, -0.5176300578034683, -0.4655172413793104, -0.9234693877551021, -0.4816176470588236, -0.7178217821782178, -0.8695652173913043, -1.0, -0.9661764705882353, null, -0.8238095238095238, -0.6528497409326425, -0.1750181554103123, -0.9815164089023011, -0.3220675944333996, -0.8518518518518519, -0.7961165048543689, -0.1534446764091858, -0.6666666666666667, -0.5166487647690654, -1.0, -0.2790697674418604, -0.08571428571428574, 0.0, 0.0, -0.6842105263157894, -0.8704225352112677, -0.10465116279069775, -0.7647058823529411, -0.9819879919946631, -0.9923023093072079, -0.14698022447888826, -0.8601986249045073, -0.8644747393744988, -1.0, -0.6890052356020943, -0.8168284789644013, -0.9822249463683728, -0.8765107724645297, -0.8250564334085779]","[0.2874251497005988, 0.22857142857142856, 0.7151515151515152, 0.4562043795620438, 0.19157088122605365, 0.5714285714285714, 0.4211299804049641, 0.6451612903225806, 0.07792207792207792, 1.0, 0.004347826086956522, 0.4124277456647399, 0.27586206896551724, 0.00510204081632653, 0.5036764705882353, 0.1707920792079208, 0.13043478260869565, 0.0, 0.011764705882352941, null, 0.058333333333333334, 0.20984455958549222, 0.7970225127087872, 0.012448132780082987, 0.647117296222664, 0.0, 0.06657420249653259, 0.8183716075156576, 0.3254129893641095, 0.41245972073039744, 0.0, 0.32558139534883723, 0.889795918367347, 1.0, 0.9940298507462687, 0.15789473684210525, 0.10140845070422536, 0.8488372093023255, 0.0, 0.0133422281521014, 0.007697690692792162, 0.8332442544094067, 0.07104660045836517, 0.04330392943063352, 0.0, 0.20680628272251309, 0.12330097087378641, 0.013484523444682808, 0.057803468208092484, 0.1455981941309255]","[0.8562874251497006, 1.0, 0.9393939393939394, 0.927007299270073, 0.9961685823754789, 1.0, 0.9913455258001306, 1.0, 0.987012987012987, 0.995260663507109, 0.9956521739130435, 0.9300578034682081, 0.7413793103448276, 0.9285714285714286, 0.9852941176470589, 0.8886138613861386, 1.0, 1.0, 0.9779411764705882, null, 0.8821428571428571, 0.8626943005181347, 0.9720406681190995, 0.993964541682384, 0.9691848906560636, 0.8518518518518519, 0.8626907073509015, 0.9718162839248434, 0.9920796560307762, 0.9291084854994629, 1.0, 0.6046511627906976, 0.9755102040816327, 1.0, 0.9940298507462687, 0.8421052631578947, 0.971830985915493, 0.9534883720930233, 0.7647058823529411, 0.9953302201467645, 1.0, 0.980224478888295, 0.9312452253628725, 0.9077786688051324, 1.0, 0.8958115183246074, 0.9401294498381877, 0.9957094698130555, 0.9343142406726221, 0.9706546275395034]",0.2799430079365079,50,"[0.4148, 0.3455, 0.283, 0.3348333333333333, 0.35375, 0.23, 0.2658, 0.261625, 0.252375, 0.136875, 0.366125, 0.060333333333333336, 0.30883333333333335, 0.41714285714285715, 0.18171428571428572, 0.2815, 0.3263333333333333, 0.36575, 0.25125, 0.3011, 0.083, 0.2024, 0.2632857142857143, 0.41714285714285715, 0.32, 0.37425, 0.3694, 0.056666666666666664, 0.1317142857142857, 0.4326, 0.374375, 0.2815, 0.18, 0.24, 0.2522857142857143, 0.2505, 0.30416666666666664, 0.14542857142857143, 0.37425, 0.3745, 0.33366666666666667, 0.05683333333333333, 0.4072857142857143, 0.41728571428571426, 0.3337777777777778, 0.3378, 0.2774285714285714, 0.2931666666666667, 0.3658, 0.008]",38.60991716384888,4.917656898498535,0.0885000228881836,33.13525342941284,0.0022363662719726562,0.2867403030395508,1112414,ai05,success,
resnet18_cifar10,CIFAR10,50,0.05,42,300,4.0,dp_avg_eps8_K20,dp_avg,10,0.996590381239124,0.38,0.20183800000000002,0.4288,0.8701,0.3338,-0.5203906541878234,1,49,"[-0.09523809523809523, -0.38866396761133604, 0.0, 0.16666666666666663, -0.08557457212713937, -0.8928818244644091, -0.19999999999999996, -0.42857142857142855, -0.6290322580645161, -0.8300764655904843, -0.011688311688311748, -0.981074168797954, -0.09324009324009319, -0.8713450292397661, -0.8834782608695652, -0.9469453376205788, -0.9523809523809523, -0.3406951484431572, -0.48307063631056635, -0.3589743589743589, -0.5616757176105508, -0.12460864120225423, -0.8956300381841323, -0.8938149972632731, -0.362934362934363, -0.8471337579617835, -0.5606089080999812, -0.8329787234042553, -0.8282828282828283, -0.5117056856187292, -0.07614213197969544, 0.0, -0.12436548223350252, -0.6666666666666667, -0.5596707818930041, -0.23350253807106602, -0.891552511415525, -0.7073170731707317, -0.531146554318387, -0.4678178963893249, -0.6840354767184036, -0.9547934528448948, null, -0.568595041322314, -0.22273781902552203, -0.2857142857142857, -0.875, -0.59375, -0.3763313609467455, -0.9543650793650794]","[0.8474025974025974, 0.6072874493927125, 1.0, 0.6944444444444444, 0.8948655256723717, 0.055286800276434005, 0.8, 0.42857142857142855, 0.2661290322580645, 0.13678844519966016, 0.9757575757575757, 0.009718670076726343, 0.8484848484848485, 0.06578947368421052, 0.07652173913043478, 0.024115755627009645, 0.0, 0.6151339608979001, 0.5078809106830122, 0.6410256410256411, 0.3960434445306439, 0.8459611772072636, 0.08570216376750106, 0.08538587848932677, 0.5637065637065637, 0.0, 0.3948505919939861, 0.09361702127659574, 0.13383838383838384, 0.411371237458194, 0.7715736040609137, 1.0, 0.7131979695431472, 0.14285714285714285, 0.38820301783264743, 0.6192893401015228, 0.05821917808219178, 0.20905923344947736, 0.4607282575985555, 0.4599686028257457, 0.2793791574279379, 0.018706157443491817, null, 0.3947107438016529, 0.7122969837587007, 0.4642857142857143, 0.03125, 0.109375, 0.48757396449704143, 0.03273809523809524]","[0.9426406926406926, 0.9959514170040485, 1.0, 0.5277777777777778, 0.980440097799511, 0.9481686247408431, 1.0, 0.8571428571428571, 0.8951612903225806, 0.9668649107901445, 0.9874458874458875, 0.9907928388746803, 0.9417249417249417, 0.9371345029239766, 0.96, 0.9710610932475884, 0.9523809523809523, 0.9558291093410572, 0.9909515469935786, 1.0, 0.9577191621411947, 0.9705698184095178, 0.9813322019516334, 0.9792008757525998, 0.9266409266409267, 0.8471337579617835, 0.9554595000939673, 0.926595744680851, 0.9621212121212122, 0.9230769230769231, 0.8477157360406091, 1.0, 0.8375634517766497, 0.8095238095238095, 0.9478737997256516, 0.8527918781725888, 0.9497716894977168, 0.9163763066202091, 0.9918748119169425, 0.9277864992150706, 0.9634146341463414, 0.9734996102883866, null, 0.9633057851239669, 0.9350348027842227, 0.75, 0.90625, 0.703125, 0.863905325443787, 0.9871031746031746]",0.3548300158730159,50,"[0.2828333333333333, 0.4025, 0.31155555555555553, 0.4615, 0.203, 0.452, 0.3181428571428571, 0.363, 0.43142857142857144, 0.524, 0.2195, 0.3521666666666667, 0.184, 0.30666666666666664, 0.37383333333333335, 0.5251428571428571, 0.475, 0.2886, 0.3431666666666667, 0.35455555555555557, 0.425, 0.41475, 0.461, 0.4346, 0.30666666666666664, 0.475, 0.1585, 0.38925, 0.4345, 0.24242857142857144, 0.369, 0.3214444444444444, 0.366, 0.42728571428571427, 0.399, 0.33, 0.3373333333333333, 0.2526, 0.2468, 0.2462, 0.37583333333333335, 0.42175, 0.38, 0.3914, 0.2494, 0.401, 0.44666666666666666, 0.516, 0.2955, 0.054]",38.826624393463135,5.071938514709473,0.09570097923278809,33.25539040565491,0.002239704132080078,0.24410223960876465,1112414,ai05,success,
resnet18_cifar10,CIFAR10,50,0.05,43,300,4.0,dp_avg_eps8_K20,dp_avg,10,0.9919050987450129,0.4368,0.188858,0.4646,0.868,0.3576,-0.47906574328267837,2,48,"[-0.6582278481012658, -0.43065693430656926, -0.7807142857142857, -0.04784859846455991, -0.7571651902032308, -0.7295774647887324, -0.21402747650036158, -0.7845929171230377, -0.624203821656051, -0.10588235294117643, -0.2731707317073171, -0.5, -0.375, -0.6659959758551308, -0.625, -1.0, -0.24454148471615722, -0.3168640261331156, -0.007194244604316502, 0.12962962962962965, -0.7293267058291912, -0.2536287242169595, -0.14364640883977897, -0.8683918669131239, -0.695049504950495, -0.09523809523809523, -0.263681592039801, 0.04081632653061229, null, -0.7274352100089365, -0.7142857142857142, -0.8280254777070064, -0.8990825688073394, -0.275609756097561, -0.22134387351778662, -0.10862619808306706, -0.2365201631173538, -0.6649269311064718, -0.5163934426229508, -0.4120645709430756, -0.8199732798931195, -0.75, -0.9925008151287903, -0.08799999999999997, -0.7883064516129032, null, -0.6828478964401294, -0.19047619047619047, -0.7367021276595745, -0.32285471537807986]","[0.29324894514767935, 0.5561131386861314, 0.21142857142857144, 0.943045884663453, 0.24283480979676916, 0.11126760563380282, 0.7628344179320318, 0.1756115370573202, 0.3184713375796178, 0.8764705882352941, 0.6195121951219512, 0.3333333333333333, 0.5416666666666666, 0.31120053655264923, 0.25, 0.0, 0.4847161572052402, 0.6729277256022866, 0.9640287769784173, 0.8981481481481481, 0.2385901491188432, 0.6944232238349886, 0.7403314917127072, 0.11682070240295749, 0.2861386138613861, 0.7619047619047619, 0.7303482587064677, 0.9183673469387755, null, 0.20464700625558535, 0.2, 0.1464968152866242, 0.10091743119266056, 0.6317073170731707, 0.7681159420289855, 0.8466453674121406, 0.6887177163570458, 0.2807933194154488, 0.30327868852459017, 0.5598980458793543, 0.16933867735470942, 0.1724137931034483, 0.006521030322791001, 0.8, 0.15221774193548387, null, 0.30097087378640774, 0.8095238095238095, 0.18218085106382978, 0.5836873406966865]","[0.9514767932489452, 0.9867700729927007, 0.9921428571428571, 0.9908944831280129, 1.0, 0.8408450704225352, 0.9768618944323934, 0.9602044541803578, 0.9426751592356688, 0.9823529411764705, 0.8926829268292683, 0.8333333333333334, 0.9166666666666666, 0.97719651240778, 0.875, 1.0, 0.7292576419213974, 0.9897917517354022, 0.9712230215827338, 0.7685185185185185, 0.9679168549480344, 0.948051948051948, 0.8839779005524862, 0.9852125693160814, 0.9811881188118812, 0.8571428571428571, 0.9940298507462687, 0.8775510204081632, null, 0.9320822162645219, 0.9142857142857143, 0.9745222929936306, 1.0, 0.9073170731707317, 0.9894598155467721, 0.9552715654952076, 0.9252378794743996, 0.9457202505219207, 0.819672131147541, 0.9719626168224299, 0.9893119572478289, 0.9224137931034483, 0.9990218454515813, 0.888, 0.9405241935483871, null, 0.9838187702265372, 1.0, 0.9188829787234043, 0.9065420560747663]",0.4227229365079367,50,"[0.46485714285714286, 0.48142857142857143, 0.4842, 0.352, 0.45855555555555555, 0.4551428571428571, 0.466, 0.51375, 0.4168, 0.3697142857142857, 0.4655, 0.422, 0.422125, 0.36666666666666664, 0.49275, 0.667, 0.485, 0.49366666666666664, 0.33585714285714285, 0.24316666666666667, 0.43342857142857144, 0.49183333333333334, 0.3375, 0.472, 0.3885, 0.4095, 0.44014285714285717, 0.22814285714285715, 0.4368, 0.5581428571428572, 0.45585714285714285, 0.5396666666666666, 0.4721111111111111, 0.57325, 0.336375, 0.4386, 0.13166666666666665, 0.39116666666666666, 0.3962, 0.303, 0.303, 0.486, 0.449, 0.38433333333333336, 0.4386, 0.4368, 0.4215714285714286, 0.3997777777777778, 0.486, 0.241]",24.086657762527466,4.790608644485474,0.10638976097106934,18.709699869155884,0.002330303192138672,0.2813119888305664,1112414,ai05,success,
resnet18_cifar10,CIFAR10,50,0.05,44,300,4.0,dp_avg_eps8_K20,dp_avg,10,0.9906378477652068,0.3056,0.18341800000000003,0.4486,0.8667,0.3705,-0.6196839765412756,2,49,"[-0.5688622754491017, -0.7142857142857143, -0.20000000000000007, -0.44890510948905105, -0.7931034482758621, -0.4285714285714286, -0.5582952318745917, -0.3548387096774194, -0.8961038961038961, 0.004739336492891044, -0.9826086956521739, -0.5124277456647399, -0.4482758620689656, -0.9234693877551021, -0.4595588235294118, -0.7326732673267327, -0.8695652173913043, -0.9473684210526316, -0.9661764705882353, null, -0.8226190476190476, -0.6398963730569948, -0.16775599128540308, -0.978875895888344, -0.3210735586481114, -0.8518518518518519, -0.7877947295423023, -0.14196242171189977, -0.6530889341479973, -0.5026852846401718, -1.0, -0.25581395348837205, -0.08027210884353742, 0.0, 0.0014925373134327957, -0.6842105263157894, -0.8563380281690142, -0.08720930232558144, -0.7647058823529411, -0.9819879919946631, -0.9860041987403779, -0.14377338321753075, -0.8533231474407945, -0.855653568564555, -1.0, -0.6863874345549739, -0.8051779935275081, -0.9708856880171621, -0.8691539674198634, -0.817155756207675]","[0.2874251497005988, 0.2857142857142857, 0.7393939393939394, 0.4781021897810219, 0.20306513409961685, 0.5714285714285714, 0.43305029392553884, 0.6451612903225806, 0.09090909090909091, 1.0, 0.013043478260869565, 0.41763005780346824, 0.29310344827586204, 0.00510204081632653, 0.5257352941176471, 0.15594059405940594, 0.13043478260869565, 0.05263157894736842, 0.011764705882352941, null, 0.05952380952380952, 0.22279792746113988, 0.8042846768336964, 0.015088645794039984, 0.6481113320079522, 0.0, 0.07489597780859916, 0.8298538622129437, 0.3389907218827789, 0.4264232008592911, 0.0, 0.3488372093023256, 0.8952380952380953, 1.0, 0.9955223880597015, 0.15789473684210525, 0.11549295774647887, 0.8662790697674418, 0.0, 0.0133422281521014, 0.013995801259622114, 0.8364510956707643, 0.07792207792207792, 0.052125100240577385, 0.0, 0.2094240837696335, 0.13495145631067962, 0.02482378179589335, 0.0651602732527588, 0.15349887133182843]","[0.8562874251497006, 1.0, 0.9393939393939394, 0.927007299270073, 0.9961685823754789, 1.0, 0.9913455258001306, 1.0, 0.987012987012987, 0.995260663507109, 0.9956521739130435, 0.9300578034682081, 0.7413793103448276, 0.9285714285714286, 0.9852941176470589, 0.8886138613861386, 1.0, 1.0, 0.9779411764705882, null, 0.8821428571428571, 0.8626943005181347, 0.9720406681190995, 0.993964541682384, 0.9691848906560636, 0.8518518518518519, 0.8626907073509015, 0.9718162839248434, 0.9920796560307762, 0.9291084854994629, 1.0, 0.6046511627906976, 0.9755102040816327, 1.0, 0.9940298507462687, 0.8421052631578947, 0.971830985915493, 0.9534883720930233, 0.7647058823529411, 0.9953302201467645, 1.0, 0.980224478888295, 0.9312452253628725, 0.9077786688051324, 1.0, 0.8958115183246074, 0.9401294498381877, 0.9957094698130555, 0.9343142406726221, 0.9706546275395034]",0.2844210476190476,50,"[0.4192, 0.34875, 0.2875, 0.3373333333333333, 0.3575, 0.234, 0.2712, 0.26625, 0.25625, 0.1415, 0.37075, 0.06533333333333333, 0.3155, 0.4225714285714286, 0.18485714285714286, 0.28583333333333333, 0.33066666666666666, 0.371125, 0.25725, 0.3056, 0.08825, 0.2042, 0.26671428571428574, 0.4225714285714286, 0.3263333333333333, 0.37975, 0.3752, 0.061, 0.13514285714285715, 0.438, 0.379125, 0.28583333333333333, 0.1845, 0.243, 0.256, 0.25625, 0.30783333333333335, 0.15071428571428572, 0.37975, 0.38033333333333336, 0.33844444444444444, 0.06016666666666667, 0.413, 0.4218571428571429, 0.3378888888888889, 0.343, 0.28185714285714286, 0.2961666666666667, 0.3692, 0.01]",35.53704786300659,4.704209566116333,0.09634184837341309,30.26904821395874,0.0020236968994140625,0.2991952896118164,1112414,ai05,success,
resnet18_cifar10,CIFAR10,50,0.05,42,300,4.0,labelled_probe_warmup,labelled,100,0.0,0.3726,0.20183800000000002,0.4288,0.8701,0.3086,-0.5310486744211397,1,49,"[-0.09956709956709953, -0.427800269905533, 0.0, 0.13888888888888884, -0.08312958435207829, -0.8997926744989633, -0.4, -0.42857142857142855, -0.6370967741935484, -0.8385726423109601, -0.017748917748917736, -0.981074168797954, -0.09790209790209792, -0.8654970760233918, -0.8921739130434783, -0.9469453376205788, -0.9523809523809523, -0.3113685734974656, -0.5183887915936953, -0.40384615384615385, -0.5818463925523661, -0.12586098935504064, -0.9113279592702588, -0.9085933223864258, -0.38223938223938225, -0.8471337579617835, -0.5581657583161059, -0.823404255319149, -0.8156565656565657, -0.508361204013378, -0.08121827411167515, 0.0, -0.15736040609137047, -0.6666666666666667, -0.5816186556927297, -0.2741116751269036, -0.8926940639269406, -0.6968641114982579, -0.5618417092988264, -0.4552590266875981, -0.6784922394678492, -0.9524551831644583, null, -0.5381818181818181, -0.22505800464037118, -0.2857142857142857, -0.875, -0.625, -0.38698224852071, -0.9613095238095238]","[0.8430735930735931, 0.5681511470985156, 1.0, 0.6666666666666666, 0.8973105134474327, 0.04837595024187975, 0.6, 0.42857142857142855, 0.25806451612903225, 0.12829226847918437, 0.9696969696969697, 0.009718670076726343, 0.8438228438228438, 0.07163742690058479, 0.06782608695652174, 0.024115755627009645, 0.0, 0.6444605358435916, 0.47256275539988324, 0.5961538461538461, 0.37587276958882854, 0.8447088290544772, 0.07000424268137463, 0.07060755336617405, 0.5444015444015444, 0.0, 0.3972937417778613, 0.10319148936170212, 0.14646464646464646, 0.41471571906354515, 0.766497461928934, 1.0, 0.6802030456852792, 0.14285714285714285, 0.3662551440329218, 0.5786802030456852, 0.05707762557077625, 0.21951219512195122, 0.43003310261811617, 0.4725274725274725, 0.28492239467849223, 0.021044427123928292, null, 0.42512396694214877, 0.7099767981438515, 0.4642857142857143, 0.03125, 0.078125, 0.47692307692307695, 0.025793650793650792]","[0.9426406926406926, 0.9959514170040485, 1.0, 0.5277777777777778, 0.980440097799511, 0.9481686247408431, 1.0, 0.8571428571428571, 0.8951612903225806, 0.9668649107901445, 0.9874458874458875, 0.9907928388746803, 0.9417249417249417, 0.9371345029239766, 0.96, 0.9710610932475884, 0.9523809523809523, 0.9558291093410572, 0.9909515469935786, 1.0, 0.9577191621411947, 0.9705698184095178, 0.9813322019516334, 0.9792008757525998, 0.9266409266409267, 0.8471337579617835, 0.9554595000939673, 0.926595744680851, 0.9621212121212122, 0.9230769230769231, 0.8477157360406091, 1.0, 0.8375634517766497, 0.8095238095238095, 0.9478737997256516, 0.8527918781725888, 0.9497716894977168, 0.9163763066202091, 0.9918748119169425, 0.9277864992150706, 0.9634146341463414, 0.9734996102883866, null, 0.9633057851239669, 0.9350348027842227, 0.75, 0.90625, 0.703125, 0.863905325443787, 0.9871031746031746]",0.34703762698412693,50,"[0.2695, 0.399125, 0.30333333333333334, 0.44475, 0.2015, 0.44583333333333336, 0.31342857142857145, 0.3687142857142857, 0.427, 0.502, 0.21466666666666667, 0.3466666666666667, 0.1792857142857143, 0.294, 0.373, 0.5201428571428571, 0.46575, 0.2684, 0.3401666666666667, 0.3511111111111111, 0.4236, 0.40025, 0.4523333333333333, 0.431, 0.294, 0.46575, 0.143, 0.372, 0.4205, 0.231, 0.3675, 0.313, 0.3544, 0.42228571428571426, 0.392, 0.32125, 0.33216666666666667, 0.2498, 0.2432, 0.2396, 0.35683333333333334, 0.4115, 0.3726, 0.3888, 0.2484, 0.38957142857142857, 0.44083333333333335, 0.518, 0.28933333333333333, 0.039]",39.53869152069092,4.938479900360107,0.0208740234375,34.16028618812561,0.0020394325256347656,0.26078271865844727,1112414,ai05,success,
resnet18_cifar10,CIFAR10,50,0.05,43,300,4.0,labelled_probe_warmup,labelled,100,0.0,0.4339,0.188858,0.4646,0.868,0.3545,-0.4815461954535783,2,48,"[-0.7626582278481013, -0.4156021897810218, -0.7157142857142857, -0.072129976789859, -0.8520062532569046, -0.7014084507042253, -0.19667389732465657, -0.828039430449069, -0.6592356687898089, -0.08235294117647052, -0.2731707317073171, -0.5, -0.375, -0.653252850435949, -0.53125, -1.0, -0.2663755458515284, -0.2788893425888118, -0.007194244604316502, 0.10185185185185186, -0.7677361048350655, -0.2627960275019099, -0.15009208103130756, -0.8609981515711645, -0.7376237623762376, -0.04761904761904756, -0.2199004975124379, 0.054421768707483054, null, -0.7229669347631814, -0.7142857142857142, -0.8789808917197452, -0.8715596330275229, -0.25853658536585367, -0.17918313570487487, -0.09265175718849838, -0.2564567285908472, -0.6774530271398747, -0.5737704918032787, -0.37553101104502973, -0.81563126252505, -0.7586206896551724, -0.9938050211933486, -0.128, -0.7852822580645161, null, -0.7831715210355987, -0.16666666666666663, -0.6795212765957447, -0.340696686491079]","[0.18881856540084388, 0.5711678832116789, 0.2764285714285714, 0.9187645063381539, 0.14799374674309537, 0.13943661971830987, 0.7801879971077368, 0.1321650237312888, 0.28343949044585987, 0.9, 0.6195121951219512, 0.3333333333333333, 0.5416666666666666, 0.323943661971831, 0.34375, 0.0, 0.462882096069869, 0.7109024091465904, 0.9640287769784173, 0.8703703703703703, 0.20018075011296882, 0.6852559205500381, 0.7338858195211786, 0.12421441774491682, 0.24356435643564356, 0.8095238095238095, 0.7741293532338308, 0.9319727891156463, null, 0.20911528150134048, 0.2, 0.09554140127388536, 0.12844036697247707, 0.6487804878048781, 0.8102766798418972, 0.8626198083067093, 0.6687811508835524, 0.26826722338204595, 0.2459016393442623, 0.5964316057774002, 0.1736806947227789, 0.16379310344827586, 0.005216824258232801, 0.76, 0.15524193548387097, null, 0.20064724919093851, 0.8333333333333334, 0.2393617021276596, 0.5658453695836874]","[0.9514767932489452, 0.9867700729927007, 0.9921428571428571, 0.9908944831280129, 1.0, 0.8408450704225352, 0.9768618944323934, 0.9602044541803578, 0.9426751592356688, 0.9823529411764705, 0.8926829268292683, 0.8333333333333334, 0.9166666666666666, 0.97719651240778, 0.875, 1.0, 0.7292576419213974, 0.9897917517354022, 0.9712230215827338, 0.7685185185185185, 0.9679168549480344, 0.948051948051948, 0.8839779005524862, 0.9852125693160814, 0.9811881188118812, 0.8571428571428571, 0.9940298507462687, 0.8775510204081632, null, 0.9320822162645219, 0.9142857142857143, 0.9745222929936306, 1.0, 0.9073170731707317, 0.9894598155467721, 0.9552715654952076, 0.9252378794743996, 0.9457202505219207, 0.819672131147541, 0.9719626168224299, 0.9893119572478289, 0.9224137931034483, 0.9990218454515813, 0.888, 0.9405241935483871, null, 0.9838187702265372, 1.0, 0.9188829787234043, 0.9065420560747663]",0.4189818888888889,50,"[0.4697142857142857, 0.4727142857142857, 0.4446, 0.3544285714285714, 0.465, 0.439, 0.4558, 0.54075, 0.4294, 0.369, 0.4683333333333333, 0.41475, 0.418625, 0.3435, 0.48975, 0.6753333333333333, 0.477, 0.5036666666666667, 0.338, 0.25133333333333335, 0.42342857142857143, 0.488, 0.3575, 0.4673333333333333, 0.385, 0.401625, 0.44942857142857146, 0.22757142857142856, 0.4339, 0.5515714285714286, 0.43585714285714283, 0.5388333333333334, 0.4683333333333333, 0.546, 0.3315, 0.4496, 0.11166666666666666, 0.4048333333333333, 0.4156, 0.2925, 0.2925, 0.4891666666666667, 0.43775, 0.3938333333333333, 0.4496, 0.4339, 0.41828571428571426, 0.39011111111111113, 0.4891666666666667, 0.154]",33.630377531051636,4.241612434387207,0.020210981369018555,28.903892278671265,0.002032041549682617,0.2932741641998291,1112414,ai05,success,
resnet18_cifar10,CIFAR10,50,0.05,44,300,4.0,labelled_probe_warmup,labelled,100,0.0,0.2978,0.18341800000000003,0.4486,0.8667,0.3657,-0.6379403210483406,2,49,"[-0.5508982035928143, -0.9142857142857143, -0.20606060606060617, -0.48540145985401456, -0.9042145593869731, -0.4285714285714286, -0.5636838667537556, -0.32258064516129037, -0.8831168831168831, 0.004739336492891044, -0.9608695652173913, -0.5199421965317919, -0.4655172413793104, -0.9285714285714286, -0.4632352941176471, -0.7797029702970297, -0.9130434782608696, -0.9473684210526316, -0.9661764705882353, null, -0.8285714285714285, -0.6139896373056994, -0.1753812636165577, -0.953225198038476, -0.31610337972167, -0.8518518518518519, -0.7794729542302358, -0.14300626304801667, -0.7350079203439692, -0.5005370569280343, -1.0, -0.34883720930232553, -0.061224489795918435, -0.5, 0.0014925373134327957, -0.6842105263157894, -0.8253521126760563, -0.08139534883720934, -0.7647058823529411, -0.9823215476984657, -0.9643107067879636, -0.13308391234633887, -0.8716577540106952, -0.8652766639935846, -0.9285714285714286, -0.6926701570680629, -0.8110032362459547, -0.9384002451731536, -0.8665265370467682, -0.845372460496614]","[0.30538922155688625, 0.08571428571428572, 0.7333333333333333, 0.4416058394160584, 0.09195402298850575, 0.5714285714285714, 0.42766165904637493, 0.6774193548387096, 0.1038961038961039, 1.0, 0.034782608695652174, 0.4101156069364162, 0.27586206896551724, 0.0, 0.5220588235294118, 0.10891089108910891, 0.08695652173913043, 0.05263157894736842, 0.011764705882352941, null, 0.05357142857142857, 0.24870466321243523, 0.7966594045025418, 0.04073934364390796, 0.6530815109343936, 0.0, 0.08321775312066575, 0.8288100208768268, 0.25707173568680697, 0.42857142857142855, 0.0, 0.2558139534883721, 0.9142857142857143, 0.5, 0.9955223880597015, 0.15789473684210525, 0.14647887323943662, 0.872093023255814, 0.0, 0.013008672448298866, 0.03568929321203639, 0.8471405665419561, 0.059587471352177235, 0.042502004811547714, 0.07142857142857142, 0.2031413612565445, 0.129126213592233, 0.05730922463990193, 0.06778770362585392, 0.1252821670428894]","[0.8562874251497006, 1.0, 0.9393939393939394, 0.927007299270073, 0.9961685823754789, 1.0, 0.9913455258001306, 1.0, 0.987012987012987, 0.995260663507109, 0.9956521739130435, 0.9300578034682081, 0.7413793103448276, 0.9285714285714286, 0.9852941176470589, 0.8886138613861386, 1.0, 1.0, 0.9779411764705882, null, 0.8821428571428571, 0.8626943005181347, 0.9720406681190995, 0.993964541682384, 0.9691848906560636, 0.8518518518518519, 0.8626907073509015, 0.9718162839248434, 0.9920796560307762, 0.9291084854994629, 1.0, 0.6046511627906976, 0.9755102040816327, 1.0, 0.9940298507462687, 0.8421052631578947, 0.971830985915493, 0.9534883720930233, 0.7647058823529411, 0.9953302201467645, 1.0, 0.980224478888295, 0.9312452253628725, 0.9077786688051324, 1.0, 0.8958115183246074, 0.9401294498381877, 0.9957094698130555, 0.9343142406726221, 0.9706546275395034]",0.2766118968253969,50,"[0.4228, 0.353625, 0.2775, 0.339, 0.359125, 0.239, 0.248, 0.2545, 0.244375, 0.12975, 0.3575, 0.035, 0.30733333333333335, 0.4084285714285714, 0.171, 0.2961666666666667, 0.3218888888888889, 0.360875, 0.22925, 0.2978, 0.06, 0.2068, 0.2734285714285714, 0.4084285714285714, 0.31433333333333335, 0.3675, 0.3538, 0.0405, 0.13857142857142857, 0.4178, 0.36725, 0.2961666666666667, 0.16033333333333333, 0.246, 0.26157142857142857, 0.247375, 0.306, 0.14057142857142857, 0.3675, 0.3636666666666667, 0.3267777777777778, 0.04016666666666667, 0.406, 0.40814285714285714, 0.32655555555555554, 0.3554, 0.2715714285714286, 0.2986666666666667, 0.3698, 0.037]",30.351600408554077,4.3044328689575195,0.01958322525024414,25.622381687164307,0.002063751220703125,0.22889065742492676,1112414,ai05,success,
resnet18_cifar10,CIFAR10,50,0.05,42,300,4.0,no_phase0,none,0,0.0,0.3109,0.20183800000000002,0.4288,0.8701,0.1112,-0.5892152090982498,1,49,"[-0.12878787878787878, -0.5910931174089069, 0.0, 0.05555555555555558, -0.11002444987775062, -0.930200414651002, -0.4, -0.5714285714285714, -0.7338709677419355, -0.9167374681393373, -0.027272727272727337, -0.9836317135549872, -0.13519813519813517, -0.8786549707602339, -0.9026086956521738, -0.9694533762057878, -0.9523809523809523, -0.3790731354091239, -0.6768826619964974, -0.5608974358974359, -0.6524437548487199, -0.17407639323731994, -0.9257530759439966, -0.9480021893814997, -0.5096525096525097, -0.8471337579617835, -0.6521330576959219, -0.847872340425532, -0.9141414141414141, -0.6187290969899666, -0.14720812182741116, 0.0, -0.2208121827411167, -0.6666666666666667, -0.6899862825788752, -0.40609137055837563, -0.91324200913242, -0.7491289198606272, -0.6605476978633764, -0.609105180533752, -0.7727272727272727, -0.9571317225253313, null, -0.6502479338842975, -0.24361948955916468, -0.39285714285714285, -0.875, -0.671875, -0.3964497041420118, -0.9662698412698413]","[0.8138528138528138, 0.4048582995951417, 1.0, 0.5833333333333334, 0.8704156479217604, 0.01796821008984105, 0.6, 0.2857142857142857, 0.16129032258064516, 0.05012744265080714, 0.9601731601731601, 0.007161125319693095, 0.8065268065268065, 0.05847953216374269, 0.057391304347826085, 0.001607717041800643, 0.0, 0.5767559739319333, 0.31406888499708113, 0.4391025641025641, 0.30527540729247477, 0.7964934251721979, 0.05557912600763683, 0.031198686371100164, 0.416988416988417, 0.0, 0.30332644239804546, 0.07872340425531915, 0.047979797979797977, 0.30434782608695654, 0.700507614213198, 1.0, 0.616751269035533, 0.14285714285714285, 0.2578875171467764, 0.4467005076142132, 0.0365296803652968, 0.1672473867595819, 0.3313271140535661, 0.31868131868131866, 0.19068736141906872, 0.01636788776305534, null, 0.31305785123966945, 0.691415313225058, 0.35714285714285715, 0.03125, 0.03125, 0.46745562130177515, 0.020833333333333332]","[0.9426406926406926, 0.9959514170040485, 1.0, 0.5277777777777778, 0.980440097799511, 0.9481686247408431, 1.0, 0.8571428571428571, 0.8951612903225806, 0.9668649107901445, 0.9874458874458875, 0.9907928388746803, 0.9417249417249417, 0.9371345029239766, 0.96, 0.9710610932475884, 0.9523809523809523, 0.9558291093410572, 0.9909515469935786, 1.0, 0.9577191621411947, 0.9705698184095178, 0.9813322019516334, 0.9792008757525998, 0.9266409266409267, 0.8471337579617835, 0.9554595000939673, 0.926595744680851, 0.9621212121212122, 0.9230769230769231, 0.8477157360406091, 1.0, 0.8375634517766497, 0.8095238095238095, 0.9478737997256516, 0.8527918781725888, 0.9497716894977168, 0.9163763066202091, 0.9918748119169425, 0.9277864992150706, 0.9634146341463414, 0.9734996102883866, null, 0.9633057851239669, 0.9350348027842227, 0.75, 0.90625, 0.703125, 0.863905325443787, 0.9871031746031746]",0.28515807142857136,50,"[0.19316666666666665, 0.344125, 0.23466666666666666, 0.3645, 0.12316666666666666, 0.3995, 0.2845714285714286, 0.32385714285714284, 0.38385714285714284, 0.4225, 0.14483333333333334, 0.3, 0.11114285714285714, 0.24033333333333334, 0.3045, 0.43814285714285717, 0.388625, 0.1744, 0.2995, 0.29577777777777775, 0.3252, 0.36175, 0.4, 0.3978, 0.24033333333333334, 0.388625, 0.08975, 0.3205, 0.38033333333333336, 0.16557142857142856, 0.28933333333333333, 0.24688888888888888, 0.2844, 0.37085714285714283, 0.3198, 0.27625, 0.2816666666666667, 0.1732, 0.155, 0.199, 0.3065, 0.32725, 0.3109, 0.3774, 0.166, 0.3354285714285714, 0.345, 0.4518333333333333, 0.19716666666666666, 0.003]",38.949223041534424,4.929319620132446,0.007731199264526367,33.56950759887695,0.001901388168334961,0.24830937385559082,1112414,ai05,success,
resnet18_cifar10,CIFAR10,50,0.05,43,300,4.0,no_phase0,none,0,0.0,0.324,0.188858,0.4646,0.868,0.1046,-0.5968224819921103,1,48,"[-0.8702531645569621, -0.5333029197080292, -0.8771428571428571, -0.05909658989466171, -0.9676915059927045, -0.7690140845070422, -0.35213304410701374, -0.9065352318364367, -0.8057324840764332, -0.2647058823529411, -0.424390243902439, -0.6666666666666667, -0.375, -0.7873910127431254, -0.71875, -1.0, -0.35371179039301315, -0.6308697427521437, -0.007194244604316502, 0.10185185185185186, -0.8825124265702666, -0.3116883116883117, -0.21270718232044195, -0.9597042513863216, -0.8574257425742574, -0.1428571428571428, -0.5761194029850747, -0.0340136054421768, null, -0.8310991957104558, -0.8285714285714285, -0.9617834394904459, -1.0, -0.3853658536585366, -0.5559947299077734, -0.18849840255591055, -0.2587222473946533, -0.6878914405010439, -0.680327868852459, -0.6287170773152082, -0.8510354041416165, -0.8706896551724138, -0.9986957939354418, -0.128, -0.9012096774193549, null, -0.889967637540453, -0.5476190476190477, -0.8151595744680852, -0.39337298215802885]","[0.08122362869198312, 0.4534671532846715, 0.115, 0.9317978932333512, 0.03230849400729546, 0.07183098591549296, 0.6247288503253796, 0.05366922234392114, 0.13694267515923567, 0.7176470588235294, 0.4682926829268293, 0.16666666666666666, 0.5416666666666666, 0.1898054996646546, 0.15625, 0.0, 0.37554585152838427, 0.3589220089832585, 0.9640287769784173, 0.8703703703703703, 0.08540442837776774, 0.6363636363636364, 0.6712707182320442, 0.025508317929759706, 0.12376237623762376, 0.7142857142857143, 0.417910447761194, 0.8435374149659864, null, 0.10098302055406613, 0.08571428571428572, 0.012738853503184714, 0.0, 0.5219512195121951, 0.43346508563899866, 0.7667731629392971, 0.6665156320797463, 0.2578288100208768, 0.13934426229508196, 0.34324553950722175, 0.13827655310621242, 0.05172413793103448, 0.00032605151613955004, 0.76, 0.03931451612903226, null, 0.09385113268608414, 0.4523809523809524, 0.10372340425531915, 0.5131690739167375]","[0.9514767932489452, 0.9867700729927007, 0.9921428571428571, 0.9908944831280129, 1.0, 0.8408450704225352, 0.9768618944323934, 0.9602044541803578, 0.9426751592356688, 0.9823529411764705, 0.8926829268292683, 0.8333333333333334, 0.9166666666666666, 0.97719651240778, 0.875, 1.0, 0.7292576419213974, 0.9897917517354022, 0.9712230215827338, 0.7685185185185185, 0.9679168549480344, 0.948051948051948, 0.8839779005524862, 0.9852125693160814, 0.9811881188118812, 0.8571428571428571, 0.9940298507462687, 0.8775510204081632, null, 0.9320822162645219, 0.9142857142857143, 0.9745222929936306, 1.0, 0.9073170731707317, 0.9894598155467721, 0.9552715654952076, 0.9252378794743996, 0.9457202505219207, 0.819672131147541, 0.9719626168224299, 0.9893119572478289, 0.9224137931034483, 0.9990218454515813, 0.888, 0.9405241935483871, null, 0.9838187702265372, 1.0, 0.9188829787234043, 0.9065420560747663]",0.3099691825396826,50,"[0.35428571428571426, 0.35628571428571426, 0.3974, 0.1947142857142857, 0.3562222222222222, 0.307, 0.4018, 0.45425, 0.3456, 0.23285714285714285, 0.38433333333333336, 0.31175, 0.280875, 0.23383333333333334, 0.3885, 0.531, 0.3455, 0.45016666666666666, 0.19185714285714286, 0.15333333333333332, 0.3342857142857143, 0.3525, 0.15075, 0.3491666666666667, 0.2936666666666667, 0.28225, 0.38871428571428573, 0.091, 0.324, 0.438, 0.3422857142857143, 0.4628333333333333, 0.35777777777777775, 0.49325, 0.243375, 0.3068, 0.032, 0.266, 0.2822, 0.2035, 0.2035, 0.36733333333333335, 0.353875, 0.259, 0.3068, 0.324, 0.30214285714285716, 0.31455555555555553, 0.36733333333333335, 0.034]",38.798436641693115,4.958075523376465,0.006426572799682617,33.340686559677124,0.0023469924926757812,0.3041374683380127,1112414,ai05,success,
resnet18_cifar10,CIFAR10,50,0.05,44,300,4.0,no_phase0,none,0,0.0,0.2529,0.18341800000000003,0.4486,0.8667,0.0998,-0.6851725301701775,1,49,"[-0.6407185628742514, -1.0, -0.4242424242424243, -0.6204379562043796, -0.9329501915708812, -0.4285714285714286, -0.6714565643370345, -0.3548387096774194, -0.961038961038961, 0.004739336492891044, -0.9956521739130435, -0.5560693641618497, -0.5, -0.9285714285714286, -0.6176470588235294, -0.8044554455445545, -1.0, -1.0, -0.9661764705882353, null, -0.8285714285714285, -0.6917098445595855, -0.21314451706608573, -0.99245567710298, -0.3240556660039762, -0.8518518518518519, -0.8141470180305131, -0.302713987473904, -0.7669155917628423, -0.6186895810955961, -1.0, -0.37209302325581395, -0.10612244897959189, -0.5, 0.0, -0.6842105263157894, -0.8704225352112677, -0.12790697674418605, -0.7647058823529411, -0.985657104736491, -0.9993002099370188, -0.15766969535008013, -0.906035141329259, -0.9021651964715317, -1.0, -0.7052356020942409, -0.8802588996763754, -0.9898866074164879, -0.9232790331056226, -0.8961625282167043]","[0.2155688622754491, 0.0, 0.5151515151515151, 0.30656934306569344, 0.06321839080459771, 0.5714285714285714, 0.31988896146309603, 0.6451612903225806, 0.025974025974025976, 1.0, 0.0, 0.3739884393063584, 0.2413793103448276, 0.0, 0.36764705882352944, 0.08415841584158416, 0.0, 0.0, 0.011764705882352941, null, 0.05357142857142857, 0.17098445595854922, 0.7588961510530138, 0.0015088645794039985, 0.6451292246520874, 0.0, 0.04854368932038835, 0.6691022964509394, 0.22516406426793392, 0.3104189044038668, 0.0, 0.23255813953488372, 0.8693877551020408, 0.5, 0.9940298507462687, 0.15789473684210525, 0.10140845070422536, 0.8255813953488372, 0.0, 0.009673115410273516, 0.0006997900629811056, 0.8225547835382149, 0.025210084033613446, 0.0056134723336006415, 0.0, 0.1905759162303665, 0.059870550161812294, 0.0058228623965675755, 0.011035207566999475, 0.0744920993227991]","[0.8562874251497006, 1.0, 0.9393939393939394, 0.927007299270073, 0.9961685823754789, 1.0, 0.9913455258001306, 1.0, 0.987012987012987, 0.995260663507109, 0.9956521739130435, 0.9300578034682081, 0.7413793103448276, 0.9285714285714286, 0.9852941176470589, 0.8886138613861386, 1.0, 1.0, 0.9779411764705882, null, 0.8821428571428571, 0.8626943005181347, 0.9720406681190995, 0.993964541682384, 0.9691848906560636, 0.8518518518518519, 0.8626907073509015, 0.9718162839248434, 0.9920796560307762, 0.9291084854994629, 1.0, 0.6046511627906976, 0.9755102040816327, 1.0, 0.9940298507462687, 0.8421052631578947, 0.971830985915493, 0.9534883720930233, 0.7647058823529411, 0.9953302201467645, 1.0, 0.980224478888295, 0.9312452253628725, 0.9077786688051324, 1.0, 0.8958115183246074, 0.9401294498381877, 0.9957094698130555, 0.9343142406726221, 0.9706546275395034]",0.2311713492063492,50,"[0.385, 0.31, 0.246125, 0.31966666666666665, 0.310625, 0.186125, 0.2144, 0.20425, 0.203375, 0.0795, 0.315, 0.014666666666666666, 0.25, 0.36, 0.15242857142857144, 0.243, 0.2802222222222222, 0.312875, 0.157, 0.2529, 0.01875, 0.1842, 0.224, 0.36, 0.251, 0.315875, 0.2994, 0.012333333333333333, 0.08485714285714285, 0.3884, 0.316, 0.243, 0.1055, 0.199, 0.21171428571428572, 0.191375, 0.24766666666666667, 0.08742857142857142, 0.315875, 0.3278333333333333, 0.2807777777777778, 0.0125, 0.3568571428571429, 0.36014285714285715, 0.2808888888888889, 0.2916, 0.229, 0.24683333333333332, 0.3166, 0.002]",40.12570118904114,5.504040241241455,0.0075871944427490234,34.10733246803284,0.0023164749145507812,0.30455899238586426,1112414,ai05,success,
resnet18_cifar10,CIFAR10,50,0.05,42,300,4.0,raw_union_K20,raw_union,2586,0.0,0.7384,0.20183800000000002,0.4288,0.8701,0.8075,-0.18628738031659753,7,49,"[-0.03354978354978355, -0.1524966261808367, 0.0, 0.2777777777777778, -0.0330073349633252, -0.2805805114029025, -0.19999999999999996, 0.0, -0.4193548387096774, -0.199660152931181, -0.03160173160173163, -0.3324808184143222, 0.009324009324009341, -0.23830409356725146, -0.3078260869565217, -0.3215434083601286, -0.7619047619047619, -0.1393917451122375, -0.18096906012842973, -0.08653846153846156, -0.33785880527540724, -0.050720100187852224, -0.23631735256682218, -0.3344280240831965, -0.12355212355212364, -0.5859872611464969, -0.1193384702123661, -0.24042553191489358, -0.3787878787878788, -0.07357859531772581, 0.040609137055837574, 0.0, 0.06852791878172593, -0.19047619047619047, -0.26474622770919065, 0.015228426395939132, -0.6689497716894977, -0.23693379790940772, -0.15498043936202222, -0.15698587127158548, -0.21286031042128595, -0.779033515198753, null, -0.229090909090909, -0.0603248259860788, 0.0357142857142857, -0.1875, 0.03125, -0.009467455621301801, -0.25496031746031755]","[0.9090909090909091, 0.8434547908232118, 1.0, 0.8055555555555556, 0.9474327628361858, 0.6675881133379405, 0.8, 0.8571428571428571, 0.47580645161290325, 0.7672047578589635, 0.9558441558441558, 0.6583120204603581, 0.951048951048951, 0.6988304093567251, 0.6521739130434783, 0.6495176848874598, 0.19047619047619047, 0.8164373642288197, 0.8099824868651488, 0.9134615384615384, 0.6198603568657874, 0.9198497182216656, 0.7450148493848112, 0.6447728516694033, 0.803088803088803, 0.2611464968152866, 0.8361210298816012, 0.6861702127659575, 0.5833333333333334, 0.8494983277591973, 0.8883248730964467, 1.0, 0.9060913705583756, 0.6190476190476191, 0.6831275720164609, 0.868020304568528, 0.2808219178082192, 0.6794425087108014, 0.8368943725549203, 0.7708006279434851, 0.7505543237250555, 0.19446609508963367, null, 0.7342148760330579, 0.8747099767981439, 0.7857142857142857, 0.71875, 0.734375, 0.8544378698224852, 0.7321428571428571]","[0.9426406926406926, 0.9959514170040485, 1.0, 0.5277777777777778, 0.980440097799511, 0.9481686247408431, 1.0, 0.8571428571428571, 0.8951612903225806, 0.9668649107901445, 0.9874458874458875, 0.9907928388746803, 0.9417249417249417, 0.9371345029239766, 0.96, 0.9710610932475884, 0.9523809523809523, 0.9558291093410572, 0.9909515469935786, 1.0, 0.9577191621411947, 0.9705698184095178, 0.9813322019516334, 0.9792008757525998, 0.9266409266409267, 0.8471337579617835, 0.9554595000939673, 0.926595744680851, 0.9621212121212122, 0.9230769230769231, 0.8477157360406091, 1.0, 0.8375634517766497, 0.8095238095238095, 0.9478737997256516, 0.8527918781725888, 0.9497716894977168, 0.9163763066202091, 0.9918748119169425, 0.9277864992150706, 0.9634146341463414, 0.9734996102883866, null, 0.9633057851239669, 0.9350348027842227, 0.75, 0.90625, 0.703125, 0.863905325443787, 0.9871031746031746]",0.731800611111111,50,"[0.7521666666666667, 0.736625, 0.7131111111111111, 0.8385, 0.6345, 0.7406666666666667, 0.7048571428571428, 0.699, 0.7998571428571428, 0.83575, 0.6636666666666666, 0.6906666666666667, 0.6522857142857142, 0.7015, 0.6981666666666667, 0.7601428571428571, 0.82025, 0.666, 0.6953333333333334, 0.7196666666666667, 0.786, 0.79425, 0.736, 0.828, 0.7865, 0.82025, 0.57125, 0.67125, 0.7998333333333333, 0.667, 0.7695, 0.7154444444444444, 0.7798, 0.7152857142857143, 0.777, 0.79175, 0.7721666666666667, 0.7708, 0.6524, 0.7624, 0.7131666666666666, 0.81, 0.7384, 0.6742, 0.6446, 0.7275714285714285, 0.7258333333333333, 0.7493333333333333, 0.6793333333333333, 0.638]",31.11359453201294,2.8982841968536377,0.13289785385131836,27.607084274291992,0.002137422561645508,0.33350110054016113,1112414,ai05,success,
resnet18_cifar10,CIFAR10,50,0.05,43,300,4.0,raw_union_K20,raw_union,2356,0.0,0.7459,0.188858,0.4646,0.868,0.8079,-0.15920403948471948,6,48,"[-0.069620253164557, -0.22034671532846717, -0.33571428571428563, -0.03445813247634355, -0.1255862428348098, -0.32253521126760565, -0.12725958062183662, -0.3585250091274188, -0.1146496815286624, -0.04705882352941171, -0.009756097560975618, -0.33333333333333337, -0.25, -0.2515090543259557, -0.1875, 0.0, 0.12227074235807855, -0.0718660677827685, -0.014388489208633004, 0.19444444444444442, -0.18843199276999556, -0.061115355233002266, -0.03406998158379371, -0.30794824399260634, -0.17821782178217815, 0.09523809523809523, -0.06567164179104479, 0.07482993197278909, null, -0.22430741733690795, -0.42857142857142855, -0.49044585987261147, -0.35779816513761464, -0.12926829268292683, -0.04611330698287219, -0.009584664536741228, -0.09787041232442228, -0.47390396659707723, 0.05737704918032782, -0.21920135938827523, -0.6082164328657313, -0.2586206896551724, -0.5617867623084447, 0.07199999999999995, -0.2701612903225806, null, -0.11326860841423947, 0.0, -0.20744680851063835, -0.05182667799490226]","[0.8818565400843882, 0.7664233576642335, 0.6564285714285715, 0.9564363506516693, 0.8744137571651902, 0.5183098591549296, 0.8496023138105567, 0.601679445052939, 0.8280254777070064, 0.9352941176470588, 0.8829268292682927, 0.5, 0.6666666666666666, 0.7256874580818243, 0.6875, 1.0, 0.851528384279476, 0.9179256839526337, 0.9568345323741008, 0.9629629629629629, 0.7794848621780388, 0.8869365928189458, 0.8499079189686924, 0.677264325323475, 0.802970297029703, 0.9523809523809523, 0.9283582089552239, 0.9523809523809523, null, 0.707774798927614, 0.4857142857142857, 0.4840764331210191, 0.6422018348623854, 0.7780487804878049, 0.9433465085638999, 0.9456869009584664, 0.8273674671499773, 0.4718162839248434, 0.8770491803278688, 0.7527612574341547, 0.38109552438209754, 0.6637931034482759, 0.43723508314313664, 0.96, 0.6703629032258065, null, 0.8705501618122977, 1.0, 0.711436170212766, 0.8547153780798641]","[0.9514767932489452, 0.9867700729927007, 0.9921428571428571, 0.9908944831280129, 1.0, 0.8408450704225352, 0.9768618944323934, 0.9602044541803578, 0.9426751592356688, 0.9823529411764705, 0.8926829268292683, 0.8333333333333334, 0.9166666666666666, 0.97719651240778, 0.875, 1.0, 0.7292576419213974, 0.9897917517354022, 0.9712230215827338, 0.7685185185185185, 0.9679168549480344, 0.948051948051948, 0.8839779005524862, 0.9852125693160814, 0.9811881188118812, 0.8571428571428571, 0.9940298507462687, 0.8775510204081632, null, 0.9320822162645219, 0.9142857142857143, 0.9745222929936306, 1.0, 0.9073170731707317, 0.9894598155467721, 0.9552715654952076, 0.9252378794743996, 0.9457202505219207, 0.819672131147541, 0.9719626168224299, 0.9893119572478289, 0.9224137931034483, 0.9990218454515813, 0.888, 0.9405241935483871, null, 0.9838187702265372, 1.0, 0.9188829787234043, 0.9065420560747663]",0.7418099920634922,50,"[0.7714285714285715, 0.7741428571428571, 0.8082, 0.7278571428571429, 0.7316666666666667, 0.7725714285714286, 0.7774, 0.748, 0.69, 0.7588571428571429, 0.6986666666666667, 0.733, 0.78225, 0.7096666666666667, 0.742, 0.8736666666666667, 0.7675, 0.6996666666666667, 0.698, 0.6226666666666667, 0.7237142857142858, 0.7891666666666667, 0.759, 0.7208333333333333, 0.7541666666666667, 0.731, 0.6931428571428572, 0.657, 0.7459, 0.8232857142857143, 0.745, 0.7928333333333333, 0.7561111111111111, 0.844, 0.695875, 0.771, 0.567, 0.7396666666666667, 0.6878, 0.7303333333333333, 0.7303333333333333, 0.72, 0.7605, 0.718, 0.771, 0.7459, 0.7112857142857143, 0.7254444444444444, 0.72, 0.874]",39.5881781578064,5.138763189315796,0.2408158779144287,33.75632119178772,0.002270936965942383,0.28595447540283203,1112414,ai05,success,
resnet18_cifar10,CIFAR10,50,0.05,44,300,4.0,raw_union_K20,raw_union,2207,0.0,0.7366,0.18341800000000003,0.4486,0.8667,0.8182,-0.15195074241271767,5,49,"[-0.18562874251497008, -0.08571428571428574, -0.06666666666666676, -0.07664233576642332, -0.21647509578544055, -0.1428571428571429, -0.16410842586544738, -0.29032258064516125, -0.22077922077922074, -0.009478672985781977, -0.30434782608695654, -0.15982658959537577, 0.1724137931034483, -0.2193877551020409, -0.05147058823529416, -0.12128712871287128, -0.13043478260869568, -0.21052631578947367, -0.8705882352941177, null, -0.3988095238095238, 0.007772020725388629, -0.03994190268700071, -0.2384006035458318, -0.040755467196819106, -0.10185185185185186, -0.12066574202496527, -0.0386221294363257, -0.19597193935279478, -0.01396348012889359, -0.09999999999999998, 0.18604651162790697, -0.010884353741496655, 0.0, 0.0, 0.052631578947368474, -0.08450704225352113, -0.03488372093023262, 0.05882352941176472, -0.9142761841227485, -0.2673198040587824, -0.011758417958311007, -0.3124522536287243, -0.1595829991980754, 0.0, -0.48743455497382204, -0.2038834951456311, -0.1320870364695066, -0.17603783499737258, -0.3126410835214447]","[0.6706586826347305, 0.9142857142857143, 0.8727272727272727, 0.8503649635036497, 0.7796934865900383, 0.8571428571428571, 0.8272370999346832, 0.7096774193548387, 0.7662337662337663, 0.985781990521327, 0.691304347826087, 0.7702312138728323, 0.9137931034482759, 0.7091836734693877, 0.9338235294117647, 0.7673267326732673, 0.8695652173913043, 0.7894736842105263, 0.10735294117647058, null, 0.48333333333333334, 0.8704663212435233, 0.9320987654320988, 0.7555639381365522, 0.9284294234592445, 0.75, 0.7420249653259362, 0.9331941544885177, 0.7961077166779814, 0.9151450053705693, 0.9, 0.7906976744186046, 0.964625850340136, 1.0, 0.9940298507462687, 0.8947368421052632, 0.8873239436619719, 0.9186046511627907, 0.8235294117647058, 0.08105403602401601, 0.7326801959412176, 0.968466060929984, 0.6187929717341482, 0.748195669607057, 1.0, 0.4083769633507853, 0.7362459546925566, 0.8636224333435489, 0.7582764056752496, 0.6580135440180587]","[0.8562874251497006, 1.0, 0.9393939393939394, 0.927007299270073, 0.9961685823754789, 1.0, 0.9913455258001306, 1.0, 0.987012987012987, 0.995260663507109, 0.9956521739130435, 0.9300578034682081, 0.7413793103448276, 0.9285714285714286, 0.9852941176470589, 0.8886138613861386, 1.0, 1.0, 0.9779411764705882, null, 0.8821428571428571, 0.8626943005181347, 0.9720406681190995, 0.993964541682384, 0.9691848906560636, 0.8518518518518519, 0.8626907073509015, 0.9718162839248434, 0.9920796560307762, 0.9291084854994629, 1.0, 0.6046511627906976, 0.9755102040816327, 1.0, 0.9940298507462687, 0.8421052631578947, 0.971830985915493, 0.9534883720930233, 0.7647058823529411, 0.9953302201467645, 1.0, 0.980224478888295, 0.9312452253628725, 0.9077786688051324, 1.0, 0.8958115183246074, 0.9401294498381877, 0.9957094698130555, 0.9343142406726221, 0.9706546275395034]",0.7140216825396825,50,"[0.8324, 0.7295, 0.7975, 0.6926666666666667, 0.734125, 0.705, 0.7908, 0.794875, 0.7035, 0.679, 0.727375, 0.518, 0.7126666666666667, 0.7277142857142858, 0.6718571428571428, 0.7105, 0.7304444444444445, 0.75325, 0.75075, 0.7366, 0.7175, 0.6144, 0.7281428571428571, 0.7277142857142858, 0.7028333333333333, 0.73575, 0.679, 0.6253333333333333, 0.6705714285714286, 0.705, 0.72375, 0.7105, 0.6376666666666667, 0.71025, 0.6925714285714286, 0.706625, 0.6723333333333333, 0.6924285714285714, 0.73575, 0.8166666666666667, 0.7345555555555555, 0.6093333333333333, 0.752, 0.714, 0.7238888888888889, 0.8404, 0.7204285714285714, 0.6661666666666667, 0.682, 0.755]",38.488176107406616,4.955151796340942,0.16290855407714844,32.890289068222046,0.0022716522216796875,0.27139854431152344,1112414,ai05,success,
resnet18_cifar10,CIFAR10,50,0.05,42,300,4.0,warmup_only_labelled,warmup_only,100,0.0,0.3086,0.20183800000000002,0.4288,0.8701,0.3086,-0.664504500845626,0,49,"[-0.7878787878787878, -0.40755735492577594, -0.8333333333333334, -0.4722222222222222, -0.9682151589242054, -0.5086385625431928, -0.8, -0.2857142857142857, -0.3629032258064516, -0.756159728122345, -0.7515151515151515, -0.907928388746803, -0.9370629370629371, -0.814327485380117, -0.8278260869565217, -0.612540192926045, -0.6666666666666666, -0.5727733526430123, -0.41009924109748985, -0.967948717948718, -0.7688130333591932, -0.8885410144020037, -0.9469664828171404, -0.35632183908045967, -0.36679536679536684, -0.45222929936305734, -0.615297876339034, -0.7808510638297872, -0.4292929292929293, -0.6020066889632107, -0.8121827411167513, -1.0, -0.8096446700507614, -0.6190476190476191, -0.7119341563786008, -0.7715736040609137, -0.5091324200913241, -0.39721254355400704, -0.7953656334637376, -0.28257456828885397, -0.5177383592017738, -0.5537802026500389, null, -0.37652892561983464, -0.8538283062645011, -0.5714285714285714, -0.84375, -0.578125, -0.7609467455621302, -0.9375]","[0.15476190476190477, 0.5883940620782726, 0.16666666666666666, 0.05555555555555555, 0.012224938875305624, 0.4395300621976503, 0.2, 0.5714285714285714, 0.532258064516129, 0.2107051826677995, 0.23593073593073594, 0.08286445012787724, 0.004662004662004662, 0.12280701754385964, 0.13217391304347825, 0.35852090032154343, 0.2857142857142857, 0.38305575669804487, 0.5808523058960887, 0.03205128205128205, 0.18890612878200155, 0.08202880400751408, 0.034365719134493, 0.6228790366721402, 0.5598455598455598, 0.39490445859872614, 0.3401616237549333, 0.14574468085106382, 0.5328282828282829, 0.3210702341137124, 0.03553299492385787, 0.0, 0.027918781725888325, 0.19047619047619047, 0.23593964334705075, 0.08121827411167512, 0.4406392694063927, 0.519163763066202, 0.19650917845320492, 0.6452119309262166, 0.44567627494456763, 0.41971940763834764, null, 0.5867768595041323, 0.08120649651972157, 0.17857142857142858, 0.0625, 0.125, 0.10295857988165681, 0.0496031746031746]","[0.9426406926406926, 0.9959514170040485, 1.0, 0.5277777777777778, 0.980440097799511, 0.9481686247408431, 1.0, 0.8571428571428571, 0.8951612903225806, 0.9668649107901445, 0.9874458874458875, 0.9907928388746803, 0.9417249417249417, 0.9371345029239766, 0.96, 0.9710610932475884, 0.9523809523809523, 0.9558291093410572, 0.9909515469935786, 1.0, 0.9577191621411947, 0.9705698184095178, 0.9813322019516334, 0.9792008757525998, 0.9266409266409267, 0.8471337579617835, 0.9554595000939673, 0.926595744680851, 0.9621212121212122, 0.9230769230769231, 0.8477157360406091, 1.0, 0.8375634517766497, 0.8095238095238095, 0.9478737997256516, 0.8527918781725888, 0.9497716894977168, 0.9163763066202091, 0.9918748119169425, 0.9277864992150706, 0.9634146341463414, 0.9734996102883866, null, 0.9633057851239669, 0.9350348027842227, 0.75, 0.90625, 0.703125, 0.863905325443787, 0.9871031746031746]",0.3273036904761905,50,"[0.32066666666666666, 0.304875, 0.32033333333333336, 0.328, 0.47483333333333333, 0.21216666666666667, 0.27014285714285713, 0.35485714285714287, 0.22271428571428573, 0.17025, 0.3725, 0.31633333333333336, 0.407, 0.2738333333333333, 0.4063333333333333, 0.3367142857142857, 0.32375, 0.4422, 0.22083333333333333, 0.3392222222222222, 0.4708, 0.24125, 0.30766666666666664, 0.1644, 0.21716666666666667, 0.32375, 0.429, 0.247, 0.25033333333333335, 0.3345714285714286, 0.439, 0.3427777777777778, 0.4082, 0.34785714285714286, 0.3628, 0.3485, 0.226, 0.2488, 0.424, 0.254, 0.21683333333333332, 0.297, 0.3086, 0.2702, 0.447, 0.3402857142857143, 0.359, 0.298, 0.37183333333333335, 0.651]",5.426592588424683,4.978815078735352,0.020142793655395508,0.0,0.0,0.24431538581848145,1112414,ai05,success,
resnet18_cifar10,CIFAR10,50,0.05,43,300,4.0,warmup_only_labelled,warmup_only,100,0.0,0.3545,0.188858,0.4646,0.868,0.3545,-0.572944344642179,0,48,"[-0.5706751054852321, -0.2139598540145985, -0.6778571428571428, -0.9858953758257454, -0.6602397081813445, -0.28028169014084503, -0.32104121475054226, -0.7338444687842278, -0.8535031847133758, -0.1941176470588235, -0.35609756097560974, -0.33333333333333337, -0.875, -0.47283702213279677, -0.59375, -0.6, -0.6593886462882097, -0.3074724377296856, -0.8992805755395683, -0.7407407407407407, -0.9046543154089471, -0.8304048892284186, -0.4484346224677716, -0.5567467652495379, -0.898019801980198, -0.7619047619047619, -0.2348258706467662, -0.4489795918367347, null, -0.7667560321715818, -0.45714285714285713, -0.7707006369426752, -0.5229357798165137, -0.20487804878048788, -0.1620553359683795, -0.5942492012779552, -0.7036701404621658, -0.8778705636743215, -0.5327868852459017, -0.3559898045879354, -0.8092852371409485, -0.3793103448275862, -0.21584610368438217, -0.872, -0.5151209677419355, null, -0.7022653721682848, -0.1428571428571429, -0.6476063829787235, -0.8547153780798641]","[0.3808016877637131, 0.7728102189781022, 0.3142857142857143, 0.004999107302267452, 0.3397602918186555, 0.5605633802816902, 0.6558206796818511, 0.22635998539612998, 0.08917197452229299, 0.788235294117647, 0.5365853658536586, 0.5, 0.041666666666666664, 0.5043594902749833, 0.28125, 0.4, 0.06986899563318777, 0.6823193140057167, 0.07194244604316546, 0.027777777777777776, 0.06326253953908721, 0.11764705882352941, 0.43554327808471455, 0.42846580406654344, 0.08316831683168317, 0.09523809523809523, 0.7592039800995025, 0.42857142857142855, null, 0.16532618409294011, 0.45714285714285713, 0.20382165605095542, 0.47706422018348627, 0.7024390243902439, 0.8274044795783926, 0.3610223642172524, 0.2215677390122338, 0.06784968684759916, 0.28688524590163933, 0.6159728122344945, 0.18002672010688042, 0.5431034482758621, 0.7831757417671992, 0.016, 0.4254032258064516, null, 0.2815533980582524, 0.8571428571428571, 0.2712765957446808, 0.051826677994902294]","[0.9514767932489452, 0.9867700729927007, 0.9921428571428571, 0.9908944831280129, 1.0, 0.8408450704225352, 0.9768618944323934, 0.9602044541803578, 0.9426751592356688, 0.9823529411764705, 0.8926829268292683, 0.8333333333333334, 0.9166666666666666, 0.97719651240778, 0.875, 1.0, 0.7292576419213974, 0.9897917517354022, 0.9712230215827338, 0.7685185185185185, 0.9679168549480344, 0.948051948051948, 0.8839779005524862, 0.9852125693160814, 0.9811881188118812, 0.8571428571428571, 0.9940298507462687, 0.8775510204081632, null, 0.9320822162645219, 0.9142857142857143, 0.9745222929936306, 1.0, 0.9073170731707317, 0.9894598155467721, 0.9552715654952076, 0.9252378794743996, 0.9457202505219207, 0.819672131147541, 0.9719626168224299, 0.9893119572478289, 0.9224137931034483, 0.9990218454515813, 0.888, 0.9405241935483871, null, 0.9838187702265372, 1.0, 0.9188829787234043, 0.9065420560747663]",0.35340467460317454,50,"[0.3415714285714286, 0.22514285714285714, 0.2334, 0.39671428571428574, 0.3537777777777778, 0.35314285714285715, 0.287, 0.458, 0.3104, 0.393, 0.3468333333333333, 0.29175, 0.43775, 0.3365, 0.35975, 0.3233333333333333, 0.4056666666666667, 0.31116666666666665, 0.44042857142857145, 0.39116666666666666, 0.34885714285714287, 0.4725, 0.40575, 0.4028333333333333, 0.4395, 0.40475, 0.3312857142857143, 0.3965714285714286, 0.3545, 0.4524285714285714, 0.2897142857142857, 0.31183333333333335, 0.3436666666666667, 0.125, 0.339625, 0.4522, 0.17466666666666666, 0.3983333333333333, 0.324, 0.32066666666666666, 0.32066666666666666, 0.4041666666666667, 0.245, 0.3315, 0.4522, 0.3545, 0.40985714285714286, 0.302, 0.4041666666666667, 0.361]",5.378996849060059,4.940749168395996,0.017264366149902344,0.0,0.0,0.2606968879699707,1112414,ai05,success,
resnet18_cifar10,CIFAR10,50,0.05,44,300,4.0,warmup_only_labelled,warmup_only,100,0.0,0.3657,0.18341800000000003,0.4486,0.8667,0.3657,-0.5718471102088508,0,49,"[-0.41317365269461076, -0.8, -0.25454545454545463, -0.5145985401459854, -0.9942528735632183, -0.9285714285714286, -0.6481058131939907, -0.22580645161290325, -0.2727272727272727, -0.9881516587677724, -0.7086956521739131, -0.6101156069364162, -0.2758620689655173, -0.8979591836734694, -0.3345588235294118, -0.7797029702970297, -0.34782608695652173, -0.8421052631578947, -0.15294117647058825, null, -0.5642857142857143, -0.27979274611398963, -0.48583877995642705, -0.6914371935118824, -0.7624254473161034, -0.8055555555555556, -0.5963938973647711, -0.3392484342379958, -0.9886852229011088, -0.29323308270676685, -0.7, -0.5813953488372092, -0.5129251700680273, -0.5, -0.9850746268656717, -0.8421052631578947, -0.3464788732394366, -0.37209302325581395, -0.588235294117647, -0.17678452301534353, -0.7270818754373688, -0.8129342597541421, -0.7838044308632545, -0.694466720128308, -0.0714285714285714, -0.32513089005235607, -0.5326860841423948, -0.3138216365308, -0.49290593799264315, -0.8645598194130926]","[0.4431137724550898, 0.2, 0.6848484848484848, 0.4124087591240876, 0.0019157088122605363, 0.07142857142857142, 0.3432397126061398, 0.7741935483870968, 0.7142857142857143, 0.0071090047393364926, 0.28695652173913044, 0.3199421965317919, 0.46551724137931033, 0.030612244897959183, 0.6507352941176471, 0.10891089108910891, 0.6521739130434783, 0.15789473684210525, 0.825, null, 0.31785714285714284, 0.582901554404145, 0.48620188816267246, 0.3025273481705017, 0.20675944333996024, 0.046296296296296294, 0.26629680998613037, 0.6325678496868476, 0.0033944331296673455, 0.635875402792696, 0.3, 0.023255813953488372, 0.46258503401360546, 0.5, 0.008955223880597015, 0.0, 0.6253521126760564, 0.5813953488372093, 0.17647058823529413, 0.818545697131421, 0.2729181245626312, 0.16729021913415287, 0.14744079449961803, 0.21331194867682438, 0.9285714285714286, 0.5706806282722513, 0.40744336569579287, 0.6818878332822556, 0.441408302679979, 0.10609480812641084]","[0.8562874251497006, 1.0, 0.9393939393939394, 0.927007299270073, 0.9961685823754789, 1.0, 0.9913455258001306, 1.0, 0.987012987012987, 0.995260663507109, 0.9956521739130435, 0.9300578034682081, 0.7413793103448276, 0.9285714285714286, 0.9852941176470589, 0.8886138613861386, 1.0, 1.0, 0.9779411764705882, null, 0.8821428571428571, 0.8626943005181347, 0.9720406681190995, 0.993964541682384, 0.9691848906560636, 0.8518518518518519, 0.8626907073509015, 0.9718162839248434, 0.9920796560307762, 0.9291084854994629, 1.0, 0.6046511627906976, 0.9755102040816327, 1.0, 0.9940298507462687, 0.8421052631578947, 0.971830985915493, 0.9534883720930233, 0.7647058823529411, 0.9953302201467645, 1.0, 0.980224478888295, 0.9312452253628725, 0.9077786688051324, 1.0, 0.8958115183246074, 0.9401294498381877, 0.9957094698130555, 0.9343142406726221, 0.9706546275395034]",0.3790800714285714,50,"[0.384, 0.380375, 0.2755, 0.3566666666666667, 0.421625, 0.45575, 0.2704, 0.281875, 0.309375, 0.38475, 0.344875, 0.37266666666666665, 0.4995, 0.39414285714285713, 0.2651428571428571, 0.4995, 0.3381111111111111, 0.41725, 0.2345, 0.3657, 0.23325, 0.3442, 0.4362857142857143, 0.39414285714285713, 0.4865, 0.421625, 0.4042, 0.3625, 0.4397142857142857, 0.4054, 0.370625, 0.4995, 0.35033333333333333, 0.386125, 0.43314285714285716, 0.45575, 0.445, 0.4347142857142857, 0.421625, 0.32, 0.37477777777777777, 0.2945, 0.4297142857142857, 0.33585714285714285, 0.32944444444444443, 0.4326, 0.3485714285714286, 0.39, 0.4382, 0.284]",5.33481764793396,4.8840858936309814,0.016859054565429688,0.0,0.0,0.2664618492126465,1112414,ai05,success,
resnet18_cifar10,CIFAR10,50,0.1,42,300,4.0,dp_avg_eps2_K20,dp_avg,10,3.986361524956496,0.3813,0.25220400000000004,0.4905,0.8701,0.2041,-0.5070537695978594,1,50,"[-0.8542056074766355, -0.21069182389937113, -0.8141865844255975, -0.819935691318328, -0.47438330170777987, -0.02421307506053272, -0.3448275862068966, -0.3272727272727273, -0.8314606741573033, -0.28017664376840035, 0.1139896373056995, -0.2565674255691769, -0.7731788079470199, -0.7935064935064935, -0.3362875430822255, -0.6926910299003323, -0.5308835027365129, -0.27234042553191495, -0.4085365853658537, -0.7875354107648725, -0.8808290155440415, -0.783410138248848, -0.7522388059701492, -0.6072404371584699, -0.85440313111546, -0.6810344827586207, -0.4667832167832167, -0.625615763546798, -0.4588791848617176, -0.32188841201716734, -0.5465288035450517, -0.22155688622754488, -0.023504273504273532, -0.37149817295980514, -0.04936624416277513, -0.8981991914737228, -0.7834525025536261, -0.5861358956760467, -0.3173652694610779, -0.6719424460431654, -0.6710642040457344, -0.40625, -0.2706766917293233, -0.2421875, -0.14191419141914186, -0.13645906228131566, -0.752280701754386, -0.7405022537025113, -0.545531197301855, -0.8250591016548463]","[0.09906542056074766, 0.7295597484276729, 0.13801079414032383, 0.15112540192926044, 0.2998102466793169, 0.9418886198547215, 0.5560344827586207, 0.4909090909090909, 0.056179775280898875, 0.703631010794897, 0.48704663212435234, 0.660245183887916, 0.076158940397351, 0.14935064935064934, 0.6021664204825209, 0.260797342192691, 0.38076622361219703, 0.6085106382978723, 0.5528455284552846, 0.1643059490084986, 0.054404145077720206, 0.03686635944700461, 0.1701492537313433, 0.3046448087431694, 0.11389432485322896, 0.17672413793103448, 0.4493006993006993, 0.2315270935960591, 0.4807132459970888, 0.45064377682403434, 0.4254062038404727, 0.5748502994011976, 0.9764957264957265, 0.5809987819732034, 0.9352901934623082, 0.04336640940830577, 0.17058222676200205, 0.3143445435827042, 0.5568862275449101, 0.19424460431654678, 0.2700087950747581, 0.1875, 0.6794258373205742, 0.5234375, 0.6732673267326733, 0.8299510146955913, 0.17403508771929824, 0.2240824211204121, 0.3912310286677909, 0.07328605200945626]","[0.9532710280373832, 0.940251572327044, 0.9521973785659213, 0.9710610932475884, 0.7741935483870968, 0.9661016949152542, 0.9008620689655172, 0.8181818181818182, 0.8876404494382022, 0.9838076545632973, 0.37305699481865284, 0.9168126094570929, 0.8493377483443708, 0.9428571428571428, 0.9384539635647464, 0.9534883720930233, 0.9116497263487099, 0.8808510638297873, 0.9613821138211383, 0.9518413597733711, 0.9352331606217616, 0.8202764976958525, 0.9223880597014925, 0.9118852459016393, 0.9682974559686889, 0.8577586206896551, 0.916083916083916, 0.8571428571428571, 0.9395924308588064, 0.7725321888412017, 0.9719350073855244, 0.7964071856287425, 1.0, 0.9524969549330086, 0.9846564376250834, 0.9415656008820287, 0.9540347293156282, 0.9004804392587509, 0.874251497005988, 0.8661870503597122, 0.9410729991204925, 0.59375, 0.9501025290498974, 0.765625, 0.8151815181518152, 0.966410076976907, 0.9263157894736842, 0.9645846748229234, 0.9367622259696459, 0.8983451536643026]",0.37608798412698413,50,"[0.353, 0.208, 0.4064285714285714, 0.3441666666666667, 0.447, 0.169, 0.4673333333333333, 0.43257142857142855, 0.4676666666666667, 0.208, 0.408, 0.38585714285714284, 0.5883333333333334, 0.44866666666666666, 0.0025, 0.41025, 0.07875, 0.345, 0.5496, 0.327, 0.37833333333333335, 0.6498, 0.442, 0.244, 0.6376666666666667, 0.3924, 0.31, 0.478, 0.2046, 0.4187142857142857, 0.4824, 0.3621666666666667, 0.31477777777777777, 0.3565, 0.1796, 0.619, 0.524, 0.3621666666666667, 0.55725, 0.3923333333333333, 0.3923333333333333, 0.327, 0.2568, 0.265, 0.2178, 0.3045, 0.4796, 0.2712, 0.22933333333333333, 0.708]",39.35122990608215,4.878333806991577,0.11232328414916992,33.956307888031006,0.00213623046875,0.2323920726776123,1112414,ai05,success,
resnet18_cifar10,CIFAR10,50,0.1,43,300,4.0,dp_avg_eps2_K20,dp_avg,10,3.9676203949800515,0.3295,0.256822,0.5113,0.868,0.2882,-0.576943526429145,1,50,"[-0.8914728682170543, -0.0803571428571429, -0.7907949790794979, -0.06896551724137934, -0.7012987012987013, -0.4022988505747126, -0.3289319248826291, -0.5490093847758082, -0.6206896551724138, -0.9098196392785571, -0.457680250783699, -0.6096866096866096, -0.5555555555555556, -0.8918010752688172, -0.3268858800773695, -0.8539778449144008, -0.7433004231311706, -0.5562632696390658, -0.3363636363636363, -0.7419543592744295, -0.48648648648648646, -0.5924657534246576, -0.6794871794871795, -0.16892596454640252, -0.4700854700854701, -0.03422370617696158, -0.8255620316402997, -0.5875, -0.8051823416506717, -0.3205342237061769, -0.42596348884381335, -0.7320261437908497, -0.5265467310223783, -0.6012163336229366, -0.9159663865546219, -0.7992327365728901, -0.6136162687886826, -0.5871913580246915, -0.6692379616643291, -0.6782367233599444, -0.956140350877193, -0.7682639434406913, -0.5132024373730535, -0.4225352112676056, -0.5750000000000001, 0.02422145328719716, -0.6893656716417911, -0.6258992805755395, -0.8141025641025641, -0.5700934579439252]","[0.08597603946441155, 0.9107142857142857, 0.13389121338912133, 0.6724137931034483, 0.2727272727272727, 0.2413793103448276, 0.6176643192488263, 0.4186652763295099, 0.27586206896551724, 0.026052104208416832, 0.3667711598746082, 0.349002849002849, 0.3582554517133956, 0.05779569892473118, 0.591231463571889, 0.0866062437059416, 0.18194640338504936, 0.416135881104034, 0.5831168831168831, 0.229959040374488, 0.24324324324324326, 0.2945205479452055, 0.2222222222222222, 0.8018769551616267, 0.28205128205128205, 0.9106844741235393, 0.15986677768526228, 0.0625, 0.0892514395393474, 0.6302170283806344, 0.3691683569979716, 0.226890756302521, 0.4637999122422115, 0.32493483927019984, 0.04131652661064426, 0.1278772378516624, 0.3147656940760389, 0.3117283950617284, 0.2737260402057036, 0.28497049635543215, 0.008771929824561403, 0.1406127258444619, 0.3578199052132701, 0.4154929577464789, 0.225, 0.889273356401384, 0.24253731343283583, 0.30935251798561153, 0.08653846153846154, 0.17757009345794392]","[0.9774489076814659, 0.9910714285714286, 0.9246861924686193, 0.7413793103448276, 0.974025974025974, 0.6436781609195402, 0.9465962441314554, 0.9676746611053181, 0.896551724137931, 0.935871743486974, 0.8244514106583072, 0.9586894586894587, 0.9138110072689511, 0.9495967741935484, 0.9181173436492586, 0.9405840886203424, 0.92524682651622, 0.9723991507430998, 0.9194805194805195, 0.9719133996489175, 0.7297297297297297, 0.886986301369863, 0.9017094017094017, 0.9708029197080292, 0.7521367521367521, 0.9449081803005008, 0.985428809325562, 0.65, 0.8944337811900192, 0.9507512520868113, 0.795131845841785, 0.9589169000933707, 0.9903466432645898, 0.9261511728931364, 0.9572829131652661, 0.9271099744245525, 0.9283819628647215, 0.8989197530864198, 0.9429640018700327, 0.9632072197153766, 0.9649122807017544, 0.9088766692851532, 0.8710223425863236, 0.8380281690140845, 0.8, 0.8650519031141869, 0.9319029850746269, 0.935251798561151, 0.9006410256410257, 0.7476635514018691]",0.3064408095238095,50,"[0.347, 0.189125, 0.479, 0.348, 0.4412, 0.33, 0.1125, 0.2922, 0.484, 0.21833333333333332, 0.24916666666666668, 0.15266666666666667, 0.4043333333333333, 0.5156666666666667, 0.264, 0.3892, 0.2178, 0.23516666666666666, 0.1085, 0.49166666666666664, 0.29828571428571427, 0.487, 0.4806, 0.2112857142857143, 0.4033333333333333, 0.177, 0.3955, 0.4105714285714286, 0.217, 0.1622, 0.33725, 0.2766, 0.3457142857142857, 0.35325, 0.37333333333333335, 0.22725, 0.034, 0.22266666666666668, 0.211, 0.275, 0.4706666666666667, 0.14033333333333334, 0.4034, 0.12625, 0.283875, 0.2934, 0.45025, 0.32, 0.44, 0.2255]",34.45905160903931,4.977915287017822,0.16207242012023926,28.962626934051514,0.0019392967224121094,0.19690680503845215,1112414,ai05,success,
resnet18_cifar10,CIFAR10,50,0.1,44,300,4.0,dp_avg_eps2_K20,dp_avg,10,3.962551391060827,0.5156,0.251684,0.4453,0.8667,0.3211,-0.3908771918174319,0,50,"[-0.5078459343794579, -0.7946524064171123, -0.47663551401869164, -0.3561320754716981, -0.23141361256544501, -0.24117647058823521, -0.577170418006431, -0.27758816837315137, -0.11024844720496885, -0.5382331106161842, -0.8904522613065327, -0.18644067796610164, -0.2204081632653061, -0.40094339622641506, -0.25073746312684364, -0.04712041884816753, -0.27237354085603116, -0.5436746987951806, -0.37376586741889994, -0.2778993435448578, -0.20874316939890714, -0.11518324607329844, -0.2958656330749354, -0.6825162433549912, -0.48192771084337344, -0.38494623655913973, -0.3783783783783784, -0.31973539140022056, -0.26717252396166136, -0.3655629139072847, -0.3895853423336547, -0.8931818181818182, -0.9183381088825214, -0.27802690582959644, -0.6954813359528487, -0.6727272727272728, -0.12376237623762387, -0.12381516587677732, -0.6466535433070866, -0.8304, -0.04258064516129034, -0.8129251700680272, -0.42520825787758065, -0.24808575803981625, -0.09519725557461411, -0.29255319148936165, -0.1457541191381495, -0.355147645650439, -0.03949224259520445, -0.44000000000000006]","[0.4108416547788873, 0.17326203208556148, 0.2102803738317757, 0.535377358490566, 0.6900523560209424, 0.5823529411764706, 0.3070739549839228, 0.6535836177474402, 0.8509316770186336, 0.44394951744617667, 0.08341708542713568, 0.6991525423728814, 0.6571428571428571, 0.5566037735849056, 0.7418879056047197, 0.8926701570680629, 0.4708171206225681, 0.3990963855421687, 0.5350258580159849, 0.6280087527352297, 0.7234972677595628, 0.756544502617801, 0.6602067183462532, 0.2829297105729474, 0.43373493975903615, 0.5491039426523298, 0.5135135135135135, 0.6449834619625138, 0.6721246006389776, 0.5496688741721855, 0.553519768563163, 0.09147727272727273, 0.04154727793696275, 0.4663677130044843, 0.2180746561886051, 0.21515151515151515, 0.6881188118811881, 0.8382701421800948, 0.2706692913385827, 0.1264, 0.8561290322580645, 0.08843537414965986, 0.5135820354943861, 0.6294027565084227, 0.8593481989708405, 0.65, 0.7503168567807351, 0.6209098164405427, 0.9125528913963329, 0.24]","[0.9186875891583453, 0.9679144385026738, 0.6869158878504673, 0.8915094339622641, 0.9214659685863874, 0.8235294117647058, 0.8842443729903537, 0.9311717861205916, 0.9611801242236024, 0.9821826280623608, 0.9738693467336683, 0.885593220338983, 0.8775510204081632, 0.9575471698113207, 0.9926253687315634, 0.9397905759162304, 0.7431906614785992, 0.9427710843373494, 0.9087917254348848, 0.9059080962800875, 0.9322404371584699, 0.8717277486910995, 0.9560723514211886, 0.9654459539279385, 0.9156626506024096, 0.9340501792114695, 0.8918918918918919, 0.9647188533627343, 0.939297124600639, 0.9152317880794701, 0.9431051108968177, 0.9846590909090909, 0.9598853868194842, 0.7443946188340808, 0.9135559921414538, 0.8878787878787879, 0.8118811881188119, 0.9620853080568721, 0.9173228346456693, 0.9568, 0.8987096774193548, 0.9013605442176871, 0.9387902933719667, 0.877488514548239, 0.9545454545454546, 0.9425531914893617, 0.8960709759188846, 0.9760574620909817, 0.9520451339915373, 0.68]",0.527599761904762,50,"[0.4624, 0.838, 0.5725, 0.5055, 0.5206666666666667, 0.4894, 0.46266666666666667, 0.48983333333333334, 0.5528571428571428, 0.846, 0.6115, 0.47225, 0.4676, 0.4072857142857143, 0.47214285714285714, 0.445, 0.5393333333333333, 0.5684, 0.637, 0.5936, 0.3882857142857143, 0.454, 0.51125, 0.564, 0.5255, 0.3883333333333333, 0.55225, 0.17566666666666667, 0.30966666666666665, 0.47225, 0.5074, 0.45016666666666666, 0.667, 0.6074, 0.852, 0.508, 0.641, 0.4418, 0.65225, 0.4924, 0.399, 0.603, 0.57675, 0.552, 0.3276, 0.391, 0.71425, 0.4078333333333333, 0.564, 0.73]",28.55178165435791,2.7250986099243164,0.0962381362915039,25.38820171356201,0.0019845962524414062,0.20848488807678223,1112414,ai05,success,
resnet18_cifar10,CIFAR10,50,0.1,42,300,4.0,dp_avg_eps8_K20,dp_avg,10,0.996590381239124,0.3933,0.25220400000000004,0.4905,0.8701,0.3324,-0.4933133129324975,1,50,"[-0.8392523364485981, -0.21698113207547176, -0.7995373939861218, -0.8070739549839228, -0.4592030360531309, -0.029055690072639195, -0.32543103448275856, -0.2727272727272728, -0.8314606741573033, -0.26840039254170756, 0.11917098445595853, -0.25306479859894926, -0.7632450331125827, -0.7922077922077921, -0.3298867552929591, -0.6727574750830565, -0.5027365129007036, -0.2595744680851064, -0.39837398373983746, -0.7535410764872521, -0.8704663212435233, -0.7588325652841782, -0.7074626865671642, -0.5949453551912568, -0.8305283757338552, -0.646551724137931, -0.4475524475524475, -0.6157635467980295, -0.4392285298398836, -0.32188841201716734, -0.5435745937961596, -0.20958083832335328, -0.019230769230769273, -0.35566382460414137, -0.04603068712474978, -0.8941565600882029, -0.7579162410623085, -0.5634866163349348, -0.3023952095808383, -0.6676258992805755, -0.6508355321020228, -0.390625, -0.25153793574846206, -0.2265625, -0.14191419141914186, -0.1273617914625612, -0.7340350877192983, -0.7369607211848037, -0.5278246205733559, -0.8297872340425532]","[0.11401869158878504, 0.7232704402515723, 0.15265998457979954, 0.1639871382636656, 0.31499051233396586, 0.937046004842615, 0.5754310344827587, 0.5454545454545454, 0.056179775280898875, 0.7154072620215898, 0.49222797927461137, 0.6637478108581436, 0.08609271523178808, 0.15064935064935064, 0.6085672082717873, 0.2807308970099668, 0.40891321344800624, 0.6212765957446809, 0.5630081300813008, 0.19830028328611898, 0.06476683937823834, 0.06144393241167435, 0.21492537313432836, 0.31693989071038253, 0.13776908023483367, 0.21120689655172414, 0.46853146853146854, 0.2413793103448276, 0.5003639010189228, 0.45064377682403434, 0.42836041358936483, 0.5868263473053892, 0.9807692307692307, 0.5968331303288672, 0.9386257505003336, 0.047409040793825796, 0.1961184882533197, 0.3369938229238161, 0.5718562874251497, 0.1985611510791367, 0.29023746701846964, 0.203125, 0.6985645933014354, 0.5390625, 0.6732673267326733, 0.8390482855143457, 0.19228070175438597, 0.22762395363811977, 0.40893760539629004, 0.06855791962174941]","[0.9532710280373832, 0.940251572327044, 0.9521973785659213, 0.9710610932475884, 0.7741935483870968, 0.9661016949152542, 0.9008620689655172, 0.8181818181818182, 0.8876404494382022, 0.9838076545632973, 0.37305699481865284, 0.9168126094570929, 0.8493377483443708, 0.9428571428571428, 0.9384539635647464, 0.9534883720930233, 0.9116497263487099, 0.8808510638297873, 0.9613821138211383, 0.9518413597733711, 0.9352331606217616, 0.8202764976958525, 0.9223880597014925, 0.9118852459016393, 0.9682974559686889, 0.8577586206896551, 0.916083916083916, 0.8571428571428571, 0.9395924308588064, 0.7725321888412017, 0.9719350073855244, 0.7964071856287425, 1.0, 0.9524969549330086, 0.9846564376250834, 0.9415656008820287, 0.9540347293156282, 0.9004804392587509, 0.874251497005988, 0.8661870503597122, 0.9410729991204925, 0.59375, 0.9501025290498974, 0.765625, 0.8151815181518152, 0.966410076976907, 0.9263157894736842, 0.9645846748229234, 0.9367622259696459, 0.8983451536643026]",0.38746677777777777,50,"[0.36933333333333335, 0.21966666666666668, 0.4147142857142857, 0.35883333333333334, 0.4523333333333333, 0.182, 0.4745, 0.44542857142857145, 0.4765, 0.21966666666666668, 0.41933333333333334, 0.3977142857142857, 0.598, 0.4543333333333333, 0.003, 0.41325, 0.09625, 0.35133333333333333, 0.566, 0.3378333333333333, 0.4046666666666667, 0.6526, 0.45425, 0.279, 0.6373333333333333, 0.4054, 0.32225, 0.4925, 0.221, 0.43014285714285716, 0.499, 0.37033333333333335, 0.32822222222222225, 0.363, 0.1906, 0.6316666666666667, 0.53175, 0.37033333333333335, 0.57, 0.404, 0.404, 0.3378333333333333, 0.2678, 0.27425, 0.235, 0.31725, 0.4862, 0.2856, 0.23733333333333334, 0.72]",36.38826370239258,4.723424434661865,0.12145256996154785,31.164283514022827,0.002081632614135742,0.19742727279663086,1112414,ai05,success,
resnet18_cifar10,CIFAR10,50,0.1,43,300,4.0,dp_avg_eps8_K20,dp_avg,10,0.9919050987450129,0.3432,0.256822,0.5113,0.868,0.3544,-0.5677343156299746,1,50,"[-0.8844256518675124, -0.0625, -0.7845188284518829, -0.06896551724137934, -0.6883116883116883, -0.3908045977011494, -0.31660798122065725, -0.5344108446298228, -0.6206896551724138, -0.905811623246493, -0.43573667711598746, -0.5954415954415955, -0.5441329179646937, -0.887768817204301, -0.31656995486782724, -0.8469284994964753, -0.7362482369534555, -0.5435244161358811, -0.3389610389610389, -0.7103569338794617, -0.48648648648648646, -0.5924657534246576, -0.6666666666666667, -0.17413972888425444, -0.4700854700854701, -0.03422370617696158, -0.8122398001665279, -0.5833333333333334, -0.800383877159309, -0.3213689482470784, -0.4077079107505071, -0.7180205415499533, -0.5133830627468188, -0.5803649000868809, -0.9138655462184875, -0.7864450127877238, -0.5906277630415562, -0.5694444444444444, -0.6545114539504442, -0.6584519264144394, -0.9495614035087719, -0.7596229379418696, -0.5125253893026405, -0.4295774647887324, -0.5750000000000001, 0.03114186851211065, -0.6772388059701493, -0.6115107913669064, -0.8044871794871795, -0.5514018691588785]","[0.09302325581395349, 0.9285714285714286, 0.1401673640167364, 0.6724137931034483, 0.2857142857142857, 0.25287356321839083, 0.6299882629107981, 0.43326381647549533, 0.27586206896551724, 0.03006012024048096, 0.3887147335423197, 0.36324786324786323, 0.36967808930425755, 0.06182795698924731, 0.6015473887814313, 0.09365558912386707, 0.18899858956276447, 0.4288747346072187, 0.5805194805194805, 0.26155646576945585, 0.24324324324324326, 0.2945205479452055, 0.23504273504273504, 0.7966631908237748, 0.28205128205128205, 0.9106844741235393, 0.17318900915903415, 0.06666666666666667, 0.09404990403071017, 0.6293823038397329, 0.38742393509127787, 0.24089635854341737, 0.47696358051777094, 0.34578627280625546, 0.04341736694677871, 0.14066496163682865, 0.33775419982316535, 0.32947530864197533, 0.2884525479195886, 0.3047552933009372, 0.015350877192982455, 0.14925373134328357, 0.35849695328368314, 0.4084507042253521, 0.225, 0.8961937716262975, 0.25466417910447764, 0.3237410071942446, 0.09615384615384616, 0.19626168224299065]","[0.9774489076814659, 0.9910714285714286, 0.9246861924686193, 0.7413793103448276, 0.974025974025974, 0.6436781609195402, 0.9465962441314554, 0.9676746611053181, 0.896551724137931, 0.935871743486974, 0.8244514106583072, 0.9586894586894587, 0.9138110072689511, 0.9495967741935484, 0.9181173436492586, 0.9405840886203424, 0.92524682651622, 0.9723991507430998, 0.9194805194805195, 0.9719133996489175, 0.7297297297297297, 0.886986301369863, 0.9017094017094017, 0.9708029197080292, 0.7521367521367521, 0.9449081803005008, 0.985428809325562, 0.65, 0.8944337811900192, 0.9507512520868113, 0.795131845841785, 0.9589169000933707, 0.9903466432645898, 0.9261511728931364, 0.9572829131652661, 0.9271099744245525, 0.9283819628647215, 0.8989197530864198, 0.9429640018700327, 0.9632072197153766, 0.9649122807017544, 0.9088766692851532, 0.8710223425863236, 0.8380281690140845, 0.8, 0.8650519031141869, 0.9319029850746269, 0.935251798561151, 0.9006410256410257, 0.7476635514018691]",0.3199483571428571,50,"[0.3635, 0.205875, 0.49566666666666664, 0.36783333333333335, 0.4542, 0.3303333333333333, 0.127, 0.3056, 0.4946, 0.23166666666666666, 0.2615, 0.17533333333333334, 0.4166666666666667, 0.528, 0.266, 0.4078, 0.2322, 0.24133333333333334, 0.1175, 0.5006666666666667, 0.31542857142857145, 0.5086666666666667, 0.488, 0.22942857142857143, 0.41233333333333333, 0.19566666666666666, 0.4036666666666667, 0.42528571428571427, 0.234, 0.18, 0.348, 0.2866, 0.3535714285714286, 0.36275, 0.38533333333333336, 0.2495, 0.041, 0.23566666666666666, 0.2242, 0.29133333333333333, 0.4821666666666667, 0.15166666666666667, 0.4194, 0.14475, 0.30025, 0.3108, 0.47175, 0.3304285714285714, 0.456, 0.2365]",35.20868968963623,4.645372629165649,0.13711142539978027,29.979241609573364,0.002229928970336914,0.25165724754333496,1112414,ai05,success,
resnet18_cifar10,CIFAR10,50,0.1,44,300,4.0,dp_avg_eps8_K20,dp_avg,10,0.9906378477652068,0.5177,0.251684,0.4453,0.8667,0.3792,-0.38616975559602323,0,50,"[-0.5206847360912982, -0.7967914438502673, -0.4672897196261683, -0.3702830188679245, -0.22617801047120412, -0.1941176470588235, -0.5819935691318329, -0.285551763367463, -0.11180124223602483, -0.540460282108389, -0.8944723618090452, -0.18008474576271183, -0.19183673469387752, -0.410377358490566, -0.20943952802359878, -0.03664921465968585, -0.25291828793774324, -0.5542168674698795, -0.38175834508697704, -0.2691466083150984, -0.194535519125683, -0.10994764397905754, -0.2777777777777778, -0.6742468989958652, -0.47469879518072283, -0.3799283154121863, -0.4054054054054054, -0.32194046306504964, -0.2559904153354633, -0.33112582781456945, -0.390549662487946, -0.8926136363636363, -0.9154727793696275, -0.27802690582959644, -0.7033398821218074, -0.686868686868687, -0.0990099009900991, -0.11848341232227488, -0.6505905511811023, -0.8256, -0.03612903225806452, -0.8129251700680272, -0.421948569358928, -0.2450229709035222, -0.08176100628930827, -0.27553191489361695, -0.13561470215462612, -0.3663208300079809, -0.031029619181946355, -0.44000000000000006]","[0.3980028530670471, 0.1711229946524064, 0.21962616822429906, 0.5212264150943396, 0.6952879581151833, 0.6294117647058823, 0.3022508038585209, 0.6456200227531286, 0.8493788819875776, 0.4417223459539718, 0.07939698492462312, 0.7055084745762712, 0.6857142857142857, 0.5471698113207547, 0.7831858407079646, 0.9031413612565445, 0.490272373540856, 0.3885542168674699, 0.5270333803479078, 0.6367614879649891, 0.7377049180327869, 0.7617801047120419, 0.6782945736434108, 0.29119905493207326, 0.44096385542168676, 0.5541218637992832, 0.4864864864864865, 0.6427783902976847, 0.6833067092651757, 0.5841059602649007, 0.5525554484088717, 0.09204545454545454, 0.044412607449856735, 0.4663677130044843, 0.21021611001964635, 0.201010101010101, 0.7128712871287128, 0.8436018957345972, 0.26673228346456695, 0.1312, 0.8625806451612903, 0.08843537414965986, 0.5168417240130387, 0.6324655436447167, 0.8727844482561463, 0.6670212765957447, 0.7604562737642585, 0.6097366320830008, 0.921015514809591, 0.24]","[0.9186875891583453, 0.9679144385026738, 0.6869158878504673, 0.8915094339622641, 0.9214659685863874, 0.8235294117647058, 0.8842443729903537, 0.9311717861205916, 0.9611801242236024, 0.9821826280623608, 0.9738693467336683, 0.885593220338983, 0.8775510204081632, 0.9575471698113207, 0.9926253687315634, 0.9397905759162304, 0.7431906614785992, 0.9427710843373494, 0.9087917254348848, 0.9059080962800875, 0.9322404371584699, 0.8717277486910995, 0.9560723514211886, 0.9654459539279385, 0.9156626506024096, 0.9340501792114695, 0.8918918918918919, 0.9647188533627343, 0.939297124600639, 0.9152317880794701, 0.9431051108968177, 0.9846590909090909, 0.9598853868194842, 0.7443946188340808, 0.9135559921414538, 0.8878787878787879, 0.8118811881188119, 0.9620853080568721, 0.9173228346456693, 0.9568, 0.8987096774193548, 0.9013605442176871, 0.9387902933719667, 0.877488514548239, 0.9545454545454546, 0.9425531914893617, 0.8960709759188846, 0.9760574620909817, 0.9520451339915373, 0.68]",0.5301147142857142,50,"[0.4662, 0.85, 0.5815, 0.50275, 0.5218333333333334, 0.4878, 0.4746666666666667, 0.4955, 0.5581428571428572, 0.8505, 0.6173333333333333, 0.46625, 0.468, 0.4104285714285714, 0.47014285714285714, 0.4483333333333333, 0.539, 0.5722, 0.6436, 0.5926, 0.38957142857142857, 0.46, 0.5125, 0.5598, 0.5271666666666667, 0.392, 0.55425, 0.17733333333333334, 0.308, 0.46625, 0.5128, 0.45116666666666666, 0.6671666666666667, 0.6108, 0.858, 0.5115, 0.64225, 0.445, 0.659, 0.4914, 0.4012, 0.6073333333333333, 0.5765, 0.5555, 0.327, 0.389, 0.7155, 0.4131666666666667, 0.5598, 0.748]",35.13137364387512,4.689924478530884,0.1285862922668457,29.91371726989746,0.0021212100982666016,0.23614764213562012,1112414,ai05,success,
resnet18_cifar10,CIFAR10,50,0.1,42,300,4.0,labelled_probe_warmup,labelled,100,0.0,0.3984,0.25220400000000004,0.4905,0.8701,0.3086,-0.4896808858840598,1,50,"[-0.802803738317757, -0.19339622641509435, -0.7925983037779492, -0.8188638799571275, -0.46489563567362424, -0.03874092009685226, -0.3038793103448276, -0.2727272727272728, -0.8202247191011236, -0.2659470068694798, 0.11917098445595853, -0.24693520140105085, -0.759933774834437, -0.7909090909090909, -0.3185622845888725, -0.6777408637873754, -0.470680218921032, -0.27659574468085113, -0.4085365853658537, -0.7762039660056658, -0.8566493955094991, -0.738863287250384, -0.7343283582089553, -0.5983606557377049, -0.8442270058708415, -0.6594827586206896, -0.43706293706293703, -0.625615763546798, -0.42030567685589515, -0.2961373390557939, -0.5435745937961596, -0.19161676646706582, -0.021367521367521403, -0.3422655298416566, -0.04803202134756501, -0.8956266078647556, -0.7323799795709908, -0.5284831846259437, -0.3023952095808383, -0.6676258992805755, -0.6569920844327176, -0.40625, -0.25017088174982904, -0.1953125, -0.1452145214521452, -0.1343596920923723, -0.7326315789473684, -0.7347070186735352, -0.5379426644182125, -0.8250591016548463]","[0.15046728971962617, 0.7468553459119497, 0.15959907478797225, 0.15219721329046088, 0.3092979127134725, 0.927360774818402, 0.5969827586206896, 0.5454545454545454, 0.06741573033707865, 0.7178606476938175, 0.49222797927461137, 0.669877408056042, 0.08940397350993377, 0.15194805194805194, 0.6198916789758739, 0.2757475083056478, 0.4409695074276779, 0.6042553191489362, 0.5528455284552846, 0.17563739376770537, 0.07858376511226252, 0.08141321044546851, 0.1880597014925373, 0.3135245901639344, 0.12407045009784735, 0.19827586206896552, 0.479020979020979, 0.2315270935960591, 0.5192867540029112, 0.47639484978540775, 0.42836041358936483, 0.6047904191616766, 0.9786324786324786, 0.610231425091352, 0.9366244162775184, 0.04593899301727306, 0.2216547497446374, 0.37199725463280714, 0.5718562874251497, 0.1985611510791367, 0.28408091468777485, 0.1875, 0.6999316473000684, 0.5703125, 0.66996699669967, 0.8320503848845346, 0.1936842105263158, 0.2298776561493883, 0.3988195615514334, 0.07328605200945626]","[0.9532710280373832, 0.940251572327044, 0.9521973785659213, 0.9710610932475884, 0.7741935483870968, 0.9661016949152542, 0.9008620689655172, 0.8181818181818182, 0.8876404494382022, 0.9838076545632973, 0.37305699481865284, 0.9168126094570929, 0.8493377483443708, 0.9428571428571428, 0.9384539635647464, 0.9534883720930233, 0.9116497263487099, 0.8808510638297873, 0.9613821138211383, 0.9518413597733711, 0.9352331606217616, 0.8202764976958525, 0.9223880597014925, 0.9118852459016393, 0.9682974559686889, 0.8577586206896551, 0.916083916083916, 0.8571428571428571, 0.9395924308588064, 0.7725321888412017, 0.9719350073855244, 0.7964071856287425, 1.0, 0.9524969549330086, 0.9846564376250834, 0.9415656008820287, 0.9540347293156282, 0.9004804392587509, 0.874251497005988, 0.8661870503597122, 0.9410729991204925, 0.59375, 0.9501025290498974, 0.765625, 0.8151815181518152, 0.966410076976907, 0.9263157894736842, 0.9645846748229234, 0.9367622259696459, 0.8983451536643026]",0.39295834920634914,50,"[0.3685, 0.2185, 0.41928571428571426, 0.3715, 0.4583333333333333, 0.1975, 0.4673333333333333, 0.4471428571428571, 0.48033333333333333, 0.2185, 0.43266666666666664, 0.402, 0.609, 0.46, 0.0025, 0.409, 0.098, 0.3443333333333333, 0.5736, 0.3496666666666667, 0.41233333333333333, 0.6524, 0.457, 0.325, 0.6306666666666667, 0.4196, 0.32625, 0.504, 0.2218, 0.428, 0.5088, 0.37066666666666664, 0.33455555555555555, 0.361, 0.199, 0.652, 0.52175, 0.37066666666666664, 0.58725, 0.4146666666666667, 0.4146666666666667, 0.3496666666666667, 0.2726, 0.27775, 0.2488, 0.307, 0.497, 0.299, 0.23933333333333334, 0.717]",28.64344882965088,4.908374071121216,0.018312931060791016,23.298843383789062,0.0022432804107666016,0.2523036003112793,1112414,ai05,success,
resnet18_cifar10,CIFAR10,50,0.1,43,300,4.0,labelled_probe_warmup,labelled,100,0.0,0.3424,0.256822,0.5113,0.868,0.3545,-0.5701110122972879,1,50,"[-0.8766737138830163, -0.0803571428571429, -0.7866108786610879, -0.06896551724137934, -0.6753246753246753, -0.4022988505747126, -0.33069248826291076, -0.5531803962460897, -0.6551724137931034, -0.9038076152304609, -0.445141065830721, -0.6096866096866096, -0.5264797507788161, -0.8810483870967742, -0.31785944551902, -0.8408862034239677, -0.7320169252468265, -0.5583864118895966, -0.34805194805194806, -0.6740784084259801, -0.48648648648648646, -0.5924657534246576, -0.6752136752136753, -0.18873826903023982, -0.49572649572649574, -0.03255425709515858, -0.8280599500416319, -0.5875, -0.8013435700575815, -0.348914858096828, -0.37728194726166325, -0.742296918767507, -0.5401491882404563, -0.5403996524761078, -0.9166666666666667, -0.7813299232736572, -0.5711759504862953, -0.5578703703703705, -0.6435250116877045, -0.6601874349184311, -0.9473684210526316, -0.7666928515318147, -0.5098171970209885, -0.44366197183098594, -0.5750000000000001, 0.02422145328719716, -0.6958955223880597, -0.60431654676259, -0.7916666666666667, -0.5607476635514018]","[0.10077519379844961, 0.9107142857142857, 0.13807531380753138, 0.6724137931034483, 0.2987012987012987, 0.2413793103448276, 0.6159037558685446, 0.41449426485922836, 0.2413793103448276, 0.03206412825651302, 0.3793103448275862, 0.349002849002849, 0.387331256490135, 0.06854838709677419, 0.6002578981302386, 0.09969788519637462, 0.19322990126939352, 0.4140127388535032, 0.5714285714285714, 0.2978349912229374, 0.24324324324324326, 0.2945205479452055, 0.2264957264957265, 0.7820646506777894, 0.2564102564102564, 0.9123539232053423, 0.15736885928393005, 0.0625, 0.09309021113243762, 0.6018363939899833, 0.4178498985801217, 0.2166199813258637, 0.4501974550241334, 0.38575152041702865, 0.04061624649859944, 0.14578005115089515, 0.3572060123784262, 0.3410493827160494, 0.29943899018232817, 0.3030197847969455, 0.017543859649122806, 0.14218381775333858, 0.3612051455653351, 0.39436619718309857, 0.225, 0.889273356401384, 0.23600746268656717, 0.33093525179856115, 0.10897435897435898, 0.18691588785046728]","[0.9774489076814659, 0.9910714285714286, 0.9246861924686193, 0.7413793103448276, 0.974025974025974, 0.6436781609195402, 0.9465962441314554, 0.9676746611053181, 0.896551724137931, 0.935871743486974, 0.8244514106583072, 0.9586894586894587, 0.9138110072689511, 0.9495967741935484, 0.9181173436492586, 0.9405840886203424, 0.92524682651622, 0.9723991507430998, 0.9194805194805195, 0.9719133996489175, 0.7297297297297297, 0.886986301369863, 0.9017094017094017, 0.9708029197080292, 0.7521367521367521, 0.9449081803005008, 0.985428809325562, 0.65, 0.8944337811900192, 0.9507512520868113, 0.795131845841785, 0.9589169000933707, 0.9903466432645898, 0.9261511728931364, 0.9572829131652661, 0.9271099744245525, 0.9283819628647215, 0.8989197530864198, 0.9429640018700327, 0.9632072197153766, 0.9649122807017544, 0.9088766692851532, 0.8710223425863236, 0.8380281690140845, 0.8, 0.8650519031141869, 0.9319029850746269, 0.935251798561151, 0.9006410256410257, 0.7476635514018691]",0.3195285238095239,50,"[0.3615, 0.2075, 0.4965, 0.3695, 0.458, 0.33, 0.1315, 0.3102, 0.4924, 0.22133333333333333, 0.26616666666666666, 0.19066666666666668, 0.41833333333333333, 0.5356666666666666, 0.258, 0.4066, 0.2268, 0.23916666666666667, 0.1085, 0.49066666666666664, 0.3167142857142857, 0.517, 0.4764, 0.23057142857142857, 0.4103333333333333, 0.204, 0.4045, 0.42042857142857143, 0.217, 0.1922, 0.34775, 0.2874, 0.3517142857142857, 0.348, 0.3893333333333333, 0.252, 0.046, 0.21766666666666667, 0.2176, 0.295, 0.4771666666666667, 0.16033333333333333, 0.4088, 0.15175, 0.2985, 0.3198, 0.48775, 0.33371428571428574, 0.46, 0.218]",35.712398290634155,4.673469543457031,0.017094135284423828,30.615822315216064,0.002306222915649414,0.25926971435546875,1112414,ai05,success,
resnet18_cifar10,CIFAR10,50,0.1,44,300,4.0,labelled_probe_warmup,labelled,100,0.0,0.5254,0.251684,0.4453,0.8667,0.3657,-0.3787324745417542,0,50,"[-0.4664764621968617, -0.7828877005347593, -0.485981308411215, -0.37264150943396224, -0.16125654450261773, -0.23529411764705876, -0.5739549839228296, -0.26222980659840733, -0.13354037267080743, -0.5657015590200445, -0.8914572864321608, -0.15889830508474578, -0.12244897959183676, -0.4528301886792452, -0.28761061946902655, -0.01832460732984298, -0.2704280155642024, -0.4969879518072289, -0.35637047484720263, -0.29540481400437635, -0.1442622950819672, -0.10471204188481675, -0.20155038759689925, -0.6866509155345539, -0.4771084337349397, -0.3397849462365591, -0.32432432432432434, -0.2701212789415657, -0.23003194888178913, -0.34304635761589397, -0.4069431051108968, -0.8914772727272727, -0.9111747851002865, -0.24215246636771304, -0.6886051080550097, -0.6646464646464647, -0.1534653465346535, -0.148696682464455, -0.6486220472440944, -0.8234666666666667, -0.032258064516129004, -0.7993197278911565, -0.39369793553060495, -0.2373660030627872, -0.09491137793024584, -0.31595744680851057, -0.13307984790874516, -0.3758978451715882, -0.02256699576868826, -0.44000000000000006]","[0.4522111269614836, 0.18502673796791444, 0.20093457943925233, 0.5188679245283019, 0.7602094240837697, 0.5882352941176471, 0.3102893890675241, 0.6689419795221843, 0.827639751552795, 0.41648106904231624, 0.08241206030150754, 0.7266949152542372, 0.7551020408163265, 0.5047169811320755, 0.7050147492625368, 0.9214659685863874, 0.4727626459143969, 0.4457831325301205, 0.5524212505876822, 0.6105032822757112, 0.7879781420765027, 0.7670157068062827, 0.7545219638242894, 0.27879503839338454, 0.43855421686746987, 0.5942652329749104, 0.5675675675675675, 0.6945975744211687, 0.7092651757188498, 0.5721854304635762, 0.5361620057859209, 0.09318181818181819, 0.04871060171919771, 0.5022421524663677, 0.224950884086444, 0.22323232323232323, 0.6584158415841584, 0.8133886255924171, 0.2687007874015748, 0.13333333333333333, 0.8664516129032258, 0.10204081632653061, 0.5450923578413618, 0.6401225114854517, 0.8596340766152087, 0.6265957446808511, 0.7629911280101395, 0.6001596169193935, 0.9294781382228491, 0.24]","[0.9186875891583453, 0.9679144385026738, 0.6869158878504673, 0.8915094339622641, 0.9214659685863874, 0.8235294117647058, 0.8842443729903537, 0.9311717861205916, 0.9611801242236024, 0.9821826280623608, 0.9738693467336683, 0.885593220338983, 0.8775510204081632, 0.9575471698113207, 0.9926253687315634, 0.9397905759162304, 0.7431906614785992, 0.9427710843373494, 0.9087917254348848, 0.9059080962800875, 0.9322404371584699, 0.8717277486910995, 0.9560723514211886, 0.9654459539279385, 0.9156626506024096, 0.9340501792114695, 0.8918918918918919, 0.9647188533627343, 0.939297124600639, 0.9152317880794701, 0.9431051108968177, 0.9846590909090909, 0.9598853868194842, 0.7443946188340808, 0.9135559921414538, 0.8878787878787879, 0.8118811881188119, 0.9620853080568721, 0.9173228346456693, 0.9568, 0.8987096774193548, 0.9013605442176871, 0.9387902933719667, 0.877488514548239, 0.9545454545454546, 0.9425531914893617, 0.8960709759188846, 0.9760574620909817, 0.9520451339915373, 0.68]",0.535046023809524,50,"[0.4574, 0.828, 0.594, 0.536, 0.5293333333333333, 0.483, 0.488, 0.5031666666666667, 0.5664285714285714, 0.8685, 0.6365, 0.4715, 0.4584, 0.428, 0.4785714285714286, 0.43166666666666664, 0.5643333333333334, 0.573, 0.6452, 0.6204, 0.3911428571428571, 0.4604, 0.50525, 0.5664, 0.535, 0.3943333333333333, 0.549875, 0.16933333333333334, 0.31966666666666665, 0.4715, 0.534, 0.4543333333333333, 0.669, 0.5912, 0.8313333333333334, 0.5195, 0.66275, 0.4642, 0.6505, 0.4854, 0.4326, 0.6185, 0.5645, 0.5726666666666667, 0.356, 0.3882, 0.74475, 0.4241666666666667, 0.5664, 0.698]",36.874727964401245,4.822540521621704,0.024761676788330078,31.59538459777832,0.002207517623901367,0.2693142890930176,1112414,ai05,success,
resnet18_cifar10,CIFAR10,50,0.1,42,300,4.0,no_phase0,none,0,0.0,0.3345,0.25220400000000004,0.4905,0.8701,0.1112,-0.5597397661898121,1,50,"[-0.883177570093458, -0.28459119496855345, -0.8858905165767155, -0.8617363344051446, -0.523719165085389, -0.060532687651331685, -0.41594827586206895, -0.3636363636363637, -0.8314606741573033, -0.4273797841020608, 0.005181347150259086, -0.26619964973730303, -0.7913907284768211, -0.8142857142857143, -0.3825701624815362, -0.7516611295681064, -0.5613760750586395, -0.4085106382978724, -0.43089430894308944, -0.8640226628895185, -0.8985319516407599, -0.8033794162826421, -0.8507462686567164, -0.6639344262295082, -0.9217221135029354, -0.7327586206896551, -0.5174825174825175, -0.7389162561576355, -0.49745269286754, -0.38626609442060084, -0.6351550960118169, -0.2694610778443113, -0.014957264957264904, -0.4311814859926919, -0.06671114076050699, -0.9165747886806321, -0.8283963227783452, -0.6259437199725464, -0.37724550898203596, -0.6935251798561151, -0.7264731750219876, -0.4375, -0.4285714285714286, -0.3125, -0.19471947194719474, -0.18964310706787968, -0.7978947368421052, -0.7633612363168063, -0.6205733558178752, -0.8416075650118203]","[0.07009345794392523, 0.6556603773584906, 0.06630686198920586, 0.10932475884244373, 0.2504743833017078, 0.9055690072639225, 0.4849137931034483, 0.45454545454545453, 0.056179775280898875, 0.5564278704612365, 0.37823834196891193, 0.6506129597197898, 0.057947019867549666, 0.12857142857142856, 0.5558838010832102, 0.20182724252491693, 0.3502736512900704, 0.4723404255319149, 0.5304878048780488, 0.08781869688385269, 0.03670120898100173, 0.016897081413210446, 0.07164179104477612, 0.24795081967213115, 0.04657534246575343, 0.125, 0.3986013986013986, 0.11822660098522167, 0.4421397379912664, 0.38626609442060084, 0.33677991137370755, 0.5269461077844312, 0.9850427350427351, 0.5213154689403167, 0.9179452968645764, 0.024990812201396546, 0.12563840653728295, 0.27453671928620454, 0.49700598802395207, 0.17266187050359713, 0.21459982409850484, 0.15625, 0.5215311004784688, 0.453125, 0.6204620462046204, 0.7767669699090273, 0.12842105263157894, 0.20122343850611718, 0.31618887015177066, 0.05673758865248227]","[0.9532710280373832, 0.940251572327044, 0.9521973785659213, 0.9710610932475884, 0.7741935483870968, 0.9661016949152542, 0.9008620689655172, 0.8181818181818182, 0.8876404494382022, 0.9838076545632973, 0.37305699481865284, 0.9168126094570929, 0.8493377483443708, 0.9428571428571428, 0.9384539635647464, 0.9534883720930233, 0.9116497263487099, 0.8808510638297873, 0.9613821138211383, 0.9518413597733711, 0.9352331606217616, 0.8202764976958525, 0.9223880597014925, 0.9118852459016393, 0.9682974559686889, 0.8577586206896551, 0.916083916083916, 0.8571428571428571, 0.9395924308588064, 0.7725321888412017, 0.9719350073855244, 0.7964071856287425, 1.0, 0.9524969549330086, 0.9846564376250834, 0.9415656008820287, 0.9540347293156282, 0.9004804392587509, 0.874251497005988, 0.8661870503597122, 0.9410729991204925, 0.59375, 0.9501025290498974, 0.765625, 0.8151815181518152, 0.966410076976907, 0.9263157894736842, 0.9645846748229234, 0.9367622259696459, 0.8983451536643026]",0.3323304126984127,50,"[0.2925, 0.16933333333333334, 0.37914285714285717, 0.2981666666666667, 0.37733333333333335, 0.13783333333333334, 0.4196666666666667, 0.39085714285714285, 0.42633333333333334, 0.16933333333333334, 0.399, 0.33057142857142857, 0.5306666666666666, 0.37733333333333335, 0.0, 0.36325, 0.0325, 0.32966666666666666, 0.4822, 0.2848333333333333, 0.2876666666666667, 0.6002, 0.37525, 0.214, 0.623, 0.3418, 0.27675, 0.442, 0.1394, 0.36657142857142855, 0.4414, 0.33216666666666667, 0.2624444444444444, 0.2835, 0.1378, 0.5873333333333334, 0.48775, 0.33216666666666667, 0.53125, 0.36666666666666664, 0.36666666666666664, 0.2848333333333333, 0.2406, 0.2335, 0.1658, 0.26775, 0.4314, 0.249, 0.19033333333333333, 0.567]",35.39103698730469,4.747787952423096,0.006109952926635742,30.263517379760742,0.002186298370361328,0.20569849014282227,1112414,ai05,success,
resnet18_cifar10,CIFAR10,50,0.1,43,300,4.0,no_phase0,none,0,0.0,0.241,0.256822,0.5113,0.868,0.1046,-0.6573812947252543,1,50,"[-0.9196617336152221, -0.1607142857142857, -0.8702928870292888, -0.0862068965517242, -0.8582251082251082, -0.5172413793103448, -0.5099765258215962, -0.6668404588112617, -0.7241379310344828, -0.9118236472945892, -0.5893416927899686, -0.735042735042735, -0.6012461059190031, -0.918010752688172, -0.3829787234042553, -0.9013091641490433, -0.7799717912552891, -0.6772823779193207, -0.4909090909090909, -0.8782913984786426, -0.48648648648648646, -0.6917808219178082, -0.7692307692307693, -0.3347236704900939, -0.6068376068376068, -0.03255425709515858, -0.8980016652789342, -0.6208333333333333, -0.8483685220729367, -0.49081803005008345, -0.5253549695740365, -0.830999066293184, -0.614304519526108, -0.7176368375325803, -0.9334733893557423, -0.8465473145780051, -0.7736516357206012, -0.6867283950617284, -0.7791023842917251, -0.7729954876778896, -0.9605263157894737, -0.8059701492537313, -0.519634394041977, -0.5211267605633803, -0.5750000000000001, 0.01038062283737018, -0.7481343283582089, -0.776978417266187, -0.8685897435897436, -0.6635514018691588]","[0.057787174066243834, 0.8303571428571429, 0.05439330543933055, 0.6551724137931034, 0.11580086580086581, 0.12643678160919541, 0.43661971830985913, 0.30083420229405633, 0.1724137931034483, 0.02404809619238477, 0.23510971786833856, 0.22364672364672364, 0.3125649013499481, 0.031586021505376344, 0.5351386202450032, 0.03927492447129909, 0.14527503526093088, 0.2951167728237792, 0.42857142857142855, 0.09362200117027501, 0.24324324324324326, 0.1952054794520548, 0.13247863247863248, 0.6360792492179353, 0.1452991452991453, 0.9123539232053423, 0.08742714404662781, 0.029166666666666667, 0.046065259117082535, 0.4599332220367279, 0.2697768762677485, 0.12791783380018673, 0.3760421237384818, 0.20851433536055602, 0.023809523809523808, 0.08056265984654731, 0.15473032714412024, 0.21219135802469136, 0.1638616175783076, 0.19021173203748698, 0.0043859649122807015, 0.10290652003142184, 0.35138794854434663, 0.31690140845070425, 0.225, 0.8754325259515571, 0.1837686567164179, 0.15827338129496402, 0.03205128205128205, 0.08411214953271028]","[0.9774489076814659, 0.9910714285714286, 0.9246861924686193, 0.7413793103448276, 0.974025974025974, 0.6436781609195402, 0.9465962441314554, 0.9676746611053181, 0.896551724137931, 0.935871743486974, 0.8244514106583072, 0.9586894586894587, 0.9138110072689511, 0.9495967741935484, 0.9181173436492586, 0.9405840886203424, 0.92524682651622, 0.9723991507430998, 0.9194805194805195, 0.9719133996489175, 0.7297297297297297, 0.886986301369863, 0.9017094017094017, 0.9708029197080292, 0.7521367521367521, 0.9449081803005008, 0.985428809325562, 0.65, 0.8944337811900192, 0.9507512520868113, 0.795131845841785, 0.9589169000933707, 0.9903466432645898, 0.9261511728931364, 0.9572829131652661, 0.9271099744245525, 0.9283819628647215, 0.8989197530864198, 0.9429640018700327, 0.9632072197153766, 0.9649122807017544, 0.9088766692851532, 0.8710223425863236, 0.8380281690140845, 0.8, 0.8650519031141869, 0.9319029850746269, 0.935251798561151, 0.9006410256410257, 0.7476635514018691]",0.22082800000000005,50,"[0.276, 0.105125, 0.36716666666666664, 0.21416666666666667, 0.346, 0.3313333333333333, 0.0505, 0.2442, 0.3758, 0.14866666666666667, 0.20533333333333334, 0.05733333333333333, 0.25133333333333335, 0.409, 0.19166666666666668, 0.3204, 0.136, 0.20016666666666666, 0.0655, 0.4583333333333333, 0.18357142857142858, 0.407, 0.4008, 0.11857142857142858, 0.31316666666666665, 0.0785, 0.30216666666666664, 0.3187142857142857, 0.131, 0.0658, 0.202, 0.1638, 0.2684285714285714, 0.2525, 0.2901666666666667, 0.1355, 0.011, 0.167, 0.1338, 0.16166666666666665, 0.36383333333333334, 0.059666666666666666, 0.2618, 0.0595, 0.175625, 0.17, 0.33075, 0.24871428571428572, 0.3273333333333333, 0.185]",35.38947129249573,4.65228796005249,0.006778717041015625,30.28583335876465,0.0021851062774658203,0.24468421936035156,1112414,ai05,success,
resnet18_cifar10,CIFAR10,50,0.1,44,300,4.0,no_phase0,none,0,0.0,0.4749,0.251684,0.4453,0.8667,0.0998,-0.4333301991977725,0,50,"[-0.6005706134094151, -0.8588235294117647, -0.5140186915887851, -0.4622641509433962, -0.2638743455497382, -0.2058823529411764, -0.6302250803858521, -0.31114903299203645, -0.12577639751552794, -0.6607275426874536, -0.9055276381909547, -0.17796610169491522, -0.2816326530612244, -0.5613207547169811, -0.24041297935103245, -0.054973821989528826, -0.29766536964980544, -0.6355421686746987, -0.459332393041843, -0.34573304157549234, -0.24808743169398906, -0.15445026178010468, -0.3242894056847545, -0.6978735971647962, -0.5542168674698795, -0.4014336917562723, -0.4054054054054054, -0.3737596471885337, -0.292332268370607, -0.3708609271523178, -0.4243008678881388, -0.8954545454545454, -0.9398280802292264, -0.3856502242152467, -0.7671905697445972, -0.7474747474747475, -0.11386138613861396, -0.12973933649289104, -0.7322834645669292, -0.8304, -0.0754838709677419, -0.8673469387755102, -0.4867801521187976, -0.2511485451761103, -0.0920526014865638, -0.3244680851063829, -0.16349809885931554, -0.4596967278531524, -0.0437235543018335, -0.52]","[0.3181169757489301, 0.10909090909090909, 0.17289719626168223, 0.42924528301886794, 0.6575916230366492, 0.6176470588235294, 0.2540192926045016, 0.6200227531285551, 0.8354037267080745, 0.3214550853749072, 0.06834170854271357, 0.7076271186440678, 0.5959183673469388, 0.39622641509433965, 0.7522123893805309, 0.8848167539267016, 0.4455252918287938, 0.3072289156626506, 0.44945933239304187, 0.5601750547045952, 0.6841530054644809, 0.7172774869109948, 0.6317829457364341, 0.26757235676314234, 0.3614457831325301, 0.5326164874551972, 0.4864864864864865, 0.5909592061742006, 0.646964856230032, 0.5443708609271524, 0.5188042430086789, 0.08920454545454545, 0.02005730659025788, 0.35874439461883406, 0.14636542239685657, 0.1404040404040404, 0.698019801980198, 0.832345971563981, 0.18503937007874016, 0.1264, 0.8232258064516129, 0.034013605442176874, 0.45201014125316913, 0.6263399693721287, 0.8624928530588908, 0.6180851063829788, 0.7325728770595691, 0.5163607342378292, 0.9083215796897038, 0.16]","[0.9186875891583453, 0.9679144385026738, 0.6869158878504673, 0.8915094339622641, 0.9214659685863874, 0.8235294117647058, 0.8842443729903537, 0.9311717861205916, 0.9611801242236024, 0.9821826280623608, 0.9738693467336683, 0.885593220338983, 0.8775510204081632, 0.9575471698113207, 0.9926253687315634, 0.9397905759162304, 0.7431906614785992, 0.9427710843373494, 0.9087917254348848, 0.9059080962800875, 0.9322404371584699, 0.8717277486910995, 0.9560723514211886, 0.9654459539279385, 0.9156626506024096, 0.9340501792114695, 0.8918918918918919, 0.9647188533627343, 0.939297124600639, 0.9152317880794701, 0.9431051108968177, 0.9846590909090909, 0.9598853868194842, 0.7443946188340808, 0.9135559921414538, 0.8878787878787879, 0.8118811881188119, 0.9620853080568721, 0.9173228346456693, 0.9568, 0.8987096774193548, 0.9013605442176871, 0.9387902933719667, 0.877488514548239, 0.9545454545454546, 0.9425531914893617, 0.8960709759188846, 0.9760574620909817, 0.9520451339915373, 0.68]",0.4871278333333332,50,"[0.4144, 0.836, 0.56425, 0.4455, 0.48783333333333334, 0.4386, 0.446, 0.44466666666666665, 0.5141428571428571, 0.83275, 0.5831666666666667, 0.3845, 0.4314, 0.372, 0.4387142857142857, 0.37266666666666665, 0.498, 0.5152, 0.626, 0.5448, 0.33714285714285713, 0.44, 0.473, 0.4938, 0.48983333333333334, 0.3433333333333333, 0.514625, 0.12133333333333333, 0.21733333333333332, 0.3845, 0.4962, 0.3915, 0.6315, 0.575, 0.8446666666666667, 0.4555, 0.609, 0.3876, 0.65075, 0.4408, 0.3654, 0.5716666666666667, 0.53625, 0.49066666666666664, 0.2544, 0.3682, 0.672, 0.386, 0.4938, 0.73]",37.55535101890564,4.690136194229126,0.00623011589050293,32.456350326538086,0.002166271209716797,0.23458242416381836,1112414,ai05,success,
resnet18_cifar10,CIFAR10,50,0.1,42,300,4.0,raw_union_K20,raw_union,3703,0.0,0.7544,0.25220400000000004,0.4905,0.8701,0.8267,-0.1219964144772674,8,50,"[-0.2429906542056075, -0.10534591194968557, -0.24749421742482647, -0.12861736334405138, 0.024667931688804545, -0.01937046004842613, -0.07327586206896552, 0.10909090909090902, -0.348314606741573, -0.03974484789008825, 0.4559585492227979, -0.03677758318739055, -0.16721854304635753, -0.3285714285714285, -0.07533234859675031, -0.15116279069767447, -0.197810789679437, 0.029787234042553123, -0.1565040650406504, -0.10481586402266296, -0.3208117443868739, -0.2304147465437788, -0.21791044776119406, -0.09699453551912562, -0.25636007827788654, -0.05603448275862066, -0.08566433566433562, -0.17241379310344818, -0.18267831149927216, -0.07296137339055786, -0.1521418020679468, 0.005988023952095856, -0.03418803418803418, -0.11327649208282586, -0.019346230820546984, -0.3634693127526645, -0.24514811031664963, -0.21276595744680848, -0.05988023952095811, -0.20575539568345325, -0.22691292875989444, 0.234375, -0.018455228981544725, 0.046875, 0.06930693069306937, -0.055983205038488526, -0.27438596491228073, -0.3499678042498391, -0.17706576728499157, -0.4515366430260047]","[0.7102803738317757, 0.8349056603773585, 0.7047031611410949, 0.842443729903537, 0.7988614800759013, 0.9467312348668281, 0.8275862068965517, 0.9272727272727272, 0.5393258426966292, 0.9440628066732091, 0.8290155440414507, 0.8800350262697023, 0.6821192052980133, 0.6142857142857143, 0.8631216149679961, 0.8023255813953488, 0.7138389366692729, 0.9106382978723404, 0.8048780487804879, 0.8470254957507082, 0.6144214162348878, 0.5898617511520737, 0.7044776119402985, 0.8148907103825137, 0.7119373776908023, 0.8017241379310345, 0.8304195804195804, 0.6847290640394089, 0.7569141193595342, 0.6995708154506438, 0.8197932053175776, 0.8023952095808383, 0.9658119658119658, 0.8392204628501827, 0.9653102068045364, 0.5780962881293642, 0.7088866189989785, 0.6877144818119424, 0.8143712574850299, 0.660431654676259, 0.714160070360598, 0.828125, 0.9316473000683527, 0.8125, 0.8844884488448845, 0.9104268719384184, 0.6519298245614035, 0.6146168705730843, 0.7596964586846543, 0.44680851063829785]","[0.9532710280373832, 0.940251572327044, 0.9521973785659213, 0.9710610932475884, 0.7741935483870968, 0.9661016949152542, 0.9008620689655172, 0.8181818181818182, 0.8876404494382022, 0.9838076545632973, 0.37305699481865284, 0.9168126094570929, 0.8493377483443708, 0.9428571428571428, 0.9384539635647464, 0.9534883720930233, 0.9116497263487099, 0.8808510638297873, 0.9613821138211383, 0.9518413597733711, 0.9352331606217616, 0.8202764976958525, 0.9223880597014925, 0.9118852459016393, 0.9682974559686889, 0.8577586206896551, 0.916083916083916, 0.8571428571428571, 0.9395924308588064, 0.7725321888412017, 0.9719350073855244, 0.7964071856287425, 1.0, 0.9524969549330086, 0.9846564376250834, 0.9415656008820287, 0.9540347293156282, 0.9004804392587509, 0.874251497005988, 0.8661870503597122, 0.9410729991204925, 0.59375, 0.9501025290498974, 0.765625, 0.8151815181518152, 0.966410076976907, 0.9263157894736842, 0.9645846748229234, 0.9367622259696459, 0.8983451536643026]",0.746232396825397,50,"[0.7635, 0.697, 0.743, 0.7223333333333334, 0.7613333333333333, 0.6693333333333333, 0.7588333333333334, 0.7618571428571429, 0.764, 0.697, 0.716, 0.722, 0.8766666666666667, 0.7463333333333333, 0.5125, 0.733, 0.6845, 0.7673333333333333, 0.8058, 0.719, 0.7596666666666667, 0.8384, 0.86075, 0.659, 0.7993333333333333, 0.7558, 0.71975, 0.8055, 0.7382, 0.7998571428571428, 0.7914, 0.7205, 0.7322222222222222, 0.7215, 0.6422, 0.803, 0.76625, 0.7205, 0.8225, 0.701, 0.701, 0.719, 0.6902, 0.75625, 0.7276, 0.74225, 0.7922, 0.7368, 0.7146666666666667, 0.953]",37.61072254180908,4.792723655700684,0.2931649684906006,32.135191202163696,0.0021123886108398438,0.24734163284301758,1112414,ai05,success,
resnet18_cifar10,CIFAR10,50,0.1,43,300,4.0,raw_union_K20,raw_union,3615,0.0,0.7555,0.256822,0.5113,0.868,0.8228,-0.14707870366726175,7,50,"[-0.35517970401691334, -0.0267857142857143, -0.19874476987447698, 0.10344827586206895, -0.19913419913419916, 0.1724137931034483, -0.0199530516431925, -0.08342022940563087, -0.1724137931034483, -0.4509018036072145, 0.059561128526645746, -0.12108262108262102, -0.17341640706126682, -0.4522849462365591, -0.042553191489361764, -0.39375629405840884, -0.2947813822284908, -0.06581740976645434, -0.054545454545454564, -0.16383850204798134, -0.1351351351351351, -0.20890410958904104, -0.18376068376068377, -0.02919708029197088, 0.1282051282051282, -0.03088480801335558, -0.3263946711074105, -0.1166666666666667, -0.3176583493282149, -0.04173622704507507, 0.012170385395537497, -0.21381886087768442, -0.09433962264150941, -0.10251954821894005, -0.4236694677871149, -0.32352941176470595, -0.11405835543766585, -0.10879629629629639, -0.1617578307620383, -0.15411315515446022, -0.5350877192982456, -0.2788688138256088, -0.2004062288422478, -0.021126760563380254, -0.15000000000000002, 0.06228373702422141, -0.18097014925373134, -0.06474820143884885, -0.1987179487179488, 0.09345794392523366]","[0.6222692036645525, 0.9642857142857143, 0.7259414225941423, 0.8448275862068966, 0.7748917748917749, 0.8160919540229885, 0.9266431924882629, 0.8842544316996872, 0.7241379310344828, 0.4849699398797595, 0.8840125391849529, 0.8376068376068376, 0.7403946002076843, 0.49731182795698925, 0.8755641521598968, 0.5468277945619335, 0.6304654442877292, 0.9065817409766455, 0.8649350649350649, 0.8080748976009362, 0.5945945945945946, 0.678082191780822, 0.717948717948718, 0.9416058394160584, 0.8803418803418803, 0.9140233722871453, 0.6590341382181515, 0.5333333333333333, 0.5767754318618042, 0.9090150250417363, 0.8073022312373225, 0.7450980392156863, 0.8960070206230804, 0.8236316246741964, 0.5336134453781513, 0.6035805626598465, 0.8143236074270557, 0.7901234567901234, 0.7812061711079944, 0.8090940645609164, 0.4298245614035088, 0.6300078554595444, 0.6706161137440758, 0.8169014084507042, 0.65, 0.9273356401384083, 0.7509328358208955, 0.8705035971223022, 0.7019230769230769, 0.8411214953271028]","[0.9774489076814659, 0.9910714285714286, 0.9246861924686193, 0.7413793103448276, 0.974025974025974, 0.6436781609195402, 0.9465962441314554, 0.9676746611053181, 0.896551724137931, 0.935871743486974, 0.8244514106583072, 0.9586894586894587, 0.9138110072689511, 0.9495967741935484, 0.9181173436492586, 0.9405840886203424, 0.92524682651622, 0.9723991507430998, 0.9194805194805195, 0.9719133996489175, 0.7297297297297297, 0.886986301369863, 0.9017094017094017, 0.9708029197080292, 0.7521367521367521, 0.9449081803005008, 0.985428809325562, 0.65, 0.8944337811900192, 0.9507512520868113, 0.795131845841785, 0.9589169000933707, 0.9903466432645898, 0.9261511728931364, 0.9572829131652661, 0.9271099744245525, 0.9283819628647215, 0.8989197530864198, 0.9429640018700327, 0.9632072197153766, 0.9649122807017544, 0.9088766692851532, 0.8710223425863236, 0.8380281690140845, 0.8, 0.8650519031141869, 0.9319029850746269, 0.935251798561151, 0.9006410256410257, 0.7476635514018691]",0.7444418571428573,50,"[0.7793333333333333, 0.707, 0.8256666666666667, 0.8255, 0.7986, 0.619, 0.6476666666666666, 0.6882, 0.8256, 0.7606666666666667, 0.6736666666666666, 0.7446666666666667, 0.811, 0.8756666666666667, 0.6186666666666667, 0.8044, 0.7124, 0.6661666666666667, 0.603, 0.8126666666666666, 0.7712857142857142, 0.8446666666666667, 0.8052, 0.7221428571428572, 0.7623333333333333, 0.718, 0.773, 0.8014285714285714, 0.745, 0.6846, 0.768, 0.7346, 0.7192857142857143, 0.77275, 0.7631666666666667, 0.78025, 0.601, 0.6976666666666667, 0.6844, 0.7205, 0.844, 0.6433333333333333, 0.8516, 0.65775, 0.7505, 0.7436, 0.8665, 0.72, 0.802, 0.674]",40.09464883804321,5.036726474761963,0.3298933506011963,34.31775379180908,0.002062082290649414,0.2389688491821289,1112414,ai05,success,
resnet18_cifar10,CIFAR10,50,0.1,44,300,4.0,raw_union_K20,raw_union,3564,0.0,0.7955,0.251684,0.4453,0.8667,0.8231,-0.10395514847778685,8,50,"[-0.17831669044222542, -0.31550802139037426, -0.12149532710280375, -0.018867924528301883, -0.011518324607329822, 0.01764705882352946, -0.25080385852090037, -0.09783845278725822, -0.05900621118012417, -0.1440237564959168, -0.2693467336683417, -0.02330508474576265, 0.04489795918367345, -0.05660377358490565, -0.09292035398230081, -0.023560209424083767, 0.01945525291828787, -0.21837349397590355, -0.11048425011753649, -0.006564551422319487, -0.033879781420764976, 0.005235602094240788, -0.04134366925064603, -0.31866509155345535, -0.06987951807228909, -0.08315412186379922, 0.027027027027027084, -0.1091510474090408, -0.06509584664536738, -0.09139072847682117, -0.16972034715525552, -0.28125, -0.4355300859598854, 0.013452914798206206, -0.26817288801571704, -0.24545454545454548, 0.05940594059405935, -0.08471563981042662, -0.22637795275590555, -0.23039999999999994, 0.04387096774193555, -0.24149659863945583, -0.17167692864904027, -0.0735068912710567, -0.036306460834762744, -0.06276595744680846, -0.005069708491761693, -0.08379888268156421, -0.0014104372355430161, 0.0]","[0.7403708987161198, 0.6524064171122995, 0.5654205607476636, 0.8726415094339622, 0.9099476439790576, 0.8411764705882353, 0.6334405144694534, 0.8333333333333334, 0.9021739130434783, 0.838158871566444, 0.7045226130653266, 0.8622881355932204, 0.9224489795918367, 0.9009433962264151, 0.8997050147492626, 0.9162303664921466, 0.7626459143968871, 0.7243975903614458, 0.7983074753173484, 0.899343544857768, 0.898360655737705, 0.8769633507853403, 0.9147286821705426, 0.6467808623744832, 0.8457831325301205, 0.8508960573476703, 0.918918918918919, 0.8555678059536935, 0.8742012779552716, 0.823841059602649, 0.7733847637415622, 0.7034090909090909, 0.5243553008595988, 0.757847533632287, 0.6453831041257367, 0.6424242424242425, 0.8712871287128713, 0.8773696682464455, 0.6909448818897638, 0.7264, 0.9425806451612904, 0.6598639455782312, 0.7671133647229265, 0.8039816232771823, 0.9182389937106918, 0.8797872340425532, 0.8910012674271229, 0.8922585794094174, 0.9506346967559943, 0.68]","[0.9186875891583453, 0.9679144385026738, 0.6869158878504673, 0.8915094339622641, 0.9214659685863874, 0.8235294117647058, 0.8842443729903537, 0.9311717861205916, 0.9611801242236024, 0.9821826280623608, 0.9738693467336683, 0.885593220338983, 0.8775510204081632, 0.9575471698113207, 0.9926253687315634, 0.9397905759162304, 0.7431906614785992, 0.9427710843373494, 0.9087917254348848, 0.9059080962800875, 0.9322404371584699, 0.8717277486910995, 0.9560723514211886, 0.9654459539279385, 0.9156626506024096, 0.9340501792114695, 0.8918918918918919, 0.9647188533627343, 0.939297124600639, 0.9152317880794701, 0.9431051108968177, 0.9846590909090909, 0.9598853868194842, 0.7443946188340808, 0.9135559921414538, 0.8878787878787879, 0.8118811881188119, 0.9620853080568721, 0.9173228346456693, 0.9568, 0.8987096774193548, 0.9013605442176871, 0.9387902933719667, 0.877488514548239, 0.9545454545454546, 0.9425531914893617, 0.8960709759188846, 0.9760574620909817, 0.9520451339915373, 0.68]",0.7961769285714285,50,"[0.7676, 0.9145, 0.8495, 0.77375, 0.794, 0.766, 0.7626666666666667, 0.7893333333333333, 0.8095714285714286, 0.919, 0.8128333333333333, 0.7705, 0.7842, 0.7498571428571429, 0.7571428571428571, 0.7876666666666666, 0.798, 0.8302, 0.8628, 0.8104, 0.748, 0.775, 0.74525, 0.8026, 0.7641666666666667, 0.697, 0.806375, 0.7, 0.7013333333333334, 0.7705, 0.8002, 0.7521666666666667, 0.8261666666666667, 0.855, 0.9063333333333333, 0.79775, 0.83775, 0.7728, 0.86425, 0.7712, 0.749, 0.806, 0.85075, 0.8198333333333333, 0.7574, 0.7284, 0.8615, 0.758, 0.8026, 0.872]",39.19040584564209,4.783193349838257,0.3415870666503906,33.63151836395264,0.002154827117919922,0.24071741104125977,1112414,ai05,success,
resnet18_cifar10,CIFAR10,50,0.1,42,300,4.0,warmup_only_labelled,warmup_only,100,0.0,0.3086,0.25220400000000004,0.4905,0.8701,0.3086,-0.5796345089480888,1,50,"[-0.7317757009345794, -0.6037735849056605, -0.5574402467232074, -0.9121114683815648, -0.5521821631878557, -0.9515738498789346, -0.5150862068965517, -0.4181818181818182, -0.7752808988764044, -0.5142296368989205, 0.13471502590673579, -0.8537653239929948, -0.5894039735099337, -0.8064935064935065, -0.7552929591334319, -0.7342192691029901, -0.4010946051602814, -0.38723404255319155, -0.9207317073170732, -0.7677053824362606, -0.7797927461139896, -0.4039938556067588, -0.3910447761194029, -0.6741803278688525, -0.6571428571428573, -0.7327586206896551, -0.6853146853146852, -0.3004926108374384, -0.5171033478893741, -0.28326180257510725, -0.499261447562777, -0.21556886227544902, -1.0, -0.5870889159561511, -0.9292861907938625, -0.6512311650128629, -0.5832482124616956, -0.3191489361702128, -0.4101796407185629, -0.7064748201438849, -0.6288478452066841, -0.375, -0.4449760765550239, -0.34375, -0.6600660066006601, -0.8572428271518545, -0.4280701754385965, -0.47231165486155835, -0.4679595278246206, -0.36406619385342787]","[0.22149532710280373, 0.33647798742138363, 0.39475713184271394, 0.05894962486602358, 0.222011385199241, 0.014527845036319613, 0.3857758620689655, 0.4, 0.11235955056179775, 0.46957801766437685, 0.5077720207253886, 0.06304728546409807, 0.2599337748344371, 0.13636363636363635, 0.1831610044313146, 0.21926910299003322, 0.5105551211884285, 0.49361702127659574, 0.04065040650406504, 0.18413597733711048, 0.15544041450777202, 0.4162826420890937, 0.5313432835820896, 0.23770491803278687, 0.3111545988258317, 0.125, 0.23076923076923078, 0.5566502463054187, 0.42248908296943233, 0.4892703862660944, 0.4726735598227474, 0.5808383233532934, 0.0, 0.3654080389768575, 0.05537024683122081, 0.29033443586916574, 0.3707865168539326, 0.5813315030885381, 0.46407185628742514, 0.15971223021582734, 0.3122251539138083, 0.21875, 0.5051264524948735, 0.421875, 0.1551155115511551, 0.10916724982505248, 0.4982456140350877, 0.4922730199613651, 0.4688026981450253, 0.5342789598108747]","[0.9532710280373832, 0.940251572327044, 0.9521973785659213, 0.9710610932475884, 0.7741935483870968, 0.9661016949152542, 0.9008620689655172, 0.8181818181818182, 0.8876404494382022, 0.9838076545632973, 0.37305699481865284, 0.9168126094570929, 0.8493377483443708, 0.9428571428571428, 0.9384539635647464, 0.9534883720930233, 0.9116497263487099, 0.8808510638297873, 0.9613821138211383, 0.9518413597733711, 0.9352331606217616, 0.8202764976958525, 0.9223880597014925, 0.9118852459016393, 0.9682974559686889, 0.8577586206896551, 0.916083916083916, 0.8571428571428571, 0.9395924308588064, 0.7725321888412017, 0.9719350073855244, 0.7964071856287425, 1.0, 0.9524969549330086, 0.9846564376250834, 0.9415656008820287, 0.9540347293156282, 0.9004804392587509, 0.874251497005988, 0.8661870503597122, 0.9410729991204925, 0.59375, 0.9501025290498974, 0.765625, 0.8151815181518152, 0.966410076976907, 0.9263157894736842, 0.9645846748229234, 0.9367622259696459, 0.8983451536643026]",0.30871753968253957,50,"[0.312, 0.24616666666666667, 0.25342857142857145, 0.32, 0.3453333333333333, 0.3293333333333333, 0.29683333333333334, 0.32357142857142857, 0.29733333333333334, 0.24616666666666667, 0.243, 0.40714285714285714, 0.24766666666666667, 0.517, 0.3355, 0.303, 0.22075, 0.037, 0.4356, 0.3443333333333333, 0.5866666666666667, 0.2074, 0.19425, 0.651, 0.198, 0.3976, 0.2125, 0.2755, 0.2846, 0.20342857142857143, 0.2848, 0.24066666666666667, 0.3428888888888889, 0.5665, 0.3722, 0.35633333333333334, 0.29075, 0.24066666666666667, 0.21375, 0.415, 0.415, 0.3443333333333333, 0.271, 0.07875, 0.404, 0.17, 0.2478, 0.193, 0.17633333333333334, 0.54]",5.355440139770508,4.9617626667022705,0.01764202117919922,0.0,0.0,0.2139897346496582,1112414,ai05,success,
resnet18_cifar10,CIFAR10,50,0.1,43,300,4.0,warmup_only_labelled,warmup_only,100,0.0,0.3545,0.256822,0.5113,0.868,0.3545,-0.546250885813434,0,50,"[-0.23608174770965473, -0.8303571428571429, -0.596234309623431, -0.6206896551724138, -0.3831168831168831, -0.13793103448275856, -0.5152582159624413, -0.6777893639207508, -0.7931034482758621, -0.6533066132264529, -0.23510971786833856, -0.5854700854700854, -0.6022845275181723, -0.801747311827957, -0.8098001289490652, -0.6797583081570997, -0.5684062059238364, -0.7112526539278132, -0.4961038961038961, -0.23698069046225867, -0.4324324324324324, -0.5171232876712328, -0.4017094017094017, -0.662148070907195, -0.641025641025641, -0.8848080133555927, -0.6690258118234804, -0.1916666666666667, -0.8205374280230326, -0.6335559265442403, -0.16632860040567954, -0.5396825396825398, -0.9227731461167179, -0.23718505647263255, -0.6484593837535014, -0.6138107416879796, -0.2776304155614501, -0.3094135802469137, -0.4022907900888265, -0.948976049982645, -0.9122807017543859, -0.5765907305577376, -0.5524712254570074, -0.647887323943662, -0.125, -0.8408304498269896, -0.6996268656716418, -0.16546762589928055, -0.33653846153846156, -0.3644859813084112]","[0.7413671599718111, 0.16071428571428573, 0.3284518828451883, 0.1206896551724138, 0.5909090909090909, 0.5057471264367817, 0.43133802816901406, 0.28988529718456724, 0.10344827586206896, 0.28256513026052105, 0.5893416927899686, 0.3732193732193732, 0.3115264797507788, 0.1478494623655914, 0.10831721470019343, 0.2608257804632427, 0.35684062059238364, 0.2611464968152866, 0.42337662337662335, 0.7349327091866589, 0.2972972972972973, 0.3698630136986301, 0.5, 0.3086548488008342, 0.1111111111111111, 0.06010016694490818, 0.3164029975020816, 0.4583333333333333, 0.07389635316698656, 0.31719532554257096, 0.6288032454361054, 0.419234360410831, 0.06757349714787188, 0.6889661164205039, 0.3088235294117647, 0.3132992327365729, 0.6507515473032714, 0.5895061728395061, 0.5406732117812062, 0.01423116973273169, 0.05263157894736842, 0.3322859387274156, 0.31855111712931616, 0.19014084507042253, 0.675, 0.02422145328719723, 0.23227611940298507, 0.7697841726618705, 0.5641025641025641, 0.38317757009345793]","[0.9774489076814659, 0.9910714285714286, 0.9246861924686193, 0.7413793103448276, 0.974025974025974, 0.6436781609195402, 0.9465962441314554, 0.9676746611053181, 0.896551724137931, 0.935871743486974, 0.8244514106583072, 0.9586894586894587, 0.9138110072689511, 0.9495967741935484, 0.9181173436492586, 0.9405840886203424, 0.92524682651622, 0.9723991507430998, 0.9194805194805195, 0.9719133996489175, 0.7297297297297297, 0.886986301369863, 0.9017094017094017, 0.9708029197080292, 0.7521367521367521, 0.9449081803005008, 0.985428809325562, 0.65, 0.8944337811900192, 0.9507512520868113, 0.795131845841785, 0.9589169000933707, 0.9903466432645898, 0.9261511728931364, 0.9572829131652661, 0.9271099744245525, 0.9283819628647215, 0.8989197530864198, 0.9429640018700327, 0.9632072197153766, 0.9649122807017544, 0.9088766692851532, 0.8710223425863236, 0.8380281690140845, 0.8, 0.8650519031141869, 0.9319029850746269, 0.935251798561151, 0.9006410256410257, 0.7476635514018691]",0.36695269047619056,50,"[0.2715, 0.39375, 0.33666666666666667, 0.4525, 0.3074, 0.126, 0.3983333333333333, 0.3314, 0.4728, 0.256, 0.4025, 0.5313333333333333, 0.626, 0.2673333333333333, 0.235, 0.4144, 0.4016, 0.26616666666666666, 0.379, 0.2643333333333333, 0.3932857142857143, 0.43766666666666665, 0.0886, 0.3417142857142857, 0.4003333333333333, 0.47383333333333333, 0.37116666666666664, 0.246, 0.452, 0.3878, 0.29175, 0.385, 0.38685714285714284, 0.16925, 0.3378333333333333, 0.39875, 0.758, 0.253, 0.3112, 0.45716666666666667, 0.32033333333333336, 0.5183333333333333, 0.3164, 0.51875, 0.344125, 0.5486, 0.40725, 0.3332857142857143, 0.41183333333333333, 0.1535]",5.2148754596710205,4.768790245056152,0.016434907913208008,0.0,0.0,0.2550220489501953,1112414,ai05,success,
resnet18_cifar10,CIFAR10,50,0.1,44,300,4.0,warmup_only_labelled,warmup_only,100,0.0,0.3657,0.251684,0.4453,0.8667,0.3657,-0.5198607601343557,0,50,"[-0.18972895863052786, -0.6443850267379678, -0.5467289719626168, -0.32547169811320753, -0.47434554973821985, -0.7058823529411764, -0.6205787781350482, -0.3617747440273038, -0.9161490683229814, -0.40237564959168526, -0.907537688442211, -0.34957627118644063, -0.2571428571428571, -0.32547169811320753, -0.9882005899705014, -0.2984293193717278, -0.585603112840467, -0.14156626506024095, -0.26375176304654446, -0.29540481400437635, -0.5081967213114754, -0.23560209424083767, -0.4031007751937985, -0.8916125221500295, -0.5373493975903614, -0.6157706093189963, -0.3783783783783784, -0.27232635060639476, -0.6289936102236422, -0.6927152317880794, -0.7878495660559306, -0.9232954545454545, -0.9040114613180515, -0.03139013452914807, -0.5481335952848723, -0.5060606060606061, -0.7772277227722773, -0.9295023696682465, -0.5059055118110236, -0.8570666666666666, -0.24193548387096775, -0.6428571428571428, -0.3317638536762043, -0.4915773353751915, -0.5766152086906804, -0.7127659574468085, -0.3561470215462611, -0.35115722266560256, -0.2736248236953456, -0.48000000000000004]","[0.7289586305278174, 0.3235294117647059, 0.14018691588785046, 0.5660377358490566, 0.44712041884816756, 0.11764705882352941, 0.26366559485530544, 0.5693970420932878, 0.04503105590062112, 0.5798069784706755, 0.06633165829145729, 0.5360169491525424, 0.6204081632653061, 0.6320754716981132, 0.004424778761061947, 0.6413612565445026, 0.1575875486381323, 0.8012048192771084, 0.6450399623883404, 0.6105032822757112, 0.4240437158469945, 0.6361256544502618, 0.5529715762273901, 0.07383343177790903, 0.3783132530120482, 0.31827956989247314, 0.5135135135135135, 0.6923925027563396, 0.3103035143769968, 0.22251655629139072, 0.15525554484088716, 0.06136363636363636, 0.055873925501432664, 0.7130044843049327, 0.3654223968565815, 0.38181818181818183, 0.034653465346534656, 0.032582938388625596, 0.41141732283464566, 0.09973333333333333, 0.6567741935483871, 0.2585034013605442, 0.6070264396957624, 0.38591117917304746, 0.37793024585477414, 0.2297872340425532, 0.5399239543726235, 0.6249002394253791, 0.6784203102961918, 0.2]","[0.9186875891583453, 0.9679144385026738, 0.6869158878504673, 0.8915094339622641, 0.9214659685863874, 0.8235294117647058, 0.8842443729903537, 0.9311717861205916, 0.9611801242236024, 0.9821826280623608, 0.9738693467336683, 0.885593220338983, 0.8775510204081632, 0.9575471698113207, 0.9926253687315634, 0.9397905759162304, 0.7431906614785992, 0.9427710843373494, 0.9087917254348848, 0.9059080962800875, 0.9322404371584699, 0.8717277486910995, 0.9560723514211886, 0.9654459539279385, 0.9156626506024096, 0.9340501792114695, 0.8918918918918919, 0.9647188533627343, 0.939297124600639, 0.9152317880794701, 0.9431051108968177, 0.9846590909090909, 0.9598853868194842, 0.7443946188340808, 0.9135559921414538, 0.8878787878787879, 0.8118811881188119, 0.9620853080568721, 0.9173228346456693, 0.9568, 0.8987096774193548, 0.9013605442176871, 0.9387902933719667, 0.877488514548239, 0.9545454545454546, 0.9425531914893617, 0.8960709759188846, 0.9760574620909817, 0.9520451339915373, 0.68]",0.3461334047619047,50,"[0.326, 0.346, 0.29825, 0.4215, 0.4058333333333333, 0.3104, 0.201, 0.36633333333333334, 0.4017142857142857, 0.4685, 0.45716666666666667, 0.43425, 0.2558, 0.3462857142857143, 0.35285714285714287, 0.301, 0.284, 0.2942, 0.2542, 0.4756, 0.3535714285714286, 0.1228, 0.21725, 0.4702, 0.4098333333333333, 0.2896666666666667, 0.350625, 0.22166666666666668, 0.496, 0.43425, 0.384, 0.39766666666666667, 0.404, 0.2488, 0.23066666666666666, 0.3055, 0.386, 0.4396, 0.32925, 0.326, 0.4124, 0.35483333333333333, 0.311, 0.4995, 0.4632, 0.1888, 0.5235, 0.265, 0.4702, 0.0]",5.248819589614868,4.837202548980713,0.018381118774414062,0.0,0.0,0.2398996353149414,1112414,ai05,success,
resnet18_cifar10,CIFAR10,50,0.3,42,300,4.0,dp_avg_eps2_K20,dp_avg,10,3.986361524956496,0.6543,0.406094,0.6605,0.8701,0.3096,-0.20465381328146642,1,50,"[-0.3925417075564279, -0.10432190760059612, -0.28662109375, -0.17477203647416417, -0.1491317671092952, -0.08823529411764697, -0.1837837837837838, 0.018404907975460127, -0.3406156901688182, -0.14591439688715957, -0.021531100478468956, -0.24397590361445787, -0.24622356495468278, -0.0286624203821656, -0.13915416098226463, -0.15980230642504123, -0.2588686481303931, -0.07651245551601427, -0.0494505494505495, -0.06506849315068486, -0.25681341719077566, -0.07417974322396581, -0.24767953102100637, -0.4096016343207354, -0.3078651685393259, -0.11340206185567003, -0.18005181347150256, -0.09157509157509158, -0.45813953488372094, -0.4371957156767283, -0.4846666666666667, -0.1341991341991342, -0.22580645161290314, -0.09103740296400853, -0.23571945046999276, -0.3493087557603687, -0.06736657917760269, -0.07651559741024128, -0.2658536585365854, -0.13107638888888884, -0.2579666160849773, -0.05166051660516602, -0.1956989247311829, -0.1475826972010178, -0.3850931677018633, -0.02680965147453085, -0.37456647398843934, -0.6888141295206056, -0.1728395061728395, -0.1568228105906313]","[0.5093228655544652, 0.7198211624441133, 0.599609375, 0.5714285714285714, 0.7691521961184883, 0.8260649087221096, 0.7117117117117117, 0.6196319018404908, 0.5322740814299901, 0.6945525291828794, 0.8301435406698564, 0.6701807228915663, 0.6450151057401813, 0.7993630573248408, 0.6998635743519782, 0.6392092257001647, 0.5867689357622243, 0.7624555160142349, 0.8173076923076923, 0.7414383561643836, 0.5786163522012578, 0.7945791726105563, 0.6365412799218368, 0.5270684371807968, 0.5146067415730337, 0.8041237113402062, 0.7266839378238342, 0.8492063492063492, 0.3558139534883721, 0.4907497565725414, 0.45666666666666667, 0.6753246753246753, 0.6975806451612904, 0.6019760056457304, 0.6688358640636298, 0.5179723502304148, 0.8171478565179353, 0.8622719246615657, 0.6402439024390244, 0.7361111111111112, 0.6403641881638846, 0.8238007380073801, 0.5870967741935483, 0.7531806615776081, 0.4451345755693582, 0.7667560321715817, 0.4369942196531792, 0.24053826745164003, 0.6450617283950617, 0.6109979633401222]","[0.9018645731108931, 0.8241430700447094, 0.88623046875, 0.7462006079027356, 0.9182839632277835, 0.9143002028397565, 0.8954954954954955, 0.6012269938650306, 0.8728897715988083, 0.8404669260700389, 0.8516746411483254, 0.9141566265060241, 0.8912386706948641, 0.8280254777070064, 0.8390177353342428, 0.7990115321252059, 0.8456375838926175, 0.8389679715302492, 0.8667582417582418, 0.8065068493150684, 0.8354297693920335, 0.8687589158345221, 0.8842208109428432, 0.9366700715015321, 0.8224719101123595, 0.9175257731958762, 0.9067357512953368, 0.9407814407814408, 0.813953488372093, 0.9279454722492697, 0.9413333333333334, 0.8095238095238095, 0.9233870967741935, 0.6930134086097389, 0.9045553145336226, 0.8672811059907835, 0.884514435695538, 0.9387875220718069, 0.9060975609756098, 0.8671875, 0.8983308042488619, 0.8754612546125461, 0.7827956989247312, 0.9007633587786259, 0.8302277432712215, 0.7935656836461126, 0.8115606936416185, 0.9293523969722456, 0.8179012345679012, 0.7678207739307535]",0.6462654471544714,41,"[0.6975, 0.868, null, null, 0.866, null, 0.431, 0.892, null, 0.868, 0.672, 0.892, 0.693, 0.892, 0.033, 0.392, 0.392, 0.452, 0.2895, null, 0.801, 0.849, 0.392, null, 0.8766666666666667, 0.499, 0.499, 0.392, 0.6976666666666667, null, 0.574, null, 0.65275, 0.6188, 0.546, 0.87, 0.801, 0.546, 0.5745, 0.801, 0.794, 0.452, 0.392, 0.892, 0.452, 0.868, 0.642, 0.8445, 0.84, null]",29.149447441101074,4.805589914321899,0.1656045913696289,23.80688166618347,0.0019121170043945312,0.14527034759521484,1112414,ai05,success,
resnet18_cifar10,CIFAR10,50,0.3,43,300,4.0,dp_avg_eps2_K20,dp_avg,10,3.9676203949800515,0.6867,0.400346,0.5795,0.868,0.338,-0.18778892332153443,0,50,"[-0.30000000000000004, -0.2710007304601899, -0.2042586750788643, -0.055256064690026974, -0.10998990918264373, -0.04503464203233254, -0.10768151525780423, -0.3521912350597609, -0.5496535796766744, -0.04245283018867918, -0.02810304449648715, -0.4402125775022143, -0.18722786647314948, -0.036437246963562764, -0.1558441558441559, -0.2198660714285714, -0.033264033264033266, -0.30434782608695654, -0.042857142857142816, -0.13872255489021956, -0.1622678396871946, -0.21473354231974917, -0.10752688172043012, -0.10532761788120026, -0.28399311531841653, -0.007471980074719831, -0.4678362573099415, -0.04573547589616811, -0.02765957446808509, -0.042134831460674205, -0.0762564991334489, -0.4157844080846968, -0.5069637883008358, -0.051912568306010876, -0.10644257703081239, -0.5173845355474831, -0.21534653465346532, -0.20549019607843133, -0.1070707070707071, -0.2873629544143105, -0.09735307312696284, -0.5865724381625441, -0.19959266802443987, -0.030710172744721653, -0.08941755537325669, -0.42036553524804177, -0.18739495798319328, -0.06162464985994398, -0.0552380952380952, -0.08207343412527002]","[0.6590909090909091, 0.5924032140248356, 0.6703470031545742, 0.7951482479784366, 0.7880928355196771, 0.8175519630484989, 0.8298842511399509, 0.5346613545816733, 0.37644341801385683, 0.5235849056603774, 0.8559718969555035, 0.4641275465013286, 0.6509433962264151, 0.757085020242915, 0.7034632034632035, 0.6395089285714286, 0.8471933471933472, 0.5594202898550724, 0.8111111111111111, 0.7654690618762475, 0.6823069403714564, 0.5658307210031348, 0.7078853046594982, 0.8015921616656461, 0.6144578313253012, 0.8841843088418431, 0.39766081871345027, 0.7985166872682324, 0.7893617021276595, 0.8342696629213483, 0.7989601386481803, 0.4629451395572666, 0.3554317548746518, 0.825136612021858, 0.7633053221288515, 0.4151530877010898, 0.7425742574257426, 0.6376470588235295, 0.7993265993265993, 0.6093479515291402, 0.8124719605204127, 0.22614840989399293, 0.6863543788187373, 0.9078694817658349, 0.8014766201804758, 0.5039164490861618, 0.6873949579831933, 0.8935574229691877, 0.7219047619047619, 0.8192944564434845]","[0.9590909090909091, 0.8634039444850256, 0.8746056782334385, 0.8504043126684636, 0.8980827447023209, 0.8625866050808314, 0.9375657663977551, 0.8868525896414342, 0.9260969976905312, 0.5660377358490566, 0.8840749414519906, 0.9043401240035429, 0.8381712626995645, 0.7935222672064778, 0.8593073593073594, 0.859375, 0.8804573804573804, 0.863768115942029, 0.8539682539682539, 0.9041916167664671, 0.844574780058651, 0.780564263322884, 0.8154121863799283, 0.9069197795468463, 0.8984509466437177, 0.8916562889165629, 0.8654970760233918, 0.8442521631644005, 0.8170212765957446, 0.8764044943820225, 0.8752166377816292, 0.8787295476419634, 0.8623955431754875, 0.8770491803278688, 0.8697478991596639, 0.9325376232485729, 0.9579207920792079, 0.8431372549019608, 0.9063973063973064, 0.8967109059434507, 0.9098250336473755, 0.8127208480565371, 0.8859470468431772, 0.9385796545105566, 0.8908941755537325, 0.9242819843342036, 0.8747899159663866, 0.9551820728291317, 0.7771428571428571, 0.9013678905687545]",0.6913467479674799,41,"[0.804, 0.8386666666666667, 0.862, 0.862, 0.125, null, 0.183, 0.8005, 0.862, 0.851, null, 0.851, 0.819, 0.7333333333333333, 0.94, 0.746, null, 0.67575, 0.6216666666666667, 0.4645, 0.5263333333333333, 0.698, 0.751, 0.5325, null, 0.746, 0.901, null, 0.623, 0.7663333333333333, 0.809, 0.855, 0.94, null, 0.64, 0.8333333333333334, 0.6898, 0.882, 0.183, 0.756, null, 0.911, 0.607, 0.814, 0.4355, null, 0.125, 0.791, 0.49, null]",35.337655544281006,4.657521963119507,0.19637060165405273,30.106327533721924,0.002198934555053711,0.20124602317810059,1112414,ai05,success,
resnet18_cifar10,CIFAR10,50,0.3,44,300,4.0,dp_avg_eps2_K20,dp_avg,10,3.962551391060827,0.6156,0.393278,0.6163,0.8667,0.3164,-0.24465673560272008,1,50,"[-0.2126315789473684, -0.3359240069084628, -0.12886969042476604, -0.030660377358490587, -0.2838427947598253, -0.30131826741996226, -0.4808673469387755, -0.17436380772855797, -0.3410169491525423, -0.13793103448275867, -0.16118421052631582, 0.027100271002710064, -0.14155251141552516, -0.3284608770421324, -0.33333333333333337, -0.1541417591801879, -0.16603773584905657, -0.22828784119106693, -0.22905027932960897, -0.2953714981729598, -0.21923390383048091, -0.45911413969335607, -0.35654008438818563, -0.23965141612200436, -0.1849881796690307, -0.3615023474178404, -0.24229691876750703, -0.5481088254810882, -0.34328358208955223, -0.2081686429512516, -0.3283236994219654, -0.19600499375780278, -0.25328083989501315, -0.4783715012722647, -0.15481171548117156, -0.07419017763845348, -0.1738437001594897, -0.3639751552795031, -0.32448377581120946, -0.0993975903614458, -0.25595238095238093, -0.264026402640264, -0.18740629685157417, -0.3692660550458715, -0.2013184584178499, -0.2493744787322768, -0.021739130434782594, -0.2622767857142857, -0.18963616317530319, -0.18452380952380953]","[0.5326315789473685, 0.5414507772020726, 0.8142548596112311, 0.8443396226415094, 0.6098981077147017, 0.5781544256120528, 0.36989795918367346, 0.7106503298774741, 0.5389830508474577, 0.8130160271976687, 0.7154605263157895, 0.7831978319783198, 0.7031963470319634, 0.45657781599312125, 0.4757834757834758, 0.7707087959009393, 0.5056603773584906, 0.6625310173697271, 0.6294227188081937, 0.5639464068209501, 0.582722086389568, 0.4684838160136286, 0.5, 0.6034858387799564, 0.7293144208037825, 0.4859154929577465, 0.6253501400560224, 0.34970139349701396, 0.5773134328358209, 0.6152832674571805, 0.5838150289017341, 0.5830212234706617, 0.5446194225721784, 0.4402035623409669, 0.7803347280334728, 0.7889237199582028, 0.722488038277512, 0.5183229813664596, 0.5317109144542773, 0.677710843373494, 0.4642857142857143, 0.5973597359735974, 0.6686656671664168, 0.5214067278287462, 0.7276876267748479, 0.6013344453711427, 0.7445652173913043, 0.6573660714285714, 0.5920617420066152, 0.7068452380952381]","[0.7452631578947368, 0.8773747841105354, 0.9431245500359972, 0.875, 0.893740902474527, 0.879472693032015, 0.8507653061224489, 0.8850141376060321, 0.88, 0.9509470616804274, 0.8766447368421053, 0.7560975609756098, 0.8447488584474886, 0.7850386930352536, 0.8091168091168092, 0.9248505550811272, 0.6716981132075471, 0.890818858560794, 0.8584729981378026, 0.8593179049939099, 0.8019559902200489, 0.9275979557069847, 0.8565400843881856, 0.8431372549019608, 0.9143026004728132, 0.8474178403755869, 0.8676470588235294, 0.8978102189781022, 0.9205970149253732, 0.8234519104084321, 0.9121387283236995, 0.7790262172284644, 0.7979002624671916, 0.9185750636132316, 0.9351464435146444, 0.8631138975966562, 0.8963317384370016, 0.8822981366459627, 0.8561946902654868, 0.7771084337349398, 0.7202380952380952, 0.8613861386138614, 0.856071964017991, 0.8906727828746177, 0.9290060851926978, 0.8507089241034195, 0.7663043478260869, 0.9196428571428571, 0.7816979051819184, 0.8913690476190477]",0.5166469298245614,38,"[0.545, 0.7705, 0.299, 0.247, null, 0.402, null, 0.153, null, 0.32, 0.226, null, 0.341, 0.707, null, 0.707, 0.5665, 0.6643333333333333, 0.707, null, 0.247, 0.299, 0.45266666666666666, 0.976, 0.299, 0.296, 0.341, 0.651, 0.299, 0.707, 0.545, null, 0.878, 0.5815, null, 0.4003333333333333, 0.39, 0.651, null, 0.369, 0.48425, 0.6025, 0.892, null, 0.439, 0.976, 0.5645, 0.6365, null, null]",36.98878502845764,4.751004219055176,0.16820716857910156,31.71763014793396,0.0021517276763916016,0.18172192573547363,1112414,ai05,success,
resnet18_cifar10,CIFAR10,50,0.3,42,300,4.0,dp_avg_eps8_K20,dp_avg,10,0.996590381239124,0.6566,0.406094,0.6605,0.8701,0.3342,-0.20223127734722957,1,50,"[-0.3837095191364083, -0.105812220566319, -0.28466796875, -0.17325227963525835, -0.14708886618998984, -0.08062880324543609, -0.1819819819819819, 0.018404907975460127, -0.33664349553128103, -0.14785992217898836, -0.019138755980861233, -0.2394578313253013, -0.24773413897280971, -0.030254777070063743, -0.13778990450204642, -0.1482701812191104, -0.2569511025886865, -0.07117437722419928, -0.050824175824175866, -0.07191780821917804, -0.26100628930817604, -0.08416547788873041, -0.24865657059110902, -0.4136874361593462, -0.30561797752808983, -0.10721649484536078, -0.17227979274611405, -0.08669108669108672, -0.4534883720930233, -0.43037974683544306, -0.47800000000000004, -0.1281385281385281, -0.22258064516129028, -0.08962597035991537, -0.23861171366594358, -0.35115207373271895, -0.06386701662292205, -0.08004708652148318, -0.26158536585365855, -0.13107638888888884, -0.24430955993930192, -0.04889298892988925, -0.19462365591397857, -0.1365564037319762, -0.38095238095238093, -0.02680965147453085, -0.3687861271676301, -0.6896551724137931, -0.16563786008230452, -0.1507128309572301]","[0.5181550539744848, 0.7183308494783904, 0.6015625, 0.5729483282674772, 0.7711950970377937, 0.8336713995943205, 0.7135135135135136, 0.6196319018404908, 0.5362462760675273, 0.6926070038910506, 0.8325358851674641, 0.6746987951807228, 0.6435045317220544, 0.7977707006369427, 0.7012278308321964, 0.6507413509060955, 0.588686481303931, 0.7677935943060499, 0.8159340659340659, 0.7345890410958904, 0.5744234800838575, 0.7845934379457917, 0.6355642403517342, 0.5229826353421859, 0.5168539325842697, 0.8103092783505155, 0.7344559585492227, 0.854090354090354, 0.36046511627906974, 0.49756572541382665, 0.4633333333333333, 0.6813852813852814, 0.7008064516129032, 0.6033874382498235, 0.665943600867679, 0.5161290322580645, 0.820647419072616, 0.8587404355503238, 0.6445121951219512, 0.7361111111111112, 0.65402124430956, 0.8265682656826568, 0.5881720430107527, 0.7642069550466497, 0.4492753623188406, 0.7667560321715817, 0.44277456647398844, 0.2396972245584525, 0.6522633744855967, 0.6171079429735234]","[0.9018645731108931, 0.8241430700447094, 0.88623046875, 0.7462006079027356, 0.9182839632277835, 0.9143002028397565, 0.8954954954954955, 0.6012269938650306, 0.8728897715988083, 0.8404669260700389, 0.8516746411483254, 0.9141566265060241, 0.8912386706948641, 0.8280254777070064, 0.8390177353342428, 0.7990115321252059, 0.8456375838926175, 0.8389679715302492, 0.8667582417582418, 0.8065068493150684, 0.8354297693920335, 0.8687589158345221, 0.8842208109428432, 0.9366700715015321, 0.8224719101123595, 0.9175257731958762, 0.9067357512953368, 0.9407814407814408, 0.813953488372093, 0.9279454722492697, 0.9413333333333334, 0.8095238095238095, 0.9233870967741935, 0.6930134086097389, 0.9045553145336226, 0.8672811059907835, 0.884514435695538, 0.9387875220718069, 0.9060975609756098, 0.8671875, 0.8983308042488619, 0.8754612546125461, 0.7827956989247312, 0.9007633587786259, 0.8302277432712215, 0.7935656836461126, 0.8115606936416185, 0.9293523969722456, 0.8179012345679012, 0.7678207739307535]",0.6485463414634147,41,"[0.7005, 0.865, null, null, 0.866, null, 0.433, 0.889, null, 0.865, 0.6755, 0.889, 0.692, 0.889, 0.031, 0.403, 0.403, 0.462, 0.286, null, 0.8, 0.86, 0.403, null, 0.8753333333333333, 0.5015, 0.5015, 0.403, 0.7016666666666667, null, 0.578, null, 0.65275, 0.6214, 0.541, 0.872, 0.8, 0.541, 0.576, 0.8, 0.79175, 0.462, 0.403, 0.889, 0.462, 0.865, 0.646, 0.8515, 0.843, null]",39.16932487487793,4.827391862869263,0.21303296089172363,33.66902256011963,0.002266407012939453,0.27689695358276367,1112414,ai05,success,
resnet18_cifar10,CIFAR10,50,0.3,43,300,4.0,dp_avg_eps8_K20,dp_avg,10,0.9919050987450129,0.6878,0.400346,0.5795,0.868,0.3611,-0.18688493239309178,0,50,"[-0.30000000000000004, -0.2710007304601899, -0.20347003154574128, -0.04851752021563338, -0.11099899091826437, -0.04272517321016167, -0.10768151525780423, -0.35856573705179273, -0.535796766743649, -0.03301886792452824, -0.025761124121779888, -0.4410983170947741, -0.18505079825834536, -0.036437246963562764, -0.15367965367965375, -0.2287946428571429, -0.03222453222453214, -0.30724637681159417, -0.0444444444444444, -0.14371257485029942, -0.16324535679374397, -0.2163009404388715, -0.10035842293906805, -0.10349050826699324, -0.2882960413080895, -0.00249066002490661, -0.4751461988304093, -0.040791100123609425, -0.023404255319148914, -0.0365168539325843, -0.07452339688041598, -0.4109720885466795, -0.49916434540389976, -0.050546448087431695, -0.10504201680672276, -0.5153087701089777, -0.23514851485148514, -0.19450980392156858, -0.10235690235690242, -0.2919792267743797, -0.09376401973979365, -0.5918727915194346, -0.19348268839103866, -0.026871401151631447, -0.09515996718621811, -0.4238468233246301, -0.18487394957983194, -0.054621848739495826, -0.05714285714285716, -0.08279337652987762]","[0.6590909090909091, 0.5924032140248356, 0.6711356466876972, 0.8018867924528302, 0.7870837537840565, 0.8198614318706697, 0.8298842511399509, 0.5282868525896415, 0.3903002309468822, 0.5330188679245284, 0.8583138173302107, 0.4632418069087688, 0.6531204644412192, 0.757085020242915, 0.7056277056277056, 0.6305803571428571, 0.8482328482328483, 0.5565217391304348, 0.8095238095238095, 0.7604790419161677, 0.6813294232649071, 0.5642633228840125, 0.7150537634408602, 0.8034292712798531, 0.6101549053356282, 0.8891656288916563, 0.39035087719298245, 0.8034610630407911, 0.7936170212765957, 0.8398876404494382, 0.8006932409012132, 0.46775745909528393, 0.36323119777158774, 0.8265027322404371, 0.7647058823529411, 0.41722885313959523, 0.7227722772277227, 0.6486274509803922, 0.804040404040404, 0.604731679169071, 0.8160610139075819, 0.22084805653710246, 0.6924643584521385, 0.9117082533589251, 0.7957342083675144, 0.5004351610095735, 0.6899159663865546, 0.9005602240896359, 0.72, 0.8185745140388769]","[0.9590909090909091, 0.8634039444850256, 0.8746056782334385, 0.8504043126684636, 0.8980827447023209, 0.8625866050808314, 0.9375657663977551, 0.8868525896414342, 0.9260969976905312, 0.5660377358490566, 0.8840749414519906, 0.9043401240035429, 0.8381712626995645, 0.7935222672064778, 0.8593073593073594, 0.859375, 0.8804573804573804, 0.863768115942029, 0.8539682539682539, 0.9041916167664671, 0.844574780058651, 0.780564263322884, 0.8154121863799283, 0.9069197795468463, 0.8984509466437177, 0.8916562889165629, 0.8654970760233918, 0.8442521631644005, 0.8170212765957446, 0.8764044943820225, 0.8752166377816292, 0.8787295476419634, 0.8623955431754875, 0.8770491803278688, 0.8697478991596639, 0.9325376232485729, 0.9579207920792079, 0.8431372549019608, 0.9063973063973064, 0.8967109059434507, 0.9098250336473755, 0.8127208480565371, 0.8859470468431772, 0.9385796545105566, 0.8908941755537325, 0.9242819843342036, 0.8747899159663866, 0.9551820728291317, 0.7771428571428571, 0.9013678905687545]",0.6931922764227643,41,"[0.812, 0.8383333333333334, 0.867, 0.867, 0.135, null, 0.168, 0.8035, 0.867, 0.855, null, 0.855, 0.817, 0.735, 0.943, 0.757, null, 0.67425, 0.6196666666666667, 0.4625, 0.5276666666666666, 0.7, 0.7525, 0.527, null, 0.757, 0.905, null, 0.6293333333333333, 0.769, 0.8075, 0.85, 0.943, null, 0.6426666666666667, 0.8366666666666667, 0.6908, 0.886, 0.168, 0.748, null, 0.9145, 0.6036666666666667, 0.8215, 0.446, null, 0.135, 0.7913333333333333, 0.4925, null]",39.3522515296936,5.205150365829468,0.20809435844421387,33.58984446525574,0.0019412040710449219,0.16517376899719238,1112414,ai05,success,
resnet18_cifar10,CIFAR10,50,0.3,44,300,4.0,dp_avg_eps8_K20,dp_avg,10,0.9906378477652068,0.6198,0.393278,0.6163,0.8667,0.3643,-0.241027202758657,1,50,"[-0.20842105263157895, -0.33333333333333326, -0.12670986321094313, -0.030660377358490587, -0.2794759825327512, -0.29378531073446323, -0.47704081632653056, -0.17813383600377009, -0.3369491525423729, -0.13404565322972317, -0.1578947368421053, 0.04336043360433606, -0.13926940639269403, -0.33190025795356837, -0.3276353276353277, -0.1520068317677199, -0.1584905660377358, -0.2191894127377998, -0.21973929236499068, -0.2856272838002437, -0.21515892420537897, -0.45826235093696766, -0.35232067510548526, -0.23747276688453156, -0.18617021276595735, -0.363849765258216, -0.24229691876750703, -0.5494359654943597, -0.34029850746268664, -0.2187088274044796, -0.323699421965318, -0.18476903870162298, -0.2427821522309711, -0.47667514843087366, -0.14993026499302653, -0.07314524555903867, -0.1738437001594897, -0.36645962732919246, -0.32743362831858414, -0.07530120481927716, -0.25, -0.26072607260726066, -0.1859070464767616, -0.3593272171253822, -0.2013184584178499, -0.24687239366138447, -0.021739130434782594, -0.2533482142857142, -0.18412348401323042, -0.1830357142857143]","[0.5368421052631579, 0.5440414507772021, 0.816414686825054, 0.8443396226415094, 0.6142649199417758, 0.5856873822975518, 0.3737244897959184, 0.706880301602262, 0.5430508474576271, 0.8169014084507042, 0.71875, 0.7994579945799458, 0.7054794520547946, 0.4531384350816853, 0.48148148148148145, 0.7728437233134073, 0.5132075471698113, 0.6716294458229942, 0.638733705772812, 0.5736906211936662, 0.58679706601467, 0.469335604770017, 0.5042194092827004, 0.6056644880174292, 0.7281323877068558, 0.4835680751173709, 0.6253501400560224, 0.3483742534837425, 0.5802985074626865, 0.6047430830039525, 0.5884393063583815, 0.5942571785268415, 0.5551181102362205, 0.44189991518235794, 0.7852161785216178, 0.7899686520376176, 0.722488038277512, 0.5158385093167702, 0.5287610619469026, 0.7018072289156626, 0.47023809523809523, 0.6006600660066007, 0.6701649175412294, 0.5313455657492355, 0.7276876267748479, 0.603836530442035, 0.7445652173913043, 0.6662946428571429, 0.597574421168688, 0.7083333333333334]","[0.7452631578947368, 0.8773747841105354, 0.9431245500359972, 0.875, 0.893740902474527, 0.879472693032015, 0.8507653061224489, 0.8850141376060321, 0.88, 0.9509470616804274, 0.8766447368421053, 0.7560975609756098, 0.8447488584474886, 0.7850386930352536, 0.8091168091168092, 0.9248505550811272, 0.6716981132075471, 0.890818858560794, 0.8584729981378026, 0.8593179049939099, 0.8019559902200489, 0.9275979557069847, 0.8565400843881856, 0.8431372549019608, 0.9143026004728132, 0.8474178403755869, 0.8676470588235294, 0.8978102189781022, 0.9205970149253732, 0.8234519104084321, 0.9121387283236995, 0.7790262172284644, 0.7979002624671916, 0.9185750636132316, 0.9351464435146444, 0.8631138975966562, 0.8963317384370016, 0.8822981366459627, 0.8561946902654868, 0.7771084337349398, 0.7202380952380952, 0.8613861386138614, 0.856071964017991, 0.8906727828746177, 0.9290060851926978, 0.8507089241034195, 0.7663043478260869, 0.9196428571428571, 0.7816979051819184, 0.8913690476190477]",0.5219429824561405,38,"[0.5515, 0.7825, 0.303, 0.2485, null, 0.407, null, 0.155, null, 0.3225, 0.229, null, 0.342, 0.73, null, 0.73, 0.569, 0.6646666666666666, 0.73, null, 0.2485, 0.303, 0.45366666666666666, 0.975, 0.303, 0.2995, 0.342, 0.659, 0.303, 0.73, 0.5515, null, 0.8775, 0.5835, null, 0.409, 0.393, 0.659, null, 0.3735, 0.488, 0.603, 0.891, null, 0.444, 0.975, 0.565, 0.6395, null, null]",38.05752873420715,5.021454572677612,0.22049975395202637,32.44264483451843,0.0019593238830566406,0.18437814712524414,1112414,ai05,success,
resnet18_cifar10,CIFAR10,50,0.3,42,300,4.0,labelled_probe_warmup,labelled,100,0.0,0.6597,0.406094,0.6605,0.8701,0.3086,-0.19858288208642935,1,50,"[-0.3729146221786065, -0.09239940387481371, -0.2822265625, -0.15045592705167177, -0.13789581205311552, -0.07758620689655171, -0.17657657657657655, 0.018404907975460127, -0.32671300893743793, -0.14785992217898836, -0.021531100478468956, -0.22740963855421692, -0.24320241691842903, -0.035031847133757954, -0.13369713506139158, -0.1317957166392092, -0.2636625119846596, -0.06939501779359436, -0.05494505494505497, -0.07191780821917804, -0.25052410901467503, -0.07988587731811703, -0.24865657059110902, -0.3983656792645557, -0.3078651685393259, -0.11340206185567003, -0.18523316062176165, -0.09035409035409037, -0.4558139534883721, -0.4138266796494644, -0.4686666666666667, -0.12207792207792212, -0.21129032258064517, -0.07551164431898383, -0.23355025307302968, -0.3465437788018434, -0.06299212598425197, -0.08357857563272508, -0.25914634146341464, -0.12760416666666663, -0.2382397572078907, -0.050738007380073724, -0.19247311827956992, -0.13910093299406268, -0.3850931677018633, -0.029490616621983934, -0.3664739884393064, -0.6938603868797308, -0.15740740740740733, -0.14256619144602845]","[0.5289499509322866, 0.7317436661698957, 0.60400390625, 0.5957446808510638, 0.780388151174668, 0.8367139959432048, 0.7189189189189189, 0.6196319018404908, 0.5461767626613704, 0.6926070038910506, 0.8301435406698564, 0.6867469879518072, 0.648036253776435, 0.7929936305732485, 0.7053206002728513, 0.6672158154859967, 0.5819750719079578, 0.7695729537366548, 0.8118131868131868, 0.7345890410958904, 0.5849056603773585, 0.7888730385164051, 0.6355642403517342, 0.5383043922369765, 0.5146067415730337, 0.8041237113402062, 0.7215025906735751, 0.8504273504273504, 0.3581395348837209, 0.5141187925998053, 0.4726666666666667, 0.6874458874458874, 0.7120967741935483, 0.6175017642907551, 0.6710050614605929, 0.5207373271889401, 0.821522309711286, 0.8552089464390819, 0.6469512195121951, 0.7395833333333334, 0.6600910470409712, 0.8247232472324724, 0.5903225806451613, 0.7616624257845632, 0.4451345755693582, 0.7640750670241286, 0.44508670520231214, 0.23549201009251472, 0.6604938271604939, 0.6252545824847251]","[0.9018645731108931, 0.8241430700447094, 0.88623046875, 0.7462006079027356, 0.9182839632277835, 0.9143002028397565, 0.8954954954954955, 0.6012269938650306, 0.8728897715988083, 0.8404669260700389, 0.8516746411483254, 0.9141566265060241, 0.8912386706948641, 0.8280254777070064, 0.8390177353342428, 0.7990115321252059, 0.8456375838926175, 0.8389679715302492, 0.8667582417582418, 0.8065068493150684, 0.8354297693920335, 0.8687589158345221, 0.8842208109428432, 0.9366700715015321, 0.8224719101123595, 0.9175257731958762, 0.9067357512953368, 0.9407814407814408, 0.813953488372093, 0.9279454722492697, 0.9413333333333334, 0.8095238095238095, 0.9233870967741935, 0.6930134086097389, 0.9045553145336226, 0.8672811059907835, 0.884514435695538, 0.9387875220718069, 0.9060975609756098, 0.8671875, 0.8983308042488619, 0.8754612546125461, 0.7827956989247312, 0.9007633587786259, 0.8302277432712215, 0.7935656836461126, 0.8115606936416185, 0.9293523969722456, 0.8179012345679012, 0.7678207739307535]",0.6537971544715446,41,"[0.7065, 0.866, null, null, 0.8615, null, 0.44233333333333336, 0.883, null, 0.866, 0.68, 0.883, 0.698, 0.883, 0.03, 0.431, 0.431, 0.477, 0.293, null, 0.79, 0.857, 0.431, null, 0.872, 0.5165, 0.5165, 0.431, 0.7023333333333334, null, 0.5756666666666667, null, 0.65075, 0.6226, 0.556, 0.867, 0.79, 0.556, 0.5775, 0.79, 0.793, 0.477, 0.431, 0.883, 0.477, 0.866, 0.657, 0.8485, 0.84, null]",32.64642310142517,4.742325305938721,0.02263164520263672,27.53660273551941,0.002017974853515625,0.14110946655273438,1112414,ai05,success,
resnet18_cifar10,CIFAR10,50,0.3,43,300,4.0,labelled_probe_warmup,labelled,100,0.0,0.6844,0.400346,0.5795,0.868,0.3545,-0.1866500102950016,0,50,"[-0.2881818181818182, -0.281227173119065, -0.20899053627760256, -0.047169811320754707, -0.10797174571140256, -0.035796766743648956, -0.10978603998596981, -0.36494023904382467, -0.5288683602771362, -0.037735849056603765, -0.021077283372365363, -0.4472984942426926, -0.1814223512336719, -0.04858299595141702, -0.1428571428571429, -0.2243303571428571, -0.0363825363825363, -0.3014492753623188, -0.03968253968253965, -0.1337325349301397, -0.17204301075268824, -0.21316614420062696, -0.09677419354838712, -0.10655235762400495, -0.2857142857142857, -0.00498132004981322, -0.47953216374269003, -0.04944375772558718, -0.023404255319148914, -0.030898876404494402, -0.08232235701906421, -0.41000962463907603, -0.4891364902506964, -0.05601092896174864, -0.09523809523809523, -0.5106382978723405, -0.22277227722772275, -0.19137254901960787, -0.10168350168350171, -0.2960184650894403, -0.09555854643337824, -0.5936395759717314, -0.19144602851323822, -0.020153550863723613, -0.09680065627563572, -0.4377719756309834, -0.19159663865546217, -0.06302521008403361, -0.0552380952380952, -0.08207343412527002]","[0.6709090909090909, 0.5821767713659606, 0.6656151419558359, 0.8032345013477089, 0.7901109989909183, 0.8267898383371824, 0.8277797264117853, 0.5219123505976095, 0.3972286374133949, 0.5283018867924528, 0.8629976580796253, 0.45704162976085033, 0.6567489114658926, 0.7449392712550608, 0.7164502164502164, 0.6350446428571429, 0.8440748440748441, 0.5623188405797102, 0.8142857142857143, 0.7704590818363274, 0.6725317693059628, 0.567398119122257, 0.7186379928315412, 0.8003674219228414, 0.612736660929432, 0.8866749688667497, 0.38596491228070173, 0.7948084054388134, 0.7936170212765957, 0.8455056179775281, 0.792894280762565, 0.4687199230028874, 0.3732590529247911, 0.8210382513661202, 0.7745098039215687, 0.4218993253762325, 0.7351485148514851, 0.6517647058823529, 0.8047138047138047, 0.6006924408540104, 0.8142664872139973, 0.21908127208480566, 0.6945010183299389, 0.918426103646833, 0.7940935192780968, 0.4865100087032202, 0.6831932773109244, 0.8921568627450981, 0.7219047619047619, 0.8192944564434845]","[0.9590909090909091, 0.8634039444850256, 0.8746056782334385, 0.8504043126684636, 0.8980827447023209, 0.8625866050808314, 0.9375657663977551, 0.8868525896414342, 0.9260969976905312, 0.5660377358490566, 0.8840749414519906, 0.9043401240035429, 0.8381712626995645, 0.7935222672064778, 0.8593073593073594, 0.859375, 0.8804573804573804, 0.863768115942029, 0.8539682539682539, 0.9041916167664671, 0.844574780058651, 0.780564263322884, 0.8154121863799283, 0.9069197795468463, 0.8984509466437177, 0.8916562889165629, 0.8654970760233918, 0.8442521631644005, 0.8170212765957446, 0.8764044943820225, 0.8752166377816292, 0.8787295476419634, 0.8623955431754875, 0.8770491803278688, 0.8697478991596639, 0.9325376232485729, 0.9579207920792079, 0.8431372549019608, 0.9063973063973064, 0.8967109059434507, 0.9098250336473755, 0.8127208480565371, 0.8859470468431772, 0.9385796545105566, 0.8908941755537325, 0.9242819843342036, 0.8747899159663866, 0.9551820728291317, 0.7771428571428571, 0.9013678905687545]",0.6894264227642277,41,"[0.8085, 0.837, 0.867, 0.867, 0.135, null, 0.141, 0.8025, 0.867, 0.8465, null, 0.8465, 0.8165, 0.7373333333333333, 0.941, 0.75, null, 0.66675, 0.6076666666666667, 0.4455, 0.5323333333333333, 0.707, 0.7525, 0.5095, null, 0.75, 0.904, null, 0.6266666666666667, 0.7706666666666667, 0.811, 0.855, 0.941, null, 0.6436666666666667, 0.8383333333333334, 0.6834, 0.878, 0.141, 0.755, null, 0.9095, 0.5963333333333334, 0.814, 0.4425, null, 0.135, 0.7923333333333333, 0.495, null]",29.10767698287964,2.7153372764587402,0.013628721237182617,26.07337188720703,0.002397298812866211,0.16927576065063477,1112414,ai05,success,
resnet18_cifar10,CIFAR10,50,0.3,44,300,4.0,labelled_probe_warmup,labelled,100,0.0,0.6138,0.393278,0.6163,0.8667,0.3657,-0.24706658953414626,1,50,"[-0.2042105263157895, -0.3575129533678756, -0.12886969042476604, -0.03301886792452835, -0.2925764192139738, -0.29378531073446323, -0.5076530612244898, -0.18850141376060325, -0.3491525423728814, -0.13210296260320542, -0.16447368421052633, 0.04878048780487809, -0.12557077625570778, -0.34393809114359414, -0.33333333333333337, -0.15328778821520073, -0.17358490566037732, -0.227460711331679, -0.23463687150837997, -0.27953714981729605, -0.21108394458027713, -0.48637137989778534, -0.4008438818565401, -0.2287581699346405, -0.18735224586288413, -0.3779342723004695, -0.25210084033613445, -0.5507631055076311, -0.351044776119403, -0.2239789196310935, -0.33988439306358387, -0.19975031210986272, -0.2782152230971129, -0.4817642069550467, -0.13807531380753135, -0.07001044932079414, -0.1738437001594897, -0.37670807453416144, -0.3281710914454278, -0.06927710843373491, -0.2619047619047619, -0.26732673267326734, -0.18740629685157417, -0.3570336391437309, -0.20943204868154164, -0.2493744787322768, -0.010869565217391242, -0.2421875, -0.19184123484013227, -0.17559523809523814]","[0.5410526315789473, 0.5198618307426598, 0.8142548596112311, 0.8419811320754716, 0.6011644832605532, 0.5856873822975518, 0.34311224489795916, 0.6965127238454288, 0.5308474576271186, 0.818844099077222, 0.712171052631579, 0.8048780487804879, 0.7191780821917808, 0.4411006018916595, 0.4757834757834758, 0.7715627668659265, 0.4981132075471698, 0.663358147229115, 0.6238361266294227, 0.5797807551766139, 0.5908720456397718, 0.44122657580919933, 0.45569620253164556, 0.6143790849673203, 0.7269503546099291, 0.4694835680751174, 0.615546218487395, 0.3470471134704711, 0.5695522388059702, 0.5994729907773386, 0.5722543352601156, 0.5792759051186017, 0.5196850393700787, 0.4368108566581849, 0.797071129707113, 0.7931034482758621, 0.722488038277512, 0.5055900621118012, 0.528023598820059, 0.7078313253012049, 0.4583333333333333, 0.594059405940594, 0.6686656671664168, 0.5336391437308868, 0.7195740365111561, 0.6013344453711427, 0.7554347826086957, 0.6774553571428571, 0.5898566703417861, 0.7157738095238095]","[0.7452631578947368, 0.8773747841105354, 0.9431245500359972, 0.875, 0.893740902474527, 0.879472693032015, 0.8507653061224489, 0.8850141376060321, 0.88, 0.9509470616804274, 0.8766447368421053, 0.7560975609756098, 0.8447488584474886, 0.7850386930352536, 0.8091168091168092, 0.9248505550811272, 0.6716981132075471, 0.890818858560794, 0.8584729981378026, 0.8593179049939099, 0.8019559902200489, 0.9275979557069847, 0.8565400843881856, 0.8431372549019608, 0.9143026004728132, 0.8474178403755869, 0.8676470588235294, 0.8978102189781022, 0.9205970149253732, 0.8234519104084321, 0.9121387283236995, 0.7790262172284644, 0.7979002624671916, 0.9185750636132316, 0.9351464435146444, 0.8631138975966562, 0.8963317384370016, 0.8822981366459627, 0.8561946902654868, 0.7771084337349398, 0.7202380952380952, 0.8613861386138614, 0.856071964017991, 0.8906727828746177, 0.9290060851926978, 0.8507089241034195, 0.7663043478260869, 0.9196428571428571, 0.7816979051819184, 0.8913690476190477]",0.5151337719298246,38,"[0.532, 0.79, 0.317, 0.2215, null, 0.4065, null, 0.15, null, 0.305, 0.2335, null, 0.293, 0.745, null, 0.745, 0.576, 0.6656666666666666, 0.745, null, 0.2215, 0.317, 0.43866666666666665, 0.974, 0.317, 0.2755, 0.293, 0.663, 0.317, 0.745, 0.532, null, 0.88, 0.595, null, 0.396, 0.347, 0.663, null, 0.359, 0.49125, 0.583, 0.887, null, 0.401, 0.974, 0.562, 0.618, null, null]",35.820088386535645,4.7372727394104,0.01917099952697754,30.73055386543274,0.001922607421875,0.16314435005187988,1112414,ai05,success,
resnet18_cifar10,CIFAR10,50,0.3,42,300,4.0,no_phase0,none,0,0.0,0.6393,0.406094,0.6605,0.8701,0.1112,-0.2200573352666703,0,50,"[-0.4406280667320903, -0.11922503725782418, -0.294921875, -0.19452887537993924, -0.17262512768130744, -0.08569979716024334, -0.18918918918918914, -0.012269938650306678, -0.3634558093346574, -0.16731517509727623, -0.01674641148325362, -0.2620481927710844, -0.2794561933534744, -0.042993630573248454, -0.16643929058663032, -0.15815485996705103, -0.2674976030680729, -0.08096085409252674, -0.06593406593406592, -0.08390410958904104, -0.2693920335429769, -0.09272467902995718, -0.2745481191988276, -0.4458631256384065, -0.3146067415730337, -0.12371134020618557, -0.20207253886010368, -0.09523809523809523, -0.46744186046511627, -0.49659201557935734, -0.5113333333333334, -0.1324675324675325, -0.23548387096774193, -0.11785462244177847, -0.2465654374548084, -0.38709677419354843, -0.07174103237095353, -0.08181283107710413, -0.2725609756097561, -0.13454861111111116, -0.2549317147192717, -0.04981549815498154, -0.2064516129032259, -0.15521628498727735, -0.40372670807453415, -0.04289544235924936, -0.37687861271676304, -0.7098402018502944, -0.18827160493827155, -0.17718940936863536]","[0.46123650637880276, 0.7049180327868853, 0.59130859375, 0.5516717325227963, 0.745658835546476, 0.8286004056795132, 0.7063063063063063, 0.588957055214724, 0.5094339622641509, 0.6731517509727627, 0.8349282296650717, 0.6521084337349398, 0.6117824773413897, 0.785031847133758, 0.6725784447476125, 0.6408566721581549, 0.5781399808245445, 0.7580071174377224, 0.8008241758241759, 0.7226027397260274, 0.5660377358490566, 0.776034236804565, 0.6096726917440156, 0.4908069458631256, 0.5078651685393258, 0.7938144329896907, 0.7046632124352331, 0.8455433455433455, 0.34651162790697676, 0.43135345666991237, 0.43, 0.677056277056277, 0.6879032258064516, 0.5751587861679605, 0.6579898770788142, 0.480184331797235, 0.8127734033245845, 0.8569746909947028, 0.6335365853658537, 0.7326388888888888, 0.6433990895295902, 0.8256457564575646, 0.5763440860215053, 0.7455470737913485, 0.42650103519668736, 0.7506702412868632, 0.4346820809248555, 0.21951219512195122, 0.6296296296296297, 0.5906313645621182]","[0.9018645731108931, 0.8241430700447094, 0.88623046875, 0.7462006079027356, 0.9182839632277835, 0.9143002028397565, 0.8954954954954955, 0.6012269938650306, 0.8728897715988083, 0.8404669260700389, 0.8516746411483254, 0.9141566265060241, 0.8912386706948641, 0.8280254777070064, 0.8390177353342428, 0.7990115321252059, 0.8456375838926175, 0.8389679715302492, 0.8667582417582418, 0.8065068493150684, 0.8354297693920335, 0.8687589158345221, 0.8842208109428432, 0.9366700715015321, 0.8224719101123595, 0.9175257731958762, 0.9067357512953368, 0.9407814407814408, 0.813953488372093, 0.9279454722492697, 0.9413333333333334, 0.8095238095238095, 0.9233870967741935, 0.6930134086097389, 0.9045553145336226, 0.8672811059907835, 0.884514435695538, 0.9387875220718069, 0.9060975609756098, 0.8671875, 0.8983308042488619, 0.8754612546125461, 0.7827956989247312, 0.9007633587786259, 0.8302277432712215, 0.7935656836461126, 0.8115606936416185, 0.9293523969722456, 0.8179012345679012, 0.7678207739307535]",0.6273776422764229,41,"[0.681, 0.861, null, null, 0.8675, null, 0.4003333333333333, 0.88, null, 0.861, 0.663, 0.88, 0.6845, 0.88, 0.017, 0.323, 0.323, 0.446, 0.2655, null, 0.775, 0.848, 0.323, null, 0.8716666666666667, 0.48, 0.48, 0.323, 0.692, null, 0.5733333333333334, null, 0.65175, 0.6104, 0.514, 0.874, 0.775, 0.514, 0.56325, 0.775, 0.78225, 0.446, 0.323, 0.88, 0.446, 0.861, 0.6015, 0.8515, 0.855, null]",35.86108136177063,4.684326648712158,0.006690502166748047,30.835015535354614,0.0019540786743164062,0.15065598487854004,1112414,ai05,success,
resnet18_cifar10,CIFAR10,50,0.3,43,300,4.0,no_phase0,none,0,0.0,0.6709,0.400346,0.5795,0.868,0.1046,-0.2010767032352654,0,50,"[-0.3163636363636364, -0.30021913805697586, -0.2105678233438486, -0.05660377358490565, -0.1281533804238143, -0.04618937644341803, -0.12101017186951946, -0.38167330677290834, -0.5612009237875288, -0.07075471698113206, -0.03747072599531609, -0.4676705048715677, -0.1923076923076923, -0.04048582995951422, -0.1471861471861472, -0.2410714285714286, -0.043659043659043606, -0.344927536231884, -0.04920634920634914, -0.15369261477045915, -0.17399804496578697, -0.2304075235109717, -0.11290322580645162, -0.1090018371096142, -0.31497418244406195, -0.007471980074719831, -0.5029239766081871, -0.05438813349814586, -0.019148936170212738, -0.0393258426966292, -0.0762564991334489, -0.4340712223291627, -0.532033426183844, -0.05464480874316935, -0.11904761904761907, -0.538661131292164, -0.2623762376237624, -0.21254901960784311, -0.11178451178451176, -0.31217541834968265, -0.10094212651413192, -0.61660777385159, -0.21181262729124228, -0.041266794625719694, -0.09762100082034453, -0.44125326370757173, -0.20084033613445373, -0.06022408963585435, -0.07047619047619047, -0.08423326133909292]","[0.6427272727272727, 0.5631848064280497, 0.6640378548895899, 0.793800539083558, 0.7699293642785066, 0.8163972286374134, 0.8165555945282357, 0.5051792828685259, 0.3648960739030023, 0.49528301886792453, 0.8466042154566745, 0.4366696191319752, 0.6458635703918723, 0.7530364372469636, 0.7121212121212122, 0.6183035714285714, 0.8367983367983368, 0.518840579710145, 0.8047619047619048, 0.7504990019960079, 0.6705767350928641, 0.5501567398119123, 0.7025089605734767, 0.7979179424372321, 0.5834767641996558, 0.8841843088418431, 0.36257309941520466, 0.7898640296662547, 0.7978723404255319, 0.8370786516853933, 0.7989601386481803, 0.44465832531280075, 0.3303621169916435, 0.8224043715846995, 0.7507002801120448, 0.39387649195640895, 0.6955445544554455, 0.6305882352941177, 0.7946127946127947, 0.584535487593768, 0.8088829071332436, 0.196113074204947, 0.6741344195519349, 0.8973128598848369, 0.793273174733388, 0.4830287206266319, 0.6739495798319328, 0.8949579831932774, 0.7066666666666667, 0.8171346292296616]","[0.9590909090909091, 0.8634039444850256, 0.8746056782334385, 0.8504043126684636, 0.8980827447023209, 0.8625866050808314, 0.9375657663977551, 0.8868525896414342, 0.9260969976905312, 0.5660377358490566, 0.8840749414519906, 0.9043401240035429, 0.8381712626995645, 0.7935222672064778, 0.8593073593073594, 0.859375, 0.8804573804573804, 0.863768115942029, 0.8539682539682539, 0.9041916167664671, 0.844574780058651, 0.780564263322884, 0.8154121863799283, 0.9069197795468463, 0.8984509466437177, 0.8916562889165629, 0.8654970760233918, 0.8442521631644005, 0.8170212765957446, 0.8764044943820225, 0.8752166377816292, 0.8787295476419634, 0.8623955431754875, 0.8770491803278688, 0.8697478991596639, 0.9325376232485729, 0.9579207920792079, 0.8431372549019608, 0.9063973063973064, 0.8967109059434507, 0.9098250336473755, 0.8127208480565371, 0.8859470468431772, 0.9385796545105566, 0.8908941755537325, 0.9242819843342036, 0.8747899159663866, 0.9551820728291317, 0.7771428571428571, 0.9013678905687545]",0.6766447154471545,41,"[0.806, 0.8283333333333334, 0.862, 0.862, 0.094, null, 0.104, 0.7915, 0.862, 0.8505, null, 0.8505, 0.7985, 0.724, 0.943, 0.75, null, 0.657, 0.5963333333333334, 0.427, 0.5053333333333333, 0.703, 0.7345, 0.491, null, 0.75, 0.9025, null, 0.6113333333333333, 0.762, 0.7905, 0.833, 0.943, null, 0.6233333333333333, 0.836, 0.6756, 0.878, 0.104, 0.719, null, 0.9105, 0.5833333333333334, 0.814, 0.422, null, 0.094, 0.7863333333333333, 0.4635, null]",35.8819477558136,4.8060622215271,0.006051301956176758,30.752238988876343,0.0019376277923583984,0.15219998359680176,1112414,ai05,success,
resnet18_cifar10,CIFAR10,50,0.3,44,300,4.0,no_phase0,none,0,0.0,0.5805,0.393278,0.6163,0.8667,0.0998,-0.2816511111612665,1,50,"[-0.24842105263157893, -0.37478411053540583, -0.13966882649388057, -0.061320754716981174, -0.3318777292576419, -0.35969868173258, -0.5267857142857142, -0.20358152686145148, -0.3749152542372881, -0.1622146673142303, -0.1891447368421053, 0.02168021680216803, -0.16894977168949776, -0.3757523645743766, -0.3760683760683761, -0.1673783091374893, -0.19999999999999996, -0.28287841191067, -0.26815642458100564, -0.3398294762484775, -0.2396088019559902, -0.5195911413969336, -0.430379746835443, -0.27450980392156865, -0.19621749408983447, -0.40610328638497656, -0.2815126050420168, -0.5826144658261447, -0.3880597014925373, -0.2595520421607378, -0.36184971098265906, -0.25093632958801504, -0.3031496062992126, -0.5182357930449534, -0.19944211994421202, -0.07732497387669801, -0.22647527910685805, -0.396583850931677, -0.364306784660767, -0.14457831325301207, -0.2916666666666667, -0.2920792079207921, -0.23688155922038978, -0.41666666666666663, -0.231237322515213, -0.28023352793994993, -0.04347826086956519, -0.3136160714285714, -0.2160970231532524, -0.2098214285714286]","[0.4968421052631579, 0.5025906735751295, 0.8034557235421166, 0.8136792452830188, 0.5618631732168851, 0.519774011299435, 0.3239795918367347, 0.6814326107445806, 0.5050847457627119, 0.7887323943661971, 0.6875, 0.7777777777777778, 0.6757990867579908, 0.40928632846087704, 0.43304843304843305, 0.7574722459436379, 0.4716981132075472, 0.607940446650124, 0.590316573556797, 0.5194884287454324, 0.5623471882640587, 0.4080068143100511, 0.42616033755274263, 0.5686274509803921, 0.7180851063829787, 0.4413145539906103, 0.5861344537815126, 0.3151957531519575, 0.5325373134328358, 0.5638998682476943, 0.5502890173410404, 0.5280898876404494, 0.494750656167979, 0.4003392705682782, 0.7357043235704324, 0.7857889237199582, 0.6698564593301436, 0.4857142857142857, 0.4918879056047198, 0.6325301204819277, 0.42857142857142855, 0.5693069306930693, 0.6191904047976012, 0.4740061162079511, 0.6977687626774848, 0.5704753961634695, 0.7228260869565217, 0.6060267857142857, 0.565600882028666, 0.6815476190476191]","[0.7452631578947368, 0.8773747841105354, 0.9431245500359972, 0.875, 0.893740902474527, 0.879472693032015, 0.8507653061224489, 0.8850141376060321, 0.88, 0.9509470616804274, 0.8766447368421053, 0.7560975609756098, 0.8447488584474886, 0.7850386930352536, 0.8091168091168092, 0.9248505550811272, 0.6716981132075471, 0.890818858560794, 0.8584729981378026, 0.8593179049939099, 0.8019559902200489, 0.9275979557069847, 0.8565400843881856, 0.8431372549019608, 0.9143026004728132, 0.8474178403755869, 0.8676470588235294, 0.8978102189781022, 0.9205970149253732, 0.8234519104084321, 0.9121387283236995, 0.7790262172284644, 0.7979002624671916, 0.9185750636132316, 0.9351464435146444, 0.8631138975966562, 0.8963317384370016, 0.8822981366459627, 0.8561946902654868, 0.7771084337349398, 0.7202380952380952, 0.8613861386138614, 0.856071964017991, 0.8906727828746177, 0.9290060851926978, 0.8507089241034195, 0.7663043478260869, 0.9196428571428571, 0.7816979051819184, 0.8913690476190477]",0.47359868421052626,38,"[0.4795, 0.7335, 0.262, 0.1955, null, 0.351, null, 0.114, null, 0.2695, 0.188, null, 0.277, 0.64, null, 0.64, 0.5445, 0.6536666666666666, 0.64, null, 0.1955, 0.262, 0.4216666666666667, 0.973, 0.262, 0.2425, 0.277, 0.588, 0.262, 0.64, 0.4795, null, 0.8765, 0.568, null, 0.3436666666666667, 0.324, 0.588, null, 0.3165, 0.44775, 0.5755, 0.879, null, 0.371, 0.973, 0.5435, 0.599, null, null]",36.373013973236084,4.813179969787598,0.006188631057739258,31.181975603103638,0.0021240711212158203,0.188368558883667,1112414,ai05,success,
resnet18_cifar10,CIFAR10,50,0.3,42,300,4.0,raw_union_K20,raw_union,6542,0.0,0.8331,0.406094,0.6605,0.8701,0.8497,-0.015754150673552892,17,50,"[-0.04808635917566251, 0.00894187779433675, -0.04833984375, 0.09118541033434646, -0.019407558733401498, -0.025862068965517238, -0.07567567567567568, 0.21472392638036808, -0.055610724925521327, 0.029182879377431914, -0.011961722488038284, -0.03915662650602414, -0.010574018126888185, 0.07643312101910826, 0.02592087312414737, 0.01976935749588138, 0.0, 0.04448398576512447, 0.026098901098901117, 0.07534246575342474, -0.06813417190775672, 0.012838801711840153, -0.05520273571079637, -0.1629213483146067, -0.020224719101123556, 0.0, -0.014248704663212486, -0.03296703296703296, -0.06976744186046513, -0.0813047711781889, -0.16800000000000004, 0.03722943722943717, -0.07338709677419353, 0.12208892025405782, -0.041937816341287126, -0.07096774193548394, -0.005249343832020914, -0.03884638022366094, -0.10060975609756095, -0.00868055555555558, -0.06676783004552356, -0.004612546125461248, 0.016129032258064502, 0.004240882103477617, -0.06418219461697716, 0.10991957104557648, -0.03815028901734108, -0.21698906644238858, -0.005144032921810648, 0.04073319755600813]","[0.8537782139352306, 0.8330849478390462, 0.837890625, 0.837386018237082, 0.898876404494382, 0.8884381338742393, 0.8198198198198198, 0.8159509202453987, 0.817279046673287, 0.8696498054474708, 0.8397129186602871, 0.875, 0.8806646525679759, 0.9044585987261147, 0.8649386084583902, 0.8187808896210873, 0.8456375838926175, 0.8834519572953736, 0.8928571428571429, 0.8818493150684932, 0.7672955974842768, 0.8815977175463623, 0.8290180752320468, 0.7737487231869254, 0.802247191011236, 0.9175257731958762, 0.8924870466321243, 0.9078144078144078, 0.7441860465116279, 0.8466407010710808, 0.7733333333333333, 0.8467532467532467, 0.85, 0.8151023288637967, 0.8626174981923355, 0.7963133640552995, 0.8792650918635171, 0.899941141848146, 0.8054878048780488, 0.8585069444444444, 0.8315629742033384, 0.8708487084870848, 0.7989247311827957, 0.9050042408821035, 0.7660455486542443, 0.903485254691689, 0.7734104046242775, 0.712363330529857, 0.8127572016460906, 0.8085539714867617]","[0.9018645731108931, 0.8241430700447094, 0.88623046875, 0.7462006079027356, 0.9182839632277835, 0.9143002028397565, 0.8954954954954955, 0.6012269938650306, 0.8728897715988083, 0.8404669260700389, 0.8516746411483254, 0.9141566265060241, 0.8912386706948641, 0.8280254777070064, 0.8390177353342428, 0.7990115321252059, 0.8456375838926175, 0.8389679715302492, 0.8667582417582418, 0.8065068493150684, 0.8354297693920335, 0.8687589158345221, 0.8842208109428432, 0.9366700715015321, 0.8224719101123595, 0.9175257731958762, 0.9067357512953368, 0.9407814407814408, 0.813953488372093, 0.9279454722492697, 0.9413333333333334, 0.8095238095238095, 0.9233870967741935, 0.6930134086097389, 0.9045553145336226, 0.8672811059907835, 0.884514435695538, 0.9387875220718069, 0.9060975609756098, 0.8671875, 0.8983308042488619, 0.8754612546125461, 0.7827956989247312, 0.9007633587786259, 0.8302277432712215, 0.7935656836461126, 0.8115606936416185, 0.9293523969722456, 0.8179012345679012, 0.7678207739307535]",0.8318723577235771,41,"[0.847, 0.886, null, null, 0.8615, null, 0.795, 0.927, null, 0.886, 0.81, 0.927, 0.786, 0.927, 0.659, 0.84, 0.84, 0.693, 0.7175, null, 0.925, 0.918, 0.84, null, 0.908, 0.7345, 0.7345, 0.84, 0.8046666666666666, null, 0.791, null, 0.813, 0.8166, 0.776, 0.911, 0.925, 0.776, 0.816, 0.925, 0.875, 0.693, 0.84, 0.927, 0.693, 0.886, 0.8835, 0.857, 0.796, null]",36.53985118865967,4.718777656555176,0.45353269577026367,31.033036947250366,0.0019659996032714844,0.14654898643493652,1112414,ai05,success,
resnet18_cifar10,CIFAR10,50,0.3,43,300,4.0,raw_union_K20,raw_union,6248,0.0,0.8307,0.400346,0.5795,0.868,0.8442,-0.030156604034633258,17,50,"[-0.10909090909090913, -0.0635500365230095, -0.06782334384858046, 0.0417789757412399, 0.00908173562058534, 0.05773672055427248, -0.02770957558751308, -0.0932270916334661, -0.16628175519630495, 0.2028301886792453, 0.03629976580796257, -0.16474756421612047, -0.020319303338171224, 0.06882591093117407, -0.02164502164502169, -0.0435267857142857, 0.016632016632016633, -0.06376811594202891, 0.04285714285714293, -0.020958083832335328, -0.021505376344086002, 0.0031347962382445305, 0.03405017921146958, -0.03674219228413966, -0.0740103270223752, 0.01743462017434616, -0.13450292397660812, 0.06180469715698389, 0.057446808510638325, 0.0674157303370786, -0.0077989601386482255, -0.10683349374398465, -0.15320334261838442, 0.024590163934426257, -0.01540616246498605, -0.18785677218474317, -0.032178217821782096, -0.04784313725490197, -0.03232323232323231, -0.09117137911136763, -0.020637056976222534, -0.19081272084805656, -0.05498981670061098, 0.007677543186180413, -0.01066447908121404, -0.1723237597911227, -0.050420168067226934, -0.008403361344537896, 0.07428571428571429, -0.01943844492440605]","[0.85, 0.799853907962016, 0.806782334384858, 0.8921832884097035, 0.9071644803229062, 0.9203233256351039, 0.909856190810242, 0.7936254980079681, 0.7598152424942263, 0.7688679245283019, 0.9203747072599532, 0.7395925597874224, 0.8178519593613933, 0.8623481781376519, 0.8376623376623377, 0.8158482142857143, 0.8970893970893971, 0.8, 0.8968253968253969, 0.8832335329341318, 0.823069403714565, 0.7836990595611285, 0.8494623655913979, 0.8701775872627067, 0.8244406196213425, 0.9090909090909091, 0.7309941520467836, 0.9060568603213844, 0.874468085106383, 0.9438202247191011, 0.8674176776429809, 0.7718960538979788, 0.7091922005571031, 0.9016393442622951, 0.8543417366946778, 0.7446808510638298, 0.9257425742574258, 0.7952941176470588, 0.8740740740740741, 0.8055395268320831, 0.889187976671153, 0.6219081272084805, 0.8309572301425662, 0.946257197696737, 0.8802296964725185, 0.7519582245430809, 0.8243697478991596, 0.9467787114845938, 0.8514285714285714, 0.8819294456443485]","[0.9590909090909091, 0.8634039444850256, 0.8746056782334385, 0.8504043126684636, 0.8980827447023209, 0.8625866050808314, 0.9375657663977551, 0.8868525896414342, 0.9260969976905312, 0.5660377358490566, 0.8840749414519906, 0.9043401240035429, 0.8381712626995645, 0.7935222672064778, 0.8593073593073594, 0.859375, 0.8804573804573804, 0.863768115942029, 0.8539682539682539, 0.9041916167664671, 0.844574780058651, 0.780564263322884, 0.8154121863799283, 0.9069197795468463, 0.8984509466437177, 0.8916562889165629, 0.8654970760233918, 0.8442521631644005, 0.8170212765957446, 0.8764044943820225, 0.8752166377816292, 0.8787295476419634, 0.8623955431754875, 0.8770491803278688, 0.8697478991596639, 0.9325376232485729, 0.9579207920792079, 0.8431372549019608, 0.9063973063973064, 0.8967109059434507, 0.9098250336473755, 0.8127208480565371, 0.8859470468431772, 0.9385796545105566, 0.8908941755537325, 0.9242819843342036, 0.8747899159663866, 0.9551820728291317, 0.7771428571428571, 0.9013678905687545]",0.8313162601626015,41,"[0.8545, 0.9036666666666666, 0.912, 0.912, 0.608, null, 0.639, 0.861, 0.912, 0.904, null, 0.904, 0.9205, 0.8256666666666667, 0.938, 0.797, null, 0.823, 0.807, 0.718, 0.7626666666666667, 0.777, 0.85, 0.7885, null, 0.797, 0.925, null, 0.8193333333333334, 0.833, 0.9075, 0.925, 0.938, null, 0.8236666666666667, 0.8756666666666667, 0.8178, 0.938, 0.639, 0.903, null, 0.938, 0.7846666666666666, 0.8675, 0.7025, null, 0.608, 0.8573333333333333, 0.7665, null]",36.716773986816406,4.626194000244141,0.39403653144836426,31.318776607513428,0.0021054744720458984,0.18936491012573242,1112414,ai05,success,
resnet18_cifar10,CIFAR10,50,0.3,44,300,4.0,raw_union_K20,raw_union,6426,0.0,0.8182,0.393278,0.6163,0.8667,0.8421,-0.027699649097317945,15,50,"[0.03368421052631576, -0.033678756476683946, -0.05903527717782586, 0.04009433962264153, -0.039301310043668214, -0.08851224105461386, -0.12244897959183665, -0.0009425070688030557, -0.08203389830508478, -0.0296260320543954, -0.02796052631578949, 0.14905149051490518, 0.0022831050228310223, -0.06448839208942392, 0.042735042735042694, -0.04654141759180186, 0.1283018867924529, -0.002481389578163795, -0.013035381750465591, -0.06760048721071865, -0.052974735126324446, -0.08773424190800683, -0.00421940928270037, -0.019607843137254943, -0.056146572104018855, -0.07511737089201875, -0.025910364145658282, -0.2647644326476444, -0.11641791044776117, 0.027667984189723382, -0.10173410404624283, 0.08114856429463169, 0.018372703412073532, -0.18235793044953352, -0.027196652719665315, -0.012539184952978122, 0.020733652312599604, -0.11894409937888195, -0.08628318584070804, 0.07530120481927716, 0.059523809523809534, -0.03300330033003296, 0.01799100449775115, -0.09785932721712531, -0.05020283975659234, -0.04920767306088403, 0.09239130434782616, -0.029017857142857095, 0.040793825799338546, -0.04613095238095244]","[0.7789473684210526, 0.8436960276338514, 0.8840892728581713, 0.9150943396226415, 0.8544395924308588, 0.7909604519774012, 0.7283163265306123, 0.884071630537229, 0.7979661016949152, 0.921321029626032, 0.8486842105263158, 0.9051490514905149, 0.8470319634703196, 0.7205503009458297, 0.8518518518518519, 0.8783091374893254, 0.8, 0.8883374689826302, 0.845437616387337, 0.7917174177831913, 0.7489812550937245, 0.8398637137989778, 0.8523206751054853, 0.8235294117647058, 0.8581560283687943, 0.7723004694835681, 0.8417366946778712, 0.6330457863304578, 0.804179104477612, 0.8511198945981555, 0.8104046242774566, 0.8601747815230961, 0.8162729658792651, 0.7362171331636981, 0.9079497907949791, 0.8505747126436781, 0.9170653907496013, 0.7633540372670807, 0.7699115044247787, 0.8524096385542169, 0.7797619047619048, 0.8283828382838284, 0.8740629685157422, 0.7928134556574924, 0.8788032454361054, 0.8015012510425354, 0.8586956521739131, 0.890625, 0.8224917309812569, 0.8452380952380952]","[0.7452631578947368, 0.8773747841105354, 0.9431245500359972, 0.875, 0.893740902474527, 0.879472693032015, 0.8507653061224489, 0.8850141376060321, 0.88, 0.9509470616804274, 0.8766447368421053, 0.7560975609756098, 0.8447488584474886, 0.7850386930352536, 0.8091168091168092, 0.9248505550811272, 0.6716981132075471, 0.890818858560794, 0.8584729981378026, 0.8593179049939099, 0.8019559902200489, 0.9275979557069847, 0.8565400843881856, 0.8431372549019608, 0.9143026004728132, 0.8474178403755869, 0.8676470588235294, 0.8978102189781022, 0.9205970149253732, 0.8234519104084321, 0.9121387283236995, 0.7790262172284644, 0.7979002624671916, 0.9185750636132316, 0.9351464435146444, 0.8631138975966562, 0.8963317384370016, 0.8822981366459627, 0.8561946902654868, 0.7771084337349398, 0.7202380952380952, 0.8613861386138614, 0.856071964017991, 0.8906727828746177, 0.9290060851926978, 0.8507089241034195, 0.7663043478260869, 0.9196428571428571, 0.7816979051819184, 0.8913690476190477]",0.7794407894736842,38,"[0.863, 0.8875, 0.68, 0.6235, null, 0.713, null, 0.528, null, 0.6995, 0.604, null, 0.719, 0.894, null, 0.894, 0.7805, 0.7833333333333333, 0.894, null, 0.6235, 0.68, 0.696, 0.981, 0.68, 0.678, 0.719, 0.898, 0.68, 0.894, 0.863, null, 0.8865, 0.7605, null, 0.7136666666666667, 0.7735, 0.898, null, 0.754, 0.74675, 0.78, 0.932, null, 0.828, 0.981, 0.7545, 0.8545, null, null]",35.44197607040405,4.749725580215454,0.3723912239074707,29.994828939437866,0.0020990371704101562,0.14530134201049805,1112414,ai05,success,
resnet18_cifar10,CIFAR10,50,0.3,42,300,4.0,warmup_only_labelled,warmup_only,100,0.0,0.3086,0.406094,0.6605,0.8701,0.3086,-0.5589970746155758,0,50,"[-0.49460255152109917, -0.4873323397913562, -0.55224609375, -0.30243161094224924, -0.6527068437180797, -0.7139959432048681, -0.5243243243243243, -0.12883435582822084, -0.631578947368421, -0.7140077821011673, -0.4354066985645933, -0.49397590361445787, -0.6027190332326284, -0.5015923566878981, -0.45156889495225105, -0.25535420098846784, -0.7123681687440077, -0.6530249110320285, -0.6002747252747254, -0.595890410958904, -0.43396226415094336, -0.46219686162624823, -0.570591108939912, -0.3651685393258427, -0.5191011235955056, -0.8164948453608247, -0.8432642487046632, -0.8400488400488401, -0.7255813953488373, -0.4469328140214216, -0.3973333333333333, -0.4043290043290043, -0.6508064516129032, -0.20748059280169373, -0.8344179320318149, -0.528110599078341, -0.44356955380577423, -0.7922307239552678, -0.44878048780487806, -0.5503472222222222, -0.6115326251896813, -0.4298892988929889, -0.5440860215053764, -0.8083121289228159, -0.7536231884057971, -0.6809651474530831, -0.6728323699421965, -0.8233809924306139, -0.5123456790123456, -0.32790224032586557]","[0.4072620215897939, 0.33681073025335323, 0.333984375, 0.44376899696048633, 0.26557711950970375, 0.20030425963488843, 0.37117117117117115, 0.4723926380368098, 0.2413108242303873, 0.1264591439688716, 0.41626794258373206, 0.42018072289156627, 0.28851963746223563, 0.32643312101910826, 0.3874488403819918, 0.5436573311367381, 0.1332694151486098, 0.18594306049822065, 0.2664835164835165, 0.2106164383561644, 0.40146750524109015, 0.4065620542082739, 0.3136297020029311, 0.5715015321756894, 0.30337078651685395, 0.10103092783505155, 0.06347150259067358, 0.10073260073260074, 0.08837209302325581, 0.4810126582278481, 0.544, 0.4051948051948052, 0.2725806451612903, 0.4855328158080452, 0.07013738250180766, 0.3391705069124424, 0.4409448818897638, 0.14655679811653913, 0.4573170731707317, 0.3168402777777778, 0.2867981790591806, 0.4455719557195572, 0.23870967741935484, 0.09245122985581, 0.07660455486542443, 0.1126005361930295, 0.13872832369942195, 0.10597140454163162, 0.3055555555555556, 0.439918533604888]","[0.9018645731108931, 0.8241430700447094, 0.88623046875, 0.7462006079027356, 0.9182839632277835, 0.9143002028397565, 0.8954954954954955, 0.6012269938650306, 0.8728897715988083, 0.8404669260700389, 0.8516746411483254, 0.9141566265060241, 0.8912386706948641, 0.8280254777070064, 0.8390177353342428, 0.7990115321252059, 0.8456375838926175, 0.8389679715302492, 0.8667582417582418, 0.8065068493150684, 0.8354297693920335, 0.8687589158345221, 0.8842208109428432, 0.9366700715015321, 0.8224719101123595, 0.9175257731958762, 0.9067357512953368, 0.9407814407814408, 0.813953488372093, 0.9279454722492697, 0.9413333333333334, 0.8095238095238095, 0.9233870967741935, 0.6930134086097389, 0.9045553145336226, 0.8672811059907835, 0.884514435695538, 0.9387875220718069, 0.9060975609756098, 0.8671875, 0.8983308042488619, 0.8754612546125461, 0.7827956989247312, 0.9007633587786259, 0.8302277432712215, 0.7935656836461126, 0.8115606936416185, 0.9293523969722456, 0.8179012345679012, 0.7678207739307535]",0.3435028455284553,41,"[0.342, 0.569, null, null, 0.2095, null, 0.36966666666666664, 0.001, null, 0.569, 0.297, 0.001, 0.5345, 0.001, 0.0, 0.54, 0.54, 0.593, 0.3255, null, 0.078, 0.033, 0.54, null, 0.25766666666666665, 0.622, 0.622, 0.54, 0.363, null, 0.15033333333333335, null, 0.2975, 0.2392, 0.651, 0.203, 0.078, 0.651, 0.22175, 0.078, 0.356, 0.593, 0.54, 0.001, 0.593, 0.569, 0.2705, 0.2255, 0.418, null]",5.059200286865234,4.737739562988281,0.009648561477661133,0.0,0.0,0.13365626335144043,1112414,ai05,success,
resnet18_cifar10,CIFAR10,50,0.3,43,300,4.0,warmup_only_labelled,warmup_only,100,0.0,0.3545,0.400346,0.5795,0.868,0.3545,-0.5098780673187643,0,50,"[-0.2445454545454545, -0.7699050401753105, -0.5496845425867508, -0.6037735849056604, -0.39354187689202824, -0.24018475750577362, -0.639775517362329, -0.5147410358565736, -0.33487297921478065, -0.35377358490566035, -0.4156908665105386, -0.6731620903454384, -0.5029027576197387, -0.5344129554655871, -0.44588744588744594, -0.39955357142857145, -0.47920997920997915, -0.13913043478260867, -0.5079365079365079, -0.3413173652694611, -0.7956989247311829, -0.396551724137931, -0.2652329749103942, -0.8230251071647275, -0.3881239242685026, -0.6064757160647571, -0.6681286549707601, -0.7082818294190358, -0.4425531914893617, -0.6713483146067416, -0.5381282495667246, -0.4302213666987488, -0.2679665738161561, -0.5942622950819672, -0.4831932773109244, -0.31084587441619094, -0.1955445544554455, -0.5623529411764706, -0.6107744107744109, -0.6930178880553953, -0.4755495737999103, -0.3480565371024735, -0.49694501018329934, -0.48176583493282144, -0.7292863002461033, -0.7206266318537858, -0.5420168067226891, -0.8585434173669468, -0.499047619047619, -0.8063354931605472]","[0.7145454545454546, 0.09349890430971512, 0.3249211356466877, 0.24663072776280323, 0.5045408678102926, 0.6224018475750578, 0.29779024903542617, 0.37211155378486055, 0.5912240184757506, 0.21226415094339623, 0.468384074941452, 0.23117803365810452, 0.3352685050798258, 0.2591093117408907, 0.4134199134199134, 0.45982142857142855, 0.40124740124740127, 0.7246376811594203, 0.346031746031746, 0.562874251497006, 0.04887585532746823, 0.384012539184953, 0.5501792114695341, 0.0838946723821188, 0.5103270223752151, 0.2851805728518057, 0.19736842105263158, 0.13597033374536466, 0.37446808510638296, 0.2050561797752809, 0.33708838821490467, 0.44850818094321465, 0.5944289693593314, 0.2827868852459016, 0.3865546218487395, 0.621691748832382, 0.7623762376237624, 0.2807843137254902, 0.2956228956228956, 0.20369301788805538, 0.43427545984746524, 0.46466431095406363, 0.3890020366598778, 0.45681381957773515, 0.1616078753076292, 0.20365535248041775, 0.33277310924369746, 0.09663865546218488, 0.2780952380952381, 0.09503239740820735]","[0.9590909090909091, 0.8634039444850256, 0.8746056782334385, 0.8504043126684636, 0.8980827447023209, 0.8625866050808314, 0.9375657663977551, 0.8868525896414342, 0.9260969976905312, 0.5660377358490566, 0.8840749414519906, 0.9043401240035429, 0.8381712626995645, 0.7935222672064778, 0.8593073593073594, 0.859375, 0.8804573804573804, 0.863768115942029, 0.8539682539682539, 0.9041916167664671, 0.844574780058651, 0.780564263322884, 0.8154121863799283, 0.9069197795468463, 0.8984509466437177, 0.8916562889165629, 0.8654970760233918, 0.8442521631644005, 0.8170212765957446, 0.8764044943820225, 0.8752166377816292, 0.8787295476419634, 0.8623955431754875, 0.8770491803278688, 0.8697478991596639, 0.9325376232485729, 0.9579207920792079, 0.8431372549019608, 0.9063973063973064, 0.8967109059434507, 0.9098250336473755, 0.8127208480565371, 0.8859470468431772, 0.9385796545105566, 0.8908941755537325, 0.9242819843342036, 0.8747899159663866, 0.9551820728291317, 0.7771428571428571, 0.9013678905687545]",0.2991747967479674,41,"[0.0215, 0.524, 0.009, 0.009, 0.758, null, 0.038, 0.4305, 0.009, 0.2265, null, 0.2265, 0.38, 0.36633333333333334, 0.361, 0.034, null, 0.1765, 0.16633333333333333, 0.036, 0.6076666666666667, 0.306, 0.3965, 0.0195, null, 0.034, 0.185, null, 0.256, 0.389, 0.384, 0.827, 0.361, null, 0.6486666666666666, 0.22533333333333333, 0.148, 0.001, 0.038, 0.759, null, 0.181, 0.235, 0.0175, 0.396, null, 0.758, 0.5283333333333333, 0.7925, null]",5.284074544906616,4.945466995239258,0.01752305030822754,0.0,0.0,0.14861559867858887,1112414,ai05,success,
resnet18_cifar10,CIFAR10,50,0.3,44,300,4.0,warmup_only_labelled,warmup_only,100,0.0,0.3657,0.393278,0.6163,0.8667,0.3657,-0.47836991257645517,0,50,"[-0.4126315789473684, -0.690846286701209, -0.2973362131029518, -0.17688679245283023, -0.47452692867540036, -0.4030131826741996, -0.7512755102040816, -0.5127238454288408, -0.6393220338983051, -0.42642059252064113, -0.33059210526315796, -0.22493224932249323, -0.31506849315068497, -0.46173688736027513, -0.6153846153846154, -0.6780529461998293, -0.5320754716981132, -0.47725392886683204, -0.3184357541899442, -0.36419001218026803, -0.28361858190709055, -0.8262350936967632, -0.7805907172995781, -0.2919389978213508, -0.799645390070922, -0.6784037558685446, -0.5413165266106443, -0.6648971466489715, -0.6029850746268657, -0.4255599472990777, -0.5549132947976879, -0.5405742821473158, -0.5761154855643045, -0.6972010178117048, -0.34309623430962344, -0.2821316614420063, -0.4322169059011165, -0.6096273291925465, -0.44764011799410036, -0.30120481927710846, -0.5595238095238095, -0.533003300330033, -0.3508245877061469, -0.4327217125382263, -0.3473630831643002, -0.5738115095913261, -0.24456521739130432, -0.3024553571428571, -0.4895259095920617, -0.30208333333333337]","[0.33263157894736844, 0.18652849740932642, 0.6457883369330454, 0.6981132075471698, 0.4192139737991266, 0.4764595103578154, 0.09948979591836735, 0.37229029217719134, 0.24067796610169492, 0.5245264691597863, 0.5460526315789473, 0.5311653116531165, 0.5296803652968036, 0.3233018056749785, 0.19373219373219372, 0.24679760888129804, 0.13962264150943396, 0.41356492969396197, 0.5400372439478585, 0.4951278928136419, 0.5183374083129584, 0.10136286201022146, 0.0759493670886076, 0.55119825708061, 0.11465721040189125, 0.16901408450704225, 0.32633053221288516, 0.23291307232913072, 0.3176119402985075, 0.39789196310935443, 0.35722543352601155, 0.23845193508114856, 0.22178477690288714, 0.22137404580152673, 0.5920502092050209, 0.58098223615465, 0.46411483253588515, 0.27267080745341615, 0.4085545722713864, 0.4759036144578313, 0.16071428571428573, 0.32838283828382836, 0.5052473763118441, 0.45795107033639143, 0.5816430020283976, 0.27689741451209343, 0.5217391304347826, 0.6171875, 0.2921719955898567, 0.5892857142857143]","[0.7452631578947368, 0.8773747841105354, 0.9431245500359972, 0.875, 0.893740902474527, 0.879472693032015, 0.8507653061224489, 0.8850141376060321, 0.88, 0.9509470616804274, 0.8766447368421053, 0.7560975609756098, 0.8447488584474886, 0.7850386930352536, 0.8091168091168092, 0.9248505550811272, 0.6716981132075471, 0.890818858560794, 0.8584729981378026, 0.8593179049939099, 0.8019559902200489, 0.9275979557069847, 0.8565400843881856, 0.8431372549019608, 0.9143026004728132, 0.8474178403755869, 0.8676470588235294, 0.8978102189781022, 0.9205970149253732, 0.8234519104084321, 0.9121387283236995, 0.7790262172284644, 0.7979002624671916, 0.9185750636132316, 0.9351464435146444, 0.8631138975966562, 0.8963317384370016, 0.8822981366459627, 0.8561946902654868, 0.7771084337349398, 0.7202380952380952, 0.8613861386138614, 0.856071964017991, 0.8906727828746177, 0.9290060851926978, 0.8507089241034195, 0.7663043478260869, 0.9196428571428571, 0.7816979051819184, 0.8913690476190477]",0.3229999999999999,38,"[0.3095, 0.653, 0.284, 0.0175, null, 0.327, null, 0.035, null, 0.142, 0.1595, null, 0.0, 0.692, null, 0.692, 0.449, 0.479, 0.692, null, 0.0175, 0.284, 0.2896666666666667, 0.568, 0.284, 0.0175, 0.0, 0.619, 0.284, 0.692, 0.3095, null, 0.4225, 0.559, null, 0.24233333333333335, 0.0, 0.619, null, 0.142, 0.388, 0.417, 0.011, null, 0.0, 0.568, 0.3015, 0.307, null, null]",5.123980283737183,4.75131893157959,0.017727375030517578,0.0,0.0,0.18062615394592285,1112414,ai05,success,
resnet18_cifar10,CIFAR10,50,1.0,42,300,4.0,dp_avg_eps2_K20,dp_avg,10,3.986361524956496,0.7496,0.5779439999999999,0.7186,0.8701,0.2879,-0.05804761597824431,6,50,"[-0.11662531017369726, -0.05762987012987009, -0.08318584070796464, -0.03694874851013108, -0.08259587020648962, 0.0011061946902655162, -0.04971475142624282, -0.061771561771561734, -0.05820895522388059, -0.01645338208409508, -0.03606237816764135, -0.028312570781427016, -0.011133603238866474, -0.10275229357798166, -0.011965811965812034, -0.005405405405405461, -0.13820224719101126, 0.08684210526315794, -0.04814814814814816, -0.050256410256410255, -0.2601514108740537, 0.17582417582417587, -0.09483568075117377, -0.052579365079365115, -0.1116751269035533, -0.06958561376075056, 0.09161490683229812, -0.062082139446036244, -0.1428571428571428, -0.07778668805132316, -0.11529411764705888, 0.00295857988165682, -0.1498661909009813, -0.06952789699570816, -0.05217391304347829, -0.062365591397849474, -0.05751533742331294, -0.046650717703349276, -0.09066666666666667, -0.12849964106245515, -0.07447633824670297, -0.0535714285714286, -0.08482871125611746, 0.04222222222222227, -0.07320261437908493, -0.042328042328042326, -0.10440985732814523, -0.08034433285509324, -0.03683492496589358, -0.11346633416458851]","[0.7270471464019851, 0.8157467532467533, 0.779646017699115, 0.8152562574493445, 0.7207472959685349, 0.7665929203539823, 0.8312958435207825, 0.7773892773892774, 0.7253731343283583, 0.8062157221206582, 0.827485380116959, 0.812004530011325, 0.7854251012145749, 0.736697247706422, 0.7965811965811965, 0.7986486486486486, 0.7320224719101124, 0.7894736842105263, 0.75, 0.7723076923076924, 0.5581555402615279, 0.8608058608058609, 0.7596244131455399, 0.7757936507936508, 0.7543147208121828, 0.766223612197029, 0.7779503105590062, 0.8137535816618912, 0.7001763668430335, 0.7690457097032879, 0.7270588235294118, 0.7559171597633136, 0.6529884032114184, 0.7656652360515022, 0.7565217391304347, 0.806989247311828, 0.7714723926380368, 0.7894736842105263, 0.7662222222222222, 0.7250538406317301, 0.7377812257564003, 0.775, 0.7707993474714518, 0.7955555555555556, 0.6915032679738562, 0.7896825396825397, 0.7153047989623865, 0.7317073170731707, 0.7953615279672579, 0.683291770573566]","[0.8436724565756824, 0.8733766233766234, 0.8628318584070797, 0.8522050059594756, 0.8033431661750245, 0.7654867256637168, 0.8810105949470253, 0.8391608391608392, 0.7835820895522388, 0.8226691042047533, 0.8635477582846004, 0.840317100792752, 0.7965587044534413, 0.8394495412844036, 0.8085470085470086, 0.8040540540540541, 0.8702247191011236, 0.7026315789473684, 0.7981481481481482, 0.8225641025641026, 0.8183069511355816, 0.684981684981685, 0.8544600938967136, 0.8283730158730159, 0.8659898477157361, 0.8358092259577795, 0.6863354037267081, 0.8758357211079274, 0.8430335097001763, 0.846832397754611, 0.8423529411764706, 0.7529585798816568, 0.8028545941123997, 0.8351931330472103, 0.808695652173913, 0.8693548387096774, 0.8289877300613497, 0.8361244019138756, 0.8568888888888889, 0.8535534816941852, 0.8122575640031032, 0.8285714285714286, 0.8556280587275693, 0.7533333333333333, 0.7647058823529411, 0.832010582010582, 0.8197146562905318, 0.812051649928264, 0.8321964529331515, 0.7967581047381546]",0.329,1,"[null, null, null, null, null, null, null, null, null, null, null, null, null, null, null, null, null, null, null, null, null, 0.329, null, null, null, null, null, null, null, null, null, null, null, null, null, null, null, null, null, null, null, null, null, null, null, null, null, null, null, null]",29.412861824035645,2.9737136363983154,0.15238118171691895,26.035324811935425,0.0018486976623535156,0.1359090805053711,1112414,ai05,success,
resnet18_cifar10,CIFAR10,50,1.0,43,300,4.0,dp_avg_eps2_K20,dp_avg,10,3.9676203949800515,0.756,0.564646,0.7403,0.868,0.3217,-0.06102589976374098,7,50,"[0.001848428835489857, 0.019999999999999907, -0.16987865810135627, -0.012232415902140636, -0.06245614035087721, -0.054919908466819156, -0.08323699421965314, -0.028813559322033888, 0.013452914798206317, -0.061162079510703404, -0.12727272727272732, -0.08798775822494265, -0.07737594617325483, -0.05817782656421511, -0.011824324324324342, -0.026755852842809347, -0.10912343470482999, -0.07273877292852626, -0.09622411693057242, -0.09454314720812185, -0.15281173594132036, 0.019718309859154903, -0.03541666666666665, -0.07045143638850893, -0.04035874439461884, -0.09570661896243293, -0.018279569892473146, -0.03734439834024894, -0.06963470319634713, -0.08094262295081978, -0.0646425073457394, -0.14432234432234436, -0.08214528173794977, 0.018549747048903886, 0.05128205128205121, -0.08242753623188404, -0.0439856373429085, -0.06890353505092861, -0.014460511679644017, -0.042675893886966465, -0.11038961038961037, 0.008710801393728151, -0.08049535603715174, -0.12291052114060963, -0.029868578255675016, -0.0714285714285714, -0.16975537435137145, -0.12132163138874552, -0.0831578947368421, -0.016296296296296364]","[0.7911275415896488, 0.828, 0.7187723054960742, 0.827217125382263, 0.7894736842105263, 0.8123569794050344, 0.7549132947976879, 0.788135593220339, 0.8452914798206278, 0.77217125382263, 0.7299663299663299, 0.7750573833205815, 0.7527333894028595, 0.7958287596048299, 0.7719594594594594, 0.7859531772575251, 0.725402504472272, 0.8051865907653384, 0.7503045066991474, 0.7449238578680203, 0.6528117359413202, 0.8169014084507042, 0.6947916666666667, 0.7735978112175103, 0.7219730941704036, 0.7361359570661896, 0.7967741935483871, 0.7897648686030428, 0.7853881278538812, 0.7540983606557377, 0.7590597453476984, 0.7201465201465201, 0.7596741344195519, 0.7639123102866779, 0.7548076923076923, 0.7934782608695652, 0.7351885098743267, 0.793289394847214, 0.7630700778642937, 0.7174163783160323, 0.752435064935065, 0.7770034843205574, 0.7856037151702786, 0.6784660766961652, 0.7718040621266428, 0.7388059701492538, 0.7123795404002965, 0.7465152297367063, 0.72, 0.7051851851851851]","[0.789279112754159, 0.808, 0.8886509635974305, 0.8394495412844036, 0.8519298245614035, 0.8672768878718535, 0.838150289017341, 0.8169491525423729, 0.8318385650224215, 0.8333333333333334, 0.8572390572390572, 0.8630451415455241, 0.8301093355761143, 0.854006586169045, 0.7837837837837838, 0.8127090301003345, 0.8345259391771019, 0.8779253636938646, 0.8465286236297198, 0.8394670050761421, 0.8056234718826406, 0.7971830985915493, 0.7302083333333333, 0.8440492476060192, 0.7623318385650224, 0.8318425760286225, 0.8150537634408602, 0.8271092669432918, 0.8550228310502284, 0.8350409836065574, 0.8237022526934378, 0.8644688644688645, 0.8418194161575017, 0.7453625632377741, 0.7035256410256411, 0.8759057971014492, 0.7791741472172352, 0.8621929298981426, 0.7775305895439377, 0.7600922722029988, 0.8628246753246753, 0.7682926829268293, 0.8660990712074303, 0.8013765978367748, 0.8016726403823178, 0.8102345415778252, 0.8821349147516679, 0.8678368611254518, 0.8031578947368421, 0.7214814814814815]",,0,"[null, null, null, null, null, null, null, null, null, null, null, null, null, null, null, null, null, null, null, null, null, null, null, null, null, null, null, null, null, null, null, null, null, null, null, null, null, null, null, null, null, null, null, null, null, null, null, null, null, null]",35.8078773021698,4.688866853713989,0.17564082145690918,30.60189700126648,0.002275705337524414,0.16058111190795898,1112414,ai05,success,
resnet18_cifar10,CIFAR10,50,1.0,44,300,4.0,dp_avg_eps2_K20,dp_avg,10,3.962551391060827,0.7485,0.570434,0.7189,0.8667,0.368,-0.06565027564173213,3,50,"[-0.04370629370629364, -0.08223972003499569, -0.12200772200772192, 0.004048582995951455, -0.11094339622641514, -0.02564102564102566, 0.011019283746556474, -0.06436781609195408, -0.04783599088838264, -0.04711538461538467, -0.028632025450689325, -0.040519877675840976, -0.12790697674418605, -0.13734939759036147, -0.04044489383215366, -0.04137931034482767, -0.1344040574809805, -0.034848484848484906, -0.03724604966139955, -0.0638930163447251, -0.010752688172043001, -0.07296137339055797, -0.1601466992665036, -0.07301293900184835, -0.21984296930763747, -0.09227220299884664, -0.010471204188481686, -0.02294197031039147, -0.12691466083150982, -0.03864734299516903, -0.13951170901843546, -0.016759776536312887, -0.14177563661390225, -0.060810810810810745, -0.015313935681470214, -0.02831858407079646, -0.10858010630220205, -0.09847328244274811, -0.03188775510204078, -0.03312883435582825, -0.04957507082152979, -0.13587487781036167, 0.01912568306010931, -0.07386990077177502, -0.13463687150837989, -0.05899705014749268, -0.047214353163361644, -0.0217687074829932, -0.016697588126159513, -0.045066991473812434]","[0.8006993006993007, 0.7594050743657043, 0.7606177606177607, 0.815114709851552, 0.7464150943396226, 0.7989203778677463, 0.7796143250688705, 0.7620689655172413, 0.7767653758542141, 0.7634615384615384, 0.8059384941675504, 0.7928134556574924, 0.725, 0.7289156626506024, 0.7492416582406471, 0.7296551724137931, 0.6965342349957735, 0.7545454545454545, 0.7968397291196389, 0.7013372956909361, 0.8387096774193549, 0.7610872675250357, 0.7041564792176039, 0.7846580406654344, 0.6445396145610278, 0.7439446366782007, 0.7643979057591623, 0.747638326585695, 0.6553610503282276, 0.6602254428341385, 0.7344294967613353, 0.7597765363128491, 0.6889194769442533, 0.7442084942084942, 0.7718223583460949, 0.8415929203539823, 0.7410782080485953, 0.7259541984732825, 0.7346938775510204, 0.7865030674846626, 0.7790368271954674, 0.7262952101661779, 0.7950819672131147, 0.6957001102535832, 0.7251396648044692, 0.7846607669616519, 0.7714825306893296, 0.7687074829931972, 0.7588126159554731, 0.8038976857490865]","[0.8444055944055944, 0.8416447944007, 0.8826254826254826, 0.8110661268556005, 0.8573584905660377, 0.8245614035087719, 0.768595041322314, 0.8264367816091954, 0.8246013667425968, 0.8105769230769231, 0.8345705196182397, 0.8333333333333334, 0.852906976744186, 0.8662650602409638, 0.7896865520728008, 0.7710344827586207, 0.830938292476754, 0.7893939393939394, 0.8340857787810384, 0.7652303120356612, 0.8494623655913979, 0.8340486409155937, 0.8643031784841075, 0.8576709796672828, 0.8643825838686653, 0.8362168396770473, 0.774869109947644, 0.7705802968960864, 0.7822757111597374, 0.6988727858293076, 0.8739412057797707, 0.776536312849162, 0.8306951135581555, 0.805019305019305, 0.7871362940275651, 0.8699115044247787, 0.8496583143507973, 0.8244274809160306, 0.7665816326530612, 0.8196319018404908, 0.8286118980169972, 0.8621700879765396, 0.7759562841530054, 0.7695700110253583, 0.8597765363128491, 0.8436578171091446, 0.8186968838526912, 0.7904761904761904, 0.7755102040816326, 0.8489646772228989]",0.704,1,"[null, null, null, null, null, null, null, null, null, null, null, null, null, null, null, null, null, null, null, null, null, null, null, null, null, null, null, null, null, null, null, null, null, null, null, null, null, null, null, null, null, 0.704, null, null, null, null, null, null, null, null]",39.156238079071045,4.803323745727539,0.20076322555541992,33.76397085189819,0.0022628307342529297,0.20792007446289062,1112414,ai05,success,
resnet18_cifar10,CIFAR10,50,1.0,42,300,4.0,dp_avg_eps8_K20,dp_avg,10,0.996590381239124,0.7516,0.5779439999999999,0.7186,0.8701,0.3243,-0.05683405628480007,4,50,"[-0.1149710504549214, -0.06006493506493504, -0.08584070796460175, -0.038140643623361115, -0.08259587020648962, 0.0, -0.048084759576202174, -0.06526806526806528, -0.05820895522388059, -0.018281535648994596, -0.03703703703703709, -0.023782559456398622, -0.012145748987854255, -0.1009174311926605, -0.008547008547008517, -0.005405405405405461, -0.1348314606741573, 0.0921052631578948, -0.042592592592592626, -0.053333333333333344, -0.2580867171369581, 0.16849816849816845, -0.09295774647887323, -0.045634920634920695, -0.10659898477157359, -0.06254886630179823, 0.08850931677018636, -0.05921680993314227, -0.14109347442680775, -0.08019246190858054, -0.11176470588235299, -0.0014792899408284654, -0.13737734165923288, -0.07381974248927037, -0.05375494071146247, -0.06505376344086022, -0.05521472392638038, -0.046650717703349276, -0.08533333333333337, -0.12921751615218957, -0.07214895267649346, -0.04880952380952386, -0.07911908646003263, 0.04444444444444451, -0.06405228758169934, -0.04365079365079361, -0.09987029831387806, -0.08321377331420365, -0.028649386084583894, -0.1197007481296758]","[0.728701406120761, 0.8133116883116883, 0.7769911504424779, 0.8140643623361145, 0.7207472959685349, 0.7654867256637168, 0.8329258353708231, 0.7738927738927739, 0.7253731343283583, 0.8043875685557587, 0.8265107212475633, 0.8165345413363534, 0.7844129554655871, 0.7385321100917431, 0.8, 0.7986486486486486, 0.7353932584269663, 0.7947368421052632, 0.7555555555555555, 0.7692307692307693, 0.5602202339986235, 0.8534798534798534, 0.7615023474178404, 0.7827380952380952, 0.7593908629441625, 0.7732603596559813, 0.7748447204968945, 0.8166189111747851, 0.7019400352733686, 0.7666399358460305, 0.7305882352941176, 0.7514792899408284, 0.6654772524531668, 0.76137339055794, 0.7549407114624506, 0.8043010752688172, 0.7737730061349694, 0.7894736842105263, 0.7715555555555556, 0.7243359655419956, 0.7401086113266098, 0.7797619047619048, 0.7765089722675367, 0.7977777777777778, 0.7006535947712418, 0.7883597883597884, 0.7198443579766537, 0.7288378766140603, 0.8035470668485676, 0.6770573566084788]","[0.8436724565756824, 0.8733766233766234, 0.8628318584070797, 0.8522050059594756, 0.8033431661750245, 0.7654867256637168, 0.8810105949470253, 0.8391608391608392, 0.7835820895522388, 0.8226691042047533, 0.8635477582846004, 0.840317100792752, 0.7965587044534413, 0.8394495412844036, 0.8085470085470086, 0.8040540540540541, 0.8702247191011236, 0.7026315789473684, 0.7981481481481482, 0.8225641025641026, 0.8183069511355816, 0.684981684981685, 0.8544600938967136, 0.8283730158730159, 0.8659898477157361, 0.8358092259577795, 0.6863354037267081, 0.8758357211079274, 0.8430335097001763, 0.846832397754611, 0.8423529411764706, 0.7529585798816568, 0.8028545941123997, 0.8351931330472103, 0.808695652173913, 0.8693548387096774, 0.8289877300613497, 0.8361244019138756, 0.8568888888888889, 0.8535534816941852, 0.8122575640031032, 0.8285714285714286, 0.8556280587275693, 0.7533333333333333, 0.7647058823529411, 0.832010582010582, 0.8197146562905318, 0.812051649928264, 0.8321964529331515, 0.7967581047381546]",0.328,1,"[null, null, null, null, null, null, null, null, null, null, null, null, null, null, null, null, null, null, null, null, null, 0.328, null, null, null, null, null, null, null, null, null, null, null, null, null, null, null, null, null, null, null, null, null, null, null, null, null, null, null, null]",35.37547564506531,4.441852807998657,0.21574115753173828,30.31932830810547,0.0020661354064941406,0.19133782386779785,1112414,ai05,success,
resnet18_cifar10,CIFAR10,50,1.0,43,300,4.0,dp_avg_eps8_K20,dp_avg,10,0.9919050987450129,0.7577,0.564646,0.7403,0.868,0.3595,-0.05975942916143172,7,50,"[0.007393715341959317, 0.02399999999999991, -0.16702355460385443, -0.012232415902140636, -0.05964912280701762, -0.05720823798627006, -0.08092485549132944, -0.028813559322033888, 0.013452914798206317, -0.059633027522935866, -0.1198653198653199, -0.09104820198928854, -0.07064760302775441, -0.05817782656421511, -0.013513513513513487, -0.026755852842809347, -0.10733452593917703, -0.07273877292852626, -0.09135200974421431, -0.09327411167512689, -0.15647921760391204, 0.022535211267605604, -0.03229166666666672, -0.06429548563611498, -0.04334828101644239, -0.09838998211091232, -0.02043010752688168, -0.03596127247579528, -0.06621004566210054, -0.07889344262295084, -0.05974534769833495, -0.14139194139194144, -0.08282416836388318, 0.01686340640809436, 0.05128205128205121, -0.07789855072463758, -0.03949730700179532, -0.06470940683043735, -0.012235817575083408, -0.05420991926182228, -0.10876623376623373, 0.012195121951219523, -0.08126934984520129, -0.12192723697148478, -0.02389486260453999, -0.06823027718550101, -0.1734618235730171, -0.11925658234383074, -0.08210526315789468, -0.01777777777777778]","[0.7966728280961183, 0.832, 0.721627408993576, 0.827217125382263, 0.7922807017543859, 0.8100686498855835, 0.7572254335260116, 0.788135593220339, 0.8452914798206278, 0.7737003058103975, 0.7373737373737373, 0.7719969395562356, 0.7594617325483599, 0.7958287596048299, 0.7702702702702703, 0.7859531772575251, 0.7271914132379249, 0.8051865907653384, 0.7551766138855055, 0.7461928934010152, 0.6491442542787286, 0.819718309859155, 0.6979166666666666, 0.7797537619699042, 0.71898355754858, 0.7334525939177102, 0.7946236559139785, 0.7911479944674965, 0.7888127853881278, 0.7561475409836066, 0.7639569049951028, 0.7230769230769231, 0.7589952477936185, 0.7622259696458684, 0.7548076923076923, 0.7980072463768116, 0.7396768402154399, 0.7974835230677052, 0.7652947719688543, 0.7058823529411765, 0.7540584415584416, 0.7804878048780488, 0.7848297213622291, 0.6794493608652901, 0.7777777777777778, 0.7420042643923241, 0.7086730911786508, 0.748580278781621, 0.7210526315789474, 0.7037037037037037]","[0.789279112754159, 0.808, 0.8886509635974305, 0.8394495412844036, 0.8519298245614035, 0.8672768878718535, 0.838150289017341, 0.8169491525423729, 0.8318385650224215, 0.8333333333333334, 0.8572390572390572, 0.8630451415455241, 0.8301093355761143, 0.854006586169045, 0.7837837837837838, 0.8127090301003345, 0.8345259391771019, 0.8779253636938646, 0.8465286236297198, 0.8394670050761421, 0.8056234718826406, 0.7971830985915493, 0.7302083333333333, 0.8440492476060192, 0.7623318385650224, 0.8318425760286225, 0.8150537634408602, 0.8271092669432918, 0.8550228310502284, 0.8350409836065574, 0.8237022526934378, 0.8644688644688645, 0.8418194161575017, 0.7453625632377741, 0.7035256410256411, 0.8759057971014492, 0.7791741472172352, 0.8621929298981426, 0.7775305895439377, 0.7600922722029988, 0.8628246753246753, 0.7682926829268293, 0.8660990712074303, 0.8013765978367748, 0.8016726403823178, 0.8102345415778252, 0.8821349147516679, 0.8678368611254518, 0.8031578947368421, 0.7214814814814815]",,0,"[null, null, null, null, null, null, null, null, null, null, null, null, null, null, null, null, null, null, null, null, null, null, null, null, null, null, null, null, null, null, null, null, null, null, null, null, null, null, null, null, null, null, null, null, null, null, null, null, null, null]",34.81176710128784,4.4051995277404785,0.18275165557861328,29.91807222366333,0.002028942108154297,0.1203010082244873,1112414,ai05,success,
resnet18_cifar10,CIFAR10,50,1.0,44,300,4.0,dp_avg_eps8_K20,dp_avg,10,0.9906378477652068,0.7501,0.570434,0.7189,0.8667,0.3858,-0.06475835870797146,3,50,"[-0.04020979020979021, -0.08223972003499569, -0.11737451737451732, 0.005398110661268607, -0.11245283018867924, -0.026990553306342813, 0.012396694214875992, -0.06206896551724139, -0.04783599088838264, -0.04230769230769227, -0.02969247083775184, -0.03669724770642202, -0.12848837209302322, -0.13734939759036147, -0.039433771486349856, -0.044137931034482825, -0.13271344040574806, -0.028787878787878807, -0.04401805869074493, -0.06537890044576522, -0.018433179723502335, -0.07582260371959948, -0.1625916870415648, -0.07116451016635861, -0.21984296930763747, -0.08996539792387548, -0.013961605584642323, -0.018893387314440013, -0.11816192560175054, -0.03864734299516903, -0.13801694070752357, -0.018156424581005637, -0.14108740536820363, -0.0646718146718146, -0.013782542113323193, -0.030973451327433565, -0.10858010630220205, -0.09618320610687026, -0.03188775510204078, -0.03312883435582825, -0.0439093484419264, -0.13391984359726294, 0.024590163934426257, -0.07276736493936042, -0.129608938547486, -0.06588003933136677, -0.04627006610009443, -0.023129251700680253, -0.0037105751391465214, -0.03897685749086477]","[0.8041958041958042, 0.7594050743657043, 0.7652509652509653, 0.8164642375168691, 0.7449056603773585, 0.7975708502024291, 0.78099173553719, 0.764367816091954, 0.7767653758542141, 0.7682692307692308, 0.8048780487804879, 0.7966360856269113, 0.7244186046511628, 0.7289156626506024, 0.750252780586451, 0.7268965517241379, 0.6982248520710059, 0.7606060606060606, 0.7900677200902935, 0.6998514115898959, 0.8310291858678955, 0.7582260371959942, 0.7017114914425427, 0.7865064695009242, 0.6445396145610278, 0.7462514417531718, 0.7609075043630017, 0.7516869095816464, 0.6641137855579868, 0.6602254428341385, 0.7359242650722472, 0.7583798882681564, 0.6896077081899519, 0.7403474903474904, 0.7733537519142419, 0.8389380530973451, 0.7410782080485953, 0.7282442748091603, 0.7346938775510204, 0.7865030674846626, 0.7847025495750708, 0.7282502443792767, 0.8005464480874317, 0.6968026460859978, 0.7301675977653631, 0.7777777777777778, 0.7724268177525968, 0.7673469387755102, 0.7717996289424861, 0.8099878197320342]","[0.8444055944055944, 0.8416447944007, 0.8826254826254826, 0.8110661268556005, 0.8573584905660377, 0.8245614035087719, 0.768595041322314, 0.8264367816091954, 0.8246013667425968, 0.8105769230769231, 0.8345705196182397, 0.8333333333333334, 0.852906976744186, 0.8662650602409638, 0.7896865520728008, 0.7710344827586207, 0.830938292476754, 0.7893939393939394, 0.8340857787810384, 0.7652303120356612, 0.8494623655913979, 0.8340486409155937, 0.8643031784841075, 0.8576709796672828, 0.8643825838686653, 0.8362168396770473, 0.774869109947644, 0.7705802968960864, 0.7822757111597374, 0.6988727858293076, 0.8739412057797707, 0.776536312849162, 0.8306951135581555, 0.805019305019305, 0.7871362940275651, 0.8699115044247787, 0.8496583143507973, 0.8244274809160306, 0.7665816326530612, 0.8196319018404908, 0.8286118980169972, 0.8621700879765396, 0.7759562841530054, 0.7695700110253583, 0.8597765363128491, 0.8436578171091446, 0.8186968838526912, 0.7904761904761904, 0.7755102040816326, 0.8489646772228989]",0.709,1,"[null, null, null, null, null, null, null, null, null, null, null, null, null, null, null, null, null, null, null, null, null, null, null, null, null, null, null, null, null, null, null, null, null, null, null, null, null, null, null, null, null, 0.709, null, null, null, null, null, null, null, null]",29.120282411575317,3.1860921382904053,0.16198182106018066,25.463695526123047,0.002073049545288086,0.12253022193908691,1112414,ai05,success,
resnet18_cifar10,CIFAR10,50,1.0,42,300,4.0,labelled_probe_warmup,labelled,100,0.0,0.7528,0.5779439999999999,0.7186,0.8701,0.3086,-0.05540794810157399,5,50,"[-0.11000827129859381, -0.06899350649350644, -0.08230088495575227, -0.033373063170440975, -0.07964601769911506, -0.0011061946902654052, -0.048084759576202174, -0.05944055944055948, -0.0626865671641792, -0.018281535648994596, -0.03508771929824561, -0.023782559456398622, -0.006072874493927127, -0.1009174311926605, -0.008547008547008517, -0.006756756756756799, -0.13089887640449438, 0.09736842105263166, -0.040740740740740744, -0.05230769230769239, -0.2608396421197523, 0.16849816849816845, -0.0938967136150235, -0.04265873015873023, -0.1045685279187818, -0.06098514464425331, 0.0854037267080745, -0.05921680993314227, -0.1358024691358024, -0.07778668805132316, -0.11411764705882355, 0.007396449704141994, -0.13559322033898313, -0.07124463519313307, -0.0513833992094862, -0.06612903225806455, -0.055981595092024605, -0.0430622009569378, -0.08533333333333337, -0.12562814070351758, -0.0690457719162142, -0.04761904761904767, -0.0807504078303426, 0.04777777777777781, -0.06928104575163396, -0.04497354497354489, -0.09533073929961089, -0.07890961262553797, -0.02046384720327421, -0.11720698254364081]","[0.7336641852770885, 0.8043831168831169, 0.7805309734513274, 0.8188319427890346, 0.7236971484759095, 0.7643805309734514, 0.8329258353708231, 0.7797202797202797, 0.7208955223880597, 0.8043875685557587, 0.8284600389863548, 0.8165345413363534, 0.7904858299595142, 0.7385321100917431, 0.8, 0.7972972972972973, 0.7393258426966293, 0.8, 0.7574074074074074, 0.7702564102564102, 0.5574673090158293, 0.8534798534798534, 0.7605633802816901, 0.7857142857142857, 0.7614213197969543, 0.7748240813135262, 0.7717391304347826, 0.8166189111747851, 0.7072310405643739, 0.7690457097032879, 0.7282352941176471, 0.7603550295857988, 0.6672613737734165, 0.7639484978540773, 0.7573122529644268, 0.8032258064516129, 0.7730061349693251, 0.7930622009569378, 0.7715555555555556, 0.7279253409906676, 0.743211792086889, 0.780952380952381, 0.7748776508972267, 0.8011111111111111, 0.6954248366013072, 0.7870370370370371, 0.7243839169909209, 0.733142037302726, 0.8117326057298773, 0.6795511221945137]","[0.8436724565756824, 0.8733766233766234, 0.8628318584070797, 0.8522050059594756, 0.8033431661750245, 0.7654867256637168, 0.8810105949470253, 0.8391608391608392, 0.7835820895522388, 0.8226691042047533, 0.8635477582846004, 0.840317100792752, 0.7965587044534413, 0.8394495412844036, 0.8085470085470086, 0.8040540540540541, 0.8702247191011236, 0.7026315789473684, 0.7981481481481482, 0.8225641025641026, 0.8183069511355816, 0.684981684981685, 0.8544600938967136, 0.8283730158730159, 0.8659898477157361, 0.8358092259577795, 0.6863354037267081, 0.8758357211079274, 0.8430335097001763, 0.846832397754611, 0.8423529411764706, 0.7529585798816568, 0.8028545941123997, 0.8351931330472103, 0.808695652173913, 0.8693548387096774, 0.8289877300613497, 0.8361244019138756, 0.8568888888888889, 0.8535534816941852, 0.8122575640031032, 0.8285714285714286, 0.8556280587275693, 0.7533333333333333, 0.7647058823529411, 0.832010582010582, 0.8197146562905318, 0.812051649928264, 0.8321964529331515, 0.7967581047381546]",0.337,1,"[null, null, null, null, null, null, null, null, null, null, null, null, null, null, null, null, null, null, null, null, null, 0.337, null, null, null, null, null, null, null, null, null, null, null, null, null, null, null, null, null, null, null, null, null, null, null, null, null, null, null, null]",36.886871337890625,4.942015171051025,0.015947341918945312,31.588707447052002,0.0019731521606445312,0.13625431060791016,1112414,ai05,success,
resnet18_cifar10,CIFAR10,50,1.0,43,300,4.0,labelled_probe_warmup,labelled,100,0.0,0.7566,0.564646,0.7403,0.868,0.3545,-0.06002517483092751,7,50,"[0.009242144177449174, 0.025999999999999912, -0.16916488222698078, -0.00917431192660545, -0.06315789473684208, -0.0583524027459954, -0.07861271676300574, -0.03898305084745768, 0.015695067264574036, -0.06727828746177378, -0.12121212121212122, -0.09257842387146142, -0.07737594617325483, -0.05598243688254667, -0.006756756756756799, -0.0317725752508361, -0.10375670840787121, -0.07084123972169509, -0.09013398294762476, -0.09390862944162437, -0.15647921760391204, 0.021126760563380254, -0.030208333333333393, -0.06361149110807118, -0.04484304932735428, -0.09928443649373886, -0.02043010752688168, -0.03319502074688796, -0.06621004566210054, -0.07479508196721318, -0.06268364348677768, -0.1428571428571429, -0.08078750848608274, 0.01180438448566612, 0.0560897435897435, -0.07699275362318836, -0.042190305206463274, -0.06530856800479323, -0.015572858731924377, -0.05190311418685112, -0.11282467532467533, 0.012195121951219523, -0.08359133126934981, -0.11799410029498525, -0.02508960573476704, -0.06823027718550101, -0.17420311341734618, -0.12132163138874552, -0.07894736842105254, -0.014814814814814836]","[0.7985212569316081, 0.834, 0.7194860813704497, 0.8302752293577982, 0.7887719298245615, 0.8089244851258581, 0.7595375722543353, 0.7779661016949152, 0.8475336322869955, 0.7660550458715596, 0.736026936026936, 0.7704667176740627, 0.7527333894028595, 0.7980241492864983, 0.777027027027027, 0.7809364548494984, 0.7307692307692307, 0.8070841239721696, 0.756394640682095, 0.7455583756345178, 0.6491442542787286, 0.8183098591549296, 0.7, 0.780437756497948, 0.7174887892376681, 0.7325581395348837, 0.7946236559139785, 0.7939142461964038, 0.7888127853881278, 0.7602459016393442, 0.7610186092066601, 0.7216117216117216, 0.7610319076714189, 0.7571669477234402, 0.7596153846153846, 0.7989130434782609, 0.7369838420107719, 0.7968843618933493, 0.7619577308120133, 0.7081891580161477, 0.75, 0.7804878048780488, 0.7825077399380805, 0.6833824975417896, 0.7765830346475507, 0.7420042643923241, 0.7079318013343218, 0.7465152297367063, 0.7242105263157895, 0.7066666666666667]","[0.789279112754159, 0.808, 0.8886509635974305, 0.8394495412844036, 0.8519298245614035, 0.8672768878718535, 0.838150289017341, 0.8169491525423729, 0.8318385650224215, 0.8333333333333334, 0.8572390572390572, 0.8630451415455241, 0.8301093355761143, 0.854006586169045, 0.7837837837837838, 0.8127090301003345, 0.8345259391771019, 0.8779253636938646, 0.8465286236297198, 0.8394670050761421, 0.8056234718826406, 0.7971830985915493, 0.7302083333333333, 0.8440492476060192, 0.7623318385650224, 0.8318425760286225, 0.8150537634408602, 0.8271092669432918, 0.8550228310502284, 0.8350409836065574, 0.8237022526934378, 0.8644688644688645, 0.8418194161575017, 0.7453625632377741, 0.7035256410256411, 0.8759057971014492, 0.7791741472172352, 0.8621929298981426, 0.7775305895439377, 0.7600922722029988, 0.8628246753246753, 0.7682926829268293, 0.8660990712074303, 0.8013765978367748, 0.8016726403823178, 0.8102345415778252, 0.8821349147516679, 0.8678368611254518, 0.8031578947368421, 0.7214814814814815]",,0,"[null, null, null, null, null, null, null, null, null, null, null, null, null, null, null, null, null, null, null, null, null, null, null, null, null, null, null, null, null, null, null, null, null, null, null, null, null, null, null, null, null, null, null, null, null, null, null, null, null, null]",39.2016544342041,5.065888166427612,0.01954364776611328,33.767606019973755,0.0021059513092041016,0.16315698623657227,1112414,ai05,success,
resnet18_cifar10,CIFAR10,50,1.0,44,300,4.0,labelled_probe_warmup,labelled,100,0.0,0.7495,0.570434,0.7189,0.8667,0.3657,-0.06480937275736298,4,50,"[-0.04195804195804198, -0.08048993875765531, -0.12046332046332042, 0.004048582995951455, -0.11547169811320757, -0.021592442645074206, 0.01377410468319562, -0.06206896551724139, -0.0432801822323462, -0.04134615384615381, -0.036055143160127257, -0.0374617737003059, -0.13139534883720927, -0.13554216867469882, -0.03842264914054605, -0.04551724137931035, -0.1344040574809805, -0.03181818181818186, -0.04288939051918739, -0.06983655274888556, -0.021505376344086002, -0.07796852646638053, -0.1601466992665036, -0.07393715341959328, -0.20699500356887945, -0.08765859284890432, -0.017452006980802848, -0.021592442645074317, -0.12144420131291023, -0.025764895330112725, -0.1365221723966118, -0.012569832402234637, -0.14039917412250513, -0.06370656370656369, -0.007656967840735107, -0.03539823008849552, -0.10402429764616561, -0.10076335877862597, -0.030612244897959218, -0.03312883435582825, -0.0439093484419264, -0.13294232649071358, 0.024590163934426257, -0.0760749724366041, -0.1379888268156424, -0.07079646017699115, -0.047214353163361644, -0.01904761904761898, 0.0018552875695733162, -0.047503045066991545]","[0.8024475524475524, 0.7611548556430446, 0.7621621621621621, 0.815114709851552, 0.7418867924528302, 0.8029689608636977, 0.7823691460055097, 0.764367816091954, 0.7813211845102506, 0.7692307692307693, 0.7985153764581124, 0.7958715596330275, 0.7215116279069768, 0.730722891566265, 0.7512639029322548, 0.7255172413793104, 0.6965342349957735, 0.7575757575757576, 0.791196388261851, 0.6953937592867756, 0.8279569892473119, 0.7560801144492132, 0.7041564792176039, 0.7837338262476895, 0.6573875802997858, 0.748558246828143, 0.7574171029668412, 0.7489878542510121, 0.6608315098468271, 0.6731078904991948, 0.737419033383159, 0.7639664804469274, 0.6902959394356504, 0.7413127413127413, 0.77947932618683, 0.8345132743362832, 0.7456340167046317, 0.7236641221374046, 0.735969387755102, 0.7865030674846626, 0.7847025495750708, 0.729227761485826, 0.8005464480874317, 0.6934950385887542, 0.7217877094972067, 0.7728613569321534, 0.7714825306893296, 0.7714285714285715, 0.7773654916512059, 0.8014616321559074]","[0.8444055944055944, 0.8416447944007, 0.8826254826254826, 0.8110661268556005, 0.8573584905660377, 0.8245614035087719, 0.768595041322314, 0.8264367816091954, 0.8246013667425968, 0.8105769230769231, 0.8345705196182397, 0.8333333333333334, 0.852906976744186, 0.8662650602409638, 0.7896865520728008, 0.7710344827586207, 0.830938292476754, 0.7893939393939394, 0.8340857787810384, 0.7652303120356612, 0.8494623655913979, 0.8340486409155937, 0.8643031784841075, 0.8576709796672828, 0.8643825838686653, 0.8362168396770473, 0.774869109947644, 0.7705802968960864, 0.7822757111597374, 0.6988727858293076, 0.8739412057797707, 0.776536312849162, 0.8306951135581555, 0.805019305019305, 0.7871362940275651, 0.8699115044247787, 0.8496583143507973, 0.8244274809160306, 0.7665816326530612, 0.8196319018404908, 0.8286118980169972, 0.8621700879765396, 0.7759562841530054, 0.7695700110253583, 0.8597765363128491, 0.8436578171091446, 0.8186968838526912, 0.7904761904761904, 0.7755102040816326, 0.8489646772228989]",0.71,1,"[null, null, null, null, null, null, null, null, null, null, null, null, null, null, null, null, null, null, null, null, null, null, null, null, null, null, null, null, null, null, null, null, null, null, null, null, null, null, null, null, null, 0.71, null, null, null, null, null, null, null, null]",39.494351387023926,4.94708251953125,0.021541595458984375,34.24781775474548,0.001901865005493164,0.12989425659179688,1112414,ai05,success,
resnet18_cifar10,CIFAR10,50,1.0,42,300,4.0,no_phase0,none,0,0.0,0.7444,0.5779439999999999,0.7186,0.8701,0.1112,-0.06238747013801569,4,50,"[-0.12076095947063681, -0.06818181818181812, -0.08584070796460175, -0.03933253873659115, -0.08947885939036382, -0.005530973451327359, -0.05460472697636509, -0.07226107226107226, -0.06417910447761199, -0.020109689213894, -0.040935672514619936, -0.029445073612684114, -0.015182186234817818, -0.10733944954128438, -0.01025641025641022, -0.010810810810810811, -0.13988764044943824, 0.08947368421052637, -0.050000000000000044, -0.05230769230769239, -0.2725395732966277, 0.15384615384615385, -0.10046948356807517, -0.04861111111111116, -0.11675126903553301, -0.06880375293197816, 0.08385093167701863, -0.06399235912129897, -0.14550264550264547, -0.08740978348035289, -0.12117647058823533, -0.010355029585798814, -0.14808206958073156, -0.07639484978540778, -0.057707509881422925, -0.0688172043010753, -0.062116564417177944, -0.04784688995215314, -0.09066666666666667, -0.13711414213926776, -0.07680372381691236, -0.0535714285714286, -0.0831973898858075, 0.036666666666666736, -0.06928104575163396, -0.04629629629629628, -0.1076523994811932, -0.09612625538020081, -0.027285129604365688, -0.12219451371571066]","[0.7229114971050455, 0.8051948051948052, 0.7769911504424779, 0.8128724672228844, 0.7138643067846607, 0.7599557522123894, 0.8264058679706602, 0.7668997668997669, 0.7194029850746269, 0.8025594149908593, 0.8226120857699805, 0.8108720271800679, 0.7813765182186235, 0.7321100917431193, 0.7982905982905983, 0.7932432432432432, 0.7303370786516854, 0.7921052631578948, 0.7481481481481481, 0.7702564102564102, 0.5457673778389539, 0.8388278388278388, 0.7539906103286385, 0.7797619047619048, 0.749238578680203, 0.7670054730258014, 0.7701863354037267, 0.8118433619866284, 0.6975308641975309, 0.7594226142742582, 0.7211764705882353, 0.742603550295858, 0.6547725245316681, 0.7587982832618025, 0.7509881422924901, 0.8005376344086022, 0.7668711656441718, 0.7882775119617225, 0.7662222222222222, 0.7164393395549175, 0.7354538401861909, 0.775, 0.7724306688417618, 0.79, 0.6954248366013072, 0.7857142857142857, 0.7120622568093385, 0.7159253945480631, 0.8049113233287858, 0.6745635910224439]","[0.8436724565756824, 0.8733766233766234, 0.8628318584070797, 0.8522050059594756, 0.8033431661750245, 0.7654867256637168, 0.8810105949470253, 0.8391608391608392, 0.7835820895522388, 0.8226691042047533, 0.8635477582846004, 0.840317100792752, 0.7965587044534413, 0.8394495412844036, 0.8085470085470086, 0.8040540540540541, 0.8702247191011236, 0.7026315789473684, 0.7981481481481482, 0.8225641025641026, 0.8183069511355816, 0.684981684981685, 0.8544600938967136, 0.8283730158730159, 0.8659898477157361, 0.8358092259577795, 0.6863354037267081, 0.8758357211079274, 0.8430335097001763, 0.846832397754611, 0.8423529411764706, 0.7529585798816568, 0.8028545941123997, 0.8351931330472103, 0.808695652173913, 0.8693548387096774, 0.8289877300613497, 0.8361244019138756, 0.8568888888888889, 0.8535534816941852, 0.8122575640031032, 0.8285714285714286, 0.8556280587275693, 0.7533333333333333, 0.7647058823529411, 0.832010582010582, 0.8197146562905318, 0.812051649928264, 0.8321964529331515, 0.7967581047381546]",0.305,1,"[null, null, null, null, null, null, null, null, null, null, null, null, null, null, null, null, null, null, null, null, null, 0.305, null, null, null, null, null, null, null, null, null, null, null, null, null, null, null, null, null, null, null, null, null, null, null, null, null, null, null, null]",38.008222818374634,4.887574672698975,0.005731821060180664,32.807218074798584,0.0019063949584960938,0.12071609497070312,1112414,ai05,success,
resnet18_cifar10,CIFAR10,50,1.0,43,300,4.0,no_phase0,none,0,0.0,0.7534,0.564646,0.7403,0.868,0.1046,-0.06604176264158929,6,50,"[0.003696857670979714, 0.025999999999999912, -0.1734475374732335, -0.015290519877675823, -0.06315789473684208, -0.06521739130434778, -0.08554913294797684, -0.03220338983050852, 0.008968609865470878, -0.06880733944954132, -0.12929292929292935, -0.10175975516449887, -0.08074011774600498, -0.06147091108671787, -0.013513513513513487, -0.030100334448160515, -0.11091234347048295, -0.07969639468690703, -0.10596833130328864, -0.09771573604060912, -0.16992665036674814, 0.021126760563380254, -0.038541666666666696, -0.07113543091655272, -0.053811659192825045, -0.10733452593917714, -0.021505376344086002, -0.03457814661134162, -0.0730593607305936, -0.08709016393442626, -0.07247796278158669, -0.15164835164835166, -0.08621860149355054, 0.00843170320404718, 0.05288461538461531, -0.08333333333333326, -0.044883303411131115, -0.0724985020970641, -0.020022246941045596, -0.06343713956170693, -0.12012987012987009, 0.0, -0.0851393188854489, -0.12389380530973448, -0.029868578255675016, -0.07249466950959482, -0.18383988139362495, -0.1259679917398039, -0.08736842105263154, -0.028148148148148144]","[0.7929759704251387, 0.834, 0.715203426124197, 0.8241590214067278, 0.7887719298245615, 0.8020594965675057, 0.7526011560693642, 0.7847457627118644, 0.8408071748878924, 0.764525993883792, 0.7279461279461279, 0.7612853863810253, 0.7493692178301093, 0.7925356750823271, 0.7702702702702703, 0.782608695652174, 0.723613595706619, 0.7982289690069576, 0.7405602923264312, 0.741751269035533, 0.6356968215158925, 0.8183098591549296, 0.6916666666666667, 0.7729138166894665, 0.7085201793721974, 0.7245080500894454, 0.7935483870967742, 0.7925311203319502, 0.7819634703196348, 0.7479508196721312, 0.7512242899118511, 0.7128205128205128, 0.7556008146639511, 0.7537942664418212, 0.7564102564102564, 0.792572463768116, 0.7342908438061041, 0.7896944278010785, 0.7575083426028921, 0.6966551326412919, 0.7426948051948052, 0.7682926829268293, 0.7809597523219814, 0.6774827925270404, 0.7718040621266428, 0.7377398720682303, 0.698295033358043, 0.7418688693856479, 0.7157894736842105, 0.6933333333333334]","[0.789279112754159, 0.808, 0.8886509635974305, 0.8394495412844036, 0.8519298245614035, 0.8672768878718535, 0.838150289017341, 0.8169491525423729, 0.8318385650224215, 0.8333333333333334, 0.8572390572390572, 0.8630451415455241, 0.8301093355761143, 0.854006586169045, 0.7837837837837838, 0.8127090301003345, 0.8345259391771019, 0.8779253636938646, 0.8465286236297198, 0.8394670050761421, 0.8056234718826406, 0.7971830985915493, 0.7302083333333333, 0.8440492476060192, 0.7623318385650224, 0.8318425760286225, 0.8150537634408602, 0.8271092669432918, 0.8550228310502284, 0.8350409836065574, 0.8237022526934378, 0.8644688644688645, 0.8418194161575017, 0.7453625632377741, 0.7035256410256411, 0.8759057971014492, 0.7791741472172352, 0.8621929298981426, 0.7775305895439377, 0.7600922722029988, 0.8628246753246753, 0.7682926829268293, 0.8660990712074303, 0.8013765978367748, 0.8016726403823178, 0.8102345415778252, 0.8821349147516679, 0.8678368611254518, 0.8031578947368421, 0.7214814814814815]",,0,"[null, null, null, null, null, null, null, null, null, null, null, null, null, null, null, null, null, null, null, null, null, null, null, null, null, null, null, null, null, null, null, null, null, null, null, null, null, null, null, null, null, null, null, null, null, null, null, null, null, null]",36.591951847076416,4.825462102890015,0.006131649017333984,31.46684765815735,0.0019659996032714844,0.13161921501159668,1112414,ai05,success,
resnet18_cifar10,CIFAR10,50,1.0,44,300,4.0,no_phase0,none,0,0.0,0.7424,0.570434,0.7189,0.8667,0.0998,-0.07200575579453315,2,50,"[-0.04982517482517479, -0.08311461067366588, -0.12277992277992278, -0.009446693657219951, -0.12150943396226421, -0.02429149797570851, 0.008264462809917328, -0.07126436781609202, -0.059225512528473745, -0.04711538461538467, -0.036055143160127257, -0.041284403669724856, -0.14302325581395348, -0.15240963855421685, -0.04246713852376138, -0.05103448275862077, -0.14201183431952658, -0.034848484848484906, -0.04740406320541768, -0.07578008915304602, -0.018433179723502335, -0.0829756795422032, -0.17359413202933982, -0.08872458410351203, -0.23554603854389722, -0.08996539792387548, -0.020942408376963373, -0.02294197031039147, -0.12691466083150982, -0.04347826086956519, -0.14798206278026904, -0.025139664804469275, -0.15278733654507914, -0.07625482625482616, -0.02143950995405819, -0.03539823008849552, -0.11313591495823849, -0.10610687022900767, -0.03826530612244894, -0.031901840490797584, -0.04815864022662897, -0.1407624633431085, 0.024590163934426257, -0.08158765159867687, -0.1441340782122904, -0.07669616519174038, -0.05571293673276678, -0.023129251700680253, -0.007421150278293154, -0.04872107186358099]","[0.7945804195804196, 0.7585301837270341, 0.7598455598455598, 0.8016194331983806, 0.7358490566037735, 0.8002699055330634, 0.7768595041322314, 0.7551724137931034, 0.765375854214123, 0.7634615384615384, 0.7985153764581124, 0.7920489296636085, 0.7098837209302326, 0.713855421686747, 0.7472194135490394, 0.72, 0.6889264581572274, 0.7545454545454545, 0.7866817155756207, 0.6894502228826151, 0.8310291858678955, 0.7510729613733905, 0.6907090464547677, 0.7689463955637708, 0.6288365453247681, 0.7462514417531718, 0.7539267015706806, 0.747638326585695, 0.6553610503282276, 0.6553945249597424, 0.7259591429995017, 0.7513966480446927, 0.6779077770130764, 0.7287644787644788, 0.7656967840735069, 0.8345132743362832, 0.7365223993925588, 0.7183206106870229, 0.7283163265306123, 0.7877300613496933, 0.7804532577903682, 0.7214076246334311, 0.8005464480874317, 0.6879823594266814, 0.7156424581005587, 0.7669616519174042, 0.7629839471199245, 0.7673469387755102, 0.7680890538033395, 0.8002436053593179]","[0.8444055944055944, 0.8416447944007, 0.8826254826254826, 0.8110661268556005, 0.8573584905660377, 0.8245614035087719, 0.768595041322314, 0.8264367816091954, 0.8246013667425968, 0.8105769230769231, 0.8345705196182397, 0.8333333333333334, 0.852906976744186, 0.8662650602409638, 0.7896865520728008, 0.7710344827586207, 0.830938292476754, 0.7893939393939394, 0.8340857787810384, 0.7652303120356612, 0.8494623655913979, 0.8340486409155937, 0.8643031784841075, 0.8576709796672828, 0.8643825838686653, 0.8362168396770473, 0.774869109947644, 0.7705802968960864, 0.7822757111597374, 0.6988727858293076, 0.8739412057797707, 0.776536312849162, 0.8306951135581555, 0.805019305019305, 0.7871362940275651, 0.8699115044247787, 0.8496583143507973, 0.8244274809160306, 0.7665816326530612, 0.8196319018404908, 0.8286118980169972, 0.8621700879765396, 0.7759562841530054, 0.7695700110253583, 0.8597765363128491, 0.8436578171091446, 0.8186968838526912, 0.7904761904761904, 0.7755102040816326, 0.8489646772228989]",0.686,1,"[null, null, null, null, null, null, null, null, null, null, null, null, null, null, null, null, null, null, null, null, null, null, null, null, null, null, null, null, null, null, null, null, null, null, null, null, null, null, null, null, null, 0.686, null, null, null, null, null, null, null, null]",33.74916887283325,3.3221487998962402,0.005888938903808594,30.08366894721985,0.002100229263305664,0.17193317413330078,1112414,ai05,success,
resnet18_cifar10,CIFAR10,50,1.0,42,300,4.0,raw_union_K20,raw_union,9092,0.0,0.8485,0.5779439999999999,0.7186,0.8701,0.8313,0.04420305684216186,45,50,"[0.0016542597187758634, 0.015422077922077948, 0.013274336283185861, 0.05005959475566146, 0.0540806293018683, 0.09623893805309736, 0.018744906275468654, 0.038461538461538436, 0.06119402985074618, 0.0639853747714807, 0.040935672514619825, 0.040770101925254765, 0.06578947368421051, 0.02385321100917437, 0.07863247863247858, 0.0905405405405405, -0.03370786516853941, 0.17368421052631577, 0.08703703703703702, 0.03897435897435897, -0.06951135581555412, 0.20879120879120883, 0.0009389671361502705, 0.05456349206349198, -0.003045685279187804, 0.02501954652071936, 0.16770186335403725, 0.013371537726838634, -0.003527336860670194, 0.02245388933440262, 0.008235294117647007, 0.09319526627218933, 0.017841213202497763, 0.01373390557939913, 0.037944664031620556, 0.013440860215053752, 0.043711656441717706, 0.038277511961722466, 0.01244444444444437, -0.013639626704953334, 0.0473235065942591, 0.05119047619047612, 0.022022838499184405, 0.1233333333333334, 0.07320261437908504, 0.042328042328042326, 0.012970168612192023, 0.045911047345767564, 0.06412005457025916, 0.026184538653366674]","[0.8453267162944582, 0.8887987012987013, 0.8761061946902655, 0.902264600715137, 0.8574237954768928, 0.8617256637168141, 0.8997555012224939, 0.8776223776223776, 0.844776119402985, 0.886654478976234, 0.9044834307992202, 0.8810872027180068, 0.8623481781376519, 0.863302752293578, 0.8871794871794871, 0.8945945945945946, 0.8365168539325842, 0.8763157894736842, 0.8851851851851852, 0.8615384615384616, 0.7487955953200275, 0.8937728937728938, 0.8553990610328639, 0.8829365079365079, 0.8629441624365483, 0.8608287724784989, 0.8540372670807453, 0.889207258834766, 0.8395061728395061, 0.8692862870890137, 0.8505882352941176, 0.8461538461538461, 0.8206958073148974, 0.8489270386266095, 0.8466403162055336, 0.8827956989247312, 0.8726993865030674, 0.8744019138755981, 0.8693333333333333, 0.8399138549892319, 0.8595810705973623, 0.8797619047619047, 0.8776508972267537, 0.8766666666666667, 0.8379084967320262, 0.8743386243386243, 0.8326848249027238, 0.8579626972740315, 0.8963165075034106, 0.8229426433915212]","[0.8436724565756824, 0.8733766233766234, 0.8628318584070797, 0.8522050059594756, 0.8033431661750245, 0.7654867256637168, 0.8810105949470253, 0.8391608391608392, 0.7835820895522388, 0.8226691042047533, 0.8635477582846004, 0.840317100792752, 0.7965587044534413, 0.8394495412844036, 0.8085470085470086, 0.8040540540540541, 0.8702247191011236, 0.7026315789473684, 0.7981481481481482, 0.8225641025641026, 0.8183069511355816, 0.684981684981685, 0.8544600938967136, 0.8283730158730159, 0.8659898477157361, 0.8358092259577795, 0.6863354037267081, 0.8758357211079274, 0.8430335097001763, 0.846832397754611, 0.8423529411764706, 0.7529585798816568, 0.8028545941123997, 0.8351931330472103, 0.808695652173913, 0.8693548387096774, 0.8289877300613497, 0.8361244019138756, 0.8568888888888889, 0.8535534816941852, 0.8122575640031032, 0.8285714285714286, 0.8556280587275693, 0.7533333333333333, 0.7647058823529411, 0.832010582010582, 0.8197146562905318, 0.812051649928264, 0.8321964529331515, 0.7967581047381546]",0.61,1,"[null, null, null, null, null, null, null, null, null, null, null, null, null, null, null, null, null, null, null, null, null, 0.61, null, null, null, null, null, null, null, null, null, null, null, null, null, null, null, null, null, null, null, null, null, null, null, null, null, null, null, null]",40.75159502029419,4.980505704879761,0.6234984397888184,34.843546867370605,0.002107858657836914,0.14024996757507324,1112414,ai05,success,
resnet18_cifar10,CIFAR10,50,1.0,43,300,4.0,raw_union_K20,raw_union,9116,0.0,0.8498,0.564646,0.7403,0.868,0.8458,0.04373214687427953,45,50,"[0.08502772643253231, 0.09999999999999998, -0.044254104211277734, 0.05351681957186549, 0.028070175438596467, 0.029748283752860427, 0.04161849710982657, 0.06949152542372883, 0.08744394618834084, 0.02905198776758411, -0.008080808080808133, 0.004590665646518666, 0.0361648444070648, 0.040614709110867175, 0.0726351351351352, 0.05351170568561869, 0.01610017889087656, 0.015812776723592714, 0.020706455542021995, 0.0038071065989847552, 0.0317848410757946, 0.10422535211267603, 0.08958333333333335, 0.032147742818057434, 0.08520179372197312, 0.025044722719141266, 0.04086021505376347, 0.052558782849239316, 0.013698630136986245, 0.026639344262295084, 0.05190989226248777, -0.01758241758241763, 0.019687712152070658, 0.13659359190556486, 0.15384615384615374, 0.010869565217391353, 0.06014362657091554, 0.015578190533253489, 0.07341490545050056, 0.08419838523644751, 0.004870129870129913, 0.1097560975609756, 0.00696594427244579, 0.022615535889872196, 0.07407407407407407, 0.03837953091684432, -0.02742772424017792, -0.029426948890036164, 0.045263157894736894, 0.11555555555555552]","[0.8743068391866913, 0.908, 0.8443968593861527, 0.8929663608562691, 0.88, 0.897025171624714, 0.8797687861271676, 0.8864406779661017, 0.9192825112107623, 0.8623853211009175, 0.8491582491582491, 0.8676358071920428, 0.8662741799831791, 0.8946212952799122, 0.856418918918919, 0.8662207357859532, 0.8506261180679785, 0.8937381404174574, 0.8672350791717418, 0.8432741116751269, 0.8374083129584352, 0.9014084507042254, 0.8197916666666667, 0.8761969904240766, 0.8475336322869955, 0.8568872987477638, 0.8559139784946237, 0.8796680497925311, 0.8687214611872146, 0.8616803278688525, 0.8756121449559255, 0.8468864468864469, 0.8615071283095723, 0.8819561551433389, 0.8573717948717948, 0.8867753623188406, 0.8393177737881508, 0.877771120431396, 0.8509454949944383, 0.8442906574394463, 0.8676948051948052, 0.8780487804878049, 0.8730650154798761, 0.823992133726647, 0.8757467144563919, 0.8486140724946695, 0.85470719051149, 0.8384099122354156, 0.848421052631579, 0.837037037037037]","[0.789279112754159, 0.808, 0.8886509635974305, 0.8394495412844036, 0.8519298245614035, 0.8672768878718535, 0.838150289017341, 0.8169491525423729, 0.8318385650224215, 0.8333333333333334, 0.8572390572390572, 0.8630451415455241, 0.8301093355761143, 0.854006586169045, 0.7837837837837838, 0.8127090301003345, 0.8345259391771019, 0.8779253636938646, 0.8465286236297198, 0.8394670050761421, 0.8056234718826406, 0.7971830985915493, 0.7302083333333333, 0.8440492476060192, 0.7623318385650224, 0.8318425760286225, 0.8150537634408602, 0.8271092669432918, 0.8550228310502284, 0.8350409836065574, 0.8237022526934378, 0.8644688644688645, 0.8418194161575017, 0.7453625632377741, 0.7035256410256411, 0.8759057971014492, 0.7791741472172352, 0.8621929298981426, 0.7775305895439377, 0.7600922722029988, 0.8628246753246753, 0.7682926829268293, 0.8660990712074303, 0.8013765978367748, 0.8016726403823178, 0.8102345415778252, 0.8821349147516679, 0.8678368611254518, 0.8031578947368421, 0.7214814814814815]",,0,"[null, null, null, null, null, null, null, null, null, null, null, null, null, null, null, null, null, null, null, null, null, null, null, null, null, null, null, null, null, null, null, null, null, null, null, null, null, null, null, null, null, null, null, null, null, null, null, null, null, null]",39.995240449905396,4.995625019073486,0.626209020614624,34.08667755126953,0.0021741390228271484,0.14121413230895996,1112414,ai05,success,
resnet18_cifar10,CIFAR10,50,1.0,44,300,4.0,raw_union_K20,raw_union,9005,0.0,0.851,0.570434,0.7189,0.8667,0.8516,0.043999647715234076,44,50,"[0.03409090909090917, 0.03762029746281714, -0.0038610038610038533, 0.09041835357624828, 0.016603773584905612, 0.07557354925775972, 0.07300275482093666, 0.04597701149425282, 0.05011389521640097, 0.0625, 0.04665959703075284, 0.033639143730886834, 0.008720930232558155, 0.0066265060240964235, 0.039433771486349856, 0.06206896551724128, 0.018596787827557026, 0.07878787878787874, 0.06546275395033863, 0.08469539375928681, 0.04608294930875578, 0.01716738197424894, -0.007334963325183352, 0.015711645101663563, -0.05210563882940766, 0.011534025374855816, 0.08900523560209417, 0.09851551956815108, 0.0470459518599563, 0.13526570048309183, -0.025411061285500747, 0.06284916201117319, 0.0013764624913971124, 0.05212355212355213, 0.09188361408882073, 0.030973451327433676, 0.007593014426727329, 0.015267175572518998, 0.07270408163265307, 0.06748466257668706, 0.04107648725212465, -0.00782013685239491, 0.1202185792349727, 0.07607497243660422, -0.02122905027932953, 0.027531956735496577, 0.013220018885741203, 0.08571428571428574, 0.11688311688311692, 0.04384896467722288]","[0.8784965034965035, 0.8792650918635171, 0.8787644787644787, 0.9014844804318488, 0.8739622641509434, 0.9001349527665317, 0.8415977961432507, 0.8724137931034482, 0.8747152619589977, 0.8730769230769231, 0.8812301166489925, 0.8669724770642202, 0.8616279069767442, 0.8728915662650603, 0.8291203235591507, 0.833103448275862, 0.849535080304311, 0.8681818181818182, 0.899548532731377, 0.849925705794948, 0.8955453149001537, 0.8512160228898427, 0.8569682151589242, 0.8733826247689463, 0.8122769450392576, 0.8477508650519031, 0.8638743455497382, 0.8690958164642375, 0.8293216630196937, 0.8341384863123994, 0.84853014449427, 0.8393854748603352, 0.8320715760495526, 0.8571428571428571, 0.8790199081163859, 0.9008849557522124, 0.8572513287775246, 0.8396946564885496, 0.8392857142857143, 0.8871165644171779, 0.8696883852691218, 0.8543499511241447, 0.8961748633879781, 0.8456449834619625, 0.8385474860335196, 0.8711897738446411, 0.8319169027384324, 0.8761904761904762, 0.8923933209647495, 0.8928136419001218]","[0.8444055944055944, 0.8416447944007, 0.8826254826254826, 0.8110661268556005, 0.8573584905660377, 0.8245614035087719, 0.768595041322314, 0.8264367816091954, 0.8246013667425968, 0.8105769230769231, 0.8345705196182397, 0.8333333333333334, 0.852906976744186, 0.8662650602409638, 0.7896865520728008, 0.7710344827586207, 0.830938292476754, 0.7893939393939394, 0.8340857787810384, 0.7652303120356612, 0.8494623655913979, 0.8340486409155937, 0.8643031784841075, 0.8576709796672828, 0.8643825838686653, 0.8362168396770473, 0.774869109947644, 0.7705802968960864, 0.7822757111597374, 0.6988727858293076, 0.8739412057797707, 0.776536312849162, 0.8306951135581555, 0.805019305019305, 0.7871362940275651, 0.8699115044247787, 0.8496583143507973, 0.8244274809160306, 0.7665816326530612, 0.8196319018404908, 0.8286118980169972, 0.8621700879765396, 0.7759562841530054, 0.7695700110253583, 0.8597765363128491, 0.8436578171091446, 0.8186968838526912, 0.7904761904761904, 0.7755102040816326, 0.8489646772228989]",0.899,1,"[null, null, null, null, null, null, null, null, null, null, null, null, null, null, null, null, null, null, null, null, null, null, null, null, null, null, null, null, null, null, null, null, null, null, null, null, null, null, null, null, null, 0.899, null, null, null, null, null, null, null, null]",36.961018800735474,5.136348247528076,0.6421399116516113,30.889058589935303,0.0019614696502685547,0.13595008850097656,1112414,ai05,success,
resnet18_cifar10,CIFAR10,50,1.0,42,300,4.0,warmup_only_labelled,warmup_only,100,0.0,0.3086,0.5779439999999999,0.7186,0.8701,0.3086,-0.5152286665835569,0,50,"[-0.45988420181968565, -0.6071428571428572, -0.5920353982300885, -0.5756853396901073, -0.4601769911504424, -0.4435840707964602, -0.7041564792176039, -0.4358974358974359, -0.4447761194029851, -0.4826325411334553, -0.5331384015594542, -0.6013590033975085, -0.42712550607287453, -0.5853211009174312, -0.44273504273504277, -0.5256756756756757, -0.5438202247191012, -0.41052631578947363, -0.6111111111111112, -0.5856410256410257, -0.45285615966964904, -0.45054945054945056, -0.6225352112676057, -0.5486111111111112, -0.5939086294416244, -0.473807662236122, -0.39596273291925466, -0.46322827125119387, -0.5714285714285714, -0.48516439454691257, -0.5611764705882354, -0.34615384615384615, -0.5093666369313113, -0.392274678111588, -0.4300395256916996, -0.543010752688172, -0.44555214723926384, -0.541866028708134, -0.6613333333333333, -0.56137832017229, -0.46780449961210246, -0.6107142857142858, -0.668026101141925, -0.4055555555555555, -0.3699346405228758, -0.5410052910052909, -0.566147859922179, -0.46341463414634143, -0.5688949522510232, -0.5773067331670823]","[0.3837882547559967, 0.2662337662337662, 0.27079646017699116, 0.2765196662693683, 0.34316617502458213, 0.3219026548672566, 0.17685411572942136, 0.40326340326340326, 0.33880597014925373, 0.340036563071298, 0.3304093567251462, 0.23895809739524349, 0.3694331983805668, 0.25412844036697246, 0.3658119658119658, 0.27837837837837837, 0.32640449438202246, 0.29210526315789476, 0.18703703703703703, 0.23692307692307693, 0.36545079146593257, 0.23443223443223443, 0.231924882629108, 0.27976190476190477, 0.2720812182741117, 0.36200156372165754, 0.29037267080745344, 0.41260744985673353, 0.2716049382716049, 0.3616680032076985, 0.2811764705882353, 0.4068047337278107, 0.29348795718108833, 0.4429184549356223, 0.3786561264822134, 0.3263440860215054, 0.3834355828220859, 0.2942583732057416, 0.19555555555555557, 0.2921751615218952, 0.34445306439100076, 0.21785714285714286, 0.18760195758564438, 0.3477777777777778, 0.39477124183006534, 0.291005291005291, 0.2535667963683528, 0.3486370157819225, 0.26330150068212826, 0.2194513715710723]","[0.8436724565756824, 0.8733766233766234, 0.8628318584070797, 0.8522050059594756, 0.8033431661750245, 0.7654867256637168, 0.8810105949470253, 0.8391608391608392, 0.7835820895522388, 0.8226691042047533, 0.8635477582846004, 0.840317100792752, 0.7965587044534413, 0.8394495412844036, 0.8085470085470086, 0.8040540540540541, 0.8702247191011236, 0.7026315789473684, 0.7981481481481482, 0.8225641025641026, 0.8183069511355816, 0.684981684981685, 0.8544600938967136, 0.8283730158730159, 0.8659898477157361, 0.8358092259577795, 0.6863354037267081, 0.8758357211079274, 0.8430335097001763, 0.846832397754611, 0.8423529411764706, 0.7529585798816568, 0.8028545941123997, 0.8351931330472103, 0.808695652173913, 0.8693548387096774, 0.8289877300613497, 0.8361244019138756, 0.8568888888888889, 0.8535534816941852, 0.8122575640031032, 0.8285714285714286, 0.8556280587275693, 0.7533333333333333, 0.7647058823529411, 0.832010582010582, 0.8197146562905318, 0.812051649928264, 0.8321964529331515, 0.7967581047381546]",0.418,1,"[null, null, null, null, null, null, null, null, null, null, null, null, null, null, null, null, null, null, null, null, null, 0.418, null, null, null, null, null, null, null, null, null, null, null, null, null, null, null, null, null, null, null, null, null, null, null, null, null, null, null, null]",5.3917412757873535,5.098207473754883,0.012302398681640625,0.0,0.0,0.12465596199035645,1112414,ai05,success,
resnet18_cifar10,CIFAR10,50,1.0,43,300,4.0,warmup_only_labelled,warmup_only,100,0.0,0.3545,0.564646,0.7403,0.868,0.3545,-0.4700649217400876,0,50,"[-0.3974121996303142, -0.37000000000000005, -0.7166309778729479, -0.308868501529052, -0.43929824561403513, -0.43135011441647597, -0.44624277456647393, -0.5728813559322034, -0.36547085201793716, -0.49847094801223246, -0.5575757575757576, -0.4078041315990819, -0.49621530698065597, -0.3787047200878156, -0.3547297297297297, -0.5250836120401339, -0.5948121645796064, -0.3820366856419987, -0.51278928136419, -0.5532994923857868, -0.5843520782396088, -0.5126760563380282, -0.5479166666666667, -0.4753761969904241, -0.40358744394618834, -0.4490161001788909, -0.5698924731182796, -0.45781466113416314, -0.37328767123287676, -0.4252049180327869, -0.4887365328109696, -0.4871794871794872, -0.3170400543109301, -0.4114671163575042, -0.38141025641025644, -0.4248188405797101, -0.5754039497307002, -0.5164769322947873, -0.46051167964404893, -0.497116493656286, -0.5373376623376623, -0.28571428571428575, -0.5441176470588236, -0.43461160275319566, -0.5675029868578255, -0.5373134328358209, -0.6738324684951816, -0.40371708828084674, -0.40421052631578946, -0.44592592592592595]","[0.39186691312384475, 0.438, 0.17201998572448252, 0.5305810397553516, 0.4126315789473684, 0.43592677345537756, 0.3919075144508671, 0.2440677966101695, 0.4663677130044843, 0.3348623853211009, 0.2996632996632997, 0.45524100994644223, 0.33389402859545836, 0.47530186608122943, 0.42905405405405406, 0.28762541806020064, 0.23971377459749552, 0.4958886780518659, 0.3337393422655298, 0.28616751269035534, 0.22127139364303178, 0.28450704225352114, 0.18229166666666666, 0.3686730506155951, 0.35874439461883406, 0.3828264758497317, 0.24516129032258063, 0.36929460580912865, 0.4817351598173516, 0.4098360655737705, 0.33496571988246815, 0.3772893772893773, 0.5247793618465716, 0.33389544688026984, 0.32211538461538464, 0.45108695652173914, 0.20377019748653502, 0.3457159976033553, 0.3170189098998888, 0.2629757785467128, 0.325487012987013, 0.48257839721254353, 0.3219814241486068, 0.3667649950835792, 0.23416965352449223, 0.27292110874200426, 0.20830244625648628, 0.46411977284460504, 0.3989473684210526, 0.27555555555555555]","[0.789279112754159, 0.808, 0.8886509635974305, 0.8394495412844036, 0.8519298245614035, 0.8672768878718535, 0.838150289017341, 0.8169491525423729, 0.8318385650224215, 0.8333333333333334, 0.8572390572390572, 0.8630451415455241, 0.8301093355761143, 0.854006586169045, 0.7837837837837838, 0.8127090301003345, 0.8345259391771019, 0.8779253636938646, 0.8465286236297198, 0.8394670050761421, 0.8056234718826406, 0.7971830985915493, 0.7302083333333333, 0.8440492476060192, 0.7623318385650224, 0.8318425760286225, 0.8150537634408602, 0.8271092669432918, 0.8550228310502284, 0.8350409836065574, 0.8237022526934378, 0.8644688644688645, 0.8418194161575017, 0.7453625632377741, 0.7035256410256411, 0.8759057971014492, 0.7791741472172352, 0.8621929298981426, 0.7775305895439377, 0.7600922722029988, 0.8628246753246753, 0.7682926829268293, 0.8660990712074303, 0.8013765978367748, 0.8016726403823178, 0.8102345415778252, 0.8821349147516679, 0.8678368611254518, 0.8031578947368421, 0.7214814814814815]",,0,"[null, null, null, null, null, null, null, null, null, null, null, null, null, null, null, null, null, null, null, null, null, null, null, null, null, null, null, null, null, null, null, null, null, null, null, null, null, null, null, null, null, null, null, null, null, null, null, null, null, null]",5.33976674079895,4.9833595752716064,0.01174306869506836,0.0,0.0,0.1679389476776123,1112414,ai05,success,
resnet18_cifar10,CIFAR10,50,1.0,44,300,4.0,warmup_only_labelled,warmup_only,100,0.0,0.3657,0.570434,0.7189,0.8667,0.3657,-0.45210426354200145,0,50,"[-0.4632867132867133, -0.5013123359580053, -0.5799227799227799, -0.3670715249662618, -0.36377358490566036, -0.4885290148448043, -0.32920110192837465, -0.4091954022988506, -0.3314350797266514, -0.39615384615384613, -0.44962884411452814, -0.4931192660550459, -0.40988372093023256, -0.3753012048192771, -0.4034378159757331, -0.37379310344827593, -0.46745562130177515, -0.36060606060606065, -0.3318284424379233, -0.5052005943536404, -0.380952380952381, -0.38698140200286124, -0.46332518337408307, -0.4750462107208872, -0.36688079942897933, -0.6632064590542099, -0.537521815008726, -0.4696356275303644, -0.5382932166301969, -0.41223832528180354, -0.5371200797209765, -0.3296089385474861, -0.4948382656572608, -0.5444015444015444, -0.3843797856049005, -0.5026548672566371, -0.5785876993166288, -0.5106870229007634, -0.40688775510204084, -0.5128834355828221, -0.5439093484419264, -0.6842619745845553, -0.42076502732240434, -0.538037486218302, -0.4379888268156424, -0.4680432645034415, -0.34088762983947124, -0.491156462585034, -0.40630797773654914, -0.37758830694275275]","[0.3811188811188811, 0.34033245844269466, 0.3027027027027027, 0.44399460188933876, 0.4935849056603774, 0.3360323886639676, 0.4393939393939394, 0.41724137931034483, 0.49316628701594534, 0.41442307692307695, 0.38494167550371156, 0.34021406727828746, 0.44302325581395346, 0.49096385542168675, 0.3862487360970677, 0.3972413793103448, 0.36348267117497884, 0.4287878787878788, 0.5022573363431151, 0.2600297176820208, 0.4685099846390169, 0.4470672389127325, 0.40097799511002447, 0.3826247689463956, 0.49750178443968596, 0.17301038062283736, 0.23734729493891799, 0.300944669365722, 0.2439824945295405, 0.286634460547504, 0.3368211260587942, 0.44692737430167595, 0.3358568479008947, 0.2606177606177606, 0.40275650842266464, 0.3672566371681416, 0.27107061503416857, 0.3137404580152672, 0.3596938775510204, 0.3067484662576687, 0.2847025495750708, 0.17790811339198437, 0.3551912568306011, 0.23153252480705622, 0.42178770949720673, 0.37561455260570303, 0.47780925401322, 0.29931972789115646, 0.3692022263450835, 0.4713763702801462]","[0.8444055944055944, 0.8416447944007, 0.8826254826254826, 0.8110661268556005, 0.8573584905660377, 0.8245614035087719, 0.768595041322314, 0.8264367816091954, 0.8246013667425968, 0.8105769230769231, 0.8345705196182397, 0.8333333333333334, 0.852906976744186, 0.8662650602409638, 0.7896865520728008, 0.7710344827586207, 0.830938292476754, 0.7893939393939394, 0.8340857787810384, 0.7652303120356612, 0.8494623655913979, 0.8340486409155937, 0.8643031784841075, 0.8576709796672828, 0.8643825838686653, 0.8362168396770473, 0.774869109947644, 0.7705802968960864, 0.7822757111597374, 0.6988727858293076, 0.8739412057797707, 0.776536312849162, 0.8306951135581555, 0.805019305019305, 0.7871362940275651, 0.8699115044247787, 0.8496583143507973, 0.8244274809160306, 0.7665816326530612, 0.8196319018404908, 0.8286118980169972, 0.8621700879765396, 0.7759562841530054, 0.7695700110253583, 0.8597765363128491, 0.8436578171091446, 0.8186968838526912, 0.7904761904761904, 0.7755102040816326, 0.8489646772228989]",0.619,1,"[null, null, null, null, null, null, null, null, null, null, null, null, null, null, null, null, null, null, null, null, null, null, null, null, null, null, null, null, null, null, null, null, null, null, null, null, null, null, null, null, null, 0.619, null, null, null, null, null, null, null, null]",5.294338703155518,4.949963092803955,0.015865325927734375,0.0,0.0,0.13283252716064453,1112414,ai05,success,
resnet18_cifar10,CIFAR10,5,0.01,42,300,4.0,dp_avg_eps2_K20,dp_avg,10,3.986361524956496,0.1777,0.21939999999999998,0.2882,0.8701,0.1171,-0.857998454206561,0,5,"[-0.9527739113143766, -0.9995971802618329, -0.5999193656766564, -0.999003984063745, -0.7386978297161937]","[0.008450984291111553, 0.0, 0.3572772476817632, 0.0, 0.22303839732888148]","[0.9612248956054882, 0.9995971802618329, 0.9571966133584195, 0.999003984063745, 0.9617362270450751]",0.1439452380952381,5,"[0.111, 0.21375, 0.11516666666666667, 0.25114285714285717, 0.028666666666666667]",7.9507975578308105,4.442843914031982,0.050324201583862305,3.2179250717163086,0.0003685951232910156,0.13341999053955078,1112414,ai05,success,
resnet18_cifar10,CIFAR10,5,0.01,43,300,4.0,dp_avg_eps2_K20,dp_avg,10,3.9676203949800515,0.311,0.28774,0.3512,0.868,0.128,-0.7263463845779349,0,5,"[-0.991965776293823, -0.9232597945987067, -0.27758491593492607, -0.975295755045233, -0.4636256810169853]","[0.005634390651085142, 0.04897299353366299, 0.6794636171805868, 0.011830201809324982, 0.5230210447601752]","[0.9976001669449082, 0.9722327881323697, 0.9570485331155129, 0.9871259568545581, 0.9866467257771605]",0.30305119047619045,5,"[0.386375, 0.3067142857142857, 0.17033333333333334, 0.466, 0.18583333333333332]",7.658708095550537,4.139867544174194,0.036586761474609375,3.2120392322540283,0.0003228187561035156,0.1278533935546875,1112414,ai05,success,
resnet18_cifar10,CIFAR10,5,0.01,44,300,4.0,dp_avg_eps2_K20,dp_avg,10,3.962551391060827,0.2104,0.26526000000000005,0.351,0.8667,0.1074,-0.6723264726430924,1,5,"[-0.8235894817462344, -0.8272240527182867, -0.9854523714627341, -0.725586430891375, 0.0002199736031676114]","[0.12237256403710323, 0.13416392092257, 0.004882423276205659, 0.22677733670155178, 0.9997800263968324]","[0.9459620457833375, 0.9613879736408567, 0.9903347947389398, 0.9523637675929267, 0.9995600527936648]",0.1401142857142857,5,"[0.167, 0.25771428571428573, 0.15771428571428572, 0.075, 0.04314285714285714]",7.783336639404297,4.213200569152832,0.04785442352294922,3.247488498687744,0.00029587745666503906,0.13492703437805176,1112414,ai05,success,
resnet18_cifar10,CIFAR10,5,0.01,42,300,4.0,dp_avg_eps8_K20,dp_avg,10,0.996590381239124,0.2195,0.21939999999999998,0.2882,0.8701,0.2618,-0.8288888630970671,0,5,"[-0.9527739113143766, -0.9995971802618329, -0.550665233167585, -0.999003984063745, -0.6424040066777963]","[0.008450984291111553, 0.0, 0.40653138019083457, 0.0, 0.3193322203672788]","[0.9612248956054882, 0.9995971802618329, 0.9571966133584195, 0.999003984063745, 0.9617362270450751]",0.19327261904761905,5,"[0.1707142857142857, 0.252125, 0.16166666666666665, 0.3068571428571429, 0.075]",7.733138561248779,4.207284927368164,0.040434837341308594,3.190131187438965,0.0003075599670410156,0.14038300514221191,1112414,ai05,success,
resnet18_cifar10,CIFAR10,5,0.01,43,300,4.0,dp_avg_eps8_K20,dp_avg,10,0.9919050987450129,0.3267,0.28774,0.3512,0.868,0.2044,-0.7114189628166201,0,5,"[-0.9833055091819699, -0.9223088626854317, -0.23973861547886455, -0.9665970772442588, -0.44514474949257554]","[0.01429465776293823, 0.049923925446938, 0.7173099176366483, 0.020528879610299235, 0.541501976284585]","[0.9976001669449082, 0.9722327881323697, 0.9570485331155129, 0.9871259568545581, 0.9866467257771605]",0.3197378571428572,5,"[0.403875, 0.32771428571428574, 0.178, 0.4816, 0.2075]",7.846293687820435,4.24720573425293,0.08384108543395996,3.2305023670196533,0.00030303001403808594,0.12809157371520996,1112414,ai05,success,
resnet18_cifar10,CIFAR10,5,0.01,44,300,4.0,dp_avg_eps8_K20,dp_avg,10,0.9906378477652068,0.2217,0.26526000000000005,0.351,0.8667,0.2631,-0.659776458671901,1,5,"[-0.8016339034975746, -0.7861408566721582, -0.9854523714627341, -0.7258751353302058, 0.0002199736031676114]","[0.1443281422857629, 0.17524711696869852, 0.004882423276205659, 0.22648863226272103, 0.9997800263968324]","[0.9459620457833375, 0.9613879736408567, 0.9903347947389398, 0.9523637675929267, 0.9995600527936648]",0.1524833333333333,5,"[0.16716666666666666, 0.2571428571428571, 0.17385714285714285, 0.10425, 0.06]",7.786999940872192,4.214266538619995,0.04138755798339844,3.2405519485473633,0.00034618377685546875,0.12795162200927734,1112414,ai05,success,
resnet18_cifar10,CIFAR10,5,0.01,42,300,4.0,labelled_probe_warmup,labelled,100,0.0,0.2265,0.21939999999999998,0.2882,0.8701,0.3086,-0.8239725843643587,0,5,"[-0.9527739113143766, -0.9995971802618329, -0.5602741566993683, -0.999003984063745, -0.6082136894824708]","[0.008450984291111553, 0.0, 0.3969224566590512, 0.0, 0.3535225375626043]","[0.9612248956054882, 0.9995971802618329, 0.9571966133584195, 0.999003984063745, 0.9617362270450751]",0.20124285714285714,5,"[0.18071428571428572, 0.261, 0.17716666666666667, 0.32, 0.06733333333333333]",7.350960969924927,4.084707736968994,0.0247955322265625,2.973358392715454,0.0004265308380126953,0.14346909523010254,1112414,ai05,success,
resnet18_cifar10,CIFAR10,5,0.01,43,300,4.0,labelled_probe_warmup,labelled,100,0.0,0.334,0.28774,0.3512,0.868,0.3545,-0.7065619405087027,0,5,"[-0.9680717863105175, -0.9224039558767592, -0.2240147028793138, -0.9700765483646485, -0.44824270911227426]","[0.02952838063439065, 0.0498288322556105, 0.7330338302361991, 0.017049408489909535, 0.5384040166648862]","[0.9976001669449082, 0.9722327881323697, 0.9570485331155129, 0.9871259568545581, 0.9866467257771605]",0.3265326190476191,5,"[0.409125, 0.3385714285714286, 0.18216666666666667, 0.4828, 0.22]",7.649323225021362,4.181256055831909,0.021580219268798828,3.1833717823028564,0.0002903938293457031,0.13353919982910156,1112414,ai05,success,
resnet18_cifar10,CIFAR10,5,0.01,44,300,4.0,labelled_probe_warmup,labelled,100,0.0,0.2323,0.26526000000000005,0.351,0.8667,0.3657,-0.6501415267070572,1,5,"[-0.7842736788358438, -0.7530889621087316, -0.9854523714627341, -0.728112594731144, 0.0002199736031676114]","[0.16168836694749383, 0.2082990115321252, 0.004882423276205659, 0.22425117286178275, 0.9997800263968324]","[0.9459620457833375, 0.9613879736408567, 0.9903347947389398, 0.9523637675929267, 0.9995600527936648]",0.1649857142857143,5,"[0.1685, 0.2552857142857143, 0.189, 0.134, 0.07814285714285714]",7.50473952293396,4.093862295150757,0.0219728946685791,3.121757984161377,0.0002741813659667969,0.14655280113220215,1112414,ai05,success,
resnet18_cifar10,CIFAR10,5,0.01,42,300,4.0,no_phase0,none,0,0.0,0.1879,0.21939999999999998,0.2882,0.8701,0.1112,-0.8513816734275939,0,5,"[-0.9527739113143766, -0.9995971802618329, -0.616785378309367, -0.999003984063745, -0.6887479131886478]","[0.008450984291111553, 0.0, 0.3404112350490526, 0.0, 0.27298831385642736]","[0.9612248956054882, 0.9995971802618329, 0.9571966133584195, 0.999003984063745, 0.9617362270450751]",0.15535952380952384,5,"[0.12557142857142858, 0.23075, 0.14066666666666666, 0.2681428571428571, 0.011666666666666667]",90.65386819839478,4.416592597961426,0.008185863494873047,3.0243794918060303,0.0004718303680419922,0.13209271430969238,1112414,ai05,success,
resnet18_cifar10,CIFAR10,5,0.01,43,300,4.0,no_phase0,none,0,0.0,0.305,0.28774,0.3512,0.868,0.1046,-0.7304544044441179,0,5,"[-0.991965776293823, -0.9227843286420692, -0.29460213736301133, -0.9779053583855254, -0.46501442153616057]","[0.005634390651085142, 0.049448459490300495, 0.6624463957525015, 0.009220598469032707, 0.5216323042409999]","[0.9976001669449082, 0.9722327881323697, 0.9570485331155129, 0.9871259568545581, 0.9866467257771605]",0.29865166666666665,5,"[0.379125, 0.298, 0.169, 0.4708, 0.17633333333333334]",7.786628007888794,4.252578020095825,0.006692409515380859,3.1999337673187256,0.00030541419982910156,0.12690520286560059,1112414,ai05,success,
resnet18_cifar10,CIFAR10,5,0.01,44,300,4.0,no_phase0,none,0,0.0,0.1996,0.26526000000000005,0.351,0.8667,0.0998,-0.6808506377089589,1,5,"[-0.8373755425070206, -0.8454489291598023, -0.9854523714627341, -0.7361963190184049, 0.0002199736031676114]","[0.10858650327631691, 0.11593904448105437, 0.004882423276205659, 0.21616744857452183, 0.9997800263968324]","[0.9459620457833375, 0.9613879736408567, 0.9903347947389398, 0.9523637675929267, 0.9995600527936648]",0.13086904761904766,5,"[0.16666666666666666, 0.2507142857142857, 0.1422857142857143, 0.06025, 0.034428571428571426]",7.774400234222412,4.2613866329193115,0.009075164794921875,3.2450320720672607,0.0004329681396484375,0.12245297431945801,1112414,ai05,success,
resnet18_cifar10,CIFAR10,5,0.01,42,300,4.0,raw_union_K20,raw_union,250,0.0,0.2805,0.21939999999999998,0.2882,0.8701,0.4718,-0.7828255713331184,0,5,"[-0.9526744879697753, -0.9991943605236657, -0.4811181292836984, -0.999003984063745, -0.48213689482470784]","[0.008550407635712865, 0.0004028197381671702, 0.47607848407472114, 0.0, 0.47959933222036727]","[0.9612248956054882, 0.9995971802618329, 0.9571966133584195, 0.999003984063745, 0.9617362270450751]",0.26517380952380953,5,"[0.25785714285714284, 0.30875, 0.23183333333333334, 0.3894285714285714, 0.138]",7.777909278869629,4.276041746139526,0.04873061180114746,3.1780173778533936,0.00037550926208496094,0.13956880569458008,1112414,ai05,success,
resnet18_cifar10,CIFAR10,5,0.01,43,300,4.0,raw_union_K20,raw_union,323,0.0,0.4554,0.28774,0.3512,0.868,0.6465,-0.5712415579347361,0,5,"[-0.7159849749582637, -0.9083301635602891, -0.17684296508066155, -0.7961029923451635, -0.25894669372930235]","[0.2816151919866444, 0.06390262457208064, 0.7802055680348513, 0.19102296450939457, 0.7277000320478582]","[0.9976001669449082, 0.9722327881323697, 0.9570485331155129, 0.9871259568545581, 0.9866467257771605]",0.44105952380952385,5,"[0.49625, 0.5067142857142857, 0.338, 0.533, 0.3313333333333333]",8.032460451126099,4.357914447784424,0.043290138244628906,3.2299294471740723,0.0003452301025390625,0.1798098087310791,1112414,ai05,success,
resnet18_cifar10,CIFAR10,5,0.01,44,300,4.0,raw_union_K20,raw_union,304,0.0,0.3258,0.26526000000000005,0.351,0.8667,0.6385,-0.5659837821206102,1,5,"[-0.5589311547953365, -0.6025535420098846, -0.9743921881227581, -0.6942619992782388, 0.0002199736031676114]","[0.38703089098800103, 0.358834431630972, 0.015942606616181746, 0.25810176831468784, 0.9997800263968324]","[0.9459620457833375, 0.9613879736408567, 0.9903347947389398, 0.9523637675929267, 0.9995600527936648]",0.2604166666666667,5,"[0.18033333333333335, 0.2752857142857143, 0.31971428571428573, 0.32775, 0.199]",7.933643817901611,4.212693691253662,0.043691396713256836,3.430863618850708,0.0002753734588623047,0.13190960884094238,1112414,ai05,success,
resnet18_cifar10,CIFAR10,5,0.01,42,300,4.0,warmup_only_labelled,warmup_only,100,0.0,0.3086,0.21939999999999998,0.2882,0.8701,0.3086,-0.7281254563696594,0,5,"[-0.5375820242592961, -0.9238670694864048, -0.3912108587555436, -0.9669322709163347, -0.8210350584307178]","[0.4236428713461921, 0.075730110775428, 0.5659857546028759, 0.032071713147410356, 0.14070116861435727]","[0.9612248956054882, 0.9995971802618329, 0.9571966133584195, 0.999003984063745, 0.9617362270450751]",0.30410476190476193,5,"[0.23414285714285715, 0.3085, 0.19683333333333333, 0.3437142857142857, 0.43733333333333335]",4.6577606201171875,4.3578832149505615,0.024917125701904297,0.0,0.0,0.13994169235229492,1112414,ai05,success,
resnet18_cifar10,CIFAR10,5,0.01,43,300,4.0,warmup_only_labelled,warmup_only,100,0.0,0.3545,0.28774,0.3512,0.868,0.3545,-0.6563936245673012,0,5,"[-0.22161936560934892, -0.8137124381894256, -0.517391600299503, -0.9065762004175365, -0.8226685183206922]","[0.7759808013355592, 0.1585203499429441, 0.4396569328160098, 0.08054975643702157, 0.16397820745646832]","[0.9976001669449082, 0.9722327881323697, 0.9570485331155129, 0.9871259568545581, 0.9866467257771605]",0.35006476190476193,5,"[0.2535, 0.40985714285714286, 0.36566666666666664, 0.3228, 0.3985]",4.612434148788452,4.275927305221558,0.017437219619750977,0.0,0.0,0.17274856567382812,1112414,ai05,success,
resnet18_cifar10,CIFAR10,5,0.01,44,300,4.0,warmup_only_labelled,warmup_only,100,0.0,0.3657,0.26526000000000005,0.351,0.8667,0.3657,-0.5810694647833756,0,5,"[-0.6767934643860096, -0.5032948929159803, -0.9812674372259864, -0.3753157704799711, -0.3686757589089309]","[0.2691685813973279, 0.4580930807248764, 0.009067357512953367, 0.5770479971129556, 0.6308842938847339]","[0.9459620457833375, 0.9613879736408567, 0.9903347947389398, 0.9523637675929267, 0.9995600527936648]",0.355547619047619,5,"[0.4066666666666667, 0.313, 0.43242857142857144, 0.2955, 0.3301428571428571]",4.581769227981567,4.277400732040405,0.01737356185913086,0.0,0.0,0.12420415878295898,1112414,ai05,success,
resnet18_cifar10,CIFAR10,5,0.05,42,300,4.0,dp_avg_eps2_K20,dp_avg,10,3.986361524956496,0.2662,0.35115999999999997,0.4294,0.8701,0.1526,-0.6435077861973981,0,5,"[-0.7223891468633342, -0.8451242829827915, -0.5293923381770145, -0.2181941385736067, -0.9024390243902439]","[0.20786670308658836, 0.14531548757170173, 0.41760237780713344, 0.7748602405556496, 0.03531954306884841]","[0.9302558499499226, 0.9904397705544933, 0.946994715984148, 0.9930543791292563, 0.9377585674590924]",0.18401,5,"[0.254, 0.186, 0.05425, 0.3078, 0.118]",7.68579363822937,4.206216096878052,0.039223432540893555,3.167302370071411,0.0003333091735839844,0.12978196144104004,1112414,ai05,success,
resnet18_cifar10,CIFAR10,5,0.05,43,300,4.0,dp_avg_eps2_K20,dp_avg,10,3.9676203949800515,0.274,0.33066,0.4691,0.868,0.162,-0.688911669097621,0,5,"[-0.6068279163517258, -0.9560085836909872, -0.49561599048892857, -0.6600108518719479, -0.7260950030845157]","[0.390652557319224, 0.01859799713876967, 0.427552385198395, 0.3042864894194249, 0.23652066625539792]","[0.9974804736709498, 0.9746065808297568, 0.9231683756873236, 0.9642973412913728, 0.9626156693399136]",0.18117083333333334,4,"[0.21825, 0.2848333333333333, 0.0128, 0.2088, null]",7.878950834274292,4.307047605514526,0.04914355278015137,3.246116876602173,0.0002899169921875,0.1197500228881836,1112414,ai05,success,
resnet18_cifar10,CIFAR10,5,0.05,44,300,4.0,dp_avg_eps2_K20,dp_avg,10,3.962551391060827,0.3196,0.36294,0.4793,0.8667,0.1563,-0.5551741749108828,0,5,"[-0.7262502811726774, -0.8136426814925692, -0.5975381321915976, -0.5546921697549313, -0.08374760994263863]","[0.20454375046862114, 0.1507537688442211, 0.3938096512353938, 0.38598326359832635, 0.8531548757170172]","[0.9307940316412986, 0.9643964503367903, 0.9913477834269914, 0.9406754333532577, 0.9369024856596558]",0.17953333333333335,5,"[0.004, 0.45616666666666666, 0.26116666666666666, 0.13533333333333333, 0.041]",7.844790935516357,4.215341091156006,0.03739500045776367,3.326298952102661,0.000316619873046875,0.12659502029418945,1112414,ai05,success,
resnet18_cifar10,CIFAR10,5,0.05,42,300,4.0,dp_avg_eps8_K20,dp_avg,10,0.996590381239124,0.274,0.35115999999999997,0.4294,0.8701,0.2649,-0.6336564604098323,0,5,"[-0.7107347719202404, -0.8340769067346505, -0.5079260237780714, -0.2158224631543283, -0.899722136461871]","[0.21952107802968224, 0.1563628638198428, 0.43906869220607664, 0.777231915974928, 0.038036430997221364]","[0.9302558499499226, 0.9904397705544933, 0.946994715984148, 0.9930543791292563, 0.9377585674590924]",0.19315,5,"[0.25525, 0.193, 0.0615, 0.319, 0.137]",7.785443067550659,4.225503206253052,0.045334815979003906,3.2243752479553223,0.00036787986755371094,0.1226191520690918,1112414,ai05,success,
resnet18_cifar10,CIFAR10,5,0.05,43,300,4.0,dp_avg_eps8_K20,dp_avg,10,0.9919050987450129,0.2879,0.33066,0.4691,0.868,0.246,-0.6793860155826985,0,5,"[-0.5982615268329554, -0.9515379113018598, -0.473250111457869, -0.6519804666304938, -0.7219000616903146]","[0.39921894683799447, 0.023068669527896997, 0.4499182642294546, 0.312316874660879, 0.240715607649599]","[0.9974804736709498, 0.9746065808297568, 0.9231683756873236, 0.9642973412913728, 0.9626156693399136]",0.1960458333333333,4,"[0.23375, 0.30383333333333334, 0.0232, 0.2234, null]",7.845891952514648,4.300161838531494,0.05259370803833008,3.2225446701049805,0.0002887248992919922,0.12038469314575195,1112414,ai05,success,
resnet18_cifar10,CIFAR10,5,0.05,44,300,4.0,dp_avg_eps8_K20,dp_avg,10,0.9906378477652068,0.3289,0.36294,0.4793,0.8667,0.3208,-0.5453955505308976,0,5,"[-0.7144785184074379, -0.7912969100823265, -0.5894211042725894, -0.5484160191273162, -0.08336520076481835]","[0.2163155132338607, 0.1730995402544638, 0.40192667915440194, 0.3922594142259414, 0.8535372848948375]","[0.9307940316412986, 0.9643964503367903, 0.9913477834269914, 0.9406754333532577, 0.9369024856596558]",0.19010000000000002,5,"[0.007, 0.4603333333333333, 0.2745, 0.14866666666666667, 0.06]",7.7449164390563965,4.130337476730347,0.05668807029724121,3.244055986404419,0.00031304359436035156,0.1374680995941162,1112414,ai05,success,
resnet18_cifar10,CIFAR10,5,0.05,42,300,4.0,labelled_probe_warmup,labelled,100,0.0,0.2741,0.35115999999999997,0.4294,0.8701,0.3086,-0.6323406421452137,0,5,"[-0.7071838295547664, -0.8300403654132144, -0.5118064729194187, -0.21616127392851092, -0.8965112689101575]","[0.22307202039515614, 0.16039940514127896, 0.4351882430647292, 0.7768931052007454, 0.04124729854893486]","[0.9302558499499226, 0.9904397705544933, 0.946994715984148, 0.9930543791292563, 0.9377585674590924]",0.1915714285714286,5,"[0.25575, 0.19285714285714287, 0.06425, 0.322, 0.123]",7.485884189605713,4.3523993492126465,0.02020096778869629,2.8342978954315186,0.00028634071350097656,0.1269538402557373,1112414,ai05,success,
resnet18_cifar10,CIFAR10,5,0.05,43,300,4.0,labelled_probe_warmup,labelled,100,0.0,0.2891,0.33066,0.4691,0.868,0.3545,-0.6786520028574959,0,5,"[-0.5975056689342404, -0.9550250357653791, -0.46396195571407345, -0.6525230602278893, -0.7242442936458976]","[0.3999748047367095, 0.019581545064377683, 0.4592064199732501, 0.3117742810634834, 0.23837137569401604]","[0.9974804736709498, 0.9746065808297568, 0.9231683756873236, 0.9642973412913728, 0.9626156693399136]",0.19734999999999997,4,"[0.235, 0.308, 0.019, 0.2274, null]",7.513733863830566,4.164601564407349,0.0231935977935791,3.018920421600342,0.0003669261932373047,0.13982057571411133,1112414,ai05,success,
resnet18_cifar10,CIFAR10,5,0.05,44,300,4.0,labelled_probe_warmup,labelled,100,0.0,0.3373,0.36294,0.4793,0.8667,0.3657,-0.5378820613369679,0,5,"[-0.7030816525455499, -0.7663851170747353, -0.5935242172865935, -0.5422893006575016, -0.08413001912045892]","[0.22771237909574868, 0.19801133326205494, 0.3978235661403978, 0.3983861326957561, 0.8527724665391969]","[0.9307940316412986, 0.9643964503367903, 0.9913477834269914, 0.9406754333532577, 0.9369024856596558]",0.2017,5,"[0.012666666666666666, 0.4613333333333333, 0.2895, 0.161, 0.084]",7.472666263580322,4.151505470275879,0.022248268127441406,3.0061023235321045,0.0003409385681152344,0.13634681701660156,1112414,ai05,success,
resnet18_cifar10,CIFAR10,5,0.05,42,300,4.0,no_phase0,none,0,0.0,0.2495,0.35115999999999997,0.4294,0.8701,0.1112,-0.6585105644883804,0,5,"[-0.7350450696531002, -0.8602082005523688, -0.5712516512549538, -0.21971878705742842, -0.9063291139240507]","[0.19521078029682237, 0.13023157000212449, 0.37574306472919416, 0.7733355920718279, 0.03142945353504168]","[0.9302558499499226, 0.9904397705544933, 0.946994715984148, 0.9930543791292563, 0.9377585674590924]",0.16472428571428574,5,"[0.252, 0.17257142857142857, 0.04425, 0.2848, 0.07]",7.5154571533203125,4.113429546356201,0.006542205810546875,3.120248794555664,0.0002818107604980469,0.13026165962219238,1112414,ai05,success,
resnet18_cifar10,CIFAR10,5,0.05,43,300,4.0,no_phase0,none,0,0.0,0.2644,0.33066,0.4691,0.868,0.1046,-0.6974461071906143,0,5,"[-0.6087175610985134, -0.9633404864091559, -0.5147124386981721, -0.6741182854042322, -0.7263417643429981]","[0.3887629125724364, 0.011266094420600859, 0.40845593698915145, 0.29017905588714055, 0.23627390499691547]","[0.9974804736709498, 0.9746065808297568, 0.9231683756873236, 0.9642973412913728, 0.9626156693399136]",0.174325,4,"[0.207, 0.2725, 0.0056, 0.2122, null]",6.759972095489502,4.265906572341919,0.007196903228759766,2.2233495712280273,0.0002455711364746094,0.11001443862915039,1112414,ai05,success,
resnet18_cifar10,CIFAR10,5,0.05,44,300,4.0,no_phase0,none,0,0.0,0.3105,0.36294,0.4793,0.8667,0.0998,-0.5647370688279174,0,5,"[-0.736822373847192, -0.8263658719127552, -0.6159129426456159, -0.5600717274357442, -0.08451242829827921]","[0.19397165779410663, 0.13803057842403507, 0.37543484078137546, 0.38060370591751347, 0.8523900573613766]","[0.9307940316412986, 0.9643964503367903, 0.9913477834269914, 0.9406754333532577, 0.9369024856596558]",0.17109999999999997,5,"[0.003, 0.447, 0.25216666666666665, 0.13033333333333333, 0.023]",4.0706024169921875,2.254528522491455,0.005926609039306641,1.584951400756836,0.0002548694610595703,0.11662483215332031,1112414,ai05,success,
resnet18_cifar10,CIFAR10,5,0.05,42,300,4.0,raw_union_K20,raw_union,474,0.0,0.4214,0.35115999999999997,0.4294,0.8701,0.617,-0.45874228246379556,0,5,"[-0.584539743239552, -0.45867856384108774, -0.2860799207397623, -0.11316279857699474, -0.8512503859215808]","[0.34571610671037056, 0.5317612067134055, 0.6609147952443857, 0.8798915805522616, 0.08650818153751158]","[0.9302558499499226, 0.9904397705544933, 0.946994715984148, 0.9930543791292563, 0.9377585674590924]",0.3500214285714286,5,"[0.27775, 0.2958571428571429, 0.2385, 0.451, 0.487]",7.79867148399353,4.151538372039795,0.07108139991760254,3.264488458633423,0.0003643035888671875,0.1331315040588379,1112414,ai05,success,
resnet18_cifar10,CIFAR10,5,0.05,43,300,4.0,raw_union_K20,raw_union,394,0.0,0.4533,0.33066,0.4691,0.868,0.6948,-0.5018408818682213,0,5,"[-0.3339632149155959, -0.7996244635193133, -0.37739634418189927, -0.49137276180141076, -0.506847624922887]","[0.663517258755354, 0.1749821173104435, 0.5457720315054243, 0.472924579489962, 0.4557680444170265]","[0.9974804736709498, 0.9746065808297568, 0.9231683756873236, 0.9642973412913728, 0.9626156693399136]",0.383475,4,"[0.3855, 0.497, 0.2762, 0.3752, null]",7.76820182800293,4.256257057189941,0.05220508575439453,3.180771589279175,0.0003058910369873047,0.1288282871246338,1112414,ai05,success,
resnet18_cifar10,CIFAR10,5,0.05,44,300,4.0,raw_union_K20,raw_union,450,0.0,0.4555,0.36294,0.4793,0.8667,0.7142,-0.43320815024764486,0,5,"[-0.5486241283646996, -0.5213300545279589, -0.5201141735795201, -0.4956664674237896, -0.08030592734225617]","[0.38216990327659894, 0.4430663958088314, 0.47123360984747126, 0.44500896592946804, 0.8565965583173997]","[0.9307940316412986, 0.9643964503367903, 0.9913477834269914, 0.9406754333532577, 0.9369024856596558]",0.3537,5,"[0.11466666666666667, 0.5165, 0.4523333333333333, 0.231, 0.454]",7.898149728775024,4.300076007843018,0.061850786209106445,3.252654790878296,0.0003561973571777344,0.12526702880859375,1112414,ai05,success,
resnet18_cifar10,CIFAR10,5,0.05,42,300,4.0,warmup_only_labelled,warmup_only,100,0.0,0.3086,0.35115999999999997,0.4294,0.8701,0.3086,-0.6867827650725132,0,5,"[-0.5054174633524537, -0.840025493945188, -0.38556803170409515, -0.940877519905133, -0.7620253164556963]","[0.4248383865974688, 0.1504142766093053, 0.5614266842800528, 0.05217685922412333, 0.17573325100339612]","[0.9302558499499226, 0.9904397705544933, 0.946994715984148, 0.9930543791292563, 0.9377585674590924]",0.33055142857142855,5,"[0.113, 0.34785714285714286, 0.1825, 0.4404, 0.569]",4.675313711166382,4.344796419143677,0.022058725357055664,0.0,0.0,0.15116310119628906,1112414,ai05,success,
resnet18_cifar10,CIFAR10,5,0.05,43,300,4.0,warmup_only_labelled,warmup_only,100,0.0,0.3545,0.33066,0.4691,0.868,0.3545,-0.6022830085100394,0,5,"[-0.2218442932728647, -0.8017703862660944, -0.5240005944419677, -0.6530656538252848, -0.8107341147439852]","[0.7756361803980851, 0.17283619456366237, 0.3991677812453559, 0.3112316874660879, 0.15188155459592845]","[0.9974804736709498, 0.9746065808297568, 0.9231683756873236, 0.9642973412913728, 0.9626156693399136]",0.33394999999999997,4,"[0.2535, 0.4725, 0.287, 0.3228, null]",4.440046310424805,4.15167236328125,0.015475034713745117,0.0,0.0,0.12974214553833008,1112414,ai05,success,
resnet18_cifar10,CIFAR10,5,0.05,44,300,4.0,warmup_only_labelled,warmup_only,100,0.0,0.3657,0.36294,0.4793,0.8667,0.3657,-0.5464838109611508,0,5,"[-0.6397240758791332, -0.5174810221319363, -0.9062527874409063, -0.34735505080693363, -0.3216061185468452]","[0.2910699557621654, 0.4469154282048541, 0.0850949959860851, 0.593320382546324, 0.6152963671128107]","[0.9307940316412986, 0.9643964503367903, 0.9913477834269914, 0.9406754333532577, 0.9369024856596558]",0.3704666666666666,5,"[0.3253333333333333, 0.24983333333333332, 0.5045, 0.20466666666666666, 0.568]",4.611465692520142,4.309382200241089,0.01109004020690918,0.0,0.0,0.11986589431762695,1112414,ai05,success,
resnet18_cifar10,CIFAR10,5,0.1,42,300,4.0,dp_avg_eps2_K20,dp_avg,10,3.986361524956496,0.4067,0.3546,0.5182,0.8701,0.172,-0.5895333686451922,0,5,"[-0.07908128180442853, -0.7519577318614964, -0.3969890278132177, -0.7357439087610161, -0.9838948929858021]","[0.8946499793701004, 0.22256816680818944, 0.4852258229140087, 0.20813893208916537, 0.009959737232464506]","[0.9737312611745289, 0.9745258986696859, 0.8822148507272264, 0.9438828408501815, 0.9938546302182666]",0.25364166666666665,4,"[0.3224, 0.122, 0.1685, 0.40166666666666667, null]",7.979564189910889,4.314143657684326,0.046060800552368164,3.3366549015045166,0.000347137451171875,0.12097644805908203,1112414,ai05,success,
resnet18_cifar10,CIFAR10,5,0.1,43,300,4.0,dp_avg_eps2_K20,dp_avg,10,3.9676203949800515,0.4178,0.44754000000000005,0.6175,0.868,0.1117,-0.4920935274438025,0,5,"[-0.21516461589624214, -0.42687327531309704, -0.6667102424995098, -0.48045359594151, -0.6712659075686537]","[0.7576765325351956, 0.5580556145192104, 0.21739983005425192, 0.44628469113697405, 0.26764902880107166]","[0.9728411484314378, 0.9849288898323074, 0.8841100725537617, 0.926738287078484, 0.9389149363697253]",0.28009523809523806,5,"[0.24314285714285713, 0.5826666666666667, 0.007, 0.18066666666666667, 0.387]",7.932796239852905,4.294617414474487,0.056298017501831055,3.3062098026275635,0.00030350685119628906,0.1260068416595459,1112414,ai05,success,
resnet18_cifar10,CIFAR10,5,0.1,44,300,4.0,dp_avg_eps2_K20,dp_avg,10,3.962551391060827,0.3865,0.39348,0.6042,0.8667,0.1606,-0.6358805931517537,0,5,"[-0.3599053599053599, -0.9684383674308625, -0.5241665705387011, -0.9853906415413932, -0.34150202634245186]","[0.5503685503685504, 0.013262054076282512, 0.4421501903333718, 0.004658056320135507, 0.5918186423505573]","[0.9102739102739102, 0.9817004215071451, 0.9663167608720729, 0.9900486978615287, 0.9333206686930091]",0.237325,4,"[0.008, 0.293, 0.1835, 0.4648, null]",7.958141803741455,4.336899757385254,0.048421621322631836,3.291438341140747,0.00034737586975097656,0.1350259780883789,1112414,ai05,success,
resnet18_cifar10,CIFAR10,5,0.1,42,300,4.0,dp_avg_eps8_K20,dp_avg,10,0.996590381239124,0.4169,0.3546,0.5182,0.8701,0.3259,-0.5791823057155157,0,5,"[-0.07481776922018979, -0.7329936786489292, -0.38632304159224296, -0.7325038880248834, -0.9692731510913329]","[0.8989134919543391, 0.24153222002075667, 0.49589180913498343, 0.2113789528252981, 0.024581479126933672]","[0.9737312611745289, 0.9745258986696859, 0.8822148507272264, 0.9438828408501815, 0.9938546302182666]",0.2695333333333333,4,"[0.3298, 0.1415, 0.1875, 0.41933333333333334, null]",7.755357503890991,4.1960225105285645,0.05065417289733887,3.236438035964966,0.00028252601623535156,0.12517094612121582,1112414,ai05,success,
resnet18_cifar10,CIFAR10,5,0.1,43,300,4.0,dp_avg_eps8_K20,dp_avg,10,0.9919050987450129,0.4288,0.44754000000000005,0.6175,0.868,0.3137,-0.4816442081693599,0,5,"[-0.21228245205631302, -0.407769051156867, -0.6573632263546637, -0.4619516562220233, -0.6688546550569323]","[0.7605586963751247, 0.5771598386754404, 0.226746846199098, 0.46478663085646077, 0.270060281312793]","[0.9728411484314378, 0.9849288898323074, 0.8841100725537617, 0.926738287078484, 0.9389149363697253]",0.2962285714285714,5,"[0.2571428571428571, 0.5946666666666667, 0.013, 0.18733333333333332, 0.429]",7.89527153968811,4.259548664093018,0.04425692558288574,3.3095180988311768,0.0002713203430175781,0.11897039413452148,1112414,ai05,success,
resnet18_cifar10,CIFAR10,5,0.1,44,300,4.0,dp_avg_eps8_K20,dp_avg,10,0.9906378477652068,0.3948,0.39348,0.6042,0.8667,0.3104,-0.6300536394421045,0,5,"[-0.346983346983347, -0.9684383674308625, -0.5194370746337524, -0.9851789117086598, -0.3302304964539007]","[0.5632905632905633, 0.013262054076282512, 0.4468796862383205, 0.004869786152868939, 0.6030901722391084]","[0.9102739102739102, 0.9817004215071451, 0.9663167608720729, 0.9900486978615287, 0.9333206686930091]",0.24436249999999998,4,"[0.009, 0.3028, 0.19625, 0.4694, null]",7.748769760131836,4.2374587059021,0.0400693416595459,3.192699432373047,0.0003268718719482422,0.1333751678466797,1112414,ai05,success,
resnet18_cifar10,CIFAR10,5,0.1,42,300,4.0,labelled_probe_warmup,labelled,100,0.0,0.4093,0.3546,0.5182,0.8701,0.3086,-0.58634660818438,0,5,"[-0.08306972906065191, -0.7544107934710822, -0.38780301097218683, -0.7308190772420944, -0.9756304301758847]","[0.890661532113877, 0.22011510519860364, 0.49441183975503955, 0.2130637636080871, 0.01822420004238186]","[0.9737312611745289, 0.9745258986696859, 0.8822148507272264, 0.9438828408501815, 0.9938546302182666]",0.2594416666666667,4,"[0.3296, 0.1355, 0.159, 0.4136666666666667, null]",7.732755899429321,4.218669414520264,0.02201390266418457,3.2149786949157715,0.0003802776336669922,0.13305091857910156,1112414,ai05,success,
resnet18_cifar10,CIFAR10,5,0.1,43,300,4.0,labelled_probe_warmup,labelled,100,0.0,0.4192,0.44754000000000005,0.6175,0.868,0.3545,-0.488496694366747,0,5,"[-0.2311273694712338, -0.4092549352579071, -0.6645532387737761, -0.46762160549089826, -0.6699263228399196]","[0.741713778960204, 0.5756739545744003, 0.2195568337799856, 0.4591166815875858, 0.26898861352980574]","[0.9728411484314378, 0.9849288898323074, 0.8841100725537617, 0.926738287078484, 0.9389149363697253]",0.2814619047619048,5,"[0.25114285714285717, 0.5785, 0.012, 0.16766666666666666, 0.398]",7.762983322143555,4.198349237442017,0.020241975784301758,3.262732744216919,0.0003075599670410156,0.13868403434753418,1112414,ai05,success,
resnet18_cifar10,CIFAR10,5,0.1,44,300,4.0,labelled_probe_warmup,labelled,100,0.0,0.3959,0.39348,0.6042,0.8667,0.3657,-0.628908658745982,0,5,"[-0.34816634816634817, -0.9684383674308625, -0.5171300034606068, -0.9853906415413932, -0.3254179331306991]","[0.5621075621075621, 0.013262054076282512, 0.44918675741146613, 0.004658056320135507, 0.60790273556231]","[0.9102739102739102, 0.9817004215071451, 0.9663167608720729, 0.9900486978615287, 0.9333206686930091]",0.2469375,4,"[0.0135, 0.3112, 0.18825, 0.4748, null]",7.856060028076172,4.298149824142456,0.018430709838867188,3.266896963119507,0.0003459453582763672,0.11662030220031738,1112414,ai05,success,
resnet18_cifar10,CIFAR10,5,0.1,42,300,4.0,no_phase0,none,0,0.0,0.3933,0.3546,0.5182,0.8701,0.1112,-0.599478215148326,0,5,"[-0.08774583963691374, -0.7817718652703085, -0.4061750446542486, -0.734836702954899, -0.9868616232252596]","[0.8859854215376152, 0.1927540333993773, 0.4760398060729778, 0.20904613789528254, 0.006993006993006993]","[0.9737312611745289, 0.9745258986696859, 0.8822148507272264, 0.9438828408501815, 0.9938546302182666]",0.23409166666666664,4,"[0.3222, 0.1065, 0.12, 0.38766666666666666, null]",7.901217937469482,4.324601650238037,0.007807254791259766,3.3023080825805664,0.0002880096435546875,0.11581945419311523,1112414,ai05,success,
resnet18_cifar10,CIFAR10,5,0.1,43,300,4.0,no_phase0,none,0,0.0,0.4075,0.44754000000000005,0.6175,0.868,0.1046,-0.5047662023102566,0,5,"[-0.23622658241880057, -0.454468265760985, -0.678148898620825, -0.4776932259027156, -0.6772940388479571]","[0.7366145660126372, 0.5304606240713224, 0.20596117393293678, 0.4490450611757684, 0.26162089752176826]","[0.9728411484314378, 0.9849288898323074, 0.8841100725537617, 0.926738287078484, 0.9389149363697253]",0.2724761904761905,5,"[0.2357142857142857, 0.5706666666666667, 0.006, 0.16, 0.39]",7.829641103744507,4.241299390792847,0.00869131088256836,3.2939887046813965,0.0003592967987060547,0.12500429153442383,1112414,ai05,success,
resnet18_cifar10,CIFAR10,5,0.1,44,300,4.0,no_phase0,none,0,0.0,0.378,0.39348,0.6042,0.8667,0.0998,-0.6426432238184805,0,5,"[-0.37419237419237417, -0.9684383674308625, -0.530626369823509, -0.9856023713741267, -0.3543566362715299]","[0.5360815360815361, 0.013262054076282512, 0.43569039104856383, 0.004446326487402075, 0.5789640324214792]","[0.9102739102739102, 0.9817004215071451, 0.9663167608720729, 0.9900486978615287, 0.9333206686930091]",0.228275,4,"[0.002, 0.2798, 0.1765, 0.4548, null]",7.882887840270996,4.315064430236816,0.006386995315551758,3.272043228149414,0.00034308433532714844,0.12096881866455078,1112414,ai05,success,
resnet18_cifar10,CIFAR10,5,0.1,42,300,4.0,raw_union_K20,raw_union,515,0.0,0.6442,0.3546,0.5182,0.8701,0.7178,-0.2899349658444238,0,5,"[-0.05913904552331173, -0.22445513727710165, -0.30972186782342437, -0.4670813893208917, -0.3892773892773893]","[0.9145922156512172, 0.7500707613925842, 0.572492982903802, 0.47680145152928977, 0.6045772409408773]","[0.9737312611745289, 0.9745258986696859, 0.8822148507272264, 0.9438828408501815, 0.9938546302182666]",0.5709583333333333,4,"[0.607, 0.2815, 0.646, 0.7493333333333333, null]",7.920105218887329,4.277633190155029,0.0671396255493164,3.2779359817504883,0.0003070831298828125,0.12184643745422363,1112414,ai05,success,
resnet18_cifar10,CIFAR10,5,0.1,43,300,4.0,raw_union_K20,raw_union,590,0.0,0.5586,0.44754000000000005,0.6175,0.868,0.7677,-0.3609955559925054,0,5,"[-0.13767874958430326, -0.26321375504139255, -0.46336361853715935, -0.3296031035511787, -0.6111185532484928]","[0.8351623988471345, 0.7217151347909149, 0.4207464540166024, 0.5971351835273053, 0.32779638312123244]","[0.9728411484314378, 0.9849288898323074, 0.8841100725537617, 0.926738287078484, 0.9389149363697253]",0.4617761904761905,5,"[0.4267142857142857, 0.7051666666666667, 0.17, 0.33, 0.677]",7.843998670578003,4.235601186752319,0.05753731727600098,3.267373561859131,0.0003273487091064453,0.12076210975646973,1112414,ai05,success,
resnet18_cifar10,CIFAR10,5,0.1,44,300,4.0,raw_union_K20,raw_union,529,0.0,0.5198,0.39348,0.6042,0.8667,0.7612,-0.5137277843395447,0,5,"[-0.20211120211120204, -0.84198622391282, -0.372938055139001, -0.9477027313148423, -0.20390070921985815]","[0.7081627081627082, 0.13971419759432507, 0.5933787057330718, 0.04234596654668643, 0.729419959473151]","[0.9102739102739102, 0.9817004215071451, 0.9663167608720729, 0.9900486978615287, 0.9333206686930091]",0.36887499999999995,4,"[0.141, 0.457, 0.3015, 0.576, null]",7.889662265777588,4.2865588665008545,0.054218292236328125,3.2583296298980713,0.0003170967102050781,0.12206792831420898,1112414,ai05,success,
resnet18_cifar10,CIFAR10,5,0.1,42,300,4.0,warmup_only_labelled,warmup_only,100,0.0,0.3086,0.3546,0.5182,0.8701,0.3086,-0.7169797008550522,0,5,"[-0.6321001237793975, -0.889989621662421, -0.3659096708343966, -0.71215655780197, -0.9847425301970757]","[0.34163113739513135, 0.08453627700726483, 0.5163051798928298, 0.2317262830482115, 0.00911210002119093]","[0.9737312611745289, 0.9745258986696859, 0.8822148507272264, 0.9438828408501815, 0.9938546302182666]",0.30346666666666666,4,"[0.3392, 0.4935, 0.0005, 0.38066666666666665, null]",4.511774778366089,4.21928071975708,0.021406173706054688,0.0,0.0,0.11927223205566406,1112414,ai05,success,
resnet18_cifar10,CIFAR10,5,0.1,43,300,4.0,warmup_only_labelled,warmup_only,100,0.0,0.3545,0.44754000000000005,0.6175,0.868,0.3545,-0.5223946399453467,0,5,"[-0.5470568673096109, -0.25132668223307164, -0.7394600954310739, -0.566025067144136, -0.5081044876088412]","[0.42578428112182687, 0.7336022075992358, 0.14464997712268776, 0.36071321993434796, 0.43081044876088415]","[0.9728411484314378, 0.9849288898323074, 0.8841100725537617, 0.926738287078484, 0.9389149363697253]",0.21325238095238092,5,"[0.2884285714285714, 0.33616666666666667, 0.306, 0.13466666666666666, 0.001]",4.568008661270142,4.277291774749756,0.016212940216064453,0.0,0.0,0.11976385116577148,1112414,ai05,success,
resnet18_cifar10,CIFAR10,5,0.1,44,300,4.0,warmup_only_labelled,warmup_only,100,0.0,0.3657,0.39348,0.6042,0.8667,0.3657,-0.5162609192077214,0,5,"[-0.6965146965146964, -0.3540660018505192, -0.6342138654977505, -0.17848824899428328, -0.7180217831813577]","[0.21375921375921375, 0.6276344196566259, 0.3321028953743223, 0.8115604488672454, 0.21529888551165147]","[0.9102739102739102, 0.9817004215071451, 0.9663167608720729, 0.9900486978615287, 0.9333206686930091]",0.43071250000000005,4,"[0.591, 0.4772, 0.35925, 0.2954, null]",4.56392765045166,4.264666795730591,0.015520334243774414,0.0,0.0,0.12237334251403809,1112414,ai05,success,
resnet18_cifar10,CIFAR10,5,0.3,42,300,4.0,dp_avg_eps2_K20,dp_avg,10,3.986361524956496,0.5676,0.5629,0.6546,0.8701,0.1554,-0.32706098731973415,0,5,"[-0.10279248916706796, -0.19871294851794075, -0.4414754574498983, -0.47850084572242496, -0.41382319574133875]","[0.8560423688011555, 0.7014430577223089, 0.4774905605576532, 0.43496839668832904, 0.5387904703726328]","[0.9588348579682234, 0.9001560062402496, 0.9189660180075515, 0.913469242410754, 0.9526136661139716]",0.10212500000000001,4,"[0.003, 0.3995, 0.0, 0.006, null]",8.099048376083374,4.518094062805176,0.0581514835357666,3.2268550395965576,0.0003533363342285156,0.13171076774597168,1112414,ai05,success,
resnet18_cifar10,CIFAR10,5,0.3,43,300,4.0,dp_avg_eps2_K20,dp_avg,10,3.9676203949800515,0.6869,0.5681,0.7629,0.868,0.1642,-0.18864735432603674,0,5,"[-0.27773584905660376, -0.051860420281472974, -0.29113686188537424, -0.2680961070559611, -0.05440753335077164]","[0.6763522012578617, 0.9093888567572778, 0.5864704040087692, 0.6424878345498783, 0.8665969134187811]","[0.9540880503144654, 0.9612492770387507, 0.8776072658941434, 0.9105839416058394, 0.9210044467695527]",0.562,1,"[null, 0.562, null, null, null]",8.019809246063232,4.52091383934021,0.03864264488220215,3.2107558250427246,0.0002532005310058594,0.11013507843017578,1112414,ai05,success,
resnet18_cifar10,CIFAR10,5,0.3,44,300,4.0,dp_avg_eps2_K20,dp_avg,10,3.962551391060827,0.6873,0.60398,0.7842,0.8667,0.1435,-0.22731847441033928,0,5,"[-0.23358429429143246, -0.36766759776536306, -0.16992408334679365, -0.13275420425437123, -0.23266219239373598]","[0.6314685981130277, 0.5934590316573557, 0.7640122758843483, 0.8225860340795189, 0.6756152125279642]","[0.8650528924044601, 0.9611266294227188, 0.9339363592311419, 0.9553402383338901, 0.9082774049217002]",0.621,2,"[null, 0.602, 0.64, null, null]",7.877304792404175,4.463632583618164,0.05872464179992676,3.0760281085968018,0.0002598762512207031,0.10792136192321777,1112414,ai05,success,
resnet18_cifar10,CIFAR10,5,0.3,42,300,4.0,dp_avg_eps8_K20,dp_avg,10,0.996590381239124,0.5728,0.5629,0.6546,0.8701,0.2616,-0.32201442850979856,0,5,"[-0.09532980259990376, -0.19383775351014043, -0.4348678478071449, -0.47387162823822665, -0.41216511039357717]","[0.8635050553683197, 0.7063182527301092, 0.48409817020040663, 0.43959761417252735, 0.5404485557203944]","[0.9588348579682234, 0.9001560062402496, 0.9189660180075515, 0.913469242410754, 0.9526136661139716]",0.107625,4,"[0.0065, 0.411, 0.001, 0.012, null]",7.9860265254974365,4.429595947265625,0.04585552215576172,3.213371753692627,0.0002512931823730469,0.11816740036010742,1112414,ai05,success,
resnet18_cifar10,CIFAR10,5,0.3,43,300,4.0,dp_avg_eps8_K20,dp_avg,10,0.9919050987450129,0.6939,0.5681,0.7629,0.868,0.354,-0.18505662271616152,0,5,"[-0.2719496855345912, -0.05205320994794682, -0.28681490761039774, -0.26018856447688565, -0.0542767460109862]","[0.6821383647798742, 0.9091960670908039, 0.5907923582837457, 0.6503953771289538, 0.8667277007585665]","[0.9540880503144654, 0.9612492770387507, 0.8776072658941434, 0.9105839416058394, 0.9210044467695527]",0.5783333333333334,1,"[null, 0.5783333333333334, null, null, null]",7.939297914505005,4.4216468334198,0.05519533157348633,3.17816424369812,0.00027179718017578125,0.11539244651794434,1112414,ai05,success,
resnet18_cifar10,CIFAR10,5,0.3,44,300,4.0,dp_avg_eps8_K20,dp_avg,10,0.9906378477652068,0.6921,0.60398,0.7842,0.8667,0.3617,-0.22221448102402536,0,5,"[-0.22843800628990762, -0.36184823091247664, -0.16798578581812307, -0.12729702639492146, -0.22550335570469793]","[0.6366148861145525, 0.5992783985102421, 0.7659505734130189, 0.8280432119389687, 0.6827740492170022]","[0.8650528924044601, 0.9611266294227188, 0.9339363592311419, 0.9553402383338901, 0.9082774049217002]",0.6285000000000001,2,"[null, 0.602, 0.655, null, null]",8.075064659118652,4.5262391567230225,0.06237530708312988,3.1970953941345215,0.0003402233123779297,0.11420917510986328,1112414,ai05,success,
resnet18_cifar10,CIFAR10,5,0.3,42,300,4.0,labelled_probe_warmup,labelled,100,0.0,0.574,0.5629,0.6546,0.8701,0.3086,-0.3193126106387397,0,5,"[-0.09496870486278286, -0.18935257410296413, -0.43160034853325585, -0.47022166829876255, -0.4104197573959334]","[0.8638661531054406, 0.7108034321372855, 0.48736566947429566, 0.44324757411199145, 0.5421939087180382]","[0.9588348579682234, 0.9001560062402496, 0.9189660180075515, 0.913469242410754, 0.9526136661139716]",0.10825,4,"[0.0075, 0.4105, 0.001, 0.014, null]",4.058273792266846,2.3089613914489746,0.01366281509399414,1.5244717597961426,0.00023508071899414062,0.10477447509765625,1112414,ai05,success,
resnet18_cifar10,CIFAR10,5,0.3,43,300,4.0,labelled_probe_warmup,labelled,100,0.0,0.691,0.5681,0.7629,0.868,0.3545,-0.18637338288169208,0,5,"[-0.2774842767295598, -0.05070368228262967, -0.2902599436266833, -0.26018856447688565, -0.0532304472927021]","[0.6766037735849056, 0.9105455947561211, 0.5873473222674601, 0.6503953771289538, 0.8677739994768506]","[0.9540880503144654, 0.9612492770387507, 0.8776072658941434, 0.9105839416058394, 0.9210044467695527]",0.5743333333333334,1,"[null, 0.5743333333333334, null, null, null]",4.078806400299072,2.3127329349517822,0.013779401779174805,1.5184123516082764,0.00023865699768066406,0.10266685485839844,1112414,ai05,success,
resnet18_cifar10,CIFAR10,5,0.3,44,300,4.0,labelled_probe_warmup,labelled,100,0.0,0.6989,0.60398,0.7842,0.8667,0.3657,-0.21681340096695986,0,5,"[-0.2190031449537787, -0.3563780260707634, -0.16459376514294943, -0.12351041318632361, -0.2205816554809843]","[0.6460497474506814, 0.6047486033519553, 0.7693425940881925, 0.8318298251475665, 0.6876957494407159]","[0.8650528924044601, 0.9611266294227188, 0.9339363592311419, 0.9553402383338901, 0.9082774049217002]",0.6395,2,"[null, 0.61, 0.669, null, null]",4.753763914108276,2.289013624191284,0.013581991195678711,2.2243916988372803,0.00023937225341796875,0.10595464706420898,1112414,ai05,success,
resnet18_cifar10,CIFAR10,5,0.3,42,300,4.0,no_phase0,none,0,0.0,0.5705,0.5629,0.6546,0.8701,0.1112,-0.32491258173507925,0,5,"[-0.10207029369282627, -0.19637285491419654, -0.4399506244554167, -0.4717350663224428, -0.4144340692905141]","[0.8567645642753972, 0.7037831513260531, 0.4790153935521348, 0.4417341760883112, 0.5381795968234575]","[0.9588348579682234, 0.9001560062402496, 0.9189660180075515, 0.913469242410754, 0.9526136661139716]",0.10162500000000001,4,"[0.002, 0.4005, 0.0, 0.004, null]",7.822102069854736,4.2430055141448975,0.007015228271484375,3.2871625423431396,0.00029397010803222656,0.11491870880126953,1112414,ai05,success,
resnet18_cifar10,CIFAR10,5,0.3,43,300,4.0,no_phase0,none,0,0.0,0.6848,0.5681,0.7629,0.868,0.1046,-0.1922724778528821,0,5,"[-0.28767295597484277, -0.05128205128205132, -0.2970873786407766, -0.26999695863746964, -0.05532304472927019]","[0.6664150943396226, 0.9099672257566994, 0.5805198872533668, 0.6405869829683698, 0.8656814020402825]","[0.9540880503144654, 0.9612492770387507, 0.8776072658941434, 0.9105839416058394, 0.9210044467695527]",0.5583333333333333,1,"[null, 0.5583333333333333, null, null, null]",7.967296361923218,4.332401514053345,0.007015705108642578,3.3598806858062744,0.0003173351287841797,0.12362360954284668,1112414,ai05,success,
resnet18_cifar10,CIFAR10,5,0.3,44,300,4.0,no_phase0,none,0,0.0,0.6794,0.60398,0.7842,0.8667,0.0998,-0.2360690493849039,0,5,"[-0.24073191651577242, -0.38349627560521415, -0.1825230172831529, -0.13364517206815896, -0.23994886545222105]","[0.6243209758886877, 0.5776303538175046, 0.751413341947989, 0.8216950662657312, 0.6683285394694791]","[0.8650528924044601, 0.9611266294227188, 0.9339363592311419, 0.9553402383338901, 0.9082774049217002]",0.6205,2,"[null, 0.58, 0.661, null, null]",7.8132874965667725,4.249995231628418,0.007712364196777344,3.2655234336853027,0.0003387928009033203,0.11747121810913086,1112414,ai05,success,
resnet18_cifar10,CIFAR10,5,0.3,42,300,4.0,raw_union_K20,raw_union,809,0.0,0.6581,0.5629,0.6546,0.8701,0.7566,-0.2415735816069695,0,5,"[-0.06596051998074148, -0.12246489859594378, -0.3303804821376706, -0.3892103623252915, -0.29985164499520034]","[0.892874337987482, 0.7776911076443058, 0.5885855358698809, 0.5242588800854625, 0.6527620211187712]","[0.9588348579682234, 0.9001560062402496, 0.9189660180075515, 0.913469242410754, 0.9526136661139716]",0.285875,4,"[0.1905, 0.572, 0.101, 0.28, null]",8.04476547241211,4.519911289215088,0.06234407424926758,3.1914188861846924,0.00029969215393066406,0.11011242866516113,1112414,ai05,success,
resnet18_cifar10,CIFAR10,5,0.3,43,300,4.0,raw_union_K20,raw_union,821,0.0,0.7472,0.5681,0.7629,0.868,0.7747,-0.1416234457456559,0,5,"[-0.20905660377358493, -0.05051089261615582, -0.22129658628249294, -0.18932481751824826, -0.037928328537797595]","[0.7450314465408805, 0.9107383844225949, 0.6563106796116505, 0.7212591240875912, 0.8830761182317551]","[0.9540880503144654, 0.9612492770387507, 0.8776072658941434, 0.9105839416058394, 0.9210044467695527]",0.6623333333333333,1,"[null, 0.6623333333333333, null, null, null]",8.111462831497192,4.484488248825073,0.06531858444213867,3.2892706394195557,0.0003566741943359375,0.12455987930297852,1112414,ai05,success,
resnet18_cifar10,CIFAR10,5,0.3,44,300,4.0,raw_union_K20,raw_union,847,0.0,0.7601,0.60398,0.7842,0.8667,0.7817,-0.15336109673573273,0,5,"[-0.15248260745258746, -0.2503491620111732, -0.11710547569051843, -0.0841964584029401, -0.16267178012144445]","[0.7125702849518727, 0.7107774674115456, 0.8168308835406235, 0.87114377993095, 0.7456056248002557]","[0.8650528924044601, 0.9611266294227188, 0.9339363592311419, 0.9553402383338901, 0.9082774049217002]",0.7055,2,"[null, 0.713, 0.698, null, null]",8.11343264579773,4.410154819488525,0.0958414077758789,3.321686267852783,0.00026106834411621094,0.10885024070739746,1112414,ai05,success,
resnet18_cifar10,CIFAR10,5,0.3,42,300,4.0,warmup_only_labelled,warmup_only,100,0.0,0.3086,0.5629,0.6546,0.8701,0.3086,-0.6402828558707571,0,5,"[-0.8400337024554646, -0.623829953198128, -0.4893987801336044, -0.5910264399537077, -0.6571254036128807]","[0.11880115551275879, 0.2763260530421217, 0.4295672378739471, 0.3224428024570462, 0.29548826250109084]","[0.9588348579682234, 0.9001560062402496, 0.9189660180075515, 0.913469242410754, 0.9526136661139716]",0.58525,4,"[0.5955, 0.5545, 0.651, 0.54, null]",3.8496015071868896,3.5823447704315186,0.0105133056640625,0.0,0.0,0.10435080528259277,1112414,ai05,success,
resnet18_cifar10,CIFAR10,5,0.3,43,300,4.0,warmup_only_labelled,warmup_only,100,0.0,0.3545,0.5681,0.7629,0.868,0.3545,-0.5308843800879519,0,5,"[-0.49044025157232707, -0.43609022556390975, -0.700782962730974, -0.5152068126520681, -0.5119016479204813]","[0.46364779874213835, 0.525159051474841, 0.17682430316316944, 0.3953771289537713, 0.4091027988490714]","[0.9540880503144654, 0.9612492770387507, 0.8776072658941434, 0.9105839416058394, 0.9210044467695527]",0.4063333333333333,1,"[null, 0.4063333333333333, null, null, null]",2.526749610900879,2.302145481109619,0.011940240859985352,0.0,0.0,0.1034247875213623,1112414,ai05,success,
resnet18_cifar10,CIFAR10,5,0.3,44,300,4.0,warmup_only_labelled,warmup_only,100,0.0,0.3657,0.60398,0.7842,0.8667,0.3657,-0.5708415112019235,0,5,"[-0.33851138854474416, -0.5883379888268156, -0.6969794863511549, -0.7249136874930393, -0.5054650047938638]","[0.526541503859716, 0.37278864059590316, 0.23695687287998707, 0.23042655084085087, 0.40281240012783637]","[0.8650528924044601, 0.9611266294227188, 0.9339363592311419, 0.9553402383338901, 0.9082774049217002]",0.3015,2,"[null, 0.568, 0.035, null, null]",2.540034055709839,2.316267251968384,0.010722637176513672,0.0,0.0,0.10324668884277344,1112414,ai05,success,
resnet18_cifar10,CIFAR10,5,1.0,42,300,4.0,dp_avg_eps2_K20,dp_avg,10,3.986361524956496,0.8053,0.74554,0.8157,0.8701,0.1328,-0.08790715123380306,0,5,"[-0.057578475336322876, -0.06506217408744486, -0.145413870246085, -0.08550879062333505, -0.08597244587582753]","[0.8424215246636771, 0.803529883674288, 0.7722068693249112, 0.8133990410229089, 0.8124888173197352]","[0.9, 0.8685920577617329, 0.9176207395709962, 0.898907831646244, 0.8984612631955627]",,0,"[null, null, null, null, null]",8.04425573348999,4.404295206069946,0.0674445629119873,3.2787091732025146,0.00028133392333984375,0.10532569885253906,1112414,ai05,success,
resnet18_cifar10,CIFAR10,5,1.0,43,300,4.0,dp_avg_eps2_K20,dp_avg,10,3.9676203949800515,0.8125,0.78004,0.8228,0.868,0.2034,-0.06761514751623261,0,5,"[-0.05367479389580776, -0.0978809283551968, -0.08826241601896978, -0.03231894314696859, -0.06593865616422012]","[0.8590598140677074, 0.7537840565085772, 0.7956790936635489, 0.8207124321774003, 0.836078290965509]","[0.9127346079635151, 0.851664984863774, 0.8839415096825187, 0.8530313753243689, 0.9020169471297291]",,0,"[null, null, null, null, null]",8.322455883026123,4.585891962051392,0.06576752662658691,3.3970870971679688,0.00032401084899902344,0.11723661422729492,1112414,ai05,success,
resnet18_cifar10,CIFAR10,5,1.0,44,300,4.0,dp_avg_eps2_K20,dp_avg,10,3.962551391060827,0.8016,0.7514,0.7713,0.8667,0.177,-0.07603588952321223,0,5,"[-0.06725505530108367, -0.07810739767179875, -0.06896551724137934, -0.06191037735849059, -0.10394110004330881]","[0.8042676795888728, 0.801351858805858, 0.8107420943905927, 0.8213443396226415, 0.8071676050238198]","[0.8715227348899565, 0.8794592564776568, 0.8797076116319721, 0.8832547169811321, 0.9111087050671286]",,0,"[null, null, null, null, null]",8.110649108886719,4.533902168273926,0.04696249961853027,3.249589443206787,0.000263214111328125,0.11144709587097168,1112414,ai05,success,
resnet18_cifar10,CIFAR10,5,1.0,42,300,4.0,dp_avg_eps8_K20,dp_avg,10,0.996590381239124,0.8054,0.74554,0.8157,0.8701,0.3064,-0.08534898045152033,0,5,"[-0.053004484304932764, -0.06321700762133975, -0.14265034873009608, -0.08351092168353758, -0.08436213991769548]","[0.8469955156950673, 0.8053750501403931, 0.7749703908409001, 0.8153969099627064, 0.8140991232778673]","[0.9, 0.8685920577617329, 0.9176207395709962, 0.898907831646244, 0.8984612631955627]",,0,"[null, null, null, null, null]",8.029337167739868,4.502682447433472,0.06448793411254883,3.1693429946899414,0.00035953521728515625,0.12130141258239746,1112414,ai05,success,
resnet18_cifar10,CIFAR10,5,1.0,43,300,4.0,dp_avg_eps8_K20,dp_avg,10,0.9919050987450129,0.8134,0.78004,0.8228,0.868,0.3491,-0.06590247786216204,0,5,"[-0.052008419575513054, -0.09667003027245202, -0.08536424713476476, -0.030903514979948032, -0.0645661773481323]","[0.8607261883880021, 0.7549949545913219, 0.798577262547754, 0.8221278603444209, 0.8374507697815968]","[0.9127346079635151, 0.851664984863774, 0.8839415096825187, 0.8530313753243689, 0.9020169471297291]",,0,"[null, null, null, null, null]",7.922380447387695,4.445587873458862,0.04510045051574707,3.1850686073303223,0.0002598762512207031,0.11894631385803223,1112414,ai05,success,
resnet18_cifar10,CIFAR10,5,1.0,44,300,4.0,dp_avg_eps8_K20,dp_avg,10,0.9906378477652068,0.8024,0.7514,0.7713,0.8667,0.3464,-0.07432910691450838,0,5,"[-0.06513238744274386, -0.07673050444360996, -0.06817098363260776, -0.060377358490566024, -0.1012343005630143]","[0.8063903474472126, 0.8027287520340468, 0.8115366279993643, 0.8228773584905661, 0.8098744045041143]","[0.8715227348899565, 0.8794592564776568, 0.8797076116319721, 0.8832547169811321, 0.9111087050671286]",,0,"[null, null, null, null, null]",7.670270204544067,4.430619478225708,0.06507730484008789,2.878706932067871,0.00025200843811035156,0.12279129028320312,1112414,ai05,success,
resnet18_cifar10,CIFAR10,5,1.0,42,300,4.0,labelled_probe_warmup,labelled,100,0.0,0.8046,0.74554,0.8157,0.8701,0.3086,-0.08631149451094007,0,5,"[-0.05345291479820635, -0.06209386281588447, -0.14751941044874328, -0.08457645178476292, -0.08391483270710332]","[0.8465470852017937, 0.8064981949458484, 0.7701013291222529, 0.8143313798614811, 0.8145464304884594]","[0.9, 0.8685920577617329, 0.9176207395709962, 0.898907831646244, 0.8984612631955627]",,0,"[null, null, null, null, null]",7.68876576423645,4.2290990352630615,0.021583080291748047,3.1653058528900146,0.00024271011352539062,0.10658979415893555,1112414,ai05,success,
resnet18_cifar10,CIFAR10,5,1.0,43,300,4.0,labelled_probe_warmup,labelled,100,0.0,0.8127,0.78004,0.8228,0.868,0.3545,-0.06617365606562524,0,5,"[-0.05271005086826863, -0.09969727547931384, -0.08167566855486752, -0.030667610285444624, -0.06611767514023159]","[0.8600245570952465, 0.7519677093844601, 0.8022658411276512, 0.8223637650389243, 0.8358992719894975]","[0.9127346079635151, 0.851664984863774, 0.8839415096825187, 0.8530313753243689, 0.9020169471297291]",,0,"[null, null, null, null, null]",7.908729791641235,4.456543684005737,0.018500328063964844,3.1608974933624268,0.0002796649932861328,0.11001729965209961,1112414,ai05,success,
resnet18_cifar10,CIFAR10,5,1.0,44,300,4.0,labelled_probe_warmup,labelled,100,0.0,0.8031,0.7514,0.7713,0.8667,0.3657,-0.07323430363450108,0,5,"[-0.06373589543067815, -0.07535361121542117, -0.06737645002383608, -0.05825471698113216, -0.10145084452143782]","[0.8077868394592783, 0.8041056452622356, 0.812331161608136, 0.825, 0.8096578605456908]","[0.8715227348899565, 0.8794592564776568, 0.8797076116319721, 0.8832547169811321, 0.9111087050671286]",,0,"[null, null, null, null, null]",7.8327882289886475,4.418693542480469,0.018855810165405273,3.0897552967071533,0.0002963542938232422,0.1353921890258789,1112414,ai05,success,
resnet18_cifar10,CIFAR10,5,1.0,42,300,4.0,no_phase0,none,0,0.0,0.8035,0.74554,0.8157,0.8701,0.1112,-0.08717097874978677,0,5,"[-0.05345291479820635, -0.06409947853991182, -0.1460718515594157, -0.08697389451251991, -0.08525675433888003]","[0.8465470852017937, 0.804492579221821, 0.7715488880115805, 0.8119339371337241, 0.8132045088566827]","[0.9, 0.8685920577617329, 0.9176207395709962, 0.898907831646244, 0.8984612631955627]",,0,"[null, null, null, null, null]",7.88726544380188,4.4540276527404785,0.0072422027587890625,3.155006170272827,0.00028228759765625,0.1208500862121582,1112414,ai05,success,
resnet18_cifar10,CIFAR10,5,1.0,43,300,4.0,no_phase0,none,0,0.0,0.8104,0.78004,0.8228,0.868,0.1046,-0.06786576072355144,0,5,"[-0.05744606209436942, -0.1002018163471241, -0.08272954814912392, -0.03420618070299597, -0.06474519632414377]","[0.8552885458691457, 0.7514631685166498, 0.8012119615333948, 0.8188251946213729, 0.8372717508055854]","[0.9127346079635151, 0.851664984863774, 0.8839415096825187, 0.8530313753243689, 0.9020169471297291]",,0,"[null, null, null, null, null]",7.945899486541748,4.466547250747681,0.007667064666748047,3.1645896434783936,0.0004401206970214844,0.13686537742614746,1112414,ai05,success,
resnet18_cifar10,CIFAR10,5,1.0,44,300,4.0,no_phase0,none,0,0.0,0.8012,0.7514,0.7713,0.8667,0.0998,-0.0770735109276266,0,5,"[-0.06384761479164347, -0.07885843034171991, -0.0700778642936597, -0.062146226415094374, -0.11043741879601554]","[0.807675120098313, 0.8006008261359369, 0.8096297473383124, 0.8211084905660377, 0.8006712862711131]","[0.8715227348899565, 0.8794592564776568, 0.8797076116319721, 0.8832547169811321, 0.9111087050671286]",,0,"[null, null, null, null, null]",7.912984609603882,4.367402076721191,0.008127212524414062,3.299427032470703,0.0002875328063964844,0.10953378677368164,1112414,ai05,success,
resnet18_cifar10,CIFAR10,5,1.0,42,300,4.0,raw_union_K20,raw_union,1000,0.0,0.8256,0.74554,0.8157,0.8701,0.7893,-0.06614712381281973,0,5,"[-0.03802690582959645, -0.05214600882470921, -0.10711935781023818, -0.06393180607352156, -0.06951154052603326]","[0.8619730941704036, 0.8164460489370237, 0.810501381760758, 0.8349760255727224, 0.8289497226695295]","[0.9, 0.8685920577617329, 0.9176207395709962, 0.898907831646244, 0.8984612631955627]",,0,"[null, null, null, null, null]",7.980013847351074,4.556856870651245,0.05622148513793945,3.1221351623535156,0.0004246234893798828,0.12653040885925293,1112414,ai05,success,
resnet18_cifar10,CIFAR10,5,1.0,43,300,4.0,raw_union_K20,raw_union,997,0.0,0.8287,0.78004,0.8228,0.868,0.7936,-0.049938996830720984,0,5,"[-0.0385020171899666, -0.07759838546922304, -0.06323277565538132, -0.019580089643783882, -0.05078171619525007]","[0.8742325907735485, 0.7740665993945509, 0.8207087340271374, 0.833451285680585, 0.8512352309344791]","[0.9127346079635151, 0.851664984863774, 0.8839415096825187, 0.8530313753243689, 0.9020169471297291]",,0,"[null, null, null, null, null]",8.07551908493042,4.5652101039886475,0.0731043815612793,3.1911373138427734,0.0002732276916503906,0.10872721672058105,1112414,ai05,success,
resnet18_cifar10,CIFAR10,5,1.0,44,300,4.0,raw_union_K20,raw_union,991,0.0,0.8235,0.7514,0.7713,0.8667,0.785,-0.04928704124216095,0,5,"[-0.05295497709753105, -0.04819126298660659, -0.04306372159542349, -0.038561320754716966, -0.06366392377652663]","[0.8185677577924254, 0.8312679934910502, 0.8366438900365486, 0.8446933962264151, 0.847444781290602]","[0.8715227348899565, 0.8794592564776568, 0.8797076116319721, 0.8832547169811321, 0.9111087050671286]",,0,"[null, null, null, null, null]",7.927466154098511,4.3380913734436035,0.11825776100158691,3.167665719985962,0.0004107952117919922,0.1250598430633545,1112414,ai05,success,
resnet18_cifar10,CIFAR10,5,1.0,42,300,4.0,warmup_only_labelled,warmup_only,100,0.0,0.3086,0.74554,0.8157,0.8701,0.3086,-0.6037448466075764,0,5,"[-0.5419730941704036, -0.5317288407541115, -0.7865508619555205, -0.626265316995205, -0.5322061191626409]","[0.3580269058295964, 0.33686321700762134, 0.13106987761547573, 0.2726425146510389, 0.3662551440329218]","[0.9, 0.8685920577617329, 0.9176207395709962, 0.898907831646244, 0.8984612631955627]",,0,"[null, null, null, null, null]",4.783127546310425,4.484842777252197,0.02142333984375,0.0,0.0,0.11347031593322754,1112414,ai05,success,
resnet18_cifar10,CIFAR10,5,1.0,43,300,4.0,warmup_only_labelled,warmup_only,100,0.0,0.3545,0.78004,0.8228,0.868,0.3545,-0.5371851486533041,0,5,"[-0.4489563234520259, -0.5598385469223006, -0.6669740482149914, -0.47369662656286854, -0.5364601981143335]","[0.4637782845114892, 0.2918264379414733, 0.21696746146752732, 0.37933474876150036, 0.36555674901539564]","[0.9127346079635151, 0.851664984863774, 0.8839415096825187, 0.8530313753243689, 0.9020169471297291]",,0,"[null, null, null, null, null]",4.732309103012085,4.453899145126343,0.015270233154296875,0.0,0.0,0.12194371223449707,1112414,ai05,success,
resnet18_cifar10,CIFAR10,5,1.0,44,300,4.0,warmup_only_labelled,warmup_only,100,0.0,0.3657,0.7514,0.7713,0.8667,0.3657,-0.5316413405464729,0,5,"[-0.45168137638252714, -0.4546251095255977, -0.681392022882568, -0.5161556603773585, -0.5543525335643136]","[0.4198413585074293, 0.42483414695205907, 0.1983155887494041, 0.36709905660377357, 0.3567561715028151]","[0.8715227348899565, 0.8794592564776568, 0.8797076116319721, 0.8832547169811321, 0.9111087050671286]",,0,"[null, null, null, null, null]",4.633941411972046,4.3114001750946045,0.021070480346679688,0.0,0.0,0.13924956321716309,1112414,ai05,success,
