backbone,dataset,N,alpha,seed,K,tau,method,phase0_kind,probe_size_actual,sigma,agg_method,agg_depth,acc,mean_teacher,best_teacher,oracle,theta0_acc,m3_mean_gap,m3_clients_helped,m3_clients_evaluated,m3_gap,m3_student_acc_on_Di,m3_teacher_acc_on_Di,m4_mean,m4_clients_evaluated,m4_ood_acc,wall_clock_sec,phase_teacher_sec,phase_phase0_sec,phase_distill_sec,phase_aggregate_sec,phase_eval_sec,job_id,node,status,error
roberta_base_banking77,Banking77,10,0.05,42,100,4.0,no_phase0,none,0,0.0,weight_avg,depth-1,0.2681818181818182,0.15146103896103896,0.20162337662337662,0.887012987012987,0.012012987012987014,-0.6315382889485475,0,10,"[-0.6420863309352518, -0.5573622402890697, -0.5520262869660459, -0.6120689655172413, -0.702451394759087, -0.6736990154711674, -0.7015151515151515, -0.615909090909091, -0.660460021905805, -0.5978043912175649]","[0.24280575539568344, 0.3523035230352303, 0.36363636363636365, 0.2600574712643678, 0.2502113271344041, 0.26863572433192684, 0.23787878787878788, 0.32954545454545453, 0.2913472070098576, 0.27644710578842313]","[0.8848920863309353, 0.9096657633242999, 0.9156626506024096, 0.8721264367816092, 0.9526627218934911, 0.9423347398030942, 0.9393939393939394, 0.9454545454545454, 0.9518072289156626, 0.874251497005988]",0.25219986847846376,10,"[0.2766393442622951, 0.23469387755102042, 0.275, 0.24952830188679245, 0.24956140350877193, 0.24454545454545454, 0.26166666666666666, 0.214, 0.26636363636363636, 0.25]",2.0477192401885986,0.7205941677093506,0.004966020584106445,1.2115504741668701,0.0011560916900634766,0.05714535713195801,,3bc506f13a5e,success,
roberta_base_banking77,Banking77,10,0.05,42,300,4.0,no_phase0,none,0,0.0,weight_avg,depth-1,0.38636363636363635,0.15142857142857144,0.20162337662337662,0.887012987012987,0.012012987012987014,-0.5101504693911345,0,10,"[-0.5431654676258993, -0.4435411020776875, -0.43263964950711936, -0.521551724137931, -0.6120033812341504, -0.5126582278481013, -0.5333333333333334, -0.5053030303030304, -0.52026286966046, -0.4770459081836328]","[0.3435251798561151, 0.46612466124661245, 0.4830230010952902, 0.3505747126436782, 0.34065934065934067, 0.42967651195499296, 0.40606060606060607, 0.4393939393939394, 0.4315443592552026, 0.39820359281437123]","[0.8866906474820144, 0.9096657633242999, 0.9156626506024096, 0.8721264367816092, 0.9526627218934911, 0.9423347398030942, 0.9393939393939394, 0.9446969696969697, 0.9518072289156626, 0.875249500998004]",0.3606708978964216,10,"[0.39467213114754096, 0.34438775510204084, 0.38552631578947366, 0.3481132075471698, 0.36140350877192984, 0.33590909090909093, 0.37333333333333335, 0.307, 0.3663636363636364, 0.39]",2.9949138164520264,0.5067713260650635,0.003612518310546875,2.3853068351745605,0.0006818771362304688,0.044647216796875,,3bc506f13a5e,success,
roberta_base_banking77,Banking77,10,0.05,42,300,4.0,no_phase0,none,0,0.0,weight_avg,depth-1,0.21753246753246752,0.09698051948051947,0.13733766233766234,0.8626623376623377,0.013636363636363636,-0.5330661554010926,0,10,"[-0.4658273381294964, -0.41553748870822044, -0.5848849945235487, -0.4813218390804598, -0.6196111580726965, -0.46905766526019693, -0.7681818181818182, -0.5356060606060606, -0.6024096385542169, -0.38822355289421157]","[0.17446043165467626, 0.3333333333333333, 0.1949616648411829, 0.22701149425287356, 0.20202874049027894, 0.3234880450070324, 0.09242424242424242, 0.23636363636363636, 0.1511500547645126, 0.2964071856287425]","[0.6402877697841727, 0.7488708220415538, 0.7798466593647316, 0.7083333333333334, 0.8216398985629755, 0.7925457102672293, 0.8606060606060606, 0.771969696969697, 0.7535596933187295, 0.6846307385229541]",0.18638356435303555,10,"[0.22295081967213115, 0.16989795918367348, 0.24605263157894736, 0.17641509433962263, 0.20614035087719298, 0.1481818181818182, 0.21583333333333332, 0.202, 0.22636363636363635, 0.05]",4.259940147399902,0.7228972911834717,0.005074024200439453,3.4217567443847656,0.0011675357818603516,0.054186105728149414,,3bc506f13a5e,success,
roberta_base_banking77,Banking77,10,0.05,42,300,4.0,no_phase0,none,0,0.0,weight_avg,depth-1,0.3853896103896104,0.15146103896103896,0.20162337662337662,0.887012987012987,0.012012987012987014,-0.5102213825338353,0,10,"[-0.5449640287769785, -0.44263775971093045, -0.43263964950711936, -0.521551724137931, -0.6120033812341504, -0.5119549929676512, -0.5333333333333334, -0.5068181818181818, -0.52026286966046, -0.4760479041916168]","[0.33992805755395683, 0.4670280036133695, 0.4830230010952902, 0.3505747126436782, 0.34065934065934067, 0.43037974683544306, 0.40606060606060607, 0.43863636363636366, 0.4315443592552026, 0.39820359281437123]","[0.8848920863309353, 0.9096657633242999, 0.9156626506024096, 0.8721264367816092, 0.9526627218934911, 0.9423347398030942, 0.9393939393939394, 0.9454545454545454, 0.9518072289156626, 0.874251497005988]",0.35972257416778375,10,"[0.39385245901639343, 0.3433673469387755, 0.38421052631578945, 0.3471698113207547, 0.3600877192982456, 0.335, 0.3720833333333333, 0.306, 0.3654545454545455, 0.39]",27.928397178649902,1.018507957458496,0.005217552185058594,3.5844316482543945,0.0012068748474121094,0.08723092079162598,,3bc506f13a5e,success,
roberta_base_banking77,Banking77,10,0.05,42,300,4.0,no_phase0,none,0,0.0,weight_avg,depth-1,0.3912337662337662,0.15146103896103896,0.20162337662337662,0.887012987012987,0.012012987012987014,-0.5021398522758274,0,10,"[-0.5845323741007195, -0.41915085817524844, -0.4074479737130339, -0.5402298850574712, -0.5579036348267117, -0.5049226441631505, -0.596969696969697, -0.4325757575757575, -0.5125958378970427, -0.46506986027944114]","[0.30035971223021585, 0.4905149051490515, 0.5082146768893757, 0.33189655172413796, 0.39475908706677937, 0.43741209563994377, 0.3424242424242424, 0.5128787878787879, 0.43921139101861995, 0.4091816367265469]","[0.8848920863309353, 0.9096657633242999, 0.9156626506024096, 0.8721264367816092, 0.9526627218934911, 0.9423347398030942, 0.9393939393939394, 0.9454545454545454, 0.9518072289156626, 0.874251497005988]",0.3757682043383895,10,"[0.41680327868852457, 0.3637755102040816, 0.4017543859649123, 0.3740566037735849, 0.3684210526315789, 0.35409090909090907, 0.3929166666666667, 0.3195, 0.38636363636363635, 0.38]",5.687567949295044,0.7387301921844482,0.005078554153442383,4.827000141143799,0.0011997222900390625,0.05692338943481445,,3bc506f13a5e,success,
roberta_base_banking77,Banking77,10,0.05,42,50,4.0,no_phase0,none,0,0.0,weight_avg,depth-1,0.17402597402597403,0.15146103896103896,0.20162337662337662,0.887012987012987,0.012012987012987014,-0.7341734311731062,0,10,"[-0.7302158273381295, -0.6621499548328817, -0.6703176341730558, -0.742816091954023, -0.7928994082840236, -0.7827004219409283, -0.796969696969697, -0.7159090909090908, -0.7601314348302299, -0.6876247504990021]","[0.15467625899280577, 0.24751580849141824, 0.24534501642935377, 0.12931034482758622, 0.15976331360946747, 0.15963431786216598, 0.14242424242424243, 0.22954545454545455, 0.19167579408543264, 0.18662674650698602]","[0.8848920863309353, 0.9096657633242999, 0.9156626506024096, 0.8721264367816092, 0.9526627218934911, 0.9423347398030942, 0.9393939393939394, 0.9454545454545454, 0.9518072289156626, 0.874251497005988]",0.16297972203034009,10,"[0.1778688524590164, 0.15051020408163265, 0.17763157894736842, 0.16886792452830188, 0.16140350877192983, 0.165, 0.17083333333333334, 0.1445, 0.1731818181818182, 0.14]",1.505143642425537,0.7639145851135254,0.005094051361083984,0.6240410804748535,0.0011038780212402344,0.05576610565185547,,3bc506f13a5e,success,
roberta_base_banking77,Banking77,10,0.05,42,600,4.0,no_phase0,none,0,0.0,weight_avg,depth-1,0.42694805194805197,0.15146103896103896,0.20162337662337662,0.887012987012987,0.012012987012987014,-0.4576644253219742,0,10,"[-0.4946043165467626, -0.41463414634146345, -0.3877327491785323, -0.49137931034482757, -0.569737954353339, -0.42334739803094235, -0.4545454545454546, -0.45909090909090905, -0.41949616648411825, -0.4620758483033932]","[0.3902877697841727, 0.4950316169828365, 0.5279299014238773, 0.3807471264367816, 0.38292476754015214, 0.5189873417721519, 0.48484848484848486, 0.4863636363636364, 0.5323110624315444, 0.4121756487025948]","[0.8848920863309353, 0.9096657633242999, 0.9156626506024096, 0.8721264367816092, 0.9526627218934911, 0.9423347398030942, 0.9393939393939394, 0.9454545454545454, 0.9518072289156626, 0.874251497005988]",0.40325056078425403,10,"[0.4344262295081967, 0.3892857142857143, 0.42719298245614035, 0.3877358490566038, 0.39517543859649124, 0.36272727272727273, 0.40791666666666665, 0.3385, 0.38954545454545453, 0.5]",8.287084817886353,0.7876129150390625,0.0050201416015625,7.389822483062744,0.0011878013610839844,0.05702471733093262,,3bc506f13a5e,success,
roberta_base_banking77,Banking77,10,0.05,43,100,4.0,no_phase0,none,0,0.0,weight_avg,depth-1,0.237987012987013,0.14496753246753247,0.17792207792207793,0.887012987012987,0.021103896103896104,-0.6725265286482018,0,10,"[-0.711670480549199, -0.5473588342440803, -0.6655480984340045, -0.7200292397660819, -0.7241071428571428, -0.706831119544592, -0.6506506506506506, -0.6376651982378854, -0.6867469879518073, -0.6746575342465754]","[0.21853546910755148, 0.3333333333333333, 0.20469798657718122, 0.2309941520467836, 0.2017857142857143, 0.2125237191650854, 0.24224224224224225, 0.30066079295154186, 0.17900172117039587, 0.21232876712328766]","[0.9302059496567505, 0.8806921675774135, 0.8702460850111857, 0.9510233918128655, 0.9258928571428572, 0.9193548387096774, 0.8928928928928929, 0.9383259911894273, 0.8657487091222031, 0.886986301369863]",0.2357396873199255,10,"[0.21271186440677967, 0.209, 0.24568965517241378, 0.24545454545454545, 0.2357142857142857, 0.2375, 0.22156862745098038, 0.24525862068965518, 0.2160377358490566, 0.28846153846153844]",2.156548261642456,0.7762069702148438,0.004994869232177734,1.2724132537841797,0.001155853271484375,0.05692648887634277,,3bc506f13a5e,success,
roberta_base_banking77,Banking77,10,0.05,43,300,4.0,no_phase0,none,0,0.0,weight_avg,depth-1,0.37077922077922076,0.14487012987012987,0.17824675324675324,0.8873376623376623,0.021103896103896104,-0.5313323800943909,0,10,"[-0.5983981693363845, -0.43351548269581053, -0.5436241610738255, -0.560672514619883, -0.5839285714285715, -0.5853889943074003, -0.44344344344344344, -0.5033039647577092, -0.5507745266781412, -0.5102739726027397]","[0.3318077803203661, 0.44899817850637525, 0.32662192393736017, 0.3896198830409357, 0.3419642857142857, 0.33396584440227706, 0.4494494494494494, 0.43502202643171806, 0.31497418244406195, 0.3767123287671233]","[0.9302059496567505, 0.8825136612021858, 0.8702460850111857, 0.9502923976608187, 0.9258928571428572, 0.9193548387096774, 0.8928928928928929, 0.9383259911894273, 0.8657487091222031, 0.886986301369863]",0.36129449890243226,10,"[0.3440677966101695, 0.3235, 0.3775862068965517, 0.37136363636363634, 0.36339285714285713, 0.3535714285714286, 0.32941176470588235, 0.36637931034482757, 0.3490566037735849, 0.4346153846153846]",2.9159059524536133,0.5002577304840088,0.003494739532470703,2.315593957901001,0.0007328987121582031,0.043967485427856445,,3bc506f13a5e,success,
roberta_base_banking77,Banking77,10,0.05,43,300,4.0,no_phase0,none,0,0.0,weight_avg,depth-1,0.20422077922077922,0.09165584415584414,0.1340909090909091,0.8558441558441559,0.017207792207792207,-0.5201437508609483,0,10,"[-0.5389016018306636, -0.4717668488160291, -0.41722595078299773, -0.5650584795321637, -0.5678571428571428, -0.5294117647058822, -0.36836836836836834, -0.6189427312775331, -0.5645438898450947, -0.5593607305936072]","[0.2425629290617849, 0.2204007285974499, 0.16778523489932887, 0.25, 0.22321428571428573, 0.2314990512333966, 0.34634634634634637, 0.19383259911894274, 0.16351118760757316, 0.15296803652968036]","[0.7814645308924485, 0.692167577413479, 0.5850111856823266, 0.8150584795321637, 0.7910714285714285, 0.7609108159392789, 0.7147147147147147, 0.8127753303964758, 0.7280550774526678, 0.7123287671232876]",0.20095364150977998,10,"[0.186864406779661, 0.209, 0.21724137931034482, 0.17863636363636365, 0.19017857142857142, 0.2017857142857143, 0.1514705882352941, 0.20948275862068966, 0.17641509433962263, 0.28846153846153844]",3.979188919067383,0.6600496768951416,0.004954099655151367,3.214686155319214,0.0011417865753173828,0.05279040336608887,,3bc506f13a5e,success,
roberta_base_banking77,Banking77,10,0.05,43,300,4.0,no_phase0,none,0,0.0,weight_avg,depth-1,0.37142857142857144,0.14496753246753247,0.17792207792207793,0.887012987012987,0.021103896103896104,-0.5304579383416904,0,10,"[-0.5949656750572082, -0.429872495446266, -0.5436241610738255, -0.5606725146198831, -0.5839285714285715, -0.5844402277039848, -0.4444444444444444, -0.5033039647577092, -0.5490533562822719, -0.5102739726027397]","[0.3352402745995423, 0.45081967213114754, 0.32662192393736017, 0.39035087719298245, 0.3419642857142857, 0.3349146110056926, 0.44844844844844844, 0.43502202643171806, 0.31669535283993117, 0.3767123287671233]","[0.9302059496567505, 0.8806921675774135, 0.8702460850111857, 0.9510233918128655, 0.9258928571428572, 0.9193548387096774, 0.8928928928928929, 0.9383259911894273, 0.8657487091222031, 0.886986301369863]",0.36154987265459126,10,"[0.34491525423728814, 0.324, 0.378448275862069, 0.37136363636363634, 0.36339285714285713, 0.35446428571428573, 0.32941176470588235, 0.36681034482758623, 0.35, 0.4326923076923077]",4.428180932998657,0.7339537143707275,0.004915714263916016,3.5666561126708984,0.0010914802551269531,0.05724811553955078,,3bc506f13a5e,success,
roberta_base_banking77,Banking77,10,0.05,43,300,4.0,no_phase0,none,0,0.0,weight_avg,depth-1,0.39545454545454545,0.14496753246753247,0.17792207792207793,0.887012987012987,0.021103896103896104,-0.5099513236806943,0,10,"[-0.5446224256292906, -0.41165755919854286, -0.5995525727069352, -0.49926900584795325, -0.5053571428571428, -0.540796963946869, -0.4294294294294294, -0.5451541850220264, -0.49741824440619625, -0.5262557077625571]","[0.38558352402745993, 0.4690346083788707, 0.27069351230425054, 0.4517543859649123, 0.4205357142857143, 0.37855787476280833, 0.46346346346346345, 0.3931718061674009, 0.3683304647160069, 0.3607305936073059]","[0.9302059496567505, 0.8806921675774135, 0.8702460850111857, 0.9510233918128655, 0.9258928571428572, 0.9193548387096774, 0.8928928928928929, 0.9383259911894273, 0.8657487091222031, 0.886986301369863]",0.39573215166334685,10,"[0.37415254237288137, 0.3815, 0.4336206896551724, 0.3922727272727273, 0.3924107142857143, 0.378125, 0.3627450980392157, 0.40301724137931033, 0.3721698113207547, 0.4673076923076923]",5.647947311401367,0.7396044731140137,0.004991292953491211,4.789441347122192,0.0011577606201171875,0.05677437782287598,,3bc506f13a5e,success,
roberta_base_banking77,Banking77,10,0.05,43,50,4.0,no_phase0,none,0,0.0,weight_avg,depth-1,0.15292207792207793,0.14496753246753247,0.17792207792207793,0.887012987012987,0.021103896103896104,-0.7596464945854386,0,10,"[-0.7860411899313501, -0.622040072859745, -0.7572706935123042, -0.804093567251462, -0.8258928571428572, -0.77988614800759, -0.7717717717717717, -0.7301762114537445, -0.7555938037865749, -0.7636986301369864]","[0.14416475972540047, 0.2586520947176685, 0.11297539149888143, 0.14692982456140352, 0.1, 0.13946869070208728, 0.12112112112112113, 0.20814977973568283, 0.11015490533562823, 0.1232876712328767]","[0.9302059496567505, 0.8806921675774135, 0.8702460850111857, 0.9510233918128655, 0.9258928571428572, 0.9193548387096774, 0.8928928928928929, 0.9383259911894273, 0.8657487091222031, 0.886986301369863]",0.15368452583427222,10,"[0.1326271186440678, 0.126, 0.16379310344827586, 0.16272727272727272, 0.15982142857142856, 0.15401785714285715, 0.1465686274509804, 0.15732758620689655, 0.1339622641509434, 0.2]",1.5374650955200195,0.7784545421600342,0.005051612854003906,0.6511619091033936,0.001127004623413086,0.05715155601501465,,3bc506f13a5e,success,
roberta_base_banking77,Banking77,10,0.05,43,600,4.0,no_phase0,none,0,0.0,weight_avg,depth-1,0.4305194805194805,0.14496753246753247,0.17792207792207793,0.887012987012987,0.021103896103896104,-0.46490125554365314,0,10,"[-0.5526315789473684, -0.38251366120218583, -0.4630872483221477, -0.4802631578947369, -0.5151785714285715, -0.5047438330170777, -0.34834834834834827, -0.4361233480176211, -0.5163511187607573, -0.4497716894977169]","[0.37757437070938216, 0.4981785063752277, 0.407158836689038, 0.47076023391812866, 0.4107142857142857, 0.4146110056925996, 0.5445445445445446, 0.5022026431718062, 0.3493975903614458, 0.4372146118721461]","[0.9302059496567505, 0.8806921675774135, 0.8702460850111857, 0.9510233918128655, 0.9258928571428572, 0.9193548387096774, 0.8928928928928929, 0.9383259911894273, 0.8657487091222031, 0.886986301369863]",0.4122775819906955,10,"[0.411864406779661, 0.375, 0.43060344827586206, 0.4254545454545455, 0.425, 0.40267857142857144, 0.37107843137254903, 0.41422413793103446, 0.4226415094339623, 0.4442307692307692]",7.926010608673096,0.7794008255004883,0.0049932003021240234,7.039337635040283,0.001153707504272461,0.05622720718383789,,3bc506f13a5e,success,
roberta_base_banking77,Banking77,10,0.05,44,100,4.0,no_phase0,none,0,0.0,weight_avg,depth-1,0.2448051948051948,0.14711038961038958,0.19448051948051948,0.8883116883116883,0.018506493506493506,-0.6621508780530809,0,10,"[-0.6707416462917686, -0.7157894736842105, -0.5961538461538461, -0.7049645390070922, -0.5454545454545454, -0.7029339853300733, -0.6875, -0.7420147420147419, -0.6731182795698925, -0.582837723024639]","[0.2534637326813366, 0.20350877192982456, 0.33597285067873306, 0.2028368794326241, 0.3795093795093795, 0.21026894865525672, 0.22131147540983606, 0.14127764127764128, 0.26021505376344084, 0.3254035683942226]","[0.9242053789731052, 0.9192982456140351, 0.9321266968325792, 0.9078014184397163, 0.924963924963925, 0.91320293398533, 0.9088114754098361, 0.8832923832923832, 0.9333333333333333, 0.9082412914188616]",0.23205566047566112,10,"[0.23935185185185184, 0.27076271186440676, 0.22105263157894736, 0.23684210526315788, 0.20288461538461539, 0.24444444444444444, 0.23935185185185184, 0.24716981132075472, 0.2548076923076923, 0.1638888888888889]",2.0032265186309814,0.7125835418701172,0.004964351654052734,1.174931287765503,0.00116729736328125,0.0564730167388916,,3bc506f13a5e,success,
roberta_base_banking77,Banking77,10,0.05,44,300,4.0,no_phase0,none,0,0.0,weight_avg,depth-1,0.3775974025974026,0.14707792207792209,0.19415584415584416,0.888961038961039,0.018506493506493506,-0.5303091516553177,0,10,"[-0.5843520782396088, -0.5637426900584794, -0.4728506787330317, -0.5120567375886524, -0.3961038961038962, -0.5733496332518337, -0.5809426229508197, -0.6302211302211302, -0.5247311827956989, -0.4647408666100255]","[0.33985330073349634, 0.35555555555555557, 0.4592760180995475, 0.39574468085106385, 0.5288600288600288, 0.33985330073349634, 0.32684426229508196, 0.25307125307125306, 0.4075268817204301, 0.44265080713678845]","[0.9242053789731052, 0.9192982456140351, 0.9321266968325792, 0.9078014184397163, 0.924963924963925, 0.91320293398533, 0.9077868852459017, 0.8832923832923832, 0.932258064516129, 0.907391673746814]",0.35040985669006897,10,"[0.3527777777777778, 0.4016949152542373, 0.3416666666666667, 0.35964912280701755, 0.31634615384615383, 0.3731481481481482, 0.36342592592592593, 0.37028301886792453, 0.3778846153846154, 0.24722222222222223]",3.20989990234375,0.5039088726043701,0.003534078598022461,2.61185884475708,0.0007905960083007812,0.04559159278869629,,3bc506f13a5e,success,
roberta_base_banking77,Banking77,10,0.05,44,300,4.0,no_phase0,none,0,0.0,weight_avg,depth-1,0.23246753246753246,0.0866233766233766,0.1253246753246753,0.8587662337662337,0.013311688311688311,-0.5089188915247049,0,10,"[-0.5745721271393642, -0.55906432748538, -0.5135746606334841, -0.5858156028368795, -0.3145743145743146, -0.44621026894865523, -0.44877049180327866, -0.5835380835380836, -0.567741935483871, -0.4953271028037383]","[0.1915240423797881, 0.18596491228070175, 0.28054298642533937, 0.14042553191489363, 0.4365079365079365, 0.19926650366748166, 0.257172131147541, 0.15847665847665848, 0.2010752688172043, 0.27102803738317754]","[0.7660961695191524, 0.7450292397660818, 0.7941176470588235, 0.7262411347517731, 0.7510822510822511, 0.6454767726161369, 0.7059426229508197, 0.742014742014742, 0.7688172043010753, 0.7663551401869159]",0.2086229239437607,10,"[0.1912037037037037, 0.23983050847457626, 0.20394736842105263, 0.2394736842105263, 0.15144230769230768, 0.23148148148148148, 0.24305555555555555, 0.23867924528301887, 0.24711538461538463, 0.1]",4.264486789703369,0.7281472682952881,0.005021095275878906,3.4192285537719727,0.0011854171752929688,0.05422401428222656,,3bc506f13a5e,success,
roberta_base_banking77,Banking77,10,0.05,44,300,4.0,no_phase0,none,0,0.0,weight_avg,depth-1,0.37857142857142856,0.14711038961038958,0.19448051948051948,0.8883116883116883,0.018506493506493506,-0.5305369617404072,0,10,"[-0.5843520782396088, -0.5637426900584794, -0.4728506787330317, -0.5106382978723404, -0.3961038961038962, -0.5733496332518337, -0.5809426229508197, -0.6289926289926289, -0.5279569892473118, -0.4664401019541207]","[0.33985330073349634, 0.35555555555555557, 0.4592760180995475, 0.3971631205673759, 0.5288600288600288, 0.33985330073349634, 0.32786885245901637, 0.2542997542997543, 0.4053763440860215, 0.44180118946474084]","[0.9242053789731052, 0.9192982456140351, 0.9321266968325792, 0.9078014184397163, 0.924963924963925, 0.91320293398533, 0.9088114754098361, 0.8832923832923832, 0.9333333333333333, 0.9082412914188616]",0.3512783257911218,10,"[0.3541666666666667, 0.4025423728813559, 0.3429824561403509, 0.3605263157894737, 0.3173076923076923, 0.37407407407407406, 0.3638888888888889, 0.3712264150943396, 0.37884615384615383, 0.24722222222222223]",4.152320861816406,0.6937251091003418,0.00502467155456543,3.3348731994628906,0.001280069351196289,0.058441877365112305,,3bc506f13a5e,success,
roberta_base_banking77,Banking77,10,0.05,44,300,4.0,no_phase0,none,0,0.0,weight_avg,depth-1,0.3730519480519481,0.14711038961038958,0.19448051948051948,0.8883116883116883,0.018506493506493506,-0.5331817837428211,0,10,"[-0.511002444987775, -0.5695906432748538, -0.4841628959276018, -0.5631205673758866, -0.37518037518037517, -0.6002444987775061, -0.6116803278688525, -0.6547911547911547, -0.5397849462365591, -0.4222599830076466]","[0.4132029339853301, 0.3497076023391813, 0.4479638009049774, 0.3446808510638298, 0.5497835497835498, 0.31295843520782396, 0.29713114754098363, 0.2285012285012285, 0.3935483870967742, 0.48598130841121495]","[0.9242053789731052, 0.9192982456140351, 0.9321266968325792, 0.9078014184397163, 0.924963924963925, 0.91320293398533, 0.9088114754098361, 0.8832923832923832, 0.9333333333333333, 0.9082412914188616]",0.3558304519865121,10,"[0.34814814814814815, 0.39661016949152544, 0.35657894736842105, 0.3600877192982456, 0.30288461538461536, 0.3912037037037037, 0.38935185185185184, 0.3872641509433962, 0.3817307692307692, 0.24444444444444444]",5.60192608833313,0.7201664447784424,0.0050470829010009766,4.7652223110198975,0.0011284351348876953,0.057698965072631836,,3bc506f13a5e,success,
roberta_base_banking77,Banking77,10,0.05,44,50,4.0,no_phase0,none,0,0.0,weight_avg,depth-1,0.15681818181818183,0.14711038961038958,0.19448051948051948,0.8883116883116883,0.018506493506493506,-0.7519026532588718,0,10,"[-0.7546862265688672, -0.7941520467836257, -0.6934389140271493, -0.7801418439716312, -0.7106782106782107, -0.7762836185819071, -0.7704918032786885, -0.7899262899262899, -0.7924731182795699, -0.6567544604927783]","[0.16951915240423798, 0.12514619883040937, 0.23868778280542988, 0.1276595744680851, 0.21428571428571427, 0.13691931540342298, 0.13831967213114754, 0.09336609336609336, 0.14086021505376345, 0.25148683092608326]","[0.9242053789731052, 0.9192982456140351, 0.9321266968325792, 0.9078014184397163, 0.924963924963925, 0.91320293398533, 0.9088114754098361, 0.8832923832923832, 0.9333333333333333, 0.9082412914188616]",0.15227774281439937,10,"[0.1625, 0.17415254237288136, 0.14210526315789473, 0.14956140350877192, 0.1375, 0.15833333333333333, 0.1537037037037037, 0.16132075471698112, 0.16971153846153847, 0.11388888888888889]",1.4234821796417236,0.7140324115753174,0.004941701889038086,0.5942745208740234,0.0011420249938964844,0.05694174766540527,,3bc506f13a5e,success,
roberta_base_banking77,Banking77,10,0.05,44,600,4.0,no_phase0,none,0,0.0,weight_avg,depth-1,0.4318181818181818,0.14711038961038958,0.19448051948051948,0.8883116883116883,0.018506493506493506,-0.47273828128488155,0,10,"[-0.5484922575387123, -0.47953216374269003, -0.40271493212669685, -0.4127659574468085, -0.3145743145743146, -0.5330073349633251, -0.5204918032786885, -0.5896805896805897, -0.4860215053763441, -0.44010195412064573]","[0.37571312143439284, 0.439766081871345, 0.5294117647058824, 0.4950354609929078, 0.6103896103896104, 0.3801955990220049, 0.38831967213114754, 0.2936117936117936, 0.44731182795698926, 0.46813933729821583]","[0.9242053789731052, 0.9192982456140351, 0.9321266968325792, 0.9078014184397163, 0.924963924963925, 0.91320293398533, 0.9088114754098361, 0.8832923832923832, 0.9333333333333333, 0.9082412914188616]",0.3964349563318013,10,"[0.3958333333333333, 0.44449152542372883, 0.3868421052631579, 0.4039473684210526, 0.3581730769230769, 0.42314814814814816, 0.4111111111111111, 0.42547169811320756, 0.4264423076923077, 0.28888888888888886]",8.155779361724854,0.7179520130157471,0.004982948303222656,7.32144021987915,0.001153707504272461,0.05660223960876465,,3bc506f13a5e,success,
roberta_base_banking77,Banking77,10,0.05,42,300,4.0,raw_union_K300,raw_union,9772,0.0,weight_avg,depth-1,0.8909090909090909,0.15146103896103896,0.20162337662337662,0.887012987012987,0.8902597402597403,0.035139242668699756,10,10,"[0.05215827338129486, 0.046973803071364006, 0.04490690032858713, 0.06896551724137934, 0.0033812341504649845, 0.006329113924050667, 0.030303030303030276, 0.00909090909090915, 0.016429353778751432, 0.0728542914171657]","[0.9370503597122302, 0.9566395663956639, 0.9605695509309967, 0.9410919540229885, 0.9560439560439561, 0.9486638537271449, 0.9696969696969697, 0.9545454545454546, 0.968236582694414, 0.9471057884231537]","[0.8848920863309353, 0.9096657633242999, 0.9156626506024096, 0.8721264367816092, 0.9526627218934911, 0.9423347398030942, 0.9393939393939394, 0.9454545454545454, 0.9518072289156626, 0.874251497005988]",0.8948457349145518,10,"[0.8922131147540984, 0.8841836734693878, 0.8894736842105263, 0.8971698113207547, 0.8789473684210526, 0.8886363636363637, 0.8883333333333333, 0.8895, 0.89, 0.95]",4.656986951828003,0.7168943881988525,0.4639585018157959,3.364572525024414,0.001096963882446289,0.055388450622558594,,3bc506f13a5e,success,
roberta_base_banking77,Banking77,10,0.05,43,300,4.0,raw_union_K300,raw_union,9772,0.0,weight_avg,depth-1,0.8834415584415585,0.14496753246753247,0.17792207792207793,0.887012987012987,0.8837662337662338,0.048239175004508604,10,10,"[0.03318077803203667, 0.05464480874316935, 0.055928411633109576, 0.010233918128654929, 0.03482142857142856, 0.03510436432637576, 0.07207207207207211, 0.01982378854625555, 0.09466437177280551, 0.07191780821917804]","[0.9633867276887872, 0.9353369763205829, 0.9261744966442953, 0.9612573099415205, 0.9607142857142857, 0.9544592030360531, 0.964964964964965, 0.9581497797356828, 0.9604130808950087, 0.958904109589041]","[0.9302059496567505, 0.8806921675774135, 0.8702460850111857, 0.9510233918128655, 0.9258928571428572, 0.9193548387096774, 0.8928928928928929, 0.9383259911894273, 0.8657487091222031, 0.886986301369863]",0.8834160888674034,10,"[0.8741525423728813, 0.886, 0.8943965517241379, 0.8859090909090909, 0.8799107142857143, 0.8727678571428571, 0.8803921568627451, 0.8892241379310345, 0.8867924528301887, 0.8846153846153846]",4.685881614685059,0.6785604953765869,0.4486680030822754,3.445131301879883,0.001087188720703125,0.057300567626953125,,3bc506f13a5e,success,
roberta_base_banking77,Banking77,10,0.05,44,300,4.0,raw_union_K300,raw_union,9772,0.0,weight_avg,depth-1,0.8905844155844156,0.14711038961038958,0.19448051948051948,0.8883116883116883,0.8863636363636364,0.0398191283171432,10,10,"[0.019559902200488977, 0.03274853801169597, 0.02488687782805432, 0.052482269503546175, 0.01948051948051943, 0.04767726161369201, 0.0491803278688524, 0.05036855036855037, 0.03978494623655915, 0.062022090059473234]","[0.9437652811735942, 0.952046783625731, 0.9570135746606335, 0.9602836879432625, 0.9444444444444444, 0.960880195599022, 0.9579918032786885, 0.9336609336609336, 0.9731182795698925, 0.9702633814783348]","[0.9242053789731052, 0.9192982456140351, 0.9321266968325792, 0.9078014184397163, 0.924963924963925, 0.91320293398533, 0.9088114754098361, 0.8832923832923832, 0.9333333333333333, 0.9082412914188616]",0.8881445768545287,10,"[0.888425925925926, 0.8961864406779662, 0.8850877192982456, 0.8785087719298246, 0.8846153846153846, 0.8949074074074074, 0.8916666666666667, 0.8957547169811321, 0.9024038461538462, 0.8638888888888889]",4.782789945602417,0.7307345867156982,0.46735167503356934,3.4677162170410156,0.0010807514190673828,0.05664253234863281,,3bc506f13a5e,success,
roberta_base_banking77,Banking77,10,0.1,42,300,4.0,no_phase0,none,0,0.0,weight_avg,depth-1,0.44545454545454544,0.17496753246753247,0.24253246753246754,0.887012987012987,0.012012987012987014,-0.3955371465830794,0,10,"[-0.3131034482758621, -0.3182406209573092, -0.42370820668693004, -0.4881956155143339, -0.4229979466119097, -0.5810126582278481, -0.36500888099467144, -0.3125, -0.4798578199052133, -0.25074626865671645]","[0.5020689655172413, 0.5394566623544631, 0.4857142857142857, 0.3988195615514334, 0.45585215605749485, 0.310126582278481, 0.5355239786856127, 0.5482954545454546, 0.3933649289099526, 0.5800995024875621]","[0.8151724137931035, 0.8576972833117723, 0.9094224924012158, 0.8870151770657673, 0.8788501026694046, 0.8911392405063291, 0.9005328596802842, 0.8607954545454546, 0.8732227488151659, 0.8308457711442786]",0.40089432904533917,9,"[0.42102272727272727, 0.40384615384615385, 0.36607142857142855, 0.436875, 0.3907894736842105, 0.42696078431372547, 0.3804347826086957, 0.40260416666666665, 0.3794444444444444, null]",4.140600919723511,0.6822714805603027,0.0048792362213134766,3.3398022651672363,0.00112152099609375,0.0532069206237793,,3bc506f13a5e,success,
roberta_base_banking77,Banking77,10,0.1,43,300,4.0,no_phase0,none,0,0.0,weight_avg,depth-1,0.44935064935064933,0.17519480519480518,0.29285714285714287,0.887012987012987,0.021103896103896104,-0.39090183842565984,0,10,"[-0.25322580645161286, -0.3652822151224707, -0.3200568990042675, -0.41773399014778323, -0.39703365658870504, -0.5181564245810055, -0.37375287797390644, -0.5365853658536586, -0.3505933117583603, -0.37659783677482794]","[0.5532258064516129, 0.483493077742279, 0.5448079658605974, 0.45024630541871924, 0.5116942384483743, 0.2946927374301676, 0.5318495778971604, 0.2772785622593068, 0.5458468176914779, 0.45722713864306785]","[0.8064516129032258, 0.8487752928647497, 0.8648648648648649, 0.8679802955665025, 0.9087278950370793, 0.8128491620111732, 0.9056024558710668, 0.8138639281129654, 0.8964401294498382, 0.8338249754178958]",0.41138557658263736,9,"[0.36444444444444446, 0.4116279069767442, 0.4127906976744186, 0.3926136363636364, 0.3613636363636364, 0.43863636363636366, 0.4238095238095238, 0.47058823529411764, 0.42659574468085104, null]",4.110652446746826,0.7241084575653076,0.005054950714111328,3.2796034812927246,0.0011260509490966797,0.05223393440246582,,3bc506f13a5e,success,
roberta_base_banking77,Banking77,10,0.1,44,300,4.0,no_phase0,none,0,0.0,weight_avg,depth-1,0.43506493506493504,0.18844155844155847,0.2483766233766234,0.8883116883116883,0.018506493506493506,-0.41368117896108164,0,10,"[-0.4649610678531702, -0.5345454545454544, -0.35154394299287406, -0.44881075491209926, -0.42692307692307696, -0.41815097540288376, -0.3647276084949215, -0.36407300672430354, -0.287001287001287, -0.47607461476074614]","[0.42157953281423804, 0.3054545454545455, 0.5431512272367379, 0.3764219234746639, 0.4358974358974359, 0.4902459711620017, 0.5106186518928901, 0.5302593659942363, 0.5637065637065637, 0.3657745336577453]","[0.8865406006674083, 0.84, 0.894695170229612, 0.8252326783867632, 0.8628205128205129, 0.9083969465648855, 0.8753462603878116, 0.8943323727185398, 0.8507078507078507, 0.8418491484184915]",0.3869494095959738,9,"[0.37448979591836734, 0.4358490566037736, 0.33625, 0.41410256410256413, 0.3868421052631579, 0.375, 0.3819767441860465, 0.41770833333333335, 0.36032608695652174, null]",4.087608098983765,0.6824979782104492,0.00490880012512207,3.296046495437622,0.0011067390441894531,0.05407381057739258,,3bc506f13a5e,success,
roberta_base_banking77,Banking77,10,0.1,42,300,4.0,raw_union_K300,raw_union,9772,0.0,weight_avg,depth-1,0.8957792207792208,0.17496753246753247,0.24253246753246754,0.887012987012987,0.8935064935064935,0.0856356164832025,10,10,"[0.1489655172413793, 0.10349288486416564, 0.03404255319148941, 0.0708263069139966, 0.07392197125256672, 0.055696202531645644, 0.060390763765541755, 0.10085227272727271, 0.07582938388625582, 0.13233830845771144]","[0.9641379310344828, 0.9611901681759379, 0.9434650455927052, 0.9578414839797639, 0.9527720739219713, 0.9468354430379747, 0.9609236234458259, 0.9616477272727273, 0.9490521327014217, 0.96318407960199]","[0.8151724137931035, 0.8576972833117723, 0.9094224924012158, 0.8870151770657673, 0.8788501026694046, 0.8911392405063291, 0.9005328596802842, 0.8607954545454546, 0.8732227488151659, 0.8308457711442786]",0.8935486896382402,9,"[0.8960227272727272, 0.895673076923077, 0.9005952380952381, 0.886875, 0.8934210526315789, 0.8897058823529411, 0.8956521739130435, 0.8984375, 0.8855555555555555, null]",4.470037221908569,0.6780169010162354,0.435138463973999,3.2526450157165527,0.0010957717895507812,0.052525997161865234,,3bc506f13a5e,success,
roberta_base_banking77,Banking77,10,0.1,43,300,4.0,raw_union_K300,raw_union,9772,0.0,weight_avg,depth-1,0.8860389610389611,0.17519480519480518,0.29285714285714287,0.887012987012987,0.8834415584415585,0.09770680232201437,10,10,"[0.1596774193548388, 0.08945686900958472, 0.09246088193456614, 0.06896551724137934, 0.04848830576155161, 0.12290502793296088, 0.05372217958557168, 0.13735558408215653, 0.07227615965480039, 0.13176007866273354]","[0.9661290322580646, 0.9382321618743344, 0.957325746799431, 0.9369458128078818, 0.9572162007986309, 0.9357541899441341, 0.9593246354566385, 0.9512195121951219, 0.9687162891046386, 0.9655850540806293]","[0.8064516129032258, 0.8487752928647497, 0.8648648648648649, 0.8679802955665025, 0.9087278950370793, 0.8128491620111732, 0.9056024558710668, 0.8138639281129654, 0.8964401294498382, 0.8338249754178958]",0.8831680614775278,9,"[0.8738888888888889, 0.8813953488372093, 0.8947674418604651, 0.8829545454545454, 0.8727272727272727, 0.8818181818181818, 0.8910714285714286, 0.8975490196078432, 0.8723404255319149, null]",4.506452798843384,0.6751229763031006,0.438610315322876,3.2799737453460693,0.0011224746704101562,0.052248239517211914,,3bc506f13a5e,success,
roberta_base_banking77,Banking77,10,0.1,44,300,4.0,raw_union_K300,raw_union,9772,0.0,weight_avg,depth-1,0.888961038961039,0.18844155844155847,0.2483766233766234,0.8883116883116883,0.8863636363636364,0.08758989281022607,10,10,"[0.07563959955506117, 0.11818181818181817, 0.06254948535233573, 0.11892450879007244, 0.10897435897435892, 0.04495335029686176, 0.08125577100646353, 0.06628242074927959, 0.10424710424710426, 0.0948905109489051]","[0.9621802002224694, 0.9581818181818181, 0.9572446555819477, 0.9441571871768356, 0.9717948717948718, 0.9533502968617472, 0.9566020313942751, 0.9606147934678194, 0.954954954954955, 0.9367396593673966]","[0.8865406006674083, 0.84, 0.894695170229612, 0.8252326783867632, 0.8628205128205129, 0.9083969465648855, 0.8753462603878116, 0.8943323727185398, 0.8507078507078507, 0.8418491484184915]",0.8818370618596849,9,"[0.888265306122449, 0.8849056603773585, 0.865, 0.8948717948717949, 0.8657894736842106, 0.8797619047619047, 0.8953488372093024, 0.8854166666666666, 0.8771739130434782, null]",4.6478564739227295,0.731065034866333,0.48856234550476074,3.3052518367767334,0.0010747909545898438,0.05265545845031738,,3bc506f13a5e,success,
roberta_base_banking77,Banking77,10,0.3,42,300,4.0,no_phase0,none,0,0.0,weight_avg,depth-1,0.5996753246753247,0.24250000000000002,0.2987012987012987,0.887012987012987,0.012012987012987014,-0.17521079172285917,0,10,"[-0.09797979797979806, -0.2547076313181368, -0.21400394477317553, -0.1943605236656596, -0.13585291113381004, -0.1776699029126213, -0.202020202020202, -0.16168224299065426, -0.12201257861635229, -0.19181818181818178]","[0.6666666666666666, 0.5688800792864221, 0.6035502958579881, 0.6163141993957704, 0.6547497446373851, 0.6135922330097088, 0.6111111111111112, 0.6532710280373831, 0.6679245283018868, 0.6136363636363636]","[0.7646464646464647, 0.8235877106045589, 0.8175542406311637, 0.81067472306143, 0.7906026557711952, 0.7912621359223301, 0.8131313131313131, 0.8149532710280374, 0.789937106918239, 0.8054545454545454]",0.5593784666308821,9,"[0.53, 0.616304347826087, 0.54875, 0.5351851851851852, 0.5805555555555556, 0.5895833333333333, 0.51875, 0.525, 0.5902777777777778, null]",4.067218780517578,0.6773681640625,0.004866600036621094,3.2881243228912354,0.0010826587677001953,0.04747366905212402,,3bc506f13a5e,success,
roberta_base_banking77,Banking77,10,0.3,43,300,4.0,no_phase0,none,0,0.0,weight_avg,depth-1,0.5584415584415584,0.2450974025974026,0.3042207792207792,0.887012987012987,0.021103896103896104,-0.20949883981828318,0,10,"[-0.2656084656084656, -0.14143646408839772, -0.39506172839506165, -0.19651162790697674, -0.08387096774193548, -0.21094312455003594, -0.14789272030651346, -0.2102510460251047, -0.06487148102815177, -0.3785407725321888]","[0.5650793650793651, 0.6408839779005525, 0.38765432098765434, 0.5674418604651162, 0.6274193548387097, 0.6241900647948164, 0.6888888888888889, 0.5774058577405857, 0.6964504283965728, 0.44034334763948496]","[0.8306878306878307, 0.7823204419889502, 0.782716049382716, 0.763953488372093, 0.7112903225806452, 0.8351331893448524, 0.8367816091954023, 0.7876569037656904, 0.7613219094247246, 0.8188841201716738]",0.49784974398923676,9,"[0.4925, 0.5079545454545454, 0.47282608695652173, 0.5775, 0.492, 0.540625, 0.40875, 0.4523809523809524, 0.5361111111111111, null]",4.197387218475342,0.6866264343261719,0.004913806915283203,3.4068026542663574,0.0010991096496582031,0.048957109451293945,,3bc506f13a5e,success,
roberta_base_banking77,Banking77,10,0.3,44,300,4.0,no_phase0,none,0,0.0,weight_avg,depth-1,0.5974025974025974,0.24837662337662342,0.31396103896103894,0.8883116883116883,0.018506493506493506,-0.15384547105296503,0,10,"[-0.2649402390438247, -0.2028241335044929, -0.16094420600858372, -0.18709677419354842, -0.07671957671957663, -0.1479452054794521, -0.1463203463203463, -0.12485811577752559, -0.11696428571428574, -0.1098418277680141]","[0.5936254980079682, 0.5622593068035944, 0.6233905579399142, 0.5974193548387097, 0.6640211640211641, 0.6, 0.6528138528138528, 0.6492622020431328, 0.6928571428571428, 0.6827768014059754]","[0.8585657370517928, 0.7650834403080873, 0.7843347639484979, 0.7845161290322581, 0.7407407407407407, 0.7479452054794521, 0.7991341991341991, 0.7741203178206584, 0.8098214285714286, 0.7926186291739895]",0.5506589632131428,9,"[0.5568181818181818, 0.631, 0.48833333333333334, 0.5483333333333333, 0.5441176470588235, 0.55, 0.5092105263157894, 0.509, 0.6191176470588236, null]",4.424180030822754,0.7420315742492676,0.0048792362213134766,3.569464683532715,0.00109100341796875,0.04784703254699707,,3bc506f13a5e,success,
roberta_base_banking77,Banking77,10,0.3,42,300,4.0,raw_union_K300,raw_union,9772,0.0,weight_avg,depth-1,0.8944805194805194,0.24250000000000002,0.2987012987012987,0.887012987012987,0.8896103896103896,0.15127997202091004,10,10,"[0.19393939393939386, 0.12091179385530226, 0.14102564102564108, 0.13091641490433037, 0.16649642492339112, 0.1621359223300971, 0.14141414141414144, 0.13551401869158874, 0.1622641509433962, 0.1581818181818182]","[0.9585858585858585, 0.9444995044598612, 0.9585798816568047, 0.9415911379657603, 0.9570990806945863, 0.9533980582524272, 0.9545454545454546, 0.9504672897196261, 0.9522012578616352, 0.9636363636363636]","[0.7646464646464647, 0.8235877106045589, 0.8175542406311637, 0.81067472306143, 0.7906026557711952, 0.7912621359223301, 0.8131313131313131, 0.8149532710280374, 0.789937106918239, 0.8054545454545454]",0.9014427767957199,9,"[0.8975, 0.8978260869565218, 0.89125, 0.9092592592592592, 0.9069444444444444, 0.921875, 0.8973214285714286, 0.8868421052631579, 0.9041666666666667, null]",4.968765020370483,0.7421255111694336,0.5074071884155273,3.6130642890930176,0.0010776519775390625,0.04664301872253418,,3bc506f13a5e,success,
roberta_base_banking77,Banking77,10,0.3,43,300,4.0,raw_union_K300,raw_union,9772,0.0,weight_avg,depth-1,0.8860389610389611,0.2450974025974026,0.3042207792207792,0.887012987012987,0.8837662337662338,0.16392778701621982,10,10,"[0.13015873015873014, 0.1701657458563537, 0.1728395061728396, 0.1779069767441861, 0.24838709677419357, 0.12383009359251262, 0.11877394636015326, 0.16317991631799156, 0.1958384332925337, 0.13819742489270392]","[0.9608465608465608, 0.9524861878453039, 0.9555555555555556, 0.9418604651162791, 0.9596774193548387, 0.958963282937365, 0.9555555555555556, 0.950836820083682, 0.9571603427172583, 0.9570815450643777]","[0.8306878306878307, 0.7823204419889502, 0.782716049382716, 0.763953488372093, 0.7112903225806452, 0.8351331893448524, 0.8367816091954023, 0.7876569037656904, 0.7613219094247246, 0.8188841201716738]",0.8828405831956556,9,"[0.8766666666666667, 0.8818181818181818, 0.8967391304347826, 0.88375, 0.873, 0.9, 0.86375, 0.8726190476190476, 0.8972222222222223, null]",4.583238124847412,0.7187275886535645,0.4641225337982178,3.2925453186035156,0.0012676715850830078,0.046263694763183594,,3bc506f13a5e,success,
roberta_base_banking77,Banking77,10,0.3,44,300,4.0,raw_union_K300,raw_union,9772,0.0,weight_avg,depth-1,0.888961038961039,0.24837662337662342,0.31396103896103894,0.8883116883116883,0.887987012987013,0.1705258034586124,10,10,"[0.0869853917662683, 0.18870346598202825, 0.17274678111587982, 0.1548387096774193, 0.21825396825396826, 0.22054794520547938, 0.16103896103896098, 0.18161180476730987, 0.15357142857142858, 0.16695957820738128]","[0.9455511288180611, 0.9537869062901155, 0.9570815450643777, 0.9393548387096774, 0.958994708994709, 0.9684931506849315, 0.9601731601731601, 0.9557321225879682, 0.9633928571428572, 0.9595782073813708]","[0.8585657370517928, 0.7650834403080873, 0.7843347639484979, 0.7845161290322581, 0.7407407407407407, 0.7479452054794521, 0.7991341991341991, 0.7741203178206584, 0.8098214285714286, 0.7926186291739895]",0.8912487934035922,9,"[0.8852272727272728, 0.9, 0.895, 0.8616666666666667, 0.8794117647058823, 0.8875, 0.9013157894736842, 0.892, 0.9191176470588235, null]",4.589476585388184,0.6780722141265869,0.45841145515441895,3.331402063369751,0.0011134147644042969,0.047623395919799805,,3bc506f13a5e,success,
roberta_base_banking77,Banking77,10,1.0,42,100,4.0,no_phase0,none,0,0.0,weight_avg,depth-1,0.475974025974026,0.3249350649350649,0.37077922077922076,0.887012987012987,0.012012987012987014,-0.22058999251325603,0,10,"[-0.2826321467098166, -0.1852260198456449, -0.20276497695852536, -0.2123142250530785, -0.27214022140221406, -0.1556603773584906, -0.21278385197645078, -0.21786492374727662, -0.1706063720452209, -0.2939068100358423]","[0.4552319309600863, 0.525909592061742, 0.4769585253456221, 0.5010615711252654, 0.49723247232472323, 0.5094339622641509, 0.5567703952901598, 0.4934640522875817, 0.5405960945529291, 0.48655913978494625]","[0.7378640776699029, 0.7111356119073869, 0.6797235023041475, 0.7133757961783439, 0.7693726937269373, 0.6650943396226415, 0.7695542472666106, 0.7113289760348583, 0.71120246659815, 0.7804659498207885]",0.4693452380952381,9,"[0.35833333333333334, 0.44285714285714284, 0.675, 0.46875, 0.4, 0.4, 0.5875, 0.65, 0.24166666666666667, null]",1.9895012378692627,0.7180542945861816,0.0050160884857177734,1.17722487449646,0.0011403560638427734,0.04353022575378418,,3bc506f13a5e,success,
roberta_base_banking77,Banking77,10,1.0,42,300,4.0,no_phase0,none,0,0.0,weight_avg,depth-1,0.6678571428571428,0.3243831168831169,0.36948051948051946,0.887012987012987,0.012012987012987014,-0.013252184288883894,5,10,"[-0.05285868392664517, 0.03638368246968027, 0.012672811059907807, 0.013800424628450103, -0.08487084870848705, 0.03655660377358494, -0.047098402018502905, -0.004357298474945481, 0.03699897225077087, -0.07974910394265233]","[0.6871628910463862, 0.7475192943770672, 0.6889400921658986, 0.7250530785562632, 0.6854243542435424, 0.7016509433962265, 0.7216148023549201, 0.7069716775599129, 0.7482014388489209, 0.6998207885304659]","[0.7400215749730313, 0.7111356119073869, 0.6762672811059908, 0.7112526539278131, 0.7702952029520295, 0.6650943396226415, 0.768713204373423, 0.7113289760348583, 0.71120246659815, 0.7795698924731183]",0.6808531746031746,9,"[0.5875, 0.5464285714285714, 0.8, 0.71875, 0.5416666666666666, 0.75, 0.75, 0.85, 0.5833333333333334, null]",2.9385480880737305,0.5055930614471436,0.0034847259521484375,2.3483166694641113,0.0006849765777587891,0.035677433013916016,,3bc506f13a5e,success,
roberta_base_banking77,Banking77,10,1.0,42,300,4.0,no_phase0,none,0,0.0,weight_avg,depth-1,0.3685064935064935,0.12714285714285717,0.15454545454545454,0.8626623376623377,0.013636363636363636,0.02748832139257439,7,10,"[-0.020496224379719485, 0.0077177508269019035, 0.0794930875576037, 0.00424628450106157, -0.016605166051660514, 0.030660377358490587, -0.011774600504625754, 0.053376906318082784, 0.08016443987667005, 0.06810035842293904]","[0.389428263214671, 0.4553472987872106, 0.43202764976958524, 0.4118895966029724, 0.3874538745387454, 0.3938679245283019, 0.4373423044575273, 0.3954248366013072, 0.4316546762589928, 0.41308243727598565]","[0.4099244875943905, 0.4476295479603087, 0.35253456221198154, 0.40764331210191085, 0.4040590405904059, 0.3632075471698113, 0.44911690496215306, 0.3420479302832244, 0.35149023638232274, 0.3449820788530466]",0.3855820105820106,9,"[0.375, 0.20357142857142857, 0.3875, 0.475, 0.25, 0.35, 0.6375, 0.625, 0.16666666666666666, null]",4.148632764816284,0.6712145805358887,0.0050296783447265625,3.383378267288208,0.0011813640594482422,0.04204416275024414,,3bc506f13a5e,success,
roberta_base_banking77,Banking77,10,1.0,42,300,4.0,no_phase0,none,0,0.0,weight_avg,depth-1,0.6675324675324675,0.3249350649350649,0.37077922077922076,0.887012987012987,0.012012987012987014,-0.013006453860759493,5,10,"[-0.04854368932038833, 0.03638368246968027, 0.009216589861751112, 0.010615711252653925, -0.08394833948339486, 0.03655660377358494, -0.04541631623212783, -0.002178649237472685, 0.03699897225077087, -0.07974910394265233]","[0.6893203883495146, 0.7475192943770672, 0.6889400921658986, 0.7239915074309978, 0.6854243542435424, 0.7016509433962265, 0.7241379310344828, 0.7091503267973857, 0.7482014388489209, 0.7007168458781362]","[0.7378640776699029, 0.7111356119073869, 0.6797235023041475, 0.7133757961783439, 0.7693726937269373, 0.6650943396226415, 0.7695542472666106, 0.7113289760348583, 0.71120246659815, 0.7804659498207885]",0.6799272486772486,9,"[0.5875, 0.5464285714285714, 0.8, 0.71875, 0.5416666666666666, 0.75, 0.75, 0.85, 0.575, null]",4.179814338684082,0.6947753429412842,0.005038738250732422,3.372046709060669,0.001100778579711914,0.04576754570007324,,3bc506f13a5e,success,
roberta_base_banking77,Banking77,10,1.0,42,300,4.0,no_phase0,none,0,0.0,weight_avg,depth-1,0.3938311688311688,0.3249350649350649,0.37077922077922076,0.887012987012987,0.012012987012987014,-0.30322013542725906,0,10,"[-0.3484358144552319, -0.2601984564498346, -0.2799539170506912, -0.2834394904458598, -0.36254612546125464, -0.2759433962264151, -0.2851135407905803, -0.3169934640522875, -0.2548818088386433, -0.36469534050179214]","[0.389428263214671, 0.45093715545755236, 0.39976958525345624, 0.4299363057324841, 0.40682656826568264, 0.3891509433962264, 0.48444070647603027, 0.39433551198257083, 0.4563206577595067, 0.4157706093189964]","[0.7378640776699029, 0.7111356119073869, 0.6797235023041475, 0.7133757961783439, 0.7693726937269373, 0.6650943396226415, 0.7695542472666106, 0.7113289760348583, 0.71120246659815, 0.7804659498207885]",0.44074074074074077,9,"[0.36666666666666664, 0.375, 0.675, 0.4, 0.2916666666666667, 0.5125, 0.5125, 0.725, 0.10833333333333334, null]",5.7587361335754395,0.7469625473022461,0.005158662796020508,4.909369707107544,0.0011680126190185547,0.04379153251647949,,3bc506f13a5e,success,
roberta_base_banking77,Banking77,10,1.0,42,50,4.0,no_phase0,none,0,0.0,weight_avg,depth-1,0.274025974025974,0.3249350649350649,0.37077922077922076,0.887012987012987,0.012012987012987014,-0.4296668752111138,0,10,"[-0.47572815533980584, -0.40793825799338473, -0.39285714285714285, -0.435244161358811, -0.4723247232472325, -0.35141509433962265, -0.4381833473507149, -0.4259259259259259, -0.4203494347379239, -0.4767025089605735]","[0.2621359223300971, 0.3031973539140022, 0.2868663594470046, 0.2781316348195329, 0.29704797047970477, 0.3136792452830189, 0.3313708999158957, 0.28540305010893247, 0.2908530318602261, 0.30376344086021506]","[0.7378640776699029, 0.7111356119073869, 0.6797235023041475, 0.7133757961783439, 0.7693726937269373, 0.6650943396226415, 0.7695542472666106, 0.7113289760348583, 0.71120246659815, 0.7804659498207885]",0.22549603174603178,9,"[0.2, 0.3107142857142857, 0.35, 0.23125, 0.14166666666666666, 0.0625, 0.375, 0.25, 0.10833333333333334, null]",1.4193689823150635,0.7200524806976318,0.005071878433227539,0.5970067977905273,0.0011131763458251953,0.043250322341918945,,3bc506f13a5e,success,
roberta_base_banking77,Banking77,10,1.0,42,600,4.0,no_phase0,none,0,0.0,weight_avg,depth-1,0.7295454545454545,0.3249350649350649,0.37077922077922076,0.887012987012987,0.012012987012987014,0.05103366269845676,8,10,"[0.02157497303128375, 0.09151047409040802, 0.06336405529953915, 0.08174097664543534, -0.014760147601476037, 0.1096698113207547, 0.008410428931875491, 0.05991285403050117, 0.09249743062692706, -0.0035842293906810374]","[0.7594390507011867, 0.802646085997795, 0.7430875576036866, 0.7951167728237792, 0.7546125461254612, 0.7747641509433962, 0.7779646761984861, 0.7712418300653595, 0.8036998972250771, 0.7768817204301075]","[0.7378640776699029, 0.7111356119073869, 0.6797235023041475, 0.7133757961783439, 0.7693726937269373, 0.6650943396226415, 0.7695542472666106, 0.7113289760348583, 0.71120246659815, 0.7804659498207885]",0.727910052910053,9,"[0.6208333333333333, 0.5928571428571429, 0.8125, 0.7875, 0.5916666666666667, 0.8125, 0.775, 0.925, 0.6333333333333333, null]",8.249080657958984,0.729473352432251,0.005099058151245117,7.423513412475586,0.0013492107391357422,0.0444338321685791,,3bc506f13a5e,success,
roberta_base_banking77,Banking77,10,1.0,43,100,4.0,no_phase0,none,0,0.0,weight_avg,depth-1,0.44383116883116885,0.32941558441558444,0.3983766233766234,0.887012987012987,0.021103896103896104,-0.25529049211181587,0,10,"[-0.2740066225165563, -0.24101969872537654, -0.2112018669778296, -0.2658509454949945, -0.2824909747292419, -0.3016453382084095, -0.2576470588235294, -0.26629422718808193, -0.2147024504084014, -0.23804573804573803]","[0.5165562913907285, 0.4820393974507532, 0.4644107351225204, 0.44160177975528364, 0.4927797833935018, 0.45521023765996343, 0.4235294117647059, 0.5065176908752328, 0.4970828471411902, 0.4916839916839917]","[0.7905629139072847, 0.7230590961761297, 0.67561260210035, 0.7074527252502781, 0.7752707581227437, 0.7568555758683729, 0.6811764705882353, 0.7728119180633147, 0.7117852975495916, 0.7297297297297297]",0.3770833333333333,7,"[0.35, 0.675, null, 0.1, 0.34375, 0.3416666666666667, null, 0.26666666666666666, 0.5625, null]",1.9998438358306885,0.7262027263641357,0.004995107650756836,1.1783828735351562,0.0011990070343017578,0.043569326400756836,,3bc506f13a5e,success,
roberta_base_banking77,Banking77,10,1.0,43,300,4.0,no_phase0,none,0,0.0,weight_avg,depth-1,0.6701298701298701,0.3288636363636363,0.3961038961038961,0.8873376623376623,0.021103896103896104,-0.02731525232830414,1,10,"[-0.041390728476821126, -0.01969872537659323, 0.017502917152858788, -0.03781979977753058, -0.07581227436823113, -0.050274223034734944, -0.020000000000000018, -0.03165735567970207, -0.014002333722287097, 0.0]","[0.7483443708609272, 0.7033603707995365, 0.6942823803967327, 0.6718576195773082, 0.6994584837545126, 0.706581352833638, 0.6611764705882353, 0.7420856610800745, 0.6977829638273045, 0.7276507276507277]","[0.7897350993377483, 0.7230590961761297, 0.676779463243874, 0.7096774193548387, 0.7752707581227437, 0.7568555758683729, 0.6811764705882353, 0.7737430167597765, 0.7117852975495916, 0.7276507276507277]",0.5601190476190476,7,"[0.6375, 0.7916666666666666, null, 0.4083333333333333, 0.49375, 0.49166666666666664, null, 0.4166666666666667, 0.68125, null]",2.9148733615875244,0.4993724822998047,0.0034875869750976562,2.3309383392333984,0.0006949901580810547,0.03645205497741699,,3bc506f13a5e,success,
roberta_base_banking77,Banking77,10,1.0,43,300,4.0,no_phase0,none,0,0.0,weight_avg,depth-1,0.37597402597402596,0.1284415584415584,0.16915584415584414,0.8558441558441559,0.017207792207792207,0.035618841502795824,7,10,"[0.04387417218543049, -0.02780996523754342, 0.10385064177362896, 0.07563959955506117, 0.11281588447653429, -0.000914076782449702, 0.0388235294117647, -0.05027932960893855, 0.046674445740956805, 0.013513513513513487]","[0.4602649006622517, 0.406720741599073, 0.4294049008168028, 0.3781979977753059, 0.4259927797833935, 0.3921389396709324, 0.4047058823529412, 0.41527001862197394, 0.41656942823803966, 0.4189189189189189]","[0.4163907284768212, 0.43453070683661643, 0.32555425904317387, 0.3025583982202447, 0.3131768953068592, 0.3930530164533821, 0.3658823529411765, 0.4655493482309125, 0.36989498249708286, 0.40540540540540543]",0.3577380952380952,7,"[0.5, 0.6666666666666666, null, 0.16666666666666666, 0.30625, 0.2, null, 0.3333333333333333, 0.33125, null]",4.208337783813477,0.7194211483001709,0.005173206329345703,3.392430305480957,0.0011997222900390625,0.0417327880859375,,3bc506f13a5e,success,
roberta_base_banking77,Banking77,10,1.0,43,300,4.0,no_phase0,none,0,0.0,weight_avg,depth-1,0.6707792207792208,0.32941558441558444,0.3983766233766234,0.887012987012987,0.021103896103896104,-0.026909087413349197,1,10,"[-0.041390728476821126, -0.02085747392815751, 0.015169194865811031, -0.034482758620689724, -0.0767148014440433, -0.04936014625228513, -0.018823529411764683, -0.029795158286778367, -0.012835472578763163, 0.0]","[0.7491721854304636, 0.7022016222479722, 0.690781796966161, 0.6729699666295884, 0.6985559566787004, 0.7074954296160878, 0.6623529411764706, 0.7430167597765364, 0.6989498249708285, 0.7297297297297297]","[0.7905629139072847, 0.7230590961761297, 0.67561260210035, 0.7074527252502781, 0.7752707581227437, 0.7568555758683729, 0.6811764705882353, 0.7728119180633147, 0.7117852975495916, 0.7297297297297297]",0.5619047619047619,7,"[0.65, 0.7916666666666666, null, 0.4083333333333333, 0.49375, 0.49166666666666664, null, 0.4166666666666667, 0.68125, null]",4.1585001945495605,0.707275390625,0.005013227462768555,3.341017007827759,0.0012428760528564453,0.04327702522277832,,3bc506f13a5e,success,
roberta_base_banking77,Banking77,10,1.0,43,300,4.0,no_phase0,none,0,0.0,weight_avg,depth-1,0.38376623376623376,0.32941558441558444,0.3983766233766234,0.887012987012987,0.021103896103896104,-0.3207095388901226,0,10,"[-0.3187086092715231, -0.3232908458864426, -0.2672112018669778, -0.34149054505005566, -0.36642599277978344, -0.36471663619744055, -0.30235294117647055, -0.34171322160148976, -0.30571761960326727, -0.27546777546777546]","[0.4718543046357616, 0.39976825028968715, 0.40840140023337224, 0.3659621802002225, 0.40884476534296027, 0.3921389396709324, 0.3788235294117647, 0.43109869646182497, 0.40606767794632437, 0.45426195426195426]","[0.7905629139072847, 0.7230590961761297, 0.67561260210035, 0.7074527252502781, 0.7752707581227437, 0.7568555758683729, 0.6811764705882353, 0.7728119180633147, 0.7117852975495916, 0.7297297297297297]",0.3550595238095238,7,"[0.325, 0.65, null, 0.08333333333333333, 0.33125, 0.31666666666666665, null, 0.24166666666666667, 0.5375, null]",5.870650053024292,0.7793371677398682,0.0050237178802490234,4.988491058349609,0.0011417865753173828,0.043862104415893555,,3bc506f13a5e,success,
roberta_base_banking77,Banking77,10,1.0,43,50,4.0,no_phase0,none,0,0.0,weight_avg,depth-1,0.25551948051948054,0.32941558441558444,0.3983766233766234,0.887012987012987,0.021103896103896104,-0.4677315868637277,0,10,"[-0.48923841059602646, -0.44264194669756657, -0.4352392065344224, -0.4482758620689656, -0.4864620938628159, -0.5219378427787934, -0.42823529411764705, -0.5186219739292366, -0.43057176196032676, -0.47609147609147606]","[0.30132450331125826, 0.28041714947856317, 0.24037339556592766, 0.25917686318131256, 0.2888086642599278, 0.23491773308957953, 0.2529411764705882, 0.2541899441340782, 0.2812135355892649, 0.25363825363825365]","[0.7905629139072847, 0.7230590961761297, 0.67561260210035, 0.7074527252502781, 0.7752707581227437, 0.7568555758683729, 0.6811764705882353, 0.7728119180633147, 0.7117852975495916, 0.7297297297297297]",0.19166666666666665,7,"[0.0, 0.4583333333333333, null, 0.025, 0.1625, 0.23333333333333334, null, 0.1, 0.3625, null]",1.5448291301727295,0.7908961772918701,0.0050275325775146484,0.6487410068511963,0.00119781494140625,0.043297767639160156,,3bc506f13a5e,success,
roberta_base_banking77,Banking77,10,1.0,43,600,4.0,no_phase0,none,0,0.0,weight_avg,depth-1,0.7474025974025974,0.32941558441558444,0.3983766233766234,0.887012987012987,0.021103896103896104,0.05043032134010804,9,10,"[0.03228476821192061, 0.05330243337195828, 0.09334889148191372, 0.04449388209121241, 0.0, 0.026508226691042025, 0.0776470588235294, 0.03445065176908746, 0.06534422403733953, 0.07692307692307698]","[0.8228476821192053, 0.776361529548088, 0.7689614935822637, 0.7519466073414905, 0.7752707581227437, 0.783363802559415, 0.7588235294117647, 0.8072625698324022, 0.7771295215869312, 0.8066528066528067]","[0.7905629139072847, 0.7230590961761297, 0.67561260210035, 0.7074527252502781, 0.7752707581227437, 0.7568555758683729, 0.6811764705882353, 0.7728119180633147, 0.7117852975495916, 0.7297297297297297]",0.6363095238095238,7,"[0.725, 0.825, null, 0.5333333333333333, 0.525, 0.5916666666666667, null, 0.5166666666666667, 0.7375, null]",7.999029874801636,0.7555053234100342,0.0051457881927490234,7.145845413208008,0.0013365745544433594,0.045104026794433594,,3bc506f13a5e,success,
roberta_base_banking77,Banking77,10,1.0,44,100,4.0,no_phase0,none,0,0.0,weight_avg,depth-1,0.4655844155844156,0.3354545454545454,0.38441558441558443,0.8883116883116883,0.018506493506493506,-0.2330208140600413,0,10,"[-0.23041044776119401, -0.22702104097452935, -0.24687800192122955, -0.1658878504672897, -0.2774070543374642, -0.23379383634431455, -0.2557077625570776, -0.2828185328185328, -0.2332613390928726, -0.17702227432590856]","[0.539179104477612, 0.4994462901439646, 0.5033621517771374, 0.5035046728971962, 0.4861773117254528, 0.49840595111583424, 0.5031963470319635, 0.47104247104247104, 0.4956803455723542, 0.5041031652989449]","[0.769589552238806, 0.7264673311184939, 0.7502401536983669, 0.669392523364486, 0.763584366062917, 0.7321997874601488, 0.7589041095890411, 0.7538610038610039, 0.7289416846652268, 0.6811254396248535]",0.4031084656084656,9,"[0.4, 0.3958333333333333, 0.7, 0.6, 0.1, 0.5, 0.2875, 0.43214285714285716, 0.2125, null]",2.040642261505127,0.7381992340087891,0.00508427619934082,1.194122076034546,0.0013165473937988281,0.04546976089477539,,3bc506f13a5e,success,
roberta_base_banking77,Banking77,10,1.0,44,300,4.0,no_phase0,none,0,0.0,weight_avg,depth-1,0.6685064935064935,0.3349025974025974,0.3840909090909091,0.888961038961039,0.018506493506493506,-0.019765209906189973,4,10,"[-0.04664179104477617, 0.0055370985603543366, -0.03073967339097028, 0.031542056074766345, -0.06101048617731175, 0.01700318809776835, -0.05753424657534245, -0.06660231660231664, -0.030237580993520474, 0.041031652989449]","[0.7220149253731343, 0.7320044296788483, 0.7185398655139289, 0.6997663551401869, 0.7006673021925643, 0.7470775770456961, 0.7004566210045662, 0.6862934362934363, 0.6965442764578834, 0.7221570926143025]","[0.7686567164179104, 0.7264673311184939, 0.7492795389048992, 0.6682242990654206, 0.7616777883698761, 0.7300743889479278, 0.7579908675799086, 0.752895752895753, 0.7267818574514039, 0.6811254396248535]",0.557308201058201,9,"[0.55625, 0.6875, 0.85, 0.7, 0.125, 0.6166666666666667, 0.4125, 0.5428571428571428, 0.525, null]",3.2527272701263428,0.533714771270752,0.0035462379455566406,2.631326198577881,0.0007715225219726562,0.038262128829956055,,3bc506f13a5e,success,
roberta_base_banking77,Banking77,10,1.0,44,300,4.0,no_phase0,none,0,0.0,weight_avg,depth-1,0.41818181818181815,0.13214285714285717,0.15324675324675324,0.8587662337662337,0.013311688311688311,0.08081919639081311,10,10,"[0.13339552238805968, 0.06644518272425254, 0.04034582132564846, 0.07242990654205606, 0.04385128693994278, 0.043570669500531345, 0.1360730593607306, 0.06370656370656369, 0.05831533477321815, 0.15005861664712777]","[0.49720149253731344, 0.44739756367663347, 0.43611911623439004, 0.4532710280373832, 0.4613918017159199, 0.46971307120085015, 0.4639269406392694, 0.4469111969111969, 0.4190064794816415, 0.49824150058616645]","[0.36380597014925375, 0.38095238095238093, 0.3957732949087416, 0.3808411214953271, 0.41754051477597715, 0.4261424017003188, 0.3278538812785388, 0.3832046332046332, 0.36069114470842334, 0.3481828839390387]",0.3416666666666666,9,"[0.1375, 0.4083333333333333, 0.7, 0.4875, 0.0, 0.44166666666666665, 0.1625, 0.325, 0.4125, null]",4.167555570602417,0.7448630332946777,0.005053043365478516,3.313371181488037,0.0013659000396728516,0.04325723648071289,,3bc506f13a5e,success,
roberta_base_banking77,Banking77,10,1.0,44,300,4.0,no_phase0,none,0,0.0,weight_avg,depth-1,0.6688311688311688,0.3354545454545454,0.38441558441558443,0.8883116883116883,0.018506493506493506,-0.02030063238845715,4,10,"[-0.04570895522388063, 0.007751937984496138, -0.030739673390970168, 0.028037383177570097, -0.06291706387035267, 0.014877789585547307, -0.05753424657534245, -0.06756756756756754, -0.030237580993520585, 0.041031652989449]","[0.7238805970149254, 0.7342192691029901, 0.7195004803073968, 0.697429906542056, 0.7006673021925643, 0.7470775770456961, 0.7013698630136986, 0.6862934362934363, 0.6987041036717062, 0.7221570926143025]","[0.769589552238806, 0.7264673311184939, 0.7502401536983669, 0.669392523364486, 0.763584366062917, 0.7321997874601488, 0.7589041095890411, 0.7538610038610039, 0.7289416846652268, 0.6811254396248535]",0.5577050264550265,9,"[0.55625, 0.6875, 0.85, 0.7, 0.125, 0.6166666666666667, 0.4125, 0.5464285714285714, 0.525, null]",4.046650171279907,0.6784975528717041,0.0048711299896240234,3.257044553756714,0.001085519790649414,0.044864654541015625,,3bc506f13a5e,success,
roberta_base_banking77,Banking77,10,1.0,44,300,4.0,no_phase0,none,0,0.0,weight_avg,depth-1,0.3853896103896104,0.3354545454545454,0.38441558441558443,0.8883116883116883,0.018506493506493506,-0.30924893688772453,0,10,"[-0.3069029850746269, -0.30675526024363237, -0.30835734870317, -0.24065420560747663, -0.3365109628217349, -0.29330499468650373, -0.3515981735159817, -0.3667953667953668, -0.3272138228941685, -0.25439624853458387]","[0.4626865671641791, 0.41971207087486156, 0.44188280499519694, 0.4287383177570093, 0.4270734032411821, 0.43889479277364507, 0.40730593607305937, 0.38706563706563707, 0.4017278617710583, 0.42672919109026963]","[0.769589552238806, 0.7264673311184939, 0.7502401536983669, 0.669392523364486, 0.763584366062917, 0.7321997874601488, 0.7589041095890411, 0.7538610038610039, 0.7289416846652268, 0.6811254396248535]",0.32652116402116405,9,"[0.3125, 0.29583333333333334, 0.725, 0.4125, 0.025, 0.5, 0.1875, 0.3678571428571429, 0.1125, null]",5.9145426750183105,0.7962651252746582,0.005068063735961914,5.018820762634277,0.0011477470397949219,0.045520782470703125,,3bc506f13a5e,success,
roberta_base_banking77,Banking77,10,1.0,44,50,4.0,no_phase0,none,0,0.0,weight_avg,depth-1,0.2636363636363636,0.3354545454545454,0.38441558441558443,0.8883116883116883,0.018506493506493506,-0.44915676378260316,0,10,"[-0.4580223880597015, -0.4385382059800665, -0.4812680115273775, -0.3866822429906542, -0.4804575786463298, -0.44845908607863977, -0.4748858447488584, -0.5077220077220077, -0.41576673866090713, -0.3997655334114889]","[0.31156716417910446, 0.28792912513842744, 0.2689721421709894, 0.2827102803738318, 0.2831267874165872, 0.28374070138150903, 0.28401826484018267, 0.24613899613899615, 0.31317494600431967, 0.2813599062133646]","[0.769589552238806, 0.7264673311184939, 0.7502401536983669, 0.669392523364486, 0.763584366062917, 0.7321997874601488, 0.7589041095890411, 0.7538610038610039, 0.7289416846652268, 0.6811254396248535]",0.22271825396825395,9,"[0.21875, 0.22916666666666666, 0.225, 0.475, 0.05, 0.3333333333333333, 0.05, 0.2857142857142857, 0.1375, null]",1.462742567062378,0.7408323287963867,0.0051004886627197266,0.6123487949371338,0.0013659000396728516,0.045668840408325195,,3bc506f13a5e,success,
roberta_base_banking77,Banking77,10,1.0,44,600,4.0,no_phase0,none,0,0.0,weight_avg,depth-1,0.7334415584415584,0.3354545454545454,0.38441558441558443,0.8883116883116883,0.018506493506493506,0.04713692577064697,9,10,"[0.02332089552238803, 0.06644518272425248, 0.03938520653218058, 0.10514018691588789, -0.004766444232602418, 0.06695005313496283, 0.012785388127853903, 0.01158301158301156, 0.035637149028077686, 0.11488862837045721]","[0.792910447761194, 0.7929125138427464, 0.7896253602305475, 0.7745327102803738, 0.7588179218303146, 0.7991498405951116, 0.771689497716895, 0.7654440154440154, 0.7645788336933045, 0.7960140679953107]","[0.769589552238806, 0.7264673311184939, 0.7502401536983669, 0.669392523364486, 0.763584366062917, 0.7321997874601488, 0.7589041095890411, 0.7538610038610039, 0.7289416846652268, 0.6811254396248535]",0.6170634920634921,9,"[0.5875, 0.7375, 0.9, 0.8, 0.25, 0.625, 0.4125, 0.6285714285714286, 0.6125, null]",8.240185976028442,0.7768692970275879,0.0050694942474365234,7.355760097503662,0.0011265277862548828,0.044867515563964844,,3bc506f13a5e,success,
roberta_base_banking77,Banking77,10,1.0,42,300,4.0,raw_union_K300,raw_union,9772,0.0,weight_avg,depth-1,0.8951298701298701,0.3249350649350649,0.37077922077922076,0.887012987012987,0.8928571428571429,0.2292145061911154,10,10,"[0.21790722761596548, 0.24807056229327462, 0.27073732718894006, 0.23566878980891726, 0.1881918819188192, 0.2971698113207547, 0.18418839360807404, 0.2429193899782136, 0.24152106885919844, 0.16577060931899645]","[0.9557713052858684, 0.9592061742006616, 0.9504608294930875, 0.9490445859872612, 0.9575645756457565, 0.9622641509433962, 0.9537426408746846, 0.954248366013072, 0.9527235354573484, 0.946236559139785]","[0.7378640776699029, 0.7111356119073869, 0.6797235023041475, 0.7133757961783439, 0.7693726937269373, 0.6650943396226415, 0.7695542472666106, 0.7113289760348583, 0.71120246659815, 0.7804659498207885]",0.929265873015873,9,"[0.9041666666666667, 0.8821428571428571, 0.9875, 0.93125, 0.9083333333333333, 0.9875, 0.8875, 1.0, 0.875, null]",4.6742165088653564,0.6861047744750977,0.4705996513366699,3.4244513511657715,0.0010285377502441406,0.04288625717163086,,3bc506f13a5e,success,
roberta_base_banking77,Banking77,10,1.0,43,300,4.0,raw_union_K300,raw_union,9772,0.0,weight_avg,depth-1,0.8876623376623377,0.32941558441558444,0.3983766233766234,0.887012987012987,0.8866883116883116,0.22171828063001126,10,10,"[0.16556291390728484, 0.2224797219003477, 0.28354725787631274, 0.25250278086763067, 0.1732851985559567, 0.206581352833638, 0.26235294117647057, 0.18621973929236502, 0.23803967327887976, 0.22661122661122668]","[0.9561258278145696, 0.9455388180764774, 0.9591598599766628, 0.9599555061179088, 0.9485559566787004, 0.9634369287020109, 0.9435294117647058, 0.9590316573556797, 0.9498249708284714, 0.9563409563409564]","[0.7905629139072847, 0.7230590961761297, 0.67561260210035, 0.7074527252502781, 0.7752707581227437, 0.7568555758683729, 0.6811764705882353, 0.7728119180633147, 0.7117852975495916, 0.7297297297297297]",0.8761904761904761,7,"[0.875, 0.8833333333333333, null, 0.85, 0.8625, 0.9333333333333333, null, 0.8166666666666667, 0.9125, null]",4.595983266830444,0.6916086673736572,0.47271037101745605,3.3280587196350098,0.0010929107666015625,0.042363882064819336,,3bc506f13a5e,success,
roberta_base_banking77,Banking77,10,1.0,44,300,4.0,raw_union_K300,raw_union,9772,0.0,weight_avg,depth-1,0.8899350649350649,0.3354545454545454,0.38441558441558443,0.8883116883116883,0.8873376623376623,0.22244504432976261,10,10,"[0.19123134328358204, 0.23145071982281284, 0.20845341018251684, 0.2908878504672897, 0.19351763584366066, 0.2221041445270988, 0.20273972602739732, 0.18918918918918914, 0.2311015118790497, 0.26377491207502923]","[0.960820895522388, 0.9579180509413068, 0.9586935638808838, 0.9602803738317757, 0.9571020019065777, 0.9543039319872476, 0.9616438356164384, 0.943050193050193, 0.9600431965442765, 0.9449003516998827]","[0.769589552238806, 0.7264673311184939, 0.7502401536983669, 0.669392523364486, 0.763584366062917, 0.7321997874601488, 0.7589041095890411, 0.7538610038610039, 0.7289416846652268, 0.6811254396248535]",0.878968253968254,9,"[0.8375, 0.8958333333333334, 0.875, 0.925, 0.9, 0.8666666666666667, 0.8375, 0.8857142857142857, 0.8875, null]",4.865801572799683,0.6946368217468262,0.4787111282348633,3.5830743312835693,0.0011234283447265625,0.04616880416870117,,3bc506f13a5e,success,
roberta_base_banking77,Banking77,20,0.05,42,300,4.0,no_phase0,none,0,0.0,weight_avg,depth-1,0.3347402597402597,0.10212662337662337,0.16103896103896104,0.887012987012987,0.012012987012987014,-0.5070907097890929,0,20,"[-0.5171232876712328, -0.4982456140350877, -0.49046793760831886, -0.5217391304347827, -0.43526785714285715, -0.4060301507537689, -0.5106382978723405, -0.6120527306967984, -0.5, -0.5334346504559271, -0.6688888888888889, -0.501628664495114, -0.43930635838150284, -0.6335227272727273, -0.5300970873786408, -0.35781250000000003, -0.42823529411764705, -0.4909560723514212, -0.6478149100257069, -0.418552036199095]","[0.3698630136986301, 0.3298245614035088, 0.36568457538994803, 0.3681159420289855, 0.41964285714285715, 0.5105527638190954, 0.31382978723404253, 0.2598870056497175, 0.39204545454545453, 0.33890577507598785, 0.25555555555555554, 0.3517915309446254, 0.38439306358381503, 0.24431818181818182, 0.24271844660194175, 0.4265625, 0.40941176470588236, 0.39664082687338503, 0.2467866323907455, 0.34615384615384615]","[0.886986301369863, 0.8280701754385965, 0.8561525129982669, 0.8898550724637682, 0.8549107142857143, 0.9165829145728643, 0.824468085106383, 0.871939736346516, 0.8920454545454546, 0.8723404255319149, 0.9244444444444444, 0.8534201954397395, 0.8236994219653179, 0.8778409090909091, 0.7728155339805826, 0.784375, 0.8376470588235294, 0.8875968992248062, 0.8946015424164524, 0.7647058823529411]",0.32510033357406126,20,"[0.3120689655172414, 0.2858490566037736, 0.32901785714285714, 0.3138888888888889, 0.3305084745762712, 0.2810185185185185, 0.34795081967213115, 0.30462962962962964, 0.32049180327868854, 0.2972222222222222, 0.34508196721311474, 0.35122950819672133, 0.30204918032786887, 0.34098360655737703, 0.32175925925925924, 0.2691176470588235, 0.3101851851851852, 0.31020408163265306, 0.3204166666666667, 0.5083333333333333]",8.020886421203613,0.787543535232544,0.005055665969848633,7.076902151107788,0.00235748291015625,0.08629107475280762,,3bc506f13a5e,success,
roberta_base_banking77,Banking77,20,0.05,43,300,4.0,no_phase0,none,0,0.0,weight_avg,depth-1,0.32922077922077925,0.09636363636363635,0.1409090909090909,0.887012987012987,0.021103896103896104,-0.5074984645522085,0,20,"[-0.502086230876217, -0.5285524568393094, -0.5014084507042254, -0.49076517150395776, -0.3231707317073171, -0.6413502109704642, -0.4561752988047809, -0.5104477611940299, -0.4574468085106383, -0.4817880794701987, -0.6231060606060606, -0.6610644257703081, -0.6261510128913444, -0.4340425531914894, -0.5690021231422506, -0.42615012106537525, -0.5166374781085814, -0.5072115384615385, -0.4811320754716981, -0.41228070175438597]","[0.3588317107093185, 0.34395750332005315, 0.37464788732394366, 0.32717678100263853, 0.3170731707317073, 0.22151898734177214, 0.37649402390438247, 0.37910447761194027, 0.36436170212765956, 0.37251655629139074, 0.2518939393939394, 0.19607843137254902, 0.31123388581952116, 0.41702127659574467, 0.29936305732484075, 0.4092009685230024, 0.35376532399299476, 0.3918269230769231, 0.39622641509433965, 0.19298245614035087]","[0.8609179415855355, 0.8725099601593626, 0.8760563380281691, 0.8179419525065963, 0.6402439024390244, 0.8628691983122363, 0.8326693227091634, 0.8895522388059701, 0.8218085106382979, 0.8543046357615894, 0.875, 0.8571428571428571, 0.9373848987108656, 0.851063829787234, 0.8683651804670913, 0.8353510895883777, 0.8704028021015762, 0.8990384615384616, 0.8773584905660378, 0.6052631578947368]",0.31809352997406015,20,"[0.3104545454545454, 0.30925925925925923, 0.2945, 0.33663793103448275, 0.33771929824561403, 0.33278688524590166, 0.3350877192982456, 0.3066964285714286, 0.3018867924528302, 0.29224137931034483, 0.32457627118644067, 0.348015873015873, 0.3123076923076923, 0.28903508771929826, 0.31724137931034485, 0.309375, 0.2951754385964912, 0.3262295081967213, 0.2969298245614035, 0.38571428571428573]",8.078457593917847,0.7866530418395996,0.005160331726074219,7.150514841079712,0.0020117759704589844,0.08116960525512695,,3bc506f13a5e,success,
roberta_base_banking77,Banking77,20,0.05,44,300,4.0,no_phase0,none,0,0.0,weight_avg,depth-1,0.32402597402597405,0.09467532467532466,0.13636363636363635,0.8883116883116883,0.018506493506493506,-0.5074944643699879,0,20,"[-0.4359861591695502, -0.5675675675675675, -0.4175182481751825, -0.5950704225352113, -0.4311688311688312, -0.5, -0.5971731448763251, -0.6351084812623274, -0.5031712473572939, -0.49248120300751885, -0.35429769392033544, -0.6978723404255319, -0.45833333333333326, -0.40683229813664595, -0.4855555555555556, -0.5070707070707071, -0.6297169811320755, -0.46581196581196577, -0.5340179717586648, -0.4351351351351351]","[0.4359861591695502, 0.23166023166023167, 0.42773722627737226, 0.2323943661971831, 0.36363636363636365, 0.39889705882352944, 0.2703180212014134, 0.21499013806706113, 0.34460887949260044, 0.37593984962406013, 0.46750524109014674, 0.20851063829787234, 0.3991228070175439, 0.3105590062111801, 0.3988888888888889, 0.3414141414141414, 0.21933962264150944, 0.358974358974359, 0.37098844672657255, 0.2864864864864865]","[0.8719723183391004, 0.7992277992277992, 0.8452554744525548, 0.8274647887323944, 0.7948051948051948, 0.8988970588235294, 0.8674911660777385, 0.8500986193293886, 0.8477801268498943, 0.868421052631579, 0.8218029350104822, 0.9063829787234042, 0.8574561403508771, 0.717391304347826, 0.8844444444444445, 0.8484848484848485, 0.8490566037735849, 0.8247863247863247, 0.9050064184852374, 0.7216216216216216]",0.3127981198159161,20,"[0.31384615384615383, 0.3261904761904762, 0.3040178571428571, 0.3270161290322581, 0.30603448275862066, 0.32958333333333334, 0.30925925925925923, 0.33577586206896554, 0.3375, 0.3183035714285714, 0.2830188679245283, 0.3213768115942029, 0.30560344827586206, 0.29074074074074074, 0.2857142857142857, 0.3074561403508772, 0.3277777777777778, 0.3151785714285714, 0.2965686274509804, 0.315]",8.17218565940857,0.8008606433868408,0.005044698715209961,7.229628801345825,0.0020143985748291016,0.08192563056945801,,3bc506f13a5e,success,
roberta_base_banking77,Banking77,20,1.0,42,300,4.0,no_phase0,none,0,0.0,weight_avg,depth-1,0.6623376623376623,0.20681818181818185,0.2685064935064935,0.887012987012987,0.012012987012987014,0.10526719254584016,20,20,"[0.11936339522546424, 0.08883248730964466, 0.15127701375245572, 0.11521739130434783, 0.08018867924528306, 0.07126948775055675, 0.12133891213389125, 0.08858267716535428, 0.03600000000000003, 0.0944881889763779, 0.10567514677103718, 0.12742980561555073, 0.08736059479553904, 0.06921944035346095, 0.10444444444444445, 0.11359026369168357, 0.08712121212121215, 0.10909090909090902, 0.05999999999999994, 0.27485380116959063]","[0.7002652519893899, 0.6928934010152284, 0.756385068762279, 0.6869565217391305, 0.7334905660377359, 0.6703786191536748, 0.7050209205020921, 0.7145669291338582, 0.644, 0.655511811023622, 0.7142857142857143, 0.7170626349892009, 0.7007434944237918, 0.7525773195876289, 0.7066666666666667, 0.7058823529411765, 0.6988636363636364, 0.7, 0.7181818181818181, 0.7212475633528265]","[0.5809018567639257, 0.6040609137055838, 0.6051080550098232, 0.5717391304347826, 0.6533018867924528, 0.5991091314031181, 0.5836820083682008, 0.6259842519685039, 0.608, 0.5610236220472441, 0.6086105675146771, 0.5896328293736501, 0.6133828996282528, 0.6833578792341679, 0.6022222222222222, 0.592292089249493, 0.6117424242424242, 0.5909090909090909, 0.6581818181818182, 0.44639376218323584]",0.6038090753057859,18,"[0.5776315789473684, 0.66875, 0.74375, 0.5833333333333334, 0.6134615384615385, 0.6678571428571428, null, 0.5125, 0.665, 0.655, 0.575, 0.5464285714285714, 0.6583333333333333, 0.5535714285714286, 0.5571428571428572, 0.6535714285714286, 0.5178571428571429, 0.66, 0.459375, null]",8.43236255645752,0.8045620918273926,0.0050280094146728516,7.515641212463379,0.0019998550415039062,0.05301356315612793,,3bc506f13a5e,success,
roberta_base_banking77,Banking77,20,1.0,43,300,4.0,no_phase0,none,0,0.0,weight_avg,depth-1,0.6607142857142857,0.21847402597402596,0.25811688311688313,0.887012987012987,0.021103896103896104,0.07498043822158103,19,20,"[0.08860759493670889, 0.11229946524064172, 0.07619047619047614, 0.031553398058252524, 0.1389473684210527, 0.06972111553784865, 0.079185520361991, 0.06488549618320616, 0.08530805687203791, 0.04946236559139783, 0.13347022587268997, 0.07664884135472372, 0.0716911764705882, 0.026966292134831482, 0.04646017699115046, 0.03949730700179532, -0.027372262773722622, 0.059701492537313494, 0.1568627450980392, 0.11952191235059761]","[0.7827004219409283, 0.7130124777183601, 0.7214285714285714, 0.6480582524271845, 0.7431578947368421, 0.701195219123506, 0.7036199095022625, 0.6717557251908397, 0.6848341232227488, 0.6473118279569893, 0.6878850102669405, 0.7023172905525846, 0.7316176470588235, 0.6741573033707865, 0.6902654867256637, 0.7091561938958707, 0.677007299270073, 0.6353944562899787, 0.7313725490196078, 0.7270916334661355]","[0.6940928270042194, 0.6007130124777184, 0.6452380952380953, 0.616504854368932, 0.6042105263157894, 0.6314741035856574, 0.6244343891402715, 0.6068702290076335, 0.5995260663507109, 0.5978494623655914, 0.5544147843942505, 0.6256684491978609, 0.6599264705882353, 0.647191011235955, 0.6438053097345132, 0.6696588868940754, 0.7043795620437956, 0.5756929637526652, 0.5745098039215686, 0.6075697211155379]",0.5844000626566416,19,"[0.4982142857142857, 0.50625, 0.6357142857142857, 0.5214285714285715, 0.5375, 0.61, 0.225, 0.39375, 0.64375, 0.6214285714285714, 0.709375, 0.69375, 0.6083333333333333, 0.75, 0.725, 0.58125, 0.7178571428571429, 0.6833333333333333, 0.44166666666666665, null]",8.130379676818848,0.841693639755249,0.0050809383392333984,7.166453123092651,0.0019774436950683594,0.054059743881225586,,3bc506f13a5e,success,
roberta_base_banking77,Banking77,20,1.0,44,300,4.0,no_phase0,none,0,0.0,weight_avg,depth-1,0.637987012987013,0.1981168831168831,0.237012987012987,0.8883116883116883,0.018506493506493506,0.08063959451164272,18,20,"[0.13111545988258322, 0.0674157303370786, 0.06876227897838905, 0.05720823798626995, 0.09347826086956523, 0.052854122621564414, 0.225974025974026, 0.051219512195121886, 0.07894736842105265, -0.042031523642732105, 0.08955223880597019, 0.10080645161290325, 0.053097345132743334, 0.07676348547717837, 0.05238095238095242, 0.09255533199195176, 0.146484375, 0.14529914529914534, 0.07090909090909092, 0.0]","[0.7025440313111546, 0.6779026217228464, 0.6699410609037328, 0.6636155606407322, 0.6521739130434783, 0.6638477801268499, 0.6857142857142857, 0.697560975609756, 0.6477732793522267, 0.6182136602451839, 0.6801705756929638, 0.6895161290322581, 0.7097345132743362, 0.7012448132780082, 0.6571428571428571, 0.7203219315895373, 0.685546875, 0.7478632478632479, 0.7218181818181818, 0.6408317580340265]","[0.5714285714285714, 0.6104868913857678, 0.6011787819253438, 0.6064073226544623, 0.558695652173913, 0.6109936575052854, 0.4597402597402597, 0.6463414634146342, 0.5688259109311741, 0.660245183887916, 0.5906183368869936, 0.5887096774193549, 0.6566371681415929, 0.6244813278008299, 0.6047619047619047, 0.6277665995975855, 0.5390625, 0.6025641025641025, 0.6509090909090909, 0.6408317580340265]",0.5434978070175438,19,"[0.5645833333333333, 0.559375, 0.39166666666666666, 0.6714285714285714, 0.5625, 0.6357142857142857, 0.44166666666666665, 0.49722222222222223, 0.825, 0.35, 0.5, 0.7666666666666667, 0.5916666666666667, 0.5361111111111111, 0.58, 0.225, 0.71, 0.34285714285714286, 0.575, null]",8.184596061706543,0.8191955089569092,0.0050203800201416016,7.246915578842163,0.002010822296142578,0.052135467529296875,,3bc506f13a5e,success,
roberta_base_banking77,Banking77,50,0.05,42,300,4.0,no_phase0,none,0,0.0,weight_avg,depth-1,0.2558441558441558,0.06515584415584416,0.1,0.887012987012987,0.012012987012987014,-0.4903960592242298,0,50,"[-0.4448669201520913, -0.7073170731707317, -0.4611111111111111, -0.45360824742268036, -0.509641873278237, -0.38834951456310685, -0.6062176165803109, -0.3474576271186441, -0.22727272727272724, -0.6839080459770115, -0.44999999999999996, -0.4375, -0.43457943925233644, -0.6610169491525424, -0.5833333333333333, -0.5828220858895705, -0.4797687861271676, -0.5221518987341772, -0.09411764705882353, -0.3333333333333333, -0.3956043956043956, -0.5069930069930069, -0.4619289340101522, -0.5086705202312138, -0.48275862068965514, -0.22000000000000003, -0.5304568527918782, -0.6825396825396826, -0.4368932038834952, -0.6258064516129033, -0.6387959866220736, -0.6164383561643836, -0.43589743589743585, -0.5252525252525253, -0.5820105820105821, -0.4810126582278481, -0.5538461538461539, -0.484251968503937, -0.4258373205741626, -0.6385542168674698, -0.4342105263157895, -0.4385026737967914, -0.6442307692307692, -0.5582822085889569, -0.4771241830065359, -0.39195979899497485, -0.5109170305676856, -0.532, -0.4279661016949152, -0.46268656716417916]","[0.3612167300380228, 0.15447154471544716, 0.3277777777777778, 0.24742268041237114, 0.2534435261707989, 0.24271844660194175, 0.20725388601036268, 0.1864406779661017, 0.42424242424242425, 0.1896551724137931, 0.24444444444444444, 0.296875, 0.26635514018691586, 0.2245762711864407, 0.23809523809523808, 0.26380368098159507, 0.26011560693641617, 0.31645569620253167, 0.49411764705882355, 0.42276422764227645, 0.2967032967032967, 0.3041958041958042, 0.2639593908629442, 0.3699421965317919, 0.3694581280788177, 0.34, 0.29441624365482233, 0.19576719576719576, 0.2912621359223301, 0.2129032258064516, 0.22073578595317725, 0.2328767123287671, 0.3547008547008547, 0.1717171717171717, 0.23809523809523808, 0.25316455696202533, 0.26153846153846155, 0.3464566929133858, 0.33014354066985646, 0.1855421686746988, 0.3157894736842105, 0.2727272727272727, 0.08653846153846154, 0.27607361963190186, 0.24836601307189543, 0.41708542713567837, 0.3318777292576419, 0.304, 0.288135593220339, 0.2462686567164179]","[0.8060836501901141, 0.8617886178861789, 0.7888888888888889, 0.7010309278350515, 0.7630853994490359, 0.6310679611650486, 0.8134715025906736, 0.5338983050847458, 0.6515151515151515, 0.8735632183908046, 0.6944444444444444, 0.734375, 0.7009345794392523, 0.885593220338983, 0.8214285714285714, 0.8466257668711656, 0.7398843930635838, 0.8386075949367089, 0.5882352941176471, 0.7560975609756098, 0.6923076923076923, 0.8111888111888111, 0.7258883248730964, 0.8786127167630058, 0.8522167487684729, 0.56, 0.8248730964467005, 0.8783068783068783, 0.7281553398058253, 0.8387096774193549, 0.8595317725752508, 0.8493150684931506, 0.7905982905982906, 0.696969696969697, 0.8201058201058201, 0.7341772151898734, 0.8153846153846154, 0.8307086614173228, 0.7559808612440191, 0.8240963855421687, 0.75, 0.7112299465240641, 0.7307692307692307, 0.8343558282208589, 0.7254901960784313, 0.8090452261306532, 0.8427947598253275, 0.836, 0.7161016949152542, 0.7089552238805971]",0.2485598419648876,50,"[0.2389344262295082, 0.265234375, 0.2568548387096774, 0.2511194029850746, 0.2381818181818182, 0.24761904761904763, 0.247265625, 0.24919354838709679, 0.2504310344827586, 0.2676923076923077, 0.26101694915254237, 0.25614754098360654, 0.25, 0.25492424242424244, 0.24758064516129033, 0.25317460317460316, 0.25461538461538463, 0.23060344827586207, 0.24423076923076922, 0.2571969696969697, 0.25884615384615384, 0.24772727272727274, 0.245, 0.24523809523809523, 0.2569672131147541, 0.24404761904761904, 0.23916666666666667, 0.25703125, 0.24696969696969698, 0.25859375, 0.25161290322580643, 0.2568548387096774, 0.25873015873015875, 0.2597826086956522, 0.24798387096774194, 0.25072463768115943, 0.25107142857142856, 0.2389344262295082, 0.2530701754385965, 0.2614406779661017, 0.259375, 0.245, 0.2662878787878788, 0.2575396825396825, 0.24098360655737705, 0.23208333333333334, 0.2536290322580645, 0.25234375, 0.25227272727272726, 0.11666666666666667]",18.666441917419434,0.9371051788330078,0.005052804946899414,17.46820569038391,0.004618167877197266,0.16823363304138184,,3bc506f13a5e,success,
roberta_base_banking77,Banking77,50,0.05,43,300,4.0,no_phase0,none,0,0.0,weight_avg,depth-1,0.24642857142857144,0.06868181818181818,0.10714285714285714,0.887012987012987,0.021103896103896104,-0.49527844871308496,0,50,"[-0.5714285714285714, -0.3166666666666667, -0.4155844155844156, -0.693103448275862, -0.3707865168539326, -0.6948640483383686, -0.532934131736527, -0.5422535211267605, -0.4402985074626865, -0.6310679611650485, -0.6845637583892616, -0.47619047619047616, -0.450261780104712, -0.6415094339622642, -0.458955223880597, -0.6167247386759582, -0.5992217898832686, -0.37323943661971837, -0.36458333333333337, -0.6234939759036144, -0.46766169154228854, -0.5466666666666666, -0.45248868778280543, -0.39631336405529954, -0.11009174311926606, -0.20661157024793386, -0.6227272727272727, -0.16071428571428575, -0.43043478260869567, -0.5985915492957747, -0.7933333333333333, -0.5178571428571429, -0.7985074626865671, -0.518716577540107, -0.11111111111111105, -0.663716814159292, -0.08653846153846156, -0.39999999999999997, -0.6141176470588235, -0.5802469135802469, -0.5792079207920792, -0.6167883211678832, -0.5988372093023255, -0.4893617021276595, -0.6301886792452831, -0.39751552795031053, -0.6078431372549019, -0.26153846153846155, -0.6319444444444444, -0.3765182186234818]","[0.326007326007326, 0.26666666666666666, 0.2727272727272727, 0.1310344827586207, 0.2696629213483146, 0.22054380664652568, 0.25748502994011974, 0.3626760563380282, 0.40671641791044777, 0.19902912621359223, 0.12080536912751678, 0.19047619047619047, 0.387434554973822, 0.18867924528301888, 0.34701492537313433, 0.23693379790940766, 0.14007782101167315, 0.5070422535211268, 0.13541666666666666, 0.22289156626506024, 0.4129353233830846, 0.32666666666666666, 0.27149321266968324, 0.3225806451612903, 0.3577981651376147, 0.1487603305785124, 0.1318181818181818, 0.48214285714285715, 0.2826086956521739, 0.29577464788732394, 0.10666666666666667, 0.21875, 0.12686567164179105, 0.26737967914438504, 0.4027777777777778, 0.23893805309734514, 0.36538461538461536, 0.2692307692307692, 0.2211764705882353, 0.1728395061728395, 0.2623762376237624, 0.2956204379562044, 0.2238372093023256, 0.24822695035460993, 0.22264150943396227, 0.34782608695652173, 0.2107843137254902, 0.2923076923076923, 0.20833333333333334, 0.17408906882591094]","[0.8974358974358975, 0.5833333333333334, 0.6883116883116883, 0.8241379310344827, 0.6404494382022472, 0.9154078549848943, 0.7904191616766467, 0.9049295774647887, 0.8470149253731343, 0.8300970873786407, 0.8053691275167785, 0.6666666666666666, 0.837696335078534, 0.8301886792452831, 0.8059701492537313, 0.8536585365853658, 0.7392996108949417, 0.8802816901408451, 0.5, 0.8463855421686747, 0.8805970149253731, 0.8733333333333333, 0.7239819004524887, 0.7188940092165899, 0.46788990825688076, 0.35537190082644626, 0.7545454545454545, 0.6428571428571429, 0.7130434782608696, 0.8943661971830986, 0.9, 0.7366071428571429, 0.9253731343283582, 0.786096256684492, 0.5138888888888888, 0.9026548672566371, 0.4519230769230769, 0.6692307692307692, 0.8352941176470589, 0.7530864197530864, 0.8415841584158416, 0.9124087591240876, 0.8226744186046512, 0.7375886524822695, 0.8528301886792453, 0.7453416149068323, 0.8186274509803921, 0.5538461538461539, 0.8402777777777778, 0.5506072874493927]",0.23952468878560887,50,"[0.22153846153846155, 0.248046875, 0.24029850746268658, 0.24625, 0.24356060606060606, 0.240625, 0.23809523809523808, 0.2425, 0.21666666666666667, 0.24253731343283583, 0.25436507936507935, 0.24206349206349206, 0.22459016393442624, 0.24563492063492062, 0.2139344262295082, 0.2331967213114754, 0.248046875, 0.23786764705882352, 0.26171875, 0.25669642857142855, 0.23576923076923076, 0.246484375, 0.24227272727272728, 0.22545454545454546, 0.22875, 0.24879032258064515, 0.24333333333333335, 0.23134920634920636, 0.23232758620689656, 0.23694029850746268, 0.24848484848484848, 0.234375, 0.25522388059701495, 0.2305084745762712, 0.233984375, 0.24491525423728813, 0.2459016393442623, 0.24016393442622952, 0.23221153846153847, 0.2508620689655172, 0.25234375, 0.2336065573770492, 0.23483606557377049, 0.25040983606557377, 0.23214285714285715, 0.2375, 0.24525862068965518, 0.24094827586206896, 0.2560344827586207, 0.20681818181818182]",19.793192863464355,1.0371088981628418,0.005169868469238281,18.490343809127808,0.00456547737121582,0.16321253776550293,,3bc506f13a5e,success,
roberta_base_banking77,Banking77,50,0.05,44,300,4.0,no_phase0,none,0,0.0,weight_avg,depth-1,0.2366883116883117,0.062155844155844145,0.10616883116883116,0.8883116883116883,0.018506493506493506,-0.5174552669491783,0,50,"[-0.3026315789473685, -0.6173913043478261, -0.5555555555555556, -0.431095406360424, -0.23157894736842105, -0.1415929203539823, -0.5603448275862069, -0.5691699604743083, -0.4831460674157303, -0.6049382716049383, -0.5260416666666666, -0.6851851851851852, -0.5733333333333333, -0.716012084592145, -0.4680851063829787, -0.5759717314487632, -0.6305732484076434, -0.6118421052631579, -0.5880149812734082, -0.5209580838323353, -0.4161849710982659, -0.6488095238095237, -0.7355371900826446, -0.18421052631578955, -0.683453237410072, -0.5980629539951574, -0.4924623115577889, -0.450199203187251, -0.7049180327868853, -0.6086956521739131, -0.4095238095238095, -0.3936170212765957, -0.39999999999999997, -0.5027624309392265, -0.4969325153374234, -0.5411764705882353, -0.7058823529411765, -0.6161971830985915, -0.6637168141592921, -0.5537459283387622, -0.5714285714285714, -0.6950354609929078, -0.38095238095238093, -0.30697674418604654, -0.2909090909090909, -0.5, -0.6043613707165109, -0.22916666666666663, -0.602857142857143, -0.4915254237288136]","[0.23684210526315788, 0.1826086956521739, 0.1871345029239766, 0.34275618374558303, 0.23157894736842105, 0.37168141592920356, 0.2413793103448276, 0.26877470355731226, 0.23595505617977527, 0.13580246913580246, 0.265625, 0.16666666666666666, 0.25666666666666665, 0.18429003021148035, 0.3009118541033435, 0.2826855123674912, 0.2229299363057325, 0.125, 0.19850187265917604, 0.38922155688622756, 0.35260115606936415, 0.24107142857142858, 0.1652892561983471, 0.3333333333333333, 0.12949640287769784, 0.2784503631961259, 0.34673366834170855, 0.3147410358565737, 0.13114754098360656, 0.1956521739130435, 0.18095238095238095, 0.1702127659574468, 0.44, 0.19889502762430938, 0.3987730061349693, 0.2529411764705882, 0.12941176470588237, 0.2992957746478873, 0.1415929203539823, 0.30293159609120524, 0.21978021978021978, 0.15602836879432624, 0.2857142857142857, 0.3209302325581395, 0.2727272727272727, 0.3, 0.21806853582554517, 0.4375, 0.26285714285714284, 0.24067796610169492]","[0.5394736842105263, 0.8, 0.7426900584795322, 0.773851590106007, 0.4631578947368421, 0.5132743362831859, 0.8017241379310345, 0.8379446640316206, 0.7191011235955056, 0.7407407407407407, 0.7916666666666666, 0.8518518518518519, 0.83, 0.9003021148036254, 0.7689969604863222, 0.8586572438162544, 0.8535031847133758, 0.7368421052631579, 0.7865168539325843, 0.9101796407185628, 0.7687861271676301, 0.8898809523809523, 0.9008264462809917, 0.5175438596491229, 0.8129496402877698, 0.8765133171912833, 0.8391959798994975, 0.7649402390438247, 0.8360655737704918, 0.8043478260869565, 0.5904761904761905, 0.5638297872340425, 0.84, 0.7016574585635359, 0.8957055214723927, 0.7941176470588235, 0.8352941176470589, 0.9154929577464789, 0.8053097345132744, 0.8566775244299675, 0.7912087912087912, 0.851063829787234, 0.6666666666666666, 0.627906976744186, 0.5636363636363636, 0.8, 0.822429906542056, 0.6666666666666666, 0.8657142857142858, 0.7322033898305085]",0.2287177543010387,50,"[0.23461538461538461, 0.2261904761904762, 0.23705357142857142, 0.22336065573770492, 0.22459016393442624, 0.21583333333333332, 0.23134328358208955, 0.23636363636363636, 0.24738805970149252, 0.25, 0.2266949152542373, 0.23293650793650794, 0.23669354838709677, 0.2318548387096774, 0.22719298245614036, 0.243359375, 0.2081818181818182, 0.23237704918032787, 0.22788461538461538, 0.22388059701492538, 0.2107758620689655, 0.21484375, 0.235546875, 0.21666666666666667, 0.23619402985074628, 0.23728813559322035, 0.22807692307692307, 0.223046875, 0.25, 0.22291666666666668, 0.23492063492063492, 0.24758064516129033, 0.23030303030303031, 0.2325, 0.22380952380952382, 0.21349206349206348, 0.24296875, 0.220703125, 0.24130434782608695, 0.22412280701754386, 0.2542372881355932, 0.2421875, 0.22857142857142856, 0.20083333333333334, 0.22950819672131148, 0.23125, 0.225, 0.24087301587301588, 0.225, 0.15357142857142858]",19.625408411026,1.029383897781372,0.005202054977416992,18.342036724090576,0.004580974578857422,0.16303730010986328,,3bc506f13a5e,success,
roberta_base_banking77,Banking77,50,1.0,42,300,4.0,no_phase0,none,0,0.0,weight_avg,depth-1,0.5922077922077922,0.0912922077922078,0.1253246753246753,0.887012987012987,0.012012987012987014,0.20663698247377918,50,50,"[0.17365269461077848, 0.1282051282051282, 0.10303030303030303, 0.2763157894736842, 0.21250000000000002, 0.23046875, 0.1956521739130434, 0.20398009950248758, 0.11409395973154363, 0.24338624338624337, 0.20930232558139533, 0.22872340425531912, 0.27272727272727276, 0.15168539325842695, 0.19101123595505626, 0.08720930232558138, 0.17751479289940825, 0.20792079207920794, 0.24888888888888883, 0.3214285714285714, 0.3047619047619048, 0.3446601941747573, 0.1834862385321101, 0.24200913242009137, 0.3134328358208956, 0.1588235294117647, 0.17326732673267325, 0.09375, 0.1954022988505747, 0.2289719626168224, 0.15311004784688997, 0.15882352941176475, 0.32669322709163345, 0.2967032967032967, 0.13181818181818178, 0.08888888888888885, 0.17801047120418845, 0.154320987654321, 0.1725888324873096, 0.21393034825870644, 0.12217194570135748, 0.2538071065989848, 0.2679425837320574, 0.2645502645502646, 0.2564102564102564, 0.2525252525252526, 0.12565445026178007, 0.18085106382978722, 0.2432432432432432, 0.273542600896861]","[0.6646706586826348, 0.6358974358974359, 0.6, 0.6271929824561403, 0.5875, 0.65234375, 0.6141304347826086, 0.6368159203980099, 0.6040268456375839, 0.6878306878306878, 0.6802325581395349, 0.6117021276595744, 0.6650717703349283, 0.6235955056179775, 0.6573033707865169, 0.5697674418604651, 0.6449704142011834, 0.6336633663366337, 0.6133333333333333, 0.6349206349206349, 0.680952380952381, 0.7330097087378641, 0.6422018348623854, 0.634703196347032, 0.6965174129353234, 0.6352941176470588, 0.6089108910891089, 0.60625, 0.7126436781609196, 0.6074766355140186, 0.6028708133971292, 0.5882352941176471, 0.6573705179282868, 0.6868131868131868, 0.5818181818181818, 0.5722222222222222, 0.5497382198952879, 0.6604938271604939, 0.6142131979695431, 0.5920398009950248, 0.5565610859728507, 0.6345177664974619, 0.6172248803827751, 0.6402116402116402, 0.6051282051282051, 0.6111111111111112, 0.6178010471204188, 0.5159574468085106, 0.6432432432432432, 0.6143497757847534]","[0.49101796407185627, 0.5076923076923077, 0.49696969696969695, 0.3508771929824561, 0.375, 0.421875, 0.41847826086956524, 0.43283582089552236, 0.4899328859060403, 0.4444444444444444, 0.47093023255813954, 0.3829787234042553, 0.3923444976076555, 0.47191011235955055, 0.46629213483146065, 0.48255813953488375, 0.46745562130177515, 0.42574257425742573, 0.36444444444444446, 0.3134920634920635, 0.3761904761904762, 0.3883495145631068, 0.45871559633027525, 0.3926940639269406, 0.38308457711442784, 0.4764705882352941, 0.43564356435643564, 0.5125, 0.5172413793103449, 0.37850467289719625, 0.44976076555023925, 0.4294117647058823, 0.33067729083665337, 0.3901098901098901, 0.45, 0.48333333333333334, 0.3717277486910995, 0.5061728395061729, 0.4416243654822335, 0.3781094527363184, 0.4343891402714932, 0.38071065989847713, 0.3492822966507177, 0.37566137566137564, 0.3487179487179487, 0.35858585858585856, 0.49214659685863876, 0.3351063829787234, 0.4, 0.34080717488789236]",0.5675439597667239,49,"[0.49523809523809526, 0.5886363636363636, 0.5510416666666667, 0.6066666666666667, 0.5527777777777778, 0.565, 0.6972222222222222, 0.5125, 0.5361111111111111, 0.50875, 0.5541666666666667, 0.6944444444444444, 0.49166666666666664, 0.5546875, 0.6203125, 0.546875, 0.5176470588235295, 0.6696428571428571, 0.5321428571428571, 0.69375, 0.5732142857142857, 0.5875, 0.5014705882352941, 0.5775, 0.5234375, 0.6047619047619047, 0.4340909090909091, 0.6261904761904762, 0.5133333333333333, 0.555, 0.5975, 0.5988636363636364, 0.584375, 0.48846153846153845, 0.5972222222222222, 0.5138888888888888, 0.6142857142857143, 0.5783333333333334, 0.5671875, 0.535, 0.5538461538461539, 0.575, 0.62, 0.5433333333333333, 0.5854166666666667, 0.5911764705882353, 0.5107142857142857, 0.6208333333333333, 0.5484375, null]",19.631912231445312,1.0031661987304688,0.005072832107543945,18.42935562133789,0.004644870758056641,0.10810375213623047,,3bc506f13a5e,success,
roberta_base_banking77,Banking77,50,1.0,43,300,4.0,no_phase0,none,0,0.0,weight_avg,depth-1,0.5668831168831169,0.08876623376623377,0.11331168831168831,0.887012987012987,0.021103896103896104,0.19842151120284382,50,50,"[0.13496932515337423, 0.27142857142857146, 0.14761904761904765, 0.21874999999999994, 0.22395833333333337, 0.18324607329842935, 0.12698412698412703, 0.23318385650224216, 0.2222222222222222, 0.26704545454545453, 0.07526881720430101, 0.19230769230769235, 0.23529411764705882, 0.2386363636363636, 0.20408163265306128, 0.10191082802547768, 0.2801932367149758, 0.1519607843137255, 0.2431192660550458, 0.19, 0.13559322033898302, 0.2638888888888889, 0.3122362869198312, 0.26126126126126126, 0.17777777777777776, 0.09090909090909094, 0.27173913043478265, 0.18877551020408162, 0.2222222222222222, 0.18079096045197746, 0.18229166666666669, 0.18536585365853653, 0.2047619047619048, 0.138728323699422, 0.08737864077669899, 0.2660098522167488, 0.1105263157894737, 0.18627450980392157, 0.20224719101123595, 0.2, 0.22598870056497172, 0.20526315789473681, 0.16025641025641035, 0.15740740740740744, 0.24313725490196075, 0.27999999999999997, 0.2, 0.21212121212121215, 0.14364640883977897, 0.2822966507177033]","[0.6134969325153374, 0.6476190476190476, 0.5571428571428572, 0.6041666666666666, 0.6145833333333334, 0.5549738219895288, 0.5873015873015873, 0.6098654708520179, 0.5808080808080808, 0.6477272727272727, 0.553763440860215, 0.6153846153846154, 0.6225490196078431, 0.6193181818181818, 0.5969387755102041, 0.6050955414012739, 0.642512077294686, 0.5882352941176471, 0.6559633027522935, 0.605, 0.6271186440677966, 0.6203703703703703, 0.6666666666666666, 0.5855855855855856, 0.5944444444444444, 0.5397727272727273, 0.6304347826086957, 0.6173469387755102, 0.6878306878306878, 0.6214689265536724, 0.65625, 0.5853658536585366, 0.580952380952381, 0.5895953757225434, 0.5388349514563107, 0.6157635467980296, 0.5473684210526316, 0.5686274509803921, 0.6404494382022472, 0.61, 0.6779661016949152, 0.5684210526315789, 0.6730769230769231, 0.5555555555555556, 0.6078431372549019, 0.6, 0.6571428571428571, 0.6919191919191919, 0.580110497237569, 0.6172248803827751]","[0.4785276073619632, 0.3761904761904762, 0.4095238095238095, 0.3854166666666667, 0.390625, 0.3717277486910995, 0.4603174603174603, 0.37668161434977576, 0.35858585858585856, 0.3806818181818182, 0.478494623655914, 0.4230769230769231, 0.3872549019607843, 0.3806818181818182, 0.39285714285714285, 0.5031847133757962, 0.36231884057971014, 0.4362745098039216, 0.41284403669724773, 0.415, 0.4915254237288136, 0.35648148148148145, 0.35443037974683544, 0.32432432432432434, 0.4166666666666667, 0.44886363636363635, 0.358695652173913, 0.42857142857142855, 0.4656084656084656, 0.4406779661016949, 0.4739583333333333, 0.4, 0.3761904761904762, 0.4508670520231214, 0.45145631067961167, 0.3497536945812808, 0.4368421052631579, 0.38235294117647056, 0.43820224719101125, 0.41, 0.4519774011299435, 0.3631578947368421, 0.5128205128205128, 0.39814814814814814, 0.36470588235294116, 0.32, 0.45714285714285713, 0.4797979797979798, 0.43646408839779005, 0.3349282296650718]",0.5229679369052948,49,"[0.5444444444444444, 0.535, 0.5017857142857143, 0.495, 0.5485294117647059, 0.5136363636363637, 0.59, 0.5818181818181818, 0.5171052631578947, 0.4859375, 0.5288461538461539, 0.41363636363636364, 0.5571428571428572, 0.5964285714285714, 0.6535714285714286, 0.4714285714285714, 0.5183333333333333, 0.5708333333333333, 0.5430555555555555, 0.4984375, 0.5578947368421052, 0.6611111111111111, 0.3277777777777778, 0.5807692307692308, 0.4375, 0.48676470588235293, 0.585, 0.4785714285714286, 0.5453125, 0.5333333333333333, 0.503125, 0.5233333333333333, 0.4986111111111111, 0.45588235294117646, 0.49666666666666665, 0.4875, 0.575, 0.525, 0.42291666666666666, 0.4, 0.5323529411764706, 0.6115384615384616, 0.5881578947368421, 0.5291666666666667, 0.41458333333333336, 0.5076923076923077, 0.6283333333333333, 0.5073529411764706, 0.5592105263157895, null]",19.407054662704468,1.0236201286315918,0.00510406494140625,18.179405450820923,0.004766225814819336,0.10941791534423828,,3bc506f13a5e,success,
roberta_base_banking77,Banking77,50,1.0,44,300,4.0,no_phase0,none,0,0.0,weight_avg,depth-1,0.5876623376623377,0.09074675324675326,0.11233766233766233,0.8883116883116883,0.018506493506493506,0.20488492669658942,50,50,"[0.02614379084967322, 0.2857142857142857, 0.2620320855614973, 0.12865497076023397, 0.24503311258278143, 0.27722772277227725, 0.15760869565217395, 0.16753926701570687, 0.2991803278688524, 0.10447761194029848, 0.14117647058823535, 0.17948717948717946, 0.23451327433628322, 0.24770642201834864, 0.18085106382978722, 0.14124293785310732, 0.18857142857142856, 0.19696969696969696, 0.2563025210084034, 0.1952662721893491, 0.2534562211981567, 0.14102564102564108, 0.3695652173913044, 0.23762376237623756, 0.1813471502590674, 0.24338624338624343, 0.2731481481481482, 0.23444976076555024, 0.23404255319148937, 0.25806451612903225, 0.16470588235294115, 0.1470588235294118, 0.18048780487804877, 0.09248554913294804, 0.20465116279069773, 0.16256157635467977, 0.13440860215053768, 0.15686274509803916, 0.20707070707070702, 0.27135678391959794, 0.2216748768472906, 0.17370892018779344, 0.28061224489795916, 0.18055555555555552, 0.27510917030567683, 0.16336633663366334, 0.2409638554216867, 0.1701030927835051, 0.17391304347826086, 0.30078125]","[0.5294117647058824, 0.6772486772486772, 0.6096256684491979, 0.5906432748538012, 0.6887417218543046, 0.6831683168316832, 0.5869565217391305, 0.6701570680628273, 0.610655737704918, 0.572139303482587, 0.5823529411764706, 0.5948717948717949, 0.6592920353982301, 0.6238532110091743, 0.5957446808510638, 0.615819209039548, 0.6457142857142857, 0.6060606060606061, 0.6470588235294118, 0.5857988165680473, 0.6682027649769585, 0.6730769230769231, 0.6304347826086957, 0.5643564356435643, 0.6062176165803109, 0.6296296296296297, 0.6064814814814815, 0.5980861244019139, 0.6702127659574468, 0.6182795698924731, 0.6, 0.5470588235294118, 0.6097560975609756, 0.5780346820809249, 0.5813953488372093, 0.5517241379310345, 0.5645161290322581, 0.6029411764705882, 0.6313131313131313, 0.6331658291457286, 0.5665024630541872, 0.6150234741784038, 0.673469387755102, 0.5879629629629629, 0.5720524017467249, 0.6138613861386139, 0.6566265060240963, 0.6030927835051546, 0.6335403726708074, 0.6015625]","[0.5032679738562091, 0.3915343915343915, 0.34759358288770054, 0.4619883040935672, 0.44370860927152317, 0.40594059405940597, 0.42934782608695654, 0.5026178010471204, 0.3114754098360656, 0.46766169154228854, 0.4411764705882353, 0.4153846153846154, 0.4247787610619469, 0.3761467889908257, 0.4148936170212766, 0.4745762711864407, 0.45714285714285713, 0.4090909090909091, 0.3907563025210084, 0.3905325443786982, 0.4147465437788018, 0.532051282051282, 0.2608695652173913, 0.32673267326732675, 0.42487046632124353, 0.3862433862433862, 0.3333333333333333, 0.36363636363636365, 0.43617021276595747, 0.3602150537634409, 0.43529411764705883, 0.4, 0.4292682926829268, 0.48554913294797686, 0.3767441860465116, 0.3891625615763547, 0.43010752688172044, 0.44607843137254904, 0.42424242424242425, 0.36180904522613067, 0.3448275862068966, 0.4413145539906103, 0.39285714285714285, 0.4074074074074074, 0.29694323144104806, 0.4504950495049505, 0.41566265060240964, 0.4329896907216495, 0.45962732919254656, 0.30078125]",0.550483144676076,49,"[0.5645161290322581, 0.5411764705882353, 0.4527777777777778, 0.5592105263157895, 0.525, 0.48846153846153845, 0.5671052631578948, 0.5083333333333333, 0.5386363636363637, 0.5576923076923077, 0.675, 0.5071428571428571, 0.5053571428571428, 0.50625, 0.595, 0.5852941176470589, 0.6535714285714286, 0.5196428571428572, 0.4230769230769231, 0.5960526315789474, 0.5604166666666667, 0.535, 0.5288461538461539, 0.6916666666666667, 0.5288461538461539, 0.5846153846153846, 0.6020833333333333, 0.5214285714285715, 0.575, 0.4838235294117647, 0.4409090909090909, 0.5805555555555556, 0.534375, 0.5815789473684211, 0.5825, 0.6796875, 0.6133333333333333, 0.6, 0.43970588235294117, 0.48409090909090907, 0.6075, 0.5652777777777778, 0.475, 0.505, 0.5475, 0.675, 0.43875, 0.5958333333333333, 0.5460526315789473, null]",19.617321491241455,0.9676971435546875,0.005151987075805664,18.436749696731567,0.004598140716552734,0.11041903495788574,,3bc506f13a5e,success,
roberta_base_banking77,Banking77,5,0.05,42,300,4.0,no_phase0,none,0,0.0,weight_avg,depth-1,0.44383116883116885,0.24214285714285716,0.2850649350649351,0.887012987012987,0.012012987012987014,-0.4564622395640824,0,5,"[-0.49698960043787627, -0.6185567010309279, -0.422140560404226, -0.32089552238805974, -0.42372881355932207]","[0.4570333880678708, 0.3252577319587629, 0.4956361966008268, 0.6194029850746269, 0.4632768361581921]","[0.9540229885057471, 0.9438144329896907, 0.9177767570050528, 0.9402985074626866, 0.8870056497175142]",0.3911104746317512,5,"[0.409, 0.4585, 0.39574468085106385, 0.3423076923076923, 0.35]",2.7270383834838867,0.7411558628082275,0.005086660385131836,1.8802871704101562,0.000823974609375,0.04589200019836426,,3bc506f13a5e,success,
roberta_base_banking77,Banking77,5,0.05,43,300,4.0,no_phase0,none,0,0.0,weight_avg,depth-1,0.4737012987012987,0.25025974025974024,0.2805194805194805,0.887012987012987,0.021103896103896104,-0.44798773630736155,0,5,"[-0.4667437825332562, -0.29184735472679957, -0.5009475679090336, -0.5961981566820276, -0.38420181968569067]","[0.470213996529786, 0.647441457068517, 0.43524952621604546, 0.34274193548387094, 0.5463192721257237]","[0.9369577790630422, 0.9392888117953165, 0.936197094125079, 0.9389400921658986, 0.9305210918114144]",0.4597842267304415,5,"[0.43936170212765957, 0.3808139534883721, 0.4635, 0.4680232558139535, 0.5472222222222223]",2.703465223312378,0.7313618659973145,0.005057096481323242,1.8654208183288574,0.0008404254913330078,0.046262502670288086,,3bc506f13a5e,success,
roberta_base_banking77,Banking77,5,0.05,44,300,4.0,no_phase0,none,0,0.0,weight_avg,depth-1,0.4788961038961039,0.25876623376623376,0.3652597402597403,0.8883116883116883,0.018506493506493506,-0.45668797148814944,0,5,"[-0.48717948717948717, -0.5376044568245125, -0.2631210636808957, -0.516942474389283, -0.4785923753665689]","[0.44242424242424244, 0.3938718662952646, 0.6924422673198041, 0.4144996059889677, 0.424633431085044]","[0.9296037296037296, 0.9314763231197771, 0.9555633310006998, 0.9314420803782506, 0.9032258064516129]",0.4042079913360693,5,"[0.48333333333333334, 0.4666666666666667, 0.3313953488372093, 0.47401960784313724, 0.265625]",2.6158030033111572,0.7074477672576904,0.005230426788330078,1.8020896911621094,0.0008378028869628906,0.045745849609375,,3bc506f13a5e,success,
roberta_base_banking77,Banking77,5,1.0,42,300,4.0,no_phase0,none,0,0.0,weight_avg,depth-1,0.6785714285714286,0.5044805194805194,0.5435064935064935,0.887012987012987,0.012012987012987014,-0.1319998823245273,0,5,"[-0.11457109283196243, -0.11083249749247748, -0.15882626921285514, -0.12698412698412698, -0.1487854251012145]","[0.7220916568742656, 0.742728184553661, 0.7158826269212856, 0.728110599078341, 0.7100202429149798]","[0.836662749706228, 0.8535606820461384, 0.8747088961341407, 0.855094726062468, 0.8588056680161943]",0.6083333333333333,3,"[0.575, null, 0.65, 0.6, null]",2.5975592136383057,0.704904317855835,0.005383014678955078,1.7965867519378662,0.0006830692291259766,0.037993431091308594,,3bc506f13a5e,success,
roberta_base_banking77,Banking77,5,1.0,43,300,4.0,no_phase0,none,0,0.0,weight_avg,depth-1,0.6454545454545455,0.4985064935064936,0.5256493506493507,0.887012987012987,0.021103896103896104,-0.17338135694342136,0,5,"[-0.18104312938816447, -0.21471774193548387, -0.1317747077577045, -0.16468766133195656, -0.1746835443037974]","[0.6855566700100301, 0.6381048387096774, 0.7300743889479278, 0.6954052658750646, 0.6708860759493671]","[0.8665997993981945, 0.8528225806451613, 0.8618490967056323, 0.8600929272070211, 0.8455696202531645]",0.5041666666666667,3,"[0.45, 0.5375, 0.525, null, null]",2.5989081859588623,0.71142578125,0.005090475082397461,1.8021364212036133,0.0008466243743896484,0.037700653076171875,,3bc506f13a5e,success,
roberta_base_banking77,Banking77,5,1.0,44,300,4.0,no_phase0,none,0,0.0,weight_avg,depth-1,0.675974025974026,0.5052597402597403,0.5396103896103897,0.8883116883116883,0.018506493506493506,-0.14645424720554748,0,5,"[-0.19536984754376052, -0.13860860329261815, -0.13045977011494259, -0.13041065482796887, -0.13742236024844723]","[0.6617730095990966, 0.6999468932554435, 0.696551724137931, 0.7042175360710322, 0.734860248447205]","[0.8571428571428571, 0.8385554965480616, 0.8270114942528736, 0.8346281908990011, 0.8722826086956522]",0.7000000000000001,3,"[0.525, 0.7, null, 0.875, null]",2.615410327911377,0.7106504440307617,0.004979372024536133,1.808034896850586,0.0006532669067382812,0.039746999740600586,,3bc506f13a5e,success,
roberta_base_dbpedia,DBpedia14,10,0.05,42,300,4.0,no_phase0,none,0,0.0,weight_avg,depth-1,0.844,0.40978000000000003,0.6293,0.9888,0.0968,-0.18744635432994322,0,10,"[-0.08417051316861257, -0.37305325346680884, -0.11051973331578013, -0.28892459889020006, -0.515424750519224, -0.02507139536428249, -0.16081334479256193, -0.12806577304767786, -0.14534161490683228, -0.043078565827452175]","[0.9150925099879756, 0.6267498153770411, 0.8830388459983262, 0.7100961659175936, 0.4832075376120764, 0.973899183104204, 0.8360614110477381, 0.8650492415167144, 0.8385093167701864, 0.948554315364466]","[0.9992630231565882, 0.99980306884385, 0.9935585793141063, 0.9990207648077937, 0.9986322881313003, 0.9989705784684865, 0.9968747558403, 0.9931150145643922, 0.9838509316770186, 0.9916328811919182]",0.8289107568652042,10,"[0.7993156199677939, 0.8917319408181027, 0.8783897120492032, 0.8541218184120553, 0.8775616533518583, 0.7845412352731167, 0.805389935606964, 0.8346358236949046, 0.8871192514433606, 0.6763005780346821]",962.5164680480957,35.67970943450928,0.007632255554199219,3.641697645187378,0.0011026859283447266,1.7298099994659424,,3bc506f13a5e,success,
roberta_base_dbpedia,DBpedia14,10,0.05,43,300,4.0,no_phase0,none,0,0.0,weight_avg,depth-1,0.7525,0.40420000000000006,0.6117,0.9882,0.0959,-0.29280406768985967,0,10,"[-0.1913398748675168, -0.9131017369727048, -0.9094845679694231, -0.20875235340037646, -0.27668663582821473, -0.18327420380206305, -0.031673021925643474, -0.029947893510696932, -0.09313779950375889, -0.09064258911819889]","[0.8081985708913125, 0.0863771712158809, 0.0891456598104412, 0.7908343665334987, 0.7212406157579434, 0.8150647006951992, 0.9642516682554814, 0.9668599171275631, 0.9056401140614005, 0.905683239524703]","[0.9995384457588293, 0.9994789081885856, 0.9986302277798643, 0.9995867199338752, 0.9979272515861581, 0.9983389044972623, 0.9959246901811248, 0.9968078106382601, 0.9987779135651594, 0.9963258286429019]",0.6762839331775872,10,"[0.6830106183635228, 0.7750656573458984, 0.7929941911635275, 0.6781096059113301, 0.6949063539296342, 0.6962142197599261, 0.6915353507181704, 0.4736988588922906, 0.8520908004778972, 0.4252136752136752]",43.96445846557617,35.46337628364563,0.007688283920288086,3.666633129119873,0.0010919570922851562,1.7495040893554688,,3bc506f13a5e,success,
roberta_base_dbpedia,DBpedia14,10,0.05,44,300,4.0,no_phase0,none,0,0.0,weight_avg,depth-1,0.8477,0.42035,0.6393,0.9885,0.098,-0.1778866558545966,0,10,"[-0.2891788803459875, -0.26748393368256196, -0.11351122405760272, -0.32474085449459766, -0.18338008415147267, -0.04844706911636043, -0.23630177167663968, -0.043290680723867214, -0.06955528568123992, -0.20297677461563624]","[0.7102354637193657, 0.7312559629889651, 0.8835239305379077, 0.6710360335655131, 0.8127629733520336, 0.9502405949256343, 0.7633462395869999, 0.9517470881863561, 0.9235484617164006, 0.7960963907970777]","[0.9994143440653532, 0.9987398966715271, 0.9970351545955104, 0.9957768880601108, 0.9961430575035063, 0.9986876640419947, 0.9996480112636396, 0.9950377689102233, 0.9931037473976405, 0.999073165412714]",0.8295280758572379,10,"[0.8482482482482483, 0.9148893761211879, 0.8817073170731707, 0.7956692006450127, 0.789280677009873, 0.7835402482979575, 0.8641266283793249, 0.6970227670753065, 0.8418214499700419, 0.8789748457522544]",43.74773597717285,35.05475974082947,0.007879257202148438,3.66987681388855,0.0010380744934082031,1.727186918258667,,3bc506f13a5e,success,
roberta_base_dbpedia,DBpedia14,10,0.05,42,300,4.0,raw_union_K300,raw_union,13297,0.0,weight_avg,depth-1,0.9815,0.40978000000000003,0.6293,0.9888,0.9815,-0.012561378357130604,1,10,"[-0.007350374306659968, -0.009583982932633073, -0.011632171370000943, -0.026916413488337065, -0.010941694949597291, -0.01271833698611946, -0.013633877646691217, -0.022231189236220472, 0.004968944099378869, -0.015574686754425415]","[0.9919126488499282, 0.9902190859112169, 0.9819264079441054, 0.9721043513194566, 0.987690593181703, 0.986252241482367, 0.9832408781936088, 0.9708838253281717, 0.9888198757763975, 0.9760581944374928]","[0.9992630231565882, 0.99980306884385, 0.9935585793141063, 0.9990207648077937, 0.9986322881313003, 0.9989705784684865, 0.9968747558403, 0.9931150145643922, 0.9838509316770186, 0.9916328811919182]",0.9809113056777697,10,"[0.9788647342995169, 0.9792863359442994, 0.9890970086664803, 0.9807521843738128, 0.9784647447030219, 0.9800071403070332, 0.9847364655378011, 0.9867145983119725, 0.9800915787378061, 0.9710982658959537]",45.8742470741272,36.55727672576904,0.8161780834197998,3.7186496257781982,0.0010879039764404297,1.7159128189086914,,3bc506f13a5e,success,
roberta_base_dbpedia,DBpedia14,10,0.05,43,300,4.0,raw_union_K300,raw_union,12403,0.0,weight_avg,depth-1,0.9797,0.40420000000000006,0.6117,0.9882,0.9801,-0.019109010710683993,0,10,"[-0.014632978905261718, -0.02660049627791572, -0.02737335130238827, -0.015107682417229151, -0.021460529309168197, -0.03607243196686016, -0.018064823641563366, -0.006437730077715198, -0.005073510350701804, -0.020266572858036347]","[0.9849054668535676, 0.9728784119106699, 0.971256876477476, 0.984479037516646, 0.9764667222769899, 0.9622664725304021, 0.9778598665395615, 0.9903700805605449, 0.9937044032144576, 0.9760592557848655]","[0.9995384457588293, 0.9994789081885856, 0.9986302277798643, 0.9995867199338752, 0.9979272515861581, 0.9983389044972623, 0.9959246901811248, 0.9968078106382601, 0.9987779135651594, 0.9963258286429019]",0.9795203504406148,10,"[0.9737663960024985, 0.9820794067665688, 0.9806372117584933, 0.9762931034482759, 0.9863469280588132, 0.9801477377654663, 0.9808952726258542, 0.9788477595324242, 0.9804062126642772, 0.9757834757834758]",45.1386353969574,35.85939931869507,0.736292839050293,3.724492073059082,0.0012552738189697266,1.738872766494751,,3bc506f13a5e,success,
roberta_base_dbpedia,DBpedia14,10,0.05,44,300,4.0,raw_union_K300,raw_union,11891,0.0,weight_avg,depth-1,0.9803,0.42035,0.6393,0.9885,0.979,-0.01557013140774698,0,10,"[-0.008919990389235966, -0.02075570196756138, -0.0040943103204856834, -0.03204354741402948, -0.0066619915848527, -0.00907699037620291, -0.006570456412061443, -0.009895012736883868, -0.025026023594725832, -0.032657289281430524]","[0.9904943536761173, 0.9779841947039657, 0.9929408442750247, 0.9637333406460813, 0.9894810659186536, 0.9896106736657918, 0.9930775548515781, 0.9851427561733395, 0.9680777238029147, 0.9664158761312834]","[0.9994143440653532, 0.9987398966715271, 0.9970351545955104, 0.9957768880601108, 0.9961430575035063, 0.9986876640419947, 0.9996480112636396, 0.9950377689102233, 0.9931037473976405, 0.999073165412714]",0.9800669452022197,10,"[0.9737737737737737, 0.9826589595375722, 0.9817073170731707, 0.9806496199032481, 0.9751763046544428, 0.9847817380857028, 0.9752066115702479, 0.9751313485113835, 0.982025164769323, 0.9895586141433318]",45.330405473709106,36.047197103500366,0.7430574893951416,3.7477762699127197,0.0011420249938964844,1.7247703075408936,,3bc506f13a5e,success,
roberta_base_dbpedia,DBpedia14,10,0.1,42,300,4.0,no_phase0,none,0,0.0,weight_avg,depth-1,0.8998,0.5440299999999999,0.6801,0.9888,0.0968,-0.09993419952804487,0,10,"[-0.10630589314377437, -0.10132065130915968, -0.14965162072099358, -0.088361406641008, -0.06353392872047403, -0.057285610465116266, -0.04608968116187495, -0.10427807486631013, -0.1423545461072685, -0.14016058214446925]","[0.8912176106397616, 0.8971942789456004, 0.8438049076037565, 0.9071532056253933, 0.9335948585259995, 0.94140625, 0.9516450014819833, 0.8929144385026738, 0.8433573462891607, 0.8569396380746557]","[0.9975235037835359, 0.9985149302547601, 0.9934565283247501, 0.9955146122664013, 0.9971287872464736, 0.9986918604651163, 0.9977346826438582, 0.997192513368984, 0.9857118923964292, 0.9971002202191249]",0.9000298768186923,9,"[0.913022926022217, 0.9229898074745186, 0.9327586206896552, 0.8622668579626973, 0.8686010851615947, 0.8897485493230174, 0.8898996967576394, 0.8909883720930233, 0.929992975883868, null]",44.496699810028076,35.7794463634491,0.0078051090240478516,3.911731243133545,0.0011219978332519531,1.7260422706604004,,3bc506f13a5e,success,
roberta_base_dbpedia,DBpedia14,10,0.1,43,300,4.0,no_phase0,none,0,0.0,weight_avg,depth-1,0.8916,0.5681800000000001,0.7609,0.9882,0.0959,-0.10369516580148681,0,10,"[-0.05430895762560339, -0.18296722454672243, -0.07386150607100617, -0.12802645145234126, -0.20553797161109932, -0.10227995810124224, -0.09190556492411461, -0.13004577157802966, -0.03545098753071807, -0.03256726457399095]","[0.943456105846594, 0.8156090190609019, 0.9184475913054346, 0.8698048138799018, 0.7838792986271578, 0.8879893491008409, 0.9057835238273687, 0.8639603312990409, 0.9619550377719123, 0.9653867713004485]","[0.9977650634721974, 0.9985762436076243, 0.9923090973764408, 0.9978312653322431, 0.9894172702382571, 0.9902693072020832, 0.9976890887514833, 0.9940061028770706, 0.9974060253026303, 0.9979540358744394]",0.8426498501859143,10,"[0.820867079561696, 0.9007765314926661, 0.7966426858513189, 0.8641151685393258, 0.8750889679715302, 0.9279253815715093, 0.7834372834372835, 0.903068340306834, 0.9471801925722145, 0.6073968705547653]",43.87911009788513,35.46540951728821,0.007675886154174805,3.6194252967834473,0.0010836124420166016,1.723907709121704,,3bc506f13a5e,success,
roberta_base_dbpedia,DBpedia14,10,0.1,44,300,4.0,no_phase0,none,0,0.0,weight_avg,depth-1,0.8472,0.56478,0.7569,0.9885,0.098,-0.16024838135649508,0,10,"[-0.3096322317633794, -0.06657583452034432, -0.3578241189783382, -0.23883617963314352, -0.15059789439697424, -0.19319889560689196, -0.08362800565770867, -0.06580321704616676, -0.09992545278050402, -0.036461983181499624]","[0.6839708561020036, 0.9318552465886336, 0.6387002909796314, 0.7559266287160026, 0.8477300769133197, 0.8056303079020026, 0.911067892503536, 0.9259974932107792, 0.8916437393743397, 0.9620707778556412]","[0.993603087865383, 0.9984310811089779, 0.9965244099579696, 0.9947628083491461, 0.9983279713102939, 0.9988292035088946, 0.9946958981612447, 0.9918007102569459, 0.9915691921548437, 0.9985327610371408]",0.7926394010474124,10,"[0.8004824259131633, 0.7859369587807412, 0.8462261932753351, 0.9151395545531436, 0.6251778093883357, 0.7211155378486056, 0.9321872015281757, 0.8449677600224278, 0.9055007052186178, 0.5496598639455782]",44.38728427886963,35.92970037460327,0.00771784782409668,3.6325783729553223,0.0010752677917480469,1.7343814373016357,,3bc506f13a5e,success,
roberta_base_dbpedia,DBpedia14,10,0.1,42,300,4.0,raw_union_K300,raw_union,19018,0.0,weight_avg,depth-1,0.9819,0.5440299999999999,0.6801,0.9888,0.9813,-0.012354190877871651,0,10,"[-0.025758618053963178, -0.012976680869119295, -0.008664041199636485, -0.017648866579836886, -0.008463400383941222, -0.009011627906976738, -0.011622983444129265, -0.005481283422459904, -0.01258885192542425, -0.011325554993229292]","[0.9717648857295728, 0.9855382493856408, 0.9847924871251136, 0.9778657456865644, 0.9886653868625324, 0.9896802325581395, 0.986111699199729, 0.991711229946524, 0.973123040471005, 0.9857746652258956]","[0.9975235037835359, 0.9985149302547601, 0.9934565283247501, 0.9955146122664013, 0.9971287872464736, 0.9986918604651163, 0.9977346826438582, 0.997192513368984, 0.9857118923964292, 0.9971002202191249]",0.9819165604949021,9,"[0.9841645001181754, 0.9881087202718006, 0.9882758620689656, 0.9890004782400765, 0.9728709601321066, 0.9718154186239293, 0.9846046186144157, 0.9745639534883721, 0.9838445328962773, null]",44.65996432304382,34.94786548614502,0.9335300922393799,3.61443829536438,0.0010364055633544922,1.7177040576934814,,3bc506f13a5e,success,
roberta_base_dbpedia,DBpedia14,10,0.1,43,300,4.0,raw_union_K300,raw_union,18167,0.0,weight_avg,depth-1,0.9832,0.5681800000000001,0.7609,0.9882,0.9828,-0.011835835268512585,0,10,"[-0.0057214375111747096, -0.006973500697350032, -0.008825310760534055, -0.018665339353646004, -0.015398357249655326, -0.01502677408933828, -0.010617700331022384, -0.01520270270270263, -0.013925548375352648, -0.008001681614349776]","[0.9920436259610227, 0.9916027429102743, 0.9834837866159067, 0.9791659259785971, 0.9740189129886018, 0.9752425331127449, 0.9870713884204609, 0.978803400174368, 0.9834804769272777, 0.9899523542600897]","[0.9977650634721974, 0.9985762436076243, 0.9923090973764408, 0.9978312653322431, 0.9894172702382571, 0.9902693072020832, 0.9976890887514833, 0.9940061028770706, 0.9974060253026303, 0.9979540358744394]",0.9829592785819521,10,"[0.9814197236779418, 0.9810181190681622, 0.9875299760191847, 0.9870084269662921, 0.9896797153024911, 0.9779536461277558, 0.9705474705474706, 0.9870990237099023, 0.9900962861072903, 0.9772403982930299]",44.57776856422424,34.95691442489624,0.9806721210479736,3.7238080501556396,0.0010647773742675781,1.7144463062286377,,3bc506f13a5e,success,
roberta_base_dbpedia,DBpedia14,10,0.1,44,300,4.0,raw_union_K300,raw_union,18747,0.0,weight_avg,depth-1,0.9822,0.56478,0.7569,0.9885,0.9819,-0.013565629801433754,0,10,"[-0.01808482956023938, -0.006647261617225064, -0.019681538958939537, -0.022947501581277674, -0.008244831125102325, -0.0181735574738755, -0.004420084865629392, -0.013526216837267624, -0.010769123507044509, -0.013161352487736533]","[0.9755182583051436, 0.9917838194917529, 0.9768428709990301, 0.9718153067678684, 0.9900831401851916, 0.9806556460350191, 0.9902758132956153, 0.9782744934196783, 0.9808000686477992, 0.9853714085494043]","[0.993603087865383, 0.9984310811089779, 0.9965244099579696, 0.9947628083491461, 0.9983279713102939, 0.9988292035088946, 0.9946958981612447, 0.9918007102569459, 0.9915691921548437, 0.9985327610371408]",0.9834328597964206,10,"[0.9789800137835976, 0.9722895739521995, 0.9790735951093346, 0.9890047927826332, 0.9708392603129445, 0.9869095048377917, 0.9909264565425024, 0.9857022708158116, 0.9901269393511989, 0.9904761904761905]",46.94827198982239,37.34896945953369,1.0063934326171875,3.8210835456848145,0.0011048316955566406,1.7060158252716064,,3bc506f13a5e,success,
roberta_base_dbpedia,DBpedia14,10,0.3,42,300,4.0,no_phase0,none,0,0.0,weight_avg,depth-1,0.9316,0.76521,0.905,0.9888,0.0968,-0.05413363023158359,0,10,"[-0.040456050018389145, -0.05087162935580114, -0.051771806853582514, -0.13445825743291473, -0.025696639466758375, -0.07325623202301057, -0.020045863286181742, -0.07059563913671196, -0.04039928922337199, -0.03378489551911368]","[0.9533835969106289, 0.9412846446867201, 0.936993769470405, 0.8618452590201655, 0.9709044740983693, 0.9206016299137104, 0.977841333642524, 0.9197423462777181, 0.9549885021427825, 0.9610230534379056]","[0.993839646929018, 0.9921562740425213, 0.9887655763239875, 0.9963035164530802, 0.9966011135651277, 0.993857861936721, 0.9978871969287058, 0.9903379854144301, 0.9953877913661545, 0.9948079489570193]",0.8262228872577305,6,"[null, 0.9585121602288984, 0.7236842105263158, null, 0.8518518518518519, 0.7236842105263158, 0.7236842105263158, null, 0.9759206798866855, null]",43.96822714805603,35.22209548950195,0.007581233978271484,3.934095859527588,0.0010390281677246094,1.7086279392242432,,3bc506f13a5e,success,
roberta_base_dbpedia,DBpedia14,10,0.3,43,300,4.0,no_phase0,none,0,0.0,weight_avg,depth-1,0.8919,0.83646,0.963,0.9882,0.0959,-0.09957938537468417,0,10,"[-0.04277436678548441, -0.06264698864991991, -0.03715346934381225, -0.07952286282306165, -0.13537055361699912, -0.33925522081747106, -0.05549559784152225, -0.05939436455045011, -0.021174543752924713, -0.16300588556519624]","[0.9529387748692744, 0.9337059886158355, 0.9552134359692093, 0.9109627946606078, 0.8542393625332014, 0.6567498550860867, 0.9367225220107924, 0.9273354378580615, 0.9748869131180783, 0.8300467204659912]","[0.9957131416547588, 0.9963529772657554, 0.9923669053130215, 0.9904856574836695, 0.9896099161502006, 0.9960050759035578, 0.9922181198523147, 0.9867298024085116, 0.996061456871003, 0.9930526060311874]",0.7431443662798778,5,"[null, 0.9496598639455782, 0.8282685512367491, null, 0.291156462585034, 0.9944827586206897, null, null, 0.6521541950113379, null]",43.880791902542114,35.43994402885437,0.007691621780395508,3.6707348823547363,0.0010225772857666016,1.694678783416748,,3bc506f13a5e,success,
roberta_base_dbpedia,DBpedia14,10,0.3,44,300,4.0,no_phase0,none,0,0.0,weight_avg,depth-1,0.897,0.8131600000000001,0.9713,0.9885,0.098,-0.08280374457613383,0,10,"[-0.05360063909917445, -0.051164506270418464, -0.0831123154981549, -0.09756849526236822, -0.04469100688528749, -0.1227695702225634, -0.13342012758755373, -0.04113383596451026, -0.03993910988262628, -0.16063783908868112]","[0.9415490546658044, 0.9455948993571504, 0.9112084870848709, 0.8973752903212546, 0.9516481040818913, 0.8705871066768994, 0.8618148678557479, 0.9524097138334653, 0.9539318190922565, 0.8323042778554974]","[0.9951496937649789, 0.9967594056275688, 0.9943208025830258, 0.9949437855836228, 0.9963391109671788, 0.9933566768994628, 0.9952349954433016, 0.9935435497979755, 0.9938709289748828, 0.9929421169441786]",0.868122291983206,6,"[0.9285714285714286, 0.9346768589298123, 0.9392624728850325, 0.9263537906137184, 0.9084406294706724, null, null, null, 0.5714285714285714, null]",44.46887230873108,36.040034532547,0.007640361785888672,3.6389548778533936,0.0010404586791992188,1.707024097442627,,3bc506f13a5e,success,
roberta_base_dbpedia,DBpedia14,10,0.3,42,300,4.0,raw_union_K300,raw_union,28438,0.0,weight_avg,depth-1,0.9831,0.76521,0.905,0.9888,0.9835,-0.009841989534029294,0,10,"[-0.007171754321441681, -0.009176033476572032, -0.007788161993769416, -0.02495925345946115, -0.005237194662293554, -0.011565196548418033, -0.005436603024915554, -0.00788509236293633, -0.013039615344413114, -0.006160990146072076]","[0.9866678926075764, 0.9829802405659492, 0.9809774143302181, 0.9713442629936191, 0.9913639189028342, 0.982292665388303, 0.9924505939037902, 0.9824528930514937, 0.9823481760217414, 0.9886469588109472]","[0.993839646929018, 0.9921562740425213, 0.9887655763239875, 0.9963035164530802, 0.9966011135651277, 0.993857861936721, 0.9978871969287058, 0.9903379854144301, 0.9953877913661545, 0.9948079489570193]",0.9700846104866,6,"[null, 0.9899856938483548, 0.9590643274853801, null, 0.958994708994709, 0.9590643274853801, 0.9590643274853801, null, 0.9943342776203966, null]",46.1696355342865,36.49212694168091,1.2699224948883057,3.620767831802368,0.0010683536529541016,1.7152676582336426,,3bc506f13a5e,success,
roberta_base_dbpedia,DBpedia14,10,0.3,43,300,4.0,raw_union_K300,raw_union,31638,0.0,weight_avg,depth-1,0.9848,0.83646,0.963,0.9882,0.9847,-0.008086112392426504,0,10,"[-0.008479500023554243, -0.006305600054534843, -0.00818216073639455, -0.004260153365521213, -0.010181761366595543, -0.011123121994015439, -0.008065890372053408, -0.008499941540979772, -0.0071166744657620296, -0.008646320004853991]","[0.9872336416312045, 0.9900473772112206, 0.984184744576627, 0.9862255041181482, 0.979428154783605, 0.9848819539095424, 0.9841522294802613, 0.9782298608675318, 0.988944782405241, 0.9844062860263334]","[0.9957131416547588, 0.9963529772657554, 0.9923669053130215, 0.9904856574836695, 0.9896099161502006, 0.9960050759035578, 0.9922181198523147, 0.9867298024085116, 0.996061456871003, 0.9930526060311874]",0.9828202427715735,5,"[null, 0.9605442176870749, 0.984452296819788, null, 0.9850340136054422, 0.9958620689655172, null, null, 0.9882086167800453, null]",46.616295337677,36.40701127052307,1.5316171646118164,3.896332025527954,0.0012080669403076172,1.7074520587921143,,3bc506f13a5e,success,
roberta_base_dbpedia,DBpedia14,10,0.3,44,300,4.0,raw_union_K300,raw_union,31060,0.0,weight_avg,depth-1,0.9836,0.8131600000000001,0.9713,0.9885,0.9829,-0.010258467328623733,0,10,"[-0.011013048274812642, -0.004847718410791457, -0.011243081180811743, -0.009351941298583855, -0.007772349023528302, -0.01208749040675372, -0.0077854446035672265, -0.0062273503561460775, -0.017646116252053035, -0.014610133479189269]","[0.9841366454901662, 0.9919116872167774, 0.983077721402214, 0.985591844285039, 0.9885667619436505, 0.9812691864927091, 0.9874495508397344, 0.9873161994418295, 0.9762248127228298, 0.9783319834649893]","[0.9951496937649789, 0.9967594056275688, 0.9943208025830258, 0.9949437855836228, 0.9963391109671788, 0.9933566768994628, 0.9952349954433016, 0.9935435497979755, 0.9938709289748828, 0.9929421169441786]",0.9786500745664082,6,"[0.9537037037037037, 0.9756775538568451, 0.9840925524222705, 0.9848375451263538, 0.9885550786838341, null, null, null, 0.9850340136054422, null]",44.97073984146118,35.22273635864258,1.3293635845184326,3.6036179065704346,0.0011017322540283203,1.7197597026824951,,3bc506f13a5e,success,
roberta_base_dbpedia,DBpedia14,10,1.0,42,300,4.0,no_phase0,none,0,0.0,weight_avg,depth-1,0.9605,0.9694099999999999,0.9806,0.9888,0.0968,-0.029613097750585515,0,10,"[-0.025379132713102548, -0.029198053463102447, -0.044108919117821555, -0.02283145470248238, -0.020794537554314152, -0.03797616265482595, -0.028736330498177365, -0.021602499640856254, -0.02971044014908042, -0.03579344701209208]","[0.9670271110420321, 0.9596293580427971, 0.9476295610474088, 0.9674911973780367, 0.9717123348408264, 0.9511178624289164, 0.9615735115431349, 0.9714660249964086, 0.96464623602372, 0.9514780433208243]","[0.9924062437551346, 0.9888274115058996, 0.9917384801652304, 0.9903226520805191, 0.9925068723951406, 0.9890940250837423, 0.9903098420413122, 0.9930685246372648, 0.9943566761728004, 0.9872714903329164]",,0,"[null, null, null, null, null, null, null, null, null, null]",43.97773289680481,35.577253341674805,0.007547616958618164,3.5983448028564453,0.0010764598846435547,1.6808412075042725,,3bc506f13a5e,success,
roberta_base_dbpedia,DBpedia14,10,1.0,43,300,4.0,no_phase0,none,0,0.0,weight_avg,depth-1,0.9614,0.9638899999999999,0.9801,0.9882,0.0959,-0.02727638248567913,0,10,"[-0.0206343209743286, -0.02620907179333143, -0.023064692642837947, -0.024356650960492998, -0.021663072130361893, -0.03830313014827014, -0.023232477476494928, -0.036180671868404235, -0.02561651691837119, -0.03350321994389793]","[0.9701369025131775, 0.9611316139552847, 0.9711329988230193, 0.9684426724658692, 0.968895279175653, 0.9528555738605162, 0.9667764664819702, 0.9545869248471479, 0.9647158423682989, 0.954565208802497]","[0.9907712234875061, 0.9873406857486161, 0.9941976914658572, 0.9927993234263622, 0.9905583513060149, 0.9911587040087864, 0.9900089439584652, 0.9907675967155521, 0.9903323592866701, 0.9880684287463949]",,0,"[null, null, null, null, null, null, null, null, null, null]",44.31567358970642,35.702394247055054,0.007917404174804688,3.6292147636413574,0.0010156631469726562,1.6856074333190918,,3bc506f13a5e,success,
roberta_base_dbpedia,DBpedia14,10,1.0,44,300,4.0,no_phase0,none,0,0.0,weight_avg,depth-1,0.963,0.9712400000000001,0.9823,0.9885,0.098,-0.028594927411651427,0,10,"[-0.05938151670820402, -0.026593871081366682, -0.02129223048660267, -0.02302515054906118, -0.02893518518518512, -0.02863101693501302, -0.0230773685429696, -0.019254256771319755, -0.029795696366046842, -0.025962981490745385]","[0.9326967092213011, 0.9632059410590583, 0.9706425306927144, 0.9680817346234876, 0.9608944050433412, 0.9603403687327938, 0.9679175353254575, 0.9742797614771176, 0.9586633579222898, 0.9669334667333667]","[0.9920782259295051, 0.989799812140425, 0.9919347611793171, 0.9911068851725487, 0.9898295902285263, 0.9889713856678068, 0.9909949038684271, 0.9935340182484373, 0.9884590542883367, 0.992896448224112]",,0,"[null, null, null, null, null, null, null, null, null, null]",44.512609243392944,35.90858864784241,0.007604122161865234,3.6222705841064453,0.0010712146759033203,1.6965901851654053,,3bc506f13a5e,success,
roberta_base_dbpedia,DBpedia14,10,1.0,42,300,4.0,raw_union_K300,raw_union,40343,0.0,weight_avg,depth-1,0.9849,0.9694099999999999,0.9806,0.9888,0.9848,-0.00650869573029802,0,10,"[-0.00541776761329571, -0.007412839144056993, -0.008760059824798772, -0.004118962730030762, -0.003990422984836428, -0.008744254888213732, -0.007290400972053468, -0.005010056026433007, -0.00712205573913971, -0.007220137380121616]","[0.9869884761418389, 0.9814145723618426, 0.9829784203404316, 0.9862036893504883, 0.9885164494103041, 0.9803497701955286, 0.9830194410692588, 0.9880584686108318, 0.9872346204336607, 0.9800513529527948]","[0.9924062437551346, 0.9888274115058996, 0.9917384801652304, 0.9903226520805191, 0.9925068723951406, 0.9890940250837423, 0.9903098420413122, 0.9930685246372648, 0.9943566761728004, 0.9872714903329164]",,0,"[null, null, null, null, null, null, null, null, null, null]",45.53342866897583,35.062918186187744,1.8422138690948486,3.840960741043091,0.0011107921600341797,1.7005553245544434,,3bc506f13a5e,success,
roberta_base_dbpedia,DBpedia14,10,1.0,43,300,4.0,raw_union_K300,raw_union,40185,0.0,weight_avg,depth-1,0.9858,0.9638899999999999,0.9801,0.9882,0.9846,-0.005668792258930777,0,10,"[-0.0054329249644701205, -0.008282195425481698, -0.005884903673418873, -0.005968346019089021, -0.004529115744069001, -0.005615046677649671, -0.004144761239938122, -0.005868976129199233, -0.0042056968074937195, -0.006755955908498312]","[0.985338298523036, 0.9790584903231344, 0.9883127877924384, 0.9868309774072732, 0.9860292355619459, 0.9855436573311367, 0.985864182718527, 0.9848986205863529, 0.9861266624791764, 0.9813124728378966]","[0.9907712234875061, 0.9873406857486161, 0.9941976914658572, 0.9927993234263622, 0.9905583513060149, 0.9911587040087864, 0.9900089439584652, 0.9907675967155521, 0.9903323592866701, 0.9880684287463949]",,0,"[null, null, null, null, null, null, null, null, null, null]",47.475440979003906,36.94732737541199,1.838529348373413,3.900216817855835,0.0012423992156982422,1.6918368339538574,,3bc506f13a5e,success,
roberta_base_dbpedia,DBpedia14,10,1.0,44,300,4.0,raw_union_K300,raw_union,40584,0.0,weight_avg,depth-1,0.9863,0.9712400000000001,0.9823,0.9885,0.9865,-0.006089657835106854,0,10,"[-0.010681043690554892, -0.005312903604555608, -0.007437942467963032, -0.0042880847176388626, -0.0040632387706854844, -0.004938683573871727, -0.005675237433402813, -0.0057188016380487205, -0.007002753509875226, -0.005777888944472176]","[0.9813971822389502, 0.9844869085358694, 0.9844968187113541, 0.9868188004549099, 0.9857663514578409, 0.9840327020939351, 0.9853196664350243, 0.9878152166103886, 0.9814563007784615, 0.9871185592796399]","[0.9920782259295051, 0.989799812140425, 0.9919347611793171, 0.9911068851725487, 0.9898295902285263, 0.9889713856678068, 0.9909949038684271, 0.9935340182484373, 0.9884590542883367, 0.992896448224112]",,0,"[null, null, null, null, null, null, null, null, null, null]",45.60781693458557,35.38958978652954,1.796034336090088,3.6308741569519043,0.0012590885162353516,1.6855769157409668,,3bc506f13a5e,success,
roberta_base_trec,TREC,10,0.05,42,300,4.0,no_phase0,none,0,0.0,weight_avg,depth-1,0.812,0.3276,0.604,0.934,0.186,-0.22057328560708694,0,10,"[-0.12866520787746172, -0.1393034825870647, -0.08878504672897203, 0.0, -0.16216216216216217, -0.29234338747099764, -0.7999999999999999, -0.08256880733944949, -0.33333333333333337, -0.1785714285714286]","[0.7851203501094092, 0.8470149253731343, 0.822429906542056, 1.0, 0.6351351351351351, 0.697215777262181, 0.14, 0.8756371049949032, 0.6666666666666666, 0.75]","[0.9137855579868709, 0.986318407960199, 0.9112149532710281, 1.0, 0.7972972972972973, 0.9895591647331786, 0.94, 0.9582059123343527, 1.0, 0.9285714285714286]",0.788924414069724,9,"[0.7112299465240641, 0.7977011494252874, 0.7430939226519337, 0.7899761336515513, 0.8497536945812808, 0.7831325301204819, 0.8073170731707318, 0.768361581920904, 0.8497536945812808, null]",10.386901378631592,0.38243675231933594,0.0024993419647216797,3.247227907180786,0.001065969467163086,0.029321908950805664,,3bc506f13a5e,success,
roberta_base_trec,TREC,10,0.05,43,300,4.0,no_phase0,none,0,0.0,weight_avg,depth-1,0.866,0.3216,0.526,0.926,0.118,-0.2373369915633888,0,10,"[-0.13446808510638297, -0.11885546588407925, -0.2697435897435897, -0.13669064748201443, -0.16099071207430338, -0.17791411042944794, -0.1302605210420842, -1.0, -0.04347826086956519, -0.2009685230024213]","[0.8238297872340425, 0.8077769625825385, 0.6871794871794872, 0.8201438848920863, 0.7894736842105263, 0.7177914110429447, 0.8537074148296593, 0.0, 0.8695652173913043, 0.7263922518159807]","[0.9582978723404255, 0.9266324284666178, 0.9569230769230769, 0.9568345323741008, 0.9504643962848297, 0.8957055214723927, 0.9839679358717435, 1.0, 0.9130434782608695, 0.927360774818402]",0.8567977078382755,9,"[0.7916666666666666, 0.7666666666666667, 0.92, 0.865979381443299, 0.9032258064516129, 0.865979381443299, 0.8527131782945736, 0.8782816229116945, 0.8666666666666667, null]",3.780825614929199,0.4082026481628418,0.0025091171264648438,3.3160815238952637,0.0010356903076171875,0.028444766998291016,,3bc506f13a5e,success,
roberta_base_trec,TREC,10,0.05,44,300,4.0,no_phase0,none,0,0.0,weight_avg,depth-1,0.83,0.3572,0.618,0.926,0.284,-0.14557213240864542,1,10,"[-0.19999999999999996, -0.06409495548961419, -0.11290322580645162, 0.008196721311475419, -0.032258064516129115, -0.4514285714285715, -0.22004357298474952, -0.1831896551724138, 0.0, -0.19999999999999996]","[0.8, 0.9080118694362018, 0.7943548387096774, 0.8565573770491803, 0.9354838709677419, 0.5248979591836734, 0.7549019607843137, 0.7618534482758621, 1.0, 0.8]","[1.0, 0.972106824925816, 0.907258064516129, 0.8483606557377049, 0.967741935483871, 0.976326530612245, 0.9749455337690632, 0.9450431034482759, 1.0, 1.0]",0.8018241177371838,10,"[0.8121951219512196, 0.7966101694915254, 0.7259786476868327, 0.9111111111111111, 0.7966101694915254, 0.8916256157635468, 0.7023809523809523, 0.7705382436260623, 0.8501291989664083, 0.7610619469026548]",3.7462403774261475,0.37993788719177246,0.0024940967559814453,3.3107171058654785,0.0011434555053710938,0.030211210250854492,,3bc506f13a5e,success,
roberta_base_trec,TREC,10,0.05,42,300,4.0,raw_union_K300,raw_union,2443,0.0,weight_avg,depth-1,0.902,0.3276,0.604,0.934,0.884,-0.02147534966299165,3,10,"[-0.06914660831509845, -0.07213930348258701, 0.009345794392523366, 0.0, 0.12162162162162171, -0.05568445475638051, -0.15999999999999992, -0.024464831804281384, 0.0, 0.0357142857142857]","[0.8446389496717724, 0.914179104477612, 0.9205607476635514, 1.0, 0.918918918918919, 0.9338747099767981, 0.78, 0.9337410805300713, 1.0, 0.9642857142857143]","[0.9137855579868709, 0.986318407960199, 0.9112149532710281, 1.0, 0.7972972972972973, 0.9895591647331786, 0.94, 0.9582059123343527, 1.0, 0.9285714285714286]",0.9033259350021683,9,"[0.9358288770053476, 0.9011494252873563, 0.8701657458563536, 0.8997613365155132, 0.9482758620689655, 0.8232931726907631, 0.9048780487804878, 0.8983050847457628, 0.9482758620689655, null]",3.9503848552703857,0.3747520446777344,0.11085081100463867,3.414907932281494,0.0011067390441894531,0.028165817260742188,,3bc506f13a5e,success,
roberta_base_trec,TREC,10,0.05,43,300,4.0,raw_union_K300,raw_union,3158,0.0,weight_avg,depth-1,0.934,0.3216,0.526,0.926,0.932,-0.013658293799332177,2,10,"[-0.04765957446808511, -0.04108584005869409, -0.05641025641025632, -0.031175059952038398, -0.034055727554179516, 0.006134969325153339, -0.012024048096192397, 0.0, 0.08695652173913049, -0.007263922518159771]","[0.9106382978723404, 0.8855465884079237, 0.9005128205128206, 0.9256594724220624, 0.9164086687306502, 0.901840490797546, 0.9719438877755511, 1.0, 1.0, 0.9200968523002422]","[0.9582978723404255, 0.9266324284666178, 0.9569230769230769, 0.9568345323741008, 0.9504643962848297, 0.8957055214723927, 0.9839679358717435, 1.0, 0.9130434782608695, 0.927360774818402]",0.9307789427763488,9,"[0.8791666666666667, 0.8888888888888888, 0.9753846153846154, 0.9381443298969072, 0.9589442815249267, 0.9381443298969072, 0.9198966408268734, 0.9451073985680191, 0.9333333333333333, null]",3.8857269287109375,0.4030008316040039,0.1432664394378662,3.290174961090088,0.0010528564453125,0.028293848037719727,,3bc506f13a5e,success,
roberta_base_trec,TREC,10,0.05,44,300,4.0,raw_union_K300,raw_union,2273,0.0,weight_avg,depth-1,0.896,0.3572,0.618,0.926,0.862,-0.019798990316243725,3,10,"[0.0, -0.03620178041543021, 0.028225806451612878, 0.12295081967213117, 0.021505376344086002, -0.2522448979591837, -0.030501089324618813, -0.051724137931034586, 0.0, 0.0]","[1.0, 0.9359050445103858, 0.9354838709677419, 0.9713114754098361, 0.989247311827957, 0.7240816326530612, 0.9444444444444444, 0.8933189655172413, 1.0, 1.0]","[1.0, 0.972106824925816, 0.907258064516129, 0.8483606557377049, 0.967741935483871, 0.976326530612245, 0.9749455337690632, 0.9450431034482759, 1.0, 1.0]",0.8841995799985556,10,"[0.8878048780487805, 0.884180790960452, 0.8398576512455516, 0.9333333333333333, 0.884180790960452, 0.9605911330049262, 0.7559523809523809, 0.8555240793201133, 0.875968992248062, 0.9646017699115044]",3.9305014610290527,0.3802988529205322,0.10139703750610352,3.3969483375549316,0.0010440349578857422,0.02981710433959961,,3bc506f13a5e,success,
roberta_base_trec,TREC,10,0.1,42,300,4.0,no_phase0,none,0,0.0,weight_avg,depth-1,0.848,0.36019999999999996,0.548,0.934,0.186,-0.2187411720048839,0,10,"[-0.4130434782608696, -0.17543859649122806, -0.07246376811594202, -0.32450331125827814, -0.28924731182795693, -0.07816091954022997, -0.38888888888888895, 0.0, -0.017094017094017144, -0.4285714285714286]","[0.5434782608695652, 0.7830940988835726, 0.904927536231884, 0.6395458845789972, 0.6709677419354839, 0.825287356321839, 0.4691358024691358, 1.0, 0.8660968660968661, 0.5714285714285714]","[0.9565217391304348, 0.9585326953748007, 0.9773913043478261, 0.9640491958372753, 0.9602150537634409, 0.903448275862069, 0.8580246913580247, 1.0, 0.8831908831908832, 1.0]",0.8620639352023625,9,"[0.8051470588235294, 0.8051470588235294, 0.8518518518518519, null, 0.893048128342246, 0.8620689655172413, 0.8904109589041096, 0.8137254901960784, 0.8991228070175439, 0.9380530973451328]",3.734560966491699,0.3837168216705322,0.0025200843811035156,3.2937474250793457,0.0011374950408935547,0.028877973556518555,,3bc506f13a5e,success,
roberta_base_trec,TREC,10,0.1,43,300,4.0,no_phase0,none,0,0.0,weight_avg,depth-1,0.884,0.5074,0.76,0.926,0.118,-0.10494079916438208,1,10,"[-0.07624633431085048, -0.023696682464455, -0.19999999999999996, -0.1331269349845201, -0.07387580299785867, -0.12612612612612606, -0.02395209580838331, -0.33333333333333337, -0.08509234828496048, 0.02604166666666674]","[0.782991202346041, 0.8720379146919431, 0.8, 0.8204334365325078, 0.8940042826552462, 0.7792792792792793, 0.8982035928143712, 0.6666666666666666, 0.8232189973614775, 0.8020833333333334]","[0.8592375366568915, 0.8957345971563981, 1.0, 0.9535603715170279, 0.9678800856531049, 0.9054054054054054, 0.9221556886227545, 1.0, 0.908311345646438, 0.7760416666666666]",0.8810179896381007,8,"[0.9269662921348315, 0.8381742738589212, 0.8585858585858586, 0.8115942028985508, 0.8491379310344828, null, 0.8903225806451613, 0.914179104477612, 0.9591836734693877, null]",3.753150701522827,0.39002203941345215,0.002628326416015625,3.3105721473693848,0.0011415481567382812,0.028419017791748047,,3bc506f13a5e,success,
roberta_base_trec,TREC,10,0.1,44,300,4.0,no_phase0,none,0,0.0,weight_avg,depth-1,0.89,0.40919999999999995,0.546,0.926,0.284,-0.14174921956904848,0,10,"[-0.2547169811320755, 0.0, -0.08695652173913049, -0.07867494824016563, -0.14084507042253513, -0.1561712846347607, -0.16824644549763035, -0.2761506276150628, -0.07361111111111107, -0.18211920529801318]","[0.6572327044025157, 1.0, 0.8695652173913043, 0.8747412008281573, 0.7323943661971831, 0.8085642317380353, 0.7606635071090048, 0.6610878661087866, 0.8340277777777778, 0.7607615894039735]","[0.9119496855345912, 1.0, 0.9565217391304348, 0.953416149068323, 0.8732394366197183, 0.964735516372796, 0.9289099526066351, 0.9372384937238494, 0.9076388888888889, 0.9428807947019867]",0.8678984740912838,9,"[0.8823529411764706, 0.8907849829351536, 0.8260869565217391, 0.8907849829351536, 0.8260869565217391, 0.8942528735632184, 0.8285714285714286, 0.8680555555555556, 0.9041095890410958, null]",3.807690143585205,0.38501739501953125,0.002589702606201172,3.364508628845215,0.001287698745727539,0.02838873863220215,,3bc506f13a5e,success,
roberta_base_trec,TREC,10,0.1,42,300,4.0,raw_union_K300,raw_union,2667,0.0,weight_avg,depth-1,0.908,0.36019999999999996,0.548,0.934,0.892,-0.027282128691618966,4,10,"[0.04347826086956519, -0.06858054226475285, -0.0371014492753623, -0.185430463576159, -0.05483870967741933, 0.03908045977011487, 0.0679012345679012, 0.0, 0.06552706552706544, -0.1428571428571429]","[1.0, 0.8899521531100478, 0.9402898550724638, 0.7786187322611163, 0.9053763440860215, 0.9425287356321839, 0.9259259259259259, 1.0, 0.9487179487179487, 0.8571428571428571]","[0.9565217391304348, 0.9585326953748007, 0.9773913043478261, 0.9640491958372753, 0.9602150537634409, 0.903448275862069, 0.8580246913580247, 1.0, 0.8831908831908832, 1.0]",0.9192417796378385,9,"[0.8786764705882353, 0.8786764705882353, 0.8765432098765432, null, 0.9732620320855615, 0.9408866995073891, 0.910958904109589, 0.8888888888888888, 0.9429824561403509, 0.9823008849557522]",3.9324817657470703,0.41144251823425293,0.11853528022766113,3.3462753295898438,0.0010385513305664062,0.029035568237304688,,3bc506f13a5e,success,
roberta_base_trec,TREC,10,0.1,43,300,4.0,raw_union_K300,raw_union,3475,0.0,weight_avg,depth-1,0.934,0.5074,0.76,0.926,0.92,-0.017613889013555418,4,10,"[0.07624633431085037, 0.07582938388625593, -0.09999999999999998, -0.04334365325077405, -0.021413276231263323, -0.03228228228228225, 0.053892215568862256, -0.33333333333333337, -0.01319261213720313, 0.16145833333333337]","[0.9354838709677419, 0.9715639810426541, 0.9, 0.9102167182662538, 0.9464668094218416, 0.8731231231231231, 0.9760479041916168, 0.6666666666666666, 0.8951187335092349, 0.9375]","[0.8592375366568915, 0.8957345971563981, 1.0, 0.9535603715170279, 0.9678800856531049, 0.9054054054054054, 0.9221556886227545, 1.0, 0.908311345646438, 0.7760416666666666]",0.9349430668991577,8,"[0.949438202247191, 0.9253112033195021, 0.9191919191919192, 0.9033816425120773, 0.9224137931034483, null, 0.9225806451612903, 0.9440298507462687, 0.9931972789115646, null]",3.90744948387146,0.3826272487640381,0.15453577041625977,3.32049560546875,0.0012776851654052734,0.02774357795715332,,3bc506f13a5e,success,
roberta_base_trec,TREC,10,0.1,44,300,4.0,raw_union_K300,raw_union,3428,0.0,weight_avg,depth-1,0.922,0.40919999999999995,0.546,0.926,0.916,-0.011074817774379886,2,10,"[0.0062893081761006275, 0.0, 0.0, -0.0020703933747411307, 0.05633802816901412, -0.05037783375314864, -0.004739336492891044, -0.04184100418410042, -0.018055555555555602, -0.056291390728476776]","[0.9182389937106918, 1.0, 0.9565217391304348, 0.9513457556935818, 0.9295774647887324, 0.9143576826196473, 0.9241706161137441, 0.895397489539749, 0.8895833333333333, 0.8865894039735099]","[0.9119496855345912, 1.0, 0.9565217391304348, 0.953416149068323, 0.8732394366197183, 0.964735516372796, 0.9289099526066351, 0.9372384937238494, 0.9076388888888889, 0.9428807947019867]",0.9056265186515624,9,"[0.8970588235294118, 0.9351535836177475, 0.8695652173913043, 0.9351535836177475, 0.8695652173913043, 0.9287356321839081, 0.8628571428571429, 0.9027777777777778, 0.9497716894977168, null]",4.159007787704468,0.38719701766967773,0.15015792846679688,3.5662474632263184,0.0012526512145996094,0.02798008918762207,,3bc506f13a5e,success,
roberta_base_trec,TREC,10,0.3,42,300,4.0,no_phase0,none,0,0.0,weight_avg,depth-1,0.872,0.5508000000000001,0.752,0.934,0.186,-0.05938012783803266,1,10,"[-0.10360360360360354, -0.07718894009216593, -0.07897071872227157, -0.14693877551020407, -0.040983606557377095, -0.03857566765578635, -0.09420289855072461, -0.014285714285714346, -0.10074626865671643, 0.10169491525423735]","[0.7927927927927928, 0.8548387096774194, 0.8411712511091393, 0.7681632653061224, 0.7978142076502732, 0.8382789317507419, 0.7801932367149759, 0.8142857142857143, 0.7873134328358209, 0.864406779661017]","[0.8963963963963963, 0.9320276497695853, 0.9201419698314108, 0.9151020408163265, 0.8387978142076503, 0.8768545994065282, 0.8743961352657005, 0.8285714285714286, 0.8880597014925373, 0.7627118644067796]",0.7523671789629236,6,"[0.7777777777777778, 0.6170212765957447, null, null, 0.8783783783783784, 0.6666666666666666, null, 0.6666666666666666, 0.9076923076923077, null]",3.783482074737549,0.3845362663269043,0.0025568008422851562,3.341046094894409,0.0012729167938232422,0.02731919288635254,,3bc506f13a5e,success,
roberta_base_trec,TREC,10,0.3,43,300,4.0,no_phase0,none,0,0.0,weight_avg,depth-1,0.872,0.5481999999999999,0.75,0.926,0.118,-0.07834380860110986,0,10,"[-0.033678756476683946, -0.04864864864864871, -0.09296148738379806, -0.047368421052631615, -0.023622047244094557, -0.16502946954813358, -0.06315789473684208, -0.05895439377085654, -0.172539489671932, -0.07747747747747746]","[0.8406735751295337, 0.8378378378378378, 0.8286852589641435, 0.8578947368421053, 0.884514435695538, 0.6974459724950884, 0.6842105263157895, 0.8509454949944383, 0.7436208991494532, 0.8288288288288288]","[0.8743523316062176, 0.8864864864864865, 0.9216467463479415, 0.9052631578947369, 0.9081364829396326, 0.862475442043222, 0.7473684210526316, 0.9098998887652948, 0.9161603888213852, 0.9063063063063063]",0.8915696061154307,6,"[null, null, null, 0.8275862068965517, 0.9469026548672567, 0.8615384615384616, 0.9259259259259259, 0.9259259259259259, 0.8615384615384616, null]",3.9311585426330566,0.38663244247436523,0.002573251724243164,3.4880142211914062,0.0012793540954589844,0.026851415634155273,,3bc506f13a5e,success,
roberta_base_trec,TREC,10,0.3,44,300,4.0,no_phase0,none,0,0.0,weight_avg,depth-1,0.898,0.5242,0.82,0.926,0.284,-0.07106545965183837,0,10,"[-0.1685144124168514, -0.05681818181818177, -0.049645390070921946, 0.0, -0.07239819004524883, -0.07360861759425485, -0.053254437869822424, -0.09160305343511455, -0.10565568676196391, -0.03915662650602403]","[0.7006651884700665, 0.8522727272727273, 0.806146572104019, 0.8909090909090909, 0.861236802413273, 0.77737881508079, 0.8520710059171598, 0.8636859323882224, 0.8060907395898074, 0.8524096385542169]","[0.8691796008869179, 0.9090909090909091, 0.8557919621749409, 0.8909090909090909, 0.9336349924585219, 0.8509874326750448, 0.9053254437869822, 0.955288985823337, 0.9117464263517713, 0.891566265060241]",0.8001083914202165,8,"[0.8641975308641975, 0.7021276595744681, 0.6666666666666666, 0.9840637450199203, null, 0.9508196721311475, 0.7021276595744681, 0.8641975308641975, 0.6666666666666666, null]",3.8979685306549072,0.397691011428833,0.002561807632446289,3.442777156829834,0.001129150390625,0.028530359268188477,,3bc506f13a5e,success,
roberta_base_trec,TREC,10,0.3,42,300,4.0,raw_union_K300,raw_union,4220,0.0,weight_avg,depth-1,0.92,0.5508000000000001,0.752,0.934,0.918,0.056251700724678055,8,10,"[0.03153153153153154, 0.0023041474654377225, -0.007098491570541321, -0.026122448979591817, 0.08743169398907102, 0.047477744807121636, 0.06763285024154586, 0.09999999999999998, 0.05597014925373134, 0.2033898305084746]","[0.9279279279279279, 0.934331797235023, 0.9130434782608695, 0.8889795918367347, 0.9262295081967213, 0.9243323442136498, 0.9420289855072463, 0.9285714285714286, 0.9440298507462687, 0.9661016949152542]","[0.8963963963963963, 0.9320276497695853, 0.9201419698314108, 0.9151020408163265, 0.8387978142076503, 0.8768545994065282, 0.8743961352657005, 0.8285714285714286, 0.8880597014925373, 0.7627118644067796]",0.8805363251246693,6,"[0.8792270531400966, 0.7553191489361702, null, null, 0.9324324324324325, 0.8888888888888888, null, 0.8888888888888888, 0.9384615384615385, null]",4.290712356567383,0.4192681312561035,0.20322918891906738,3.61580753326416,0.001085042953491211,0.02685689926147461,,3bc506f13a5e,success,
roberta_base_trec,TREC,10,0.3,43,300,4.0,raw_union_K300,raw_union,4400,0.0,weight_avg,depth-1,0.926,0.5481999999999999,0.75,0.926,0.926,0.038677591171171734,8,10,"[0.03626943005181349, 0.05945945945945941, -0.006640106241699861, 0.047368421052631504, 0.044619422572178435, 0.03143418467583492, 0.1473684210526316, 0.020022246941045596, -0.02916160388821387, 0.03603603603603611]","[0.9106217616580311, 0.9459459459459459, 0.9150066401062417, 0.9526315789473684, 0.952755905511811, 0.8939096267190569, 0.8947368421052632, 0.9299221357063404, 0.8869987849331713, 0.9423423423423424]","[0.8743523316062176, 0.8864864864864865, 0.9216467463479415, 0.9052631578947369, 0.9081364829396326, 0.862475442043222, 0.7473684210526316, 0.9098998887652948, 0.9161603888213852, 0.9063063063063063]",0.9101716612846372,6,"[null, null, null, 0.9224137931034483, 0.9823008849557522, 0.8769230769230769, 0.9012345679012346, 0.9012345679012346, 0.8769230769230769, null]",4.037911891937256,0.4175288677215576,0.20285367965698242,3.3697733879089355,0.001117706298828125,0.026195287704467773,,3bc506f13a5e,success,
roberta_base_trec,TREC,10,0.3,44,300,4.0,raw_union_K300,raw_union,4262,0.0,weight_avg,depth-1,0.94,0.5242,0.82,0.926,0.938,0.03209326403475273,7,10,"[-0.006651884700665134, 0.045454545454545525, 0.08983451536643028, 0.09090909090909094, -0.015082956259426905, 0.05745062836624781, 0.01775147928994092, -0.029443838604144013, 0.007458048477315127, 0.06325301204819278]","[0.8625277161862528, 0.9545454545454546, 0.9456264775413712, 0.9818181818181818, 0.918552036199095, 0.9084380610412927, 0.9230769230769231, 0.925845147219193, 0.9192044748290864, 0.9548192771084337]","[0.8691796008869179, 0.9090909090909091, 0.8557919621749409, 0.8909090909090909, 0.9336349924585219, 0.8509874326750448, 0.9053254437869822, 0.955288985823337, 0.9117464263517713, 0.891566265060241]",0.9037795838310904,8,"[0.8888888888888888, 0.8617021276595744, 0.8888888888888888, 0.9840637450199203, null, 0.9672131147540983, 0.8617021276595744, 0.8888888888888888, 0.8888888888888888, null]",4.236814260482788,0.42255091667175293,0.20140528678894043,3.5601675510406494,0.0010688304901123047,0.027318716049194336,,3bc506f13a5e,success,
roberta_base_trec,TREC,10,1.0,42,300,4.0,no_phase0,none,0,0.0,weight_avg,depth-1,0.862,0.6544,0.772,0.934,0.186,-0.04792280629955096,5,10,"[-0.033395176252319136, -0.23798358733880431, 0.00809716599190291, -0.050086355785837755, 0.04594594594594592, -0.07883817427385897, 0.02483069977426633, 0.03114186851211076, -0.1959334565619223, 0.006993006993006978]","[0.8849721706864564, 0.6518171160609613, 0.8502024291497976, 0.8290155440414507, 0.8594594594594595, 0.8547717842323651, 0.837471783295711, 0.8581314878892734, 0.6691312384473198, 0.7832167832167832]","[0.9183673469387755, 0.8898007033997656, 0.8421052631578947, 0.8791018998272885, 0.8135135135135135, 0.9336099585062241, 0.8126410835214447, 0.8269896193771626, 0.8650646950092421, 0.7762237762237763]",0.7032069071847055,3,"[0.4574468085106383, null, null, 0.9855072463768116, null, null, null, null, 0.6666666666666666, null]",3.8675272464752197,0.40901613235473633,0.002507448196411133,3.408710241317749,0.0011551380157470703,0.02547740936279297,,3bc506f13a5e,success,
roberta_base_trec,TREC,10,1.0,43,300,4.0,no_phase0,none,0,0.0,weight_avg,depth-1,0.882,0.6254000000000001,0.784,0.926,0.118,-0.017774540610079492,3,10,"[-0.009009009009009028, -0.0825335892514395, -0.009302325581395321, 0.013377926421404673, -0.025974025974025983, 0.002702702702702675, 0.03696498054474706, -0.04210526315789476, -0.05252100840336138, -0.009345794392523366]","[0.8674388674388674, 0.7715930902111324, 0.8806201550387597, 0.8193979933110368, 0.8542568542568543, 0.7837837837837838, 0.8073929961089494, 0.8578947368421053, 0.7794117647058824, 0.6635514018691588]","[0.8764478764478765, 0.8541266794625719, 0.889922480620155, 0.8060200668896321, 0.8802308802308803, 0.7810810810810811, 0.7704280155642024, 0.9, 0.8319327731092437, 0.6728971962616822]",,0,"[null, null, null, null, null, null, null, null, null, null]",3.7451276779174805,0.38451147079467773,0.0025920867919921875,3.3129305839538574,0.00109100341796875,0.023047208786010742,,3bc506f13a5e,success,
roberta_base_trec,TREC,10,1.0,44,300,4.0,no_phase0,none,0,0.0,weight_avg,depth-1,0.896,0.7144000000000001,0.836,0.926,0.284,-0.01397884533028565,3,10,"[0.018789144050104345, -0.08073394495412844, -0.004587155963302725, 0.06878306878306883, 0.01520912547528519, -0.0033670033670033517, -0.04651162790697683, -0.030575539568345356, -0.05622489959839361, -0.020569620253164556]","[0.8121085594989561, 0.7724770642201835, 0.8188073394495413, 0.8201058201058201, 0.8593155893536122, 0.8569023569023569, 0.8202959830866807, 0.8579136690647482, 0.8132530120481928, 0.8496835443037974]","[0.7933194154488518, 0.8532110091743119, 0.823394495412844, 0.7513227513227513, 0.844106463878327, 0.8602693602693603, 0.8668076109936576, 0.8884892086330936, 0.8694779116465864, 0.870253164556962]",,0,"[null, null, null, null, null, null, null, null, null, null]",3.777250289916992,0.389207124710083,0.0026252269744873047,3.3374361991882324,0.0011000633239746094,0.02258753776550293,,3bc506f13a5e,success,
roberta_base_trec,TREC,10,1.0,42,300,4.0,raw_union_K300,raw_union,4671,0.0,weight_avg,depth-1,0.932,0.6544,0.772,0.934,0.934,0.07186600579275819,8,10,"[0.038961038961038974, -0.02696365767878084, 0.10931174089068829, 0.06563039723661479, 0.12702702702702706, -0.009958506224066355, 0.11963882618510158, 0.12802768166089962, 0.01663585951940849, 0.1503496503496503]","[0.9573283858998145, 0.8628370457209847, 0.951417004048583, 0.9447322970639033, 0.9405405405405406, 0.9236514522821577, 0.9322799097065463, 0.9550173010380623, 0.8817005545286506, 0.9265734265734266]","[0.9183673469387755, 0.8898007033997656, 0.8421052631578947, 0.8791018998272885, 0.8135135135135135, 0.9336099585062241, 0.8126410835214447, 0.8269896193771626, 0.8650646950092421, 0.7762237762237763]",0.8825333196286017,3,"[0.7659574468085106, null, null, 0.9927536231884058, null, null, null, null, 0.8888888888888888, null]",3.908128499984741,0.38466572761535645,0.2010641098022461,3.2718758583068848,0.0011076927185058594,0.024939775466918945,,3bc506f13a5e,success,
roberta_base_trec,TREC,10,1.0,43,300,4.0,raw_union_K300,raw_union,5274,0.0,weight_avg,depth-1,0.934,0.6254000000000001,0.784,0.926,0.936,0.0990853147683107,10,10,"[0.06563706563706562, 0.053742802303263004, 0.04806201550387601, 0.12374581939799334, 0.05483405483405479, 0.12432432432432428, 0.1575875486381323, 0.03473684210526318, 0.09453781512605042, 0.23364485981308414]","[0.9420849420849421, 0.9078694817658349, 0.937984496124031, 0.9297658862876255, 0.935064935064935, 0.9054054054054054, 0.9280155642023347, 0.9347368421052632, 0.9264705882352942, 0.9065420560747663]","[0.8764478764478765, 0.8541266794625719, 0.889922480620155, 0.8060200668896321, 0.8802308802308803, 0.7810810810810811, 0.7704280155642024, 0.9, 0.8319327731092437, 0.6728971962616822]",,0,"[null, null, null, null, null, null, null, null, null, null]",3.9603257179260254,0.3830430507659912,0.22439074516296387,3.3077380657196045,0.001100301742553711,0.023105144500732422,,3bc506f13a5e,success,
roberta_base_trec,TREC,10,1.0,44,300,4.0,raw_union_K300,raw_union,5163,0.0,weight_avg,depth-1,0.938,0.7144000000000001,0.836,0.926,0.936,0.08721453212401276,10,10,"[0.14405010438413357, 0.04220183486238538, 0.0986238532110092, 0.17195767195767198, 0.0874524714828897, 0.09090909090909083, 0.07399577167019022, 0.04136690647482011, 0.03614457831325302, 0.08544303797468356]","[0.9373695198329853, 0.8954128440366973, 0.9220183486238532, 0.9232804232804233, 0.9315589353612167, 0.9511784511784511, 0.9408033826638478, 0.9298561151079137, 0.9056224899598394, 0.9556962025316456]","[0.7933194154488518, 0.8532110091743119, 0.823394495412844, 0.7513227513227513, 0.844106463878327, 0.8602693602693603, 0.8668076109936576, 0.8884892086330936, 0.8694779116465864, 0.870253164556962]",,0,"[null, null, null, null, null, null, null, null, null, null]",4.037027359008789,0.3959207534790039,0.23483610153198242,3.3571667671203613,0.0011444091796875,0.022787809371948242,,3bc506f13a5e,success,
vit_b32_cifar100,CIFAR100,10,0.05,42,300,4.0,no_phase0,none,0,0.0,weight_avg,depth-1,0.284,0.22535000000000002,0.2929,0.8692,0.0121,-0.712419520879606,0,10,"[-0.8475, -0.5488260959900271, -0.7361702127659575, -0.7039590747330962, -0.6664365832614323, -0.7369591243372668, -0.6888282596209074, -0.7550799241397995, -0.7498559077809799, -0.690580026166594]","[0.141875, 0.4345522543112404, 0.24840425531914895, 0.25533807829181493, 0.2969801553062985, 0.2502137848469301, 0.29149913842619185, 0.22758060146301815, 0.22651296829971182, 0.2880505887483646]","[0.989375, 0.9833783503012674, 0.9845744680851064, 0.959297153024911, 0.9634167385677308, 0.987172909184197, 0.9803273980470993, 0.9826605256028177, 0.9763688760806917, 0.9786306149149586]",0.24361515043729137,10,"[0.29539473684210527, 0.17, 0.2480952380952381, 0.24223880597014924, 0.23442622950819672, 0.2684615384615385, 0.2216949152542373, 0.29619718309859155, 0.28214285714285714, 0.1775]",68.88093638420105,3.4630699157714844,0.009058952331542969,3.601271152496338,0.0012555122375488281,0.21367645263671875,,3bc506f13a5e,success,
vit_b32_cifar100,CIFAR100,10,0.05,43,300,4.0,no_phase0,none,0,0.0,weight_avg,depth-1,0.2681,0.22691,0.2739,0.8684,0.011,-0.7166297571059229,0,10,"[-0.7436859575696348, -0.7574245664053219, -0.5738289205702648, -0.578402845134174, -0.7722222222222221, -0.6607622114868491, -0.7102653834937299, -0.714598141060689, -0.8533797216699801, -0.801727601446364]","[0.2135950353586376, 0.22927061059634118, 0.4075016972165648, 0.40801810539928873, 0.1941358024691358, 0.32877079978529256, 0.2669874599008457, 0.2703663203936577, 0.13071570576540756, 0.16994777018883087]","[0.9572809929282725, 0.9866951770016631, 0.9813306177868296, 0.9864209505334627, 0.966358024691358, 0.9895330112721417, 0.9772528433945756, 0.9849644614543467, 0.9840954274353877, 0.9716753716351949]",0.2349932290397539,10,"[0.24467741935483872, 0.2297142857142857, 0.17138461538461539, 0.20238095238095238, 0.24883333333333332, 0.2032857142857143, 0.1985964912280702, 0.2564935064935065, 0.27234375, 0.32222222222222224]",7.306134223937988,3.417843818664551,0.008827924728393555,3.56325364112854,0.0011601448059082031,0.21345281600952148,,3bc506f13a5e,success,
vit_b32_cifar100,CIFAR100,10,0.05,44,300,4.0,no_phase0,none,0,0.0,weight_avg,depth-1,0.2927,0.22854000000000002,0.3194,0.8672,0.0072,-0.6846499692698027,0,10,"[-0.7498450733319562, -0.6229775864628173, -0.7155917963923895, -0.6538362843212728, -0.7094402673350042, -0.6224035608308605, -0.673545966228893, -0.7599214145383104, -0.6511965192168238, -0.6877412240396986]","[0.21813674860565999, 0.3543120083123052, 0.2510501606127996, 0.33410315627405696, 0.2731829573934837, 0.34955489614243324, 0.299812382739212, 0.2286836935166994, 0.328982354363065, 0.2925932732953501]","[0.9679818219376162, 0.9772895947751224, 0.9666419570051891, 0.9879394405953298, 0.9826232247284878, 0.9719584569732937, 0.973358348968105, 0.9886051080550098, 0.9801788735798888, 0.9803344973350487]",0.2626323497103443,10,"[0.27194444444444443, 0.24048387096774193, 0.27055555555555555, 0.2836619718309859, 0.26948275862068966, 0.23714285714285716, 0.24767857142857144, 0.29768115942028983, 0.25769230769230766, 0.25]",7.847577810287476,3.666877508163452,0.009003877639770508,3.848612070083618,0.0011310577392578125,0.2131202220916748,,3bc506f13a5e,success,
vit_b32_cifar100,CIFAR100,10,0.05,42,300,4.0,raw_union_K300,raw_union,39212,0.0,weight_avg,depth-1,0.8688,0.22535000000000002,0.2929,0.8692,0.8624,-0.03674170155883255,0,10,"[-0.040000000000000036, -0.036255973405360464, -0.05026595744680851, -0.04559608540925264, -0.047627264883520315, -0.034376603386351956, -0.052986789201608264, -0.03224058520726092, -0.00691642651296831, -0.021151330135194102]","[0.949375, 0.947122376895907, 0.9343085106382979, 0.9137010676156584, 0.9157894736842105, 0.952796305797845, 0.9273406088454911, 0.9504199403955568, 0.9694524495677234, 0.9574792847797645]","[0.989375, 0.9833783503012674, 0.9845744680851064, 0.959297153024911, 0.9634167385677308, 0.987172909184197, 0.9803273980470993, 0.9826605256028177, 0.9763688760806917, 0.9786306149149586]",0.8651656013422329,10,"[0.8643421052631579, 0.8594915254237289, 0.8709523809523809, 0.875223880597015, 0.87, 0.8603076923076923, 0.8606779661016949, 0.8712676056338028, 0.8631428571428571, 0.85625]",9.581032514572144,3.7143807411193848,1.8890283107757568,3.663396120071411,0.0011446475982666016,0.21036624908447266,,3bc506f13a5e,success,
vit_b32_cifar100,CIFAR100,10,0.05,43,300,4.0,raw_union_K300,raw_union,39750,0.0,weight_avg,depth-1,0.8661,0.22691,0.2739,0.8684,0.8592,-0.03700451868259889,0,10,"[-0.031173329484774137, -0.032549299120931297, -0.037338764426340765, -0.029259618493372108, -0.05092592592592593, -0.040257648953301084, -0.059200933216681184, -0.04182613449972672, -0.02360834990059646, -0.023905182804339176]","[0.9261076634434984, 0.9541458778807318, 0.9439918533604889, 0.9571613320400906, 0.9154320987654321, 0.9492753623188406, 0.9180519101778944, 0.94313832695462, 0.9604870775347912, 0.9477701888308557]","[0.9572809929282725, 0.9866951770016631, 0.9813306177868296, 0.9864209505334627, 0.966358024691358, 0.9895330112721417, 0.9772528433945756, 0.9849644614543467, 0.9840954274353877, 0.9716753716351949]",0.8630071265840366,10,"[0.8790322580645161, 0.8631428571428571, 0.8616923076923076, 0.8658730158730159, 0.865, 0.8558571428571429, 0.8594736842105263, 0.87, 0.86, 0.85]",9.555674076080322,3.495910167694092,1.9239921569824219,3.8276569843292236,0.0011417865753173828,0.21043181419372559,,3bc506f13a5e,success,
vit_b32_cifar100,CIFAR100,10,0.05,44,300,4.0,raw_union_K300,raw_union,40363,0.0,weight_avg,depth-1,0.8677,0.22854000000000002,0.3194,0.8672,0.8632,-0.0334323918614,0,10,"[-0.03594298698615983, -0.02285883924595511, -0.014084507042253613, -0.014626635873749128, -0.04310776942355887, -0.0480712166172107, -0.03227016885553469, -0.03693516699410604, -0.050036258158085545, -0.03639036941738649]","[0.9320388349514563, 0.9544307555291673, 0.9525574499629355, 0.9733128047215807, 0.939515455304929, 0.923887240356083, 0.9410881801125703, 0.9516699410609037, 0.9301426154218032, 0.9439441279176622]","[0.9679818219376162, 0.9772895947751224, 0.9666419570051891, 0.9879394405953298, 0.9826232247284878, 0.9719584569732937, 0.973358348968105, 0.9886051080550098, 0.9801788735798888, 0.9803344973350487]",0.8695040272189198,10,"[0.8766666666666667, 0.8574193548387097, 0.8598611111111111, 0.8643661971830986, 0.8682758620689656, 0.8665079365079366, 0.85875, 0.8621739130434782, 0.8647692307692307, 0.91625]",9.483667135238647,3.722679853439331,1.907808542251587,3.5508792400360107,0.0011444091796875,0.21007823944091797,,3bc506f13a5e,success,
vit_b32_cifar100,CIFAR100,10,0.1,42,300,4.0,no_phase0,none,0,0.0,weight_avg,depth-1,0.3879,0.31751,0.3937,0.8692,0.0121,-0.5935971723787609,0,10,"[-0.7354330708661417, -0.7605985037406484, -0.580964970257766, -0.47107438016528924, -0.5589519650655022, -0.5620364802565644, -0.5487179487179488, -0.6422413793103448, -0.5797317436661699, -0.4962212817412333]","[0.24125984251968505, 0.22194513715710723, 0.4061467283542631, 0.497405343071305, 0.4152630484508214, 0.4147123672078573, 0.42654600301659124, 0.33703580901856767, 0.40642963593783266, 0.47052599758162034]","[0.9766929133858268, 0.9825436408977556, 0.9871116986120291, 0.9684797232365943, 0.9742150135163236, 0.9767488474644217, 0.97526395173454, 0.9792771883289124, 0.9861613796040025, 0.9667472793228536]",0.3579278039919416,10,"[0.36072727272727273, 0.379622641509434, 0.2691489361702128, 0.32108695652173913, 0.3178048780487805, 0.3211764705882353, 0.355625, 0.34020833333333333, 0.2938775510204082, 0.62]",7.30654239654541,3.4680628776550293,0.008953094482421875,3.5299346446990967,0.0011169910430908203,0.19927978515625,,3bc506f13a5e,success,
vit_b32_cifar100,CIFAR100,10,0.1,43,300,4.0,no_phase0,none,0,0.0,weight_avg,depth-1,0.3425,0.30186999999999997,0.3501,0.8684,0.011,-0.6274327978526134,0,10,"[-0.5994501940491591, -0.4818083961248654, -0.6191881918819188, -0.6848143982002249, -0.5855465221318881, -0.5446283674131775, -0.634912187333688, -0.8260774447604462, -0.702839756592292, -0.5950625200384739]","[0.3848641655886158, 0.4930032292787944, 0.35479704797047973, 0.2992125984251969, 0.3980126467931346, 0.4336254462836741, 0.34326769558275677, 0.14482607744476045, 0.27941176470588236, 0.37383776851554984]","[0.9843143596377749, 0.9748116254036598, 0.9739852398523985, 0.9840269966254218, 0.9835591689250226, 0.9782538136968517, 0.9781798829164449, 0.9709035222052067, 0.9822515212981744, 0.9689002885540238]",0.30410989648033127,10,"[0.2826, 0.2833333333333333, 0.29122448979591836, 0.2612, 0.23448979591836736, 0.3108, 0.3211904761904762, 0.348, 0.2882608695652174, 0.42]",7.3058695793151855,3.426257610321045,0.010007619857788086,3.575474500656128,0.0011441707611083984,0.20237183570861816,,3bc506f13a5e,success,
vit_b32_cifar100,CIFAR100,10,0.1,44,300,4.0,no_phase0,none,0,0.0,weight_avg,depth-1,0.3753,0.32554,0.4109,0.8672,0.0072,-0.6029800533390686,0,10,"[-0.6126730103806228, -0.6918844566712516, -0.7732767762460233, -0.6510667584308327, -0.6434443074393753, -0.5006242197253433, -0.5803544607990387, -0.4823894054663285, -0.566109645265318, -0.527977492966552]","[0.36916089965397925, 0.2861072902338377, 0.20254506892895016, 0.32438632713925214, 0.32881216605014385, 0.47768414481897625, 0.38825473115049564, 0.49478726401803325, 0.4204045734388742, 0.42825883088465144]","[0.9818339100346021, 0.9779917469050894, 0.9758218451749735, 0.9754530855700849, 0.9722564734895192, 0.9783083645443196, 0.9686091919495344, 0.9771766694843618, 0.9865142187041923, 0.9562363238512035]",0.32175581680780996,10,"[0.32875, 0.30788461538461537, 0.38588235294117645, 0.3211111111111111, 0.35488372093023257, 0.266304347826087, 0.24743589743589745, 0.256530612244898, 0.33877551020408164, 0.41]",7.277430534362793,3.446246862411499,0.008891820907592773,3.526533365249634,0.001135110855102539,0.20273065567016602,,3bc506f13a5e,success,
vit_b32_cifar100,CIFAR100,10,0.1,42,300,4.0,raw_union_K300,raw_union,43276,0.0,weight_avg,depth-1,0.8728,0.31751,0.3937,0.8692,0.8685,-0.0298642617172871,0,10,"[-0.05763779527559054, -0.03408146300914383, -0.030237937871777865, -0.014799154334038, -0.03264711998336456, -0.03567849268390455, -0.031070889894419307, -0.02088859416445621, -0.015754737066212443, -0.02584643288996369]","[0.9190551181102362, 0.9484621778886118, 0.9568737607402512, 0.9536805689025563, 0.941567893532959, 0.9410703547805171, 0.9441930618401206, 0.9583885941644562, 0.9704066425377901, 0.94090084643289]","[0.9766929133858268, 0.9825436408977556, 0.9871116986120291, 0.9684797232365943, 0.9742150135163236, 0.9767488474644217, 0.97526395173454, 0.9792771883289124, 0.9861613796040025, 0.9667472793228536]",0.8786099338947115,10,"[0.860909090909091, 0.88, 0.8531914893617021, 0.8817391304347826, 0.881219512195122, 0.8770588235294118, 0.8764583333333333, 0.860625, 0.8648979591836735, 0.95]",9.327173948287964,3.554443359375,1.9239897727966309,3.552412986755371,0.0011548995971679688,0.20425653457641602,,3bc506f13a5e,success,
vit_b32_cifar100,CIFAR100,10,0.1,43,300,4.0,raw_union_K300,raw_union,42808,0.0,weight_avg,depth-1,0.8681,0.30186999999999997,0.3501,0.8684,0.8653,-0.03205659280059755,0,10,"[-0.038324708926261386, -0.023035522066738423, -0.03339483394833942, -0.0299212598425197, -0.024570912375790455, -0.024667315806556345, -0.017739932588256124, -0.07350689127105658, -0.03296146044624737, -0.022443090734209692]","[0.9459896507115135, 0.9517761033369214, 0.9405904059040591, 0.9541057367829021, 0.9589882565492321, 0.9535864978902954, 0.9604399503281887, 0.8973966309341501, 0.949290060851927, 0.9464571978198141]","[0.9843143596377749, 0.9748116254036598, 0.9739852398523985, 0.9840269966254218, 0.9835591689250226, 0.9782538136968517, 0.9781798829164449, 0.9709035222052067, 0.9822515212981744, 0.9689002885540238]",0.8669615104531514,10,"[0.8612, 0.8659649122807017, 0.8616326530612245, 0.8432, 0.850204081632653, 0.8534, 0.8585714285714285, 0.8778333333333334, 0.8676086956521739, 0.93]",9.284157037734985,3.4941415786743164,1.9427883625030518,3.550109386444092,0.001177072525024414,0.2039334774017334,,3bc506f13a5e,success,
vit_b32_cifar100,CIFAR100,10,0.1,44,300,4.0,raw_union_K300,raw_union,44485,0.0,weight_avg,depth-1,0.8701,0.32554,0.4109,0.8672,0.8636,-0.025222047915950264,0,10,"[-0.01924740484429066, -0.05616689591930302, -0.03796394485683985, -0.021793989447120965, -0.02404438964241684, -0.011548064918851408, -0.027035145689396245, -0.03817976894899966, -0.014365288771621243, -0.0018755861206627422]","[0.9625865051903114, 0.9218248509857864, 0.9378579003181337, 0.953659096122964, 0.9482120838471023, 0.9667602996254682, 0.9415740462601382, 0.9389969005353621, 0.9721489299325711, 0.9543607377305408]","[0.9818339100346021, 0.9779917469050894, 0.9758218451749735, 0.9754530855700849, 0.9722564734895192, 0.9783083645443196, 0.9686091919495344, 0.9771766694843618, 0.9865142187041923, 0.9562363238512035]",0.8588276772843901,10,"[0.8614285714285714, 0.8730769230769231, 0.8858823529411765, 0.8588888888888889, 0.8683720930232558, 0.845, 0.8530769230769231, 0.8687755102040816, 0.8687755102040816, 0.805]",9.334141731262207,3.4587998390197754,1.9885532855987549,3.5833489894866943,0.001146554946899414,0.20311188697814941,,3bc506f13a5e,success,
vit_b32_cifar100,CIFAR100,10,0.3,42,300,4.0,no_phase0,none,0,0.0,weight_avg,depth-1,0.5869,0.51142,0.5724,0.8692,0.0121,-0.3774670853712655,0,10,"[-0.30981963927855716, -0.4214101663152964, -0.3236009732360098, -0.3109258602341256, -0.4267391304347826, -0.40991535671100365, -0.4285714285714286, -0.4081401005351063, -0.38803046789989115, -0.34751773049645385]","[0.655310621242485, 0.5401733427032092, 0.6528167696050907, 0.6516495211067754, 0.545, 0.5556227327690447, 0.5443349753694581, 0.5664018161180476, 0.5838955386289445, 0.6191883372734437]","[0.9651302605210421, 0.9615835090185055, 0.9764177428411005, 0.962575381340901, 0.9717391304347827, 0.9655380894800484, 0.9729064039408867, 0.9745419166531539, 0.9719260065288357, 0.9667060677698975]",0.45666640730366226,9,"[0.4380952380952381, 0.40095238095238095, 0.44941176470588234, 0.3975, 0.5144444444444445, 0.44333333333333336, 0.5041176470588236, 0.47214285714285714, 0.49, null]",7.30050253868103,3.4361190795898438,0.008998870849609375,3.574774980545044,0.001318216323852539,0.1789712905883789,,3bc506f13a5e,success,
vit_b32_cifar100,CIFAR100,10,0.3,43,300,4.0,no_phase0,none,0,0.0,weight_avg,depth-1,0.5559,0.49307000000000006,0.5462,0.8684,0.011,-0.40367321924889266,0,10,"[-0.35661393470212055, -0.3990778688524591, -0.44514338575393153, -0.4359786265584801, -0.3935139410717817, -0.43402344724370157, -0.4291298086813412, -0.37587838806826335, -0.39407518048294754, -0.37329761107390036]","[0.6173005721979131, 0.5655737704918032, 0.5256244218316374, 0.5301800910350287, 0.5756377298793751, 0.5253180344225493, 0.5453610368236989, 0.5852574214828624, 0.5825242718446602, 0.5778075463273052]","[0.9739145069000337, 0.9646516393442623, 0.9707678075855689, 0.9661587175935088, 0.9691516709511568, 0.9593414816662509, 0.9744908455050401, 0.9611358095511258, 0.9765994523276077, 0.9511051574012056]",0.4455049073041827,9,"[0.42230769230769233, 0.518, 0.4916, 0.4494444444444444, 0.395, 0.5395833333333333, 0.43, 0.351, 0.4126086956521739, null]",7.306622266769409,3.449517250061035,0.008971214294433594,3.5642473697662354,0.0013322830200195312,0.18206143379211426,,3bc506f13a5e,success,
vit_b32_cifar100,CIFAR100,10,0.3,44,300,4.0,no_phase0,none,0,0.0,weight_avg,depth-1,0.546,0.493,0.5573,0.8672,0.0072,-0.4116483552265239,0,10,"[-0.3537190082644628, -0.4726402188782489, -0.445904173106646, -0.47781690140845073, -0.4577152764399923, -0.45050958714803935, -0.3198603711188682, -0.3777654867256638, -0.38167189952904235, -0.37888062964582425]","[0.6014167650531287, 0.5118559051527588, 0.5303967027305513, 0.4924295774647887, 0.5139664804469274, 0.5095871480393851, 0.6588278522873415, 0.5958702064896755, 0.5934065934065934, 0.5837341495408832]","[0.9551357733175915, 0.9844961240310077, 0.9763008758371973, 0.9702464788732394, 0.9716817568869197, 0.9600967351874244, 0.9786882234062098, 0.9736356932153393, 0.9750784929356358, 0.9626147791867075]",0.4502026985360319,9,"[0.4768181818181818, 0.37846153846153846, 0.4211111111111111, 0.5207692307692308, 0.49714285714285716, 0.5930769230769231, 0.3258333333333333, 0.4311111111111111, 0.4075, null]",7.640981435775757,3.6457440853118896,0.008976936340332031,3.704817295074463,0.0011234283447265625,0.18135952949523926,,3bc506f13a5e,success,
vit_b32_cifar100,CIFAR100,10,0.3,42,300,4.0,raw_union_K300,raw_union,48782,0.0,weight_avg,depth-1,0.8752,0.51142,0.5724,0.8692,0.8692,-0.010961961795811237,0,10,"[-0.006212424849699416, -0.01030686343405951, -0.011042485495040277, -0.007272082298687477, -0.014782608695652177, -0.01007658202337769, -0.010098522167487634, -0.008269823252797237, -0.027421109902067475, -0.004137115839243477]","[0.9589178356713427, 0.951276645584446, 0.9653752573460602, 0.9553032990422136, 0.9569565217391305, 0.9554615074566707, 0.962807881773399, 0.9662720934003567, 0.9445048966267682, 0.9625689519306541]","[0.9651302605210421, 0.9615835090185055, 0.9764177428411005, 0.962575381340901, 0.9717391304347827, 0.9655380894800484, 0.9729064039408867, 0.9745419166531539, 0.9719260065288357, 0.9667060677698975]",0.8647601540616247,9,"[0.8609523809523809, 0.8552380952380952, 0.8647058823529412, 0.84625, 0.8811111111111111, 0.8655555555555555, 0.8841176470588236, 0.8592857142857143, 0.865625, null]",9.512461423873901,3.435589551925659,2.17502760887146,3.627347946166992,0.0011649131774902344,0.1826012134552002,,3bc506f13a5e,success,
vit_b32_cifar100,CIFAR100,10,0.3,43,300,4.0,raw_union_K300,raw_union,48587,0.0,weight_avg,depth-1,0.8738,0.49307000000000006,0.5462,0.8684,0.8647,-0.008435007881569812,2,10,"[-0.006395153147088495, 0.002561475409835978, -0.011100832562442209, -0.01800910350286955, -0.00850306505833498, -0.01995510102269893, -0.004114379757251485, -0.0053061809837946505, -0.01643017176997763, 0.0029024335789238354]","[0.9675193537529452, 0.9672131147540983, 0.9596669750231267, 0.9481496140906392, 0.9606486058928219, 0.939386380643552, 0.9703764657477886, 0.9558296285673311, 0.9601692805576301, 0.9540075909801294]","[0.9739145069000337, 0.9646516393442623, 0.9707678075855689, 0.9661587175935088, 0.9691516709511568, 0.9593414816662509, 0.9744908455050401, 0.9611358095511258, 0.9765994523276077, 0.9511051574012056]",0.8727060902597135,9,"[0.8761538461538462, 0.867, 0.8768, 0.8955555555555555, 0.8683333333333333, 0.8716666666666667, 0.8538888888888889, 0.888, 0.8569565217391304, null]",10.135394811630249,3.7392423152923584,2.3343751430511475,3.7835211753845215,0.0011458396911621094,0.18137001991271973,,3bc506f13a5e,success,
vit_b32_cifar100,CIFAR100,10,0.3,44,300,4.0,raw_union_K300,raw_union,48617,0.0,weight_avg,depth-1,0.8749,0.493,0.5573,0.8672,0.8671,-0.01217658373873438,1,10,"[0.006139315230224374, -0.01276789785681709, -0.018289541473467286, -0.011091549295774605, -0.016374494317087263, -0.01675591639315943, -0.011023332720925927, -0.02304572271386429, -0.009811616954474078, -0.008745080891998214]","[0.9612750885478158, 0.9717282261741906, 0.95801133436373, 0.9591549295774648, 0.9553072625698324, 0.943340818794265, 0.9676648906852838, 0.950589970501475, 0.9652668759811617, 0.9538696982947092]","[0.9551357733175915, 0.9844961240310077, 0.9763008758371973, 0.9702464788732394, 0.9716817568869197, 0.9600967351874244, 0.9786882234062098, 0.9736356932153393, 0.9750784929356358, 0.9626147791867075]",0.8631128439461773,9,"[0.8654545454545455, 0.8580769230769231, 0.8616666666666667, 0.8680769230769231, 0.8564285714285714, 0.8769230769230769, 0.8354166666666667, 0.8605555555555555, 0.8854166666666666, null]",9.447134017944336,3.485391855239868,2.159116268157959,3.524807929992676,0.0011525154113769531,0.1807713508605957,,3bc506f13a5e,success,
vit_b32_cifar100,CIFAR100,10,1.0,42,300,4.0,no_phase0,none,0,0.0,weight_avg,depth-1,0.7404,0.70581,0.7613,0.8692,0.0121,-0.2101185483608683,0,10,"[-0.20928817684039747, -0.19070278184480227, -0.22727272727272718, -0.1892434276540237, -0.20965023177412556, -0.2004816375677303, -0.21184886280264126, -0.20841865756541522, -0.2359706523894508, -0.21830832789736898]","[0.7503548975866964, 0.7708638360175696, 0.7335423197492164, 0.7818583182821593, 0.7498946481247366, 0.7660044150110376, 0.7408290535583272, 0.7608646188850967, 0.7198096371207614, 0.735812133072407]","[0.9596430744270938, 0.9615666178623719, 0.9608150470219435, 0.971101745936183, 0.9595448798988622, 0.9664860525787679, 0.9526779163609684, 0.9692832764505119, 0.9557802895102122, 0.954120460969776]",0.6744444444444445,6,"[0.7733333333333333, null, 0.36, 0.61, 0.7466666666666667, 0.86, null, 0.6966666666666667, null, null]",7.642452001571655,3.579334020614624,0.008738040924072266,3.79618763923645,0.0011608600616455078,0.16722702980041504,,3bc506f13a5e,success,
vit_b32_cifar100,CIFAR100,10,1.0,43,300,4.0,no_phase0,none,0,0.0,weight_avg,depth-1,0.7409,0.70217,0.7474,0.8684,0.011,-0.21441448614698055,0,10,"[-0.19803017602682316, -0.20014978468451605, -0.22338949454905854, -0.18179925031236988, -0.21202854230377166, -0.2544480171489818, -0.22182227221597306, -0.21558905196350653, -0.21755205292858526, -0.21933621933621938]","[0.7510477787091366, 0.7652125070211571, 0.7401387512388503, 0.7796751353602666, 0.7476044852191641, 0.7026795284030011, 0.7419572553430821, 0.7455374851249504, 0.7480054485308426, 0.7463924963924964]","[0.9490779547359598, 0.9653622917056731, 0.9635282457879089, 0.9614743856726364, 0.9596330275229358, 0.9571275455519829, 0.9637795275590552, 0.961126537088457, 0.9655575014594279, 0.9657287157287158]",0.68,4,"[0.74, 0.67, null, null, null, null, null, 0.55, 0.76, null]",7.724788665771484,3.666445255279541,0.008860111236572266,3.790236234664917,0.0011682510375976562,0.16758298873901367,,3bc506f13a5e,success,
vit_b32_cifar100,CIFAR100,10,1.0,44,300,4.0,no_phase0,none,0,0.0,weight_avg,depth-1,0.7438,0.6988899999999999,0.7301,0.8672,0.0072,-0.20964814807062568,0,10,"[-0.2195121951219512, -0.2230467944753659, -0.19983399045445116, -0.18021892103205628, -0.21724640699854192, -0.2512958739373834, -0.19205422707588027, -0.21528062269561654, -0.19669260700389113, -0.20129984191111894]","[0.7410881801125704, 0.7367553081838796, 0.764266445320606, 0.7847928068803753, 0.7396375755051031, 0.7115902964959568, 0.7674637544718509, 0.7441622285948382, 0.7640077821011673, 0.7581240119444932]","[0.9606003752345216, 0.9598021026592455, 0.9641004357750571, 0.9650117279124316, 0.956883982503645, 0.9628861704333402, 0.9595179815477312, 0.9594428512904547, 0.9607003891050584, 0.9594238538556121]",0.584375,4,"[0.6575, 0.66, null, 0.24, 0.78, null, null, null, null, null]",7.266860008239746,3.4512808322906494,0.008796453475952148,3.545837879180908,0.0013356208801269531,0.1681079864501953,,3bc506f13a5e,success,
vit_b32_cifar100,CIFAR100,10,1.0,42,300,4.0,raw_union_K300,raw_union,49700,0.0,weight_avg,depth-1,0.8753,0.70581,0.7613,0.8692,0.8662,0.0005452574489435036,6,10,"[0.0026363820726019727, -0.001098096632503598, -0.0023510971786833146, 0.0012040939193257438, 0.0004214075010535723, -0.004816375677302864, 0.003118121790168793, -0.0031854379977246383, 0.0049573666468372135, 0.004566210045662156]","[0.9622794564996958, 0.9604685212298683, 0.9584639498432602, 0.9723058398555088, 0.9599662873999157, 0.961669676901465, 0.9557960381511372, 0.9660978384527873, 0.9607376561570494, 0.9586866710154381]","[0.9596430744270938, 0.9615666178623719, 0.9608150470219435, 0.971101745936183, 0.9595448798988622, 0.9664860525787679, 0.9526779163609684, 0.9692832764505119, 0.9557802895102122, 0.954120460969776]",0.8572222222222222,6,"[0.9266666666666666, null, 0.72, 0.8, 0.8666666666666667, 0.94, null, 0.89, null, null]",9.743154764175415,3.5134921073913574,2.3102338314056396,3.6464977264404297,0.001363515853881836,0.17101240158081055,,3bc506f13a5e,success,
vit_b32_cifar100,CIFAR100,10,1.0,43,300,4.0,raw_union_K300,raw_union,49676,0.0,weight_avg,depth-1,0.875,0.70217,0.7474,0.8684,0.8647,-0.00014102367970526554,3,10,"[0.008801341156747688, -0.000561692566935057, -0.0005946481665015657, 0.001457725947521804, -0.0018348623853210455, -0.007502679528403, 0.0013498312710911176, 0.0, 0.0, -0.002525252525252597]","[0.9578792958927075, 0.9648005991387381, 0.9629335976214073, 0.9629321116201582, 0.9577981651376147, 0.9496248660235799, 0.9651293588301463, 0.961126537088457, 0.9655575014594279, 0.9632034632034632]","[0.9490779547359598, 0.9653622917056731, 0.9635282457879089, 0.9614743856726364, 0.9596330275229358, 0.9571275455519829, 0.9637795275590552, 0.961126537088457, 0.9655575014594279, 0.9657287157287158]",0.87,4,"[0.92, 0.85, null, null, null, null, null, 0.84, 0.87, null]",9.623106002807617,3.4947726726531982,2.336442470550537,3.5267038345336914,0.001321554183959961,0.16731762886047363,,3bc506f13a5e,success,
vit_b32_cifar100,CIFAR100,10,1.0,44,300,4.0,raw_union_K300,raw_union,49700,0.0,weight_avg,depth-1,0.8768,0.6988899999999999,0.7301,0.8672,0.8715,0.0005323836238375846,6,10,"[0.000234521575985025, -0.0018552875695732052, -0.0039427267067856375, 0.0023455824863174435, -0.00020828993959587372, -0.001658718639850676, 0.0035774807004330667, 0.003072511265874711, 0.002529182879377423, 0.0012295801861935685]","[0.9608348968105066, 0.9579468150896723, 0.9601577090682715, 0.9673573103987491, 0.9566756925640492, 0.9612274517934896, 0.9630954622481642, 0.9625153625563294, 0.9632295719844358, 0.9606534340418057]","[0.9606003752345216, 0.9598021026592455, 0.9641004357750571, 0.9650117279124316, 0.956883982503645, 0.9628861704333402, 0.9595179815477312, 0.9594428512904547, 0.9607003891050584, 0.9594238538556121]",0.8468749999999999,4,"[0.8775, 0.83, null, 0.74, 0.94, null, null, null, null, null]",9.519267559051514,3.398364782333374,2.2293503284454346,3.621311664581299,0.0013399124145507812,0.16972875595092773,,3bc506f13a5e,success,
vit_b32_fgvc_aircraft,FGVCAircraft,10,0.05,42,300,4.0,no_phase0,none,0,0.0,weight_avg,depth-1,,,,,,,,,[],[],[],,,[],1.2175250053405762,0.0,0.0,0.0,0.0,0.0,,3bc506f13a5e,FAIL,"FileNotFoundError: FGVC-Aircraft not found under data/fgvc-aircraft-2013b. Fetch once on the login node: python -c ""from torchvision.datasets import FGVCAircraft as A; A('data', split='trainval', download=True); A('data', split='test', download=True)"". Original error: Dataset not found. You can use download=True to download it"
vit_b32_fgvc_aircraft,FGVCAircraft,10,0.05,43,300,4.0,no_phase0,none,0,0.0,weight_avg,depth-1,,,,,,,,,[],[],[],,,[],1.1371073722839355,0.0,0.0,0.0,0.0,0.0,,3bc506f13a5e,FAIL,"FileNotFoundError: FGVC-Aircraft not found under data/fgvc-aircraft-2013b. Fetch once on the login node: python -c ""from torchvision.datasets import FGVCAircraft as A; A('data', split='trainval', download=True); A('data', split='test', download=True)"". Original error: Dataset not found. You can use download=True to download it"
vit_b32_fgvc_aircraft,FGVCAircraft,10,0.05,44,300,4.0,no_phase0,none,0,0.0,weight_avg,depth-1,,,,,,,,,[],[],[],,,[],1.1323468685150146,0.0,0.0,0.0,0.0,0.0,,3bc506f13a5e,FAIL,"FileNotFoundError: FGVC-Aircraft not found under data/fgvc-aircraft-2013b. Fetch once on the login node: python -c ""from torchvision.datasets import FGVCAircraft as A; A('data', split='trainval', download=True); A('data', split='test', download=True)"". Original error: Dataset not found. You can use download=True to download it"
vit_b32_fgvc_aircraft,FGVCAircraft,10,0.05,42,300,4.0,raw_union_K300,raw_union,0,0.0,weight_avg,depth-1,,,,,,,,,[],[],[],,,[],1.1471617221832275,0.0,0.0,0.0,0.0,0.0,,3bc506f13a5e,FAIL,"FileNotFoundError: FGVC-Aircraft not found under data/fgvc-aircraft-2013b. Fetch once on the login node: python -c ""from torchvision.datasets import FGVCAircraft as A; A('data', split='trainval', download=True); A('data', split='test', download=True)"". Original error: Dataset not found. You can use download=True to download it"
vit_b32_fgvc_aircraft,FGVCAircraft,10,0.05,43,300,4.0,raw_union_K300,raw_union,0,0.0,weight_avg,depth-1,,,,,,,,,[],[],[],,,[],1.1449997425079346,0.0,0.0,0.0,0.0,0.0,,3bc506f13a5e,FAIL,"FileNotFoundError: FGVC-Aircraft not found under data/fgvc-aircraft-2013b. Fetch once on the login node: python -c ""from torchvision.datasets import FGVCAircraft as A; A('data', split='trainval', download=True); A('data', split='test', download=True)"". Original error: Dataset not found. You can use download=True to download it"
vit_b32_fgvc_aircraft,FGVCAircraft,10,0.05,44,300,4.0,raw_union_K300,raw_union,0,0.0,weight_avg,depth-1,,,,,,,,,[],[],[],,,[],1.1517987251281738,0.0,0.0,0.0,0.0,0.0,,3bc506f13a5e,FAIL,"FileNotFoundError: FGVC-Aircraft not found under data/fgvc-aircraft-2013b. Fetch once on the login node: python -c ""from torchvision.datasets import FGVCAircraft as A; A('data', split='trainval', download=True); A('data', split='test', download=True)"". Original error: Dataset not found. You can use download=True to download it"
vit_b32_fgvc_aircraft,FGVCAircraft,10,0.1,42,300,4.0,no_phase0,none,0,0.0,weight_avg,depth-1,,,,,,,,,[],[],[],,,[],1.1313319206237793,0.0,0.0,0.0,0.0,0.0,,3bc506f13a5e,FAIL,"FileNotFoundError: FGVC-Aircraft not found under data/fgvc-aircraft-2013b. Fetch once on the login node: python -c ""from torchvision.datasets import FGVCAircraft as A; A('data', split='trainval', download=True); A('data', split='test', download=True)"". Original error: Dataset not found. You can use download=True to download it"
vit_b32_fgvc_aircraft,FGVCAircraft,10,0.1,43,300,4.0,no_phase0,none,0,0.0,weight_avg,depth-1,,,,,,,,,[],[],[],,,[],1.1992864608764648,0.0,0.0,0.0,0.0,0.0,,3bc506f13a5e,FAIL,"FileNotFoundError: FGVC-Aircraft not found under data/fgvc-aircraft-2013b. Fetch once on the login node: python -c ""from torchvision.datasets import FGVCAircraft as A; A('data', split='trainval', download=True); A('data', split='test', download=True)"". Original error: Dataset not found. You can use download=True to download it"
vit_b32_fgvc_aircraft,FGVCAircraft,10,0.1,44,300,4.0,no_phase0,none,0,0.0,weight_avg,depth-1,,,,,,,,,[],[],[],,,[],1.1682770252227783,0.0,0.0,0.0,0.0,0.0,,3bc506f13a5e,FAIL,"FileNotFoundError: FGVC-Aircraft not found under data/fgvc-aircraft-2013b. Fetch once on the login node: python -c ""from torchvision.datasets import FGVCAircraft as A; A('data', split='trainval', download=True); A('data', split='test', download=True)"". Original error: Dataset not found. You can use download=True to download it"
vit_b32_fgvc_aircraft,FGVCAircraft,10,0.1,42,300,4.0,raw_union_K300,raw_union,0,0.0,weight_avg,depth-1,,,,,,,,,[],[],[],,,[],1.1365089416503906,0.0,0.0,0.0,0.0,0.0,,3bc506f13a5e,FAIL,"FileNotFoundError: FGVC-Aircraft not found under data/fgvc-aircraft-2013b. Fetch once on the login node: python -c ""from torchvision.datasets import FGVCAircraft as A; A('data', split='trainval', download=True); A('data', split='test', download=True)"". Original error: Dataset not found. You can use download=True to download it"
vit_b32_fgvc_aircraft,FGVCAircraft,10,0.1,43,300,4.0,raw_union_K300,raw_union,0,0.0,weight_avg,depth-1,,,,,,,,,[],[],[],,,[],1.1731739044189453,0.0,0.0,0.0,0.0,0.0,,3bc506f13a5e,FAIL,"FileNotFoundError: FGVC-Aircraft not found under data/fgvc-aircraft-2013b. Fetch once on the login node: python -c ""from torchvision.datasets import FGVCAircraft as A; A('data', split='trainval', download=True); A('data', split='test', download=True)"". Original error: Dataset not found. You can use download=True to download it"
vit_b32_fgvc_aircraft,FGVCAircraft,10,0.1,44,300,4.0,raw_union_K300,raw_union,0,0.0,weight_avg,depth-1,,,,,,,,,[],[],[],,,[],1.1339213848114014,0.0,0.0,0.0,0.0,0.0,,3bc506f13a5e,FAIL,"FileNotFoundError: FGVC-Aircraft not found under data/fgvc-aircraft-2013b. Fetch once on the login node: python -c ""from torchvision.datasets import FGVCAircraft as A; A('data', split='trainval', download=True); A('data', split='test', download=True)"". Original error: Dataset not found. You can use download=True to download it"
vit_b32_fgvc_aircraft,FGVCAircraft,10,0.3,42,300,4.0,no_phase0,none,0,0.0,weight_avg,depth-1,,,,,,,,,[],[],[],,,[],1.1346123218536377,0.0,0.0,0.0,0.0,0.0,,3bc506f13a5e,FAIL,"FileNotFoundError: FGVC-Aircraft not found under data/fgvc-aircraft-2013b. Fetch once on the login node: python -c ""from torchvision.datasets import FGVCAircraft as A; A('data', split='trainval', download=True); A('data', split='test', download=True)"". Original error: Dataset not found. You can use download=True to download it"
vit_b32_fgvc_aircraft,FGVCAircraft,10,0.3,43,300,4.0,no_phase0,none,0,0.0,weight_avg,depth-1,,,,,,,,,[],[],[],,,[],1.1325607299804688,0.0,0.0,0.0,0.0,0.0,,3bc506f13a5e,FAIL,"FileNotFoundError: FGVC-Aircraft not found under data/fgvc-aircraft-2013b. Fetch once on the login node: python -c ""from torchvision.datasets import FGVCAircraft as A; A('data', split='trainval', download=True); A('data', split='test', download=True)"". Original error: Dataset not found. You can use download=True to download it"
vit_b32_fgvc_aircraft,FGVCAircraft,10,0.3,44,300,4.0,no_phase0,none,0,0.0,weight_avg,depth-1,,,,,,,,,[],[],[],,,[],1.1321308612823486,0.0,0.0,0.0,0.0,0.0,,3bc506f13a5e,FAIL,"FileNotFoundError: FGVC-Aircraft not found under data/fgvc-aircraft-2013b. Fetch once on the login node: python -c ""from torchvision.datasets import FGVCAircraft as A; A('data', split='trainval', download=True); A('data', split='test', download=True)"". Original error: Dataset not found. You can use download=True to download it"
vit_b32_fgvc_aircraft,FGVCAircraft,10,0.3,42,300,4.0,raw_union_K300,raw_union,0,0.0,weight_avg,depth-1,,,,,,,,,[],[],[],,,[],1.1512184143066406,0.0,0.0,0.0,0.0,0.0,,3bc506f13a5e,FAIL,"FileNotFoundError: FGVC-Aircraft not found under data/fgvc-aircraft-2013b. Fetch once on the login node: python -c ""from torchvision.datasets import FGVCAircraft as A; A('data', split='trainval', download=True); A('data', split='test', download=True)"". Original error: Dataset not found. You can use download=True to download it"
vit_b32_fgvc_aircraft,FGVCAircraft,10,0.3,43,300,4.0,raw_union_K300,raw_union,0,0.0,weight_avg,depth-1,,,,,,,,,[],[],[],,,[],1.189378261566162,0.0,0.0,0.0,0.0,0.0,,3bc506f13a5e,FAIL,"FileNotFoundError: FGVC-Aircraft not found under data/fgvc-aircraft-2013b. Fetch once on the login node: python -c ""from torchvision.datasets import FGVCAircraft as A; A('data', split='trainval', download=True); A('data', split='test', download=True)"". Original error: Dataset not found. You can use download=True to download it"
vit_b32_fgvc_aircraft,FGVCAircraft,10,0.3,44,300,4.0,raw_union_K300,raw_union,0,0.0,weight_avg,depth-1,,,,,,,,,[],[],[],,,[],1.1752049922943115,0.0,0.0,0.0,0.0,0.0,,3bc506f13a5e,FAIL,"FileNotFoundError: FGVC-Aircraft not found under data/fgvc-aircraft-2013b. Fetch once on the login node: python -c ""from torchvision.datasets import FGVCAircraft as A; A('data', split='trainval', download=True); A('data', split='test', download=True)"". Original error: Dataset not found. You can use download=True to download it"
vit_b32_fgvc_aircraft,FGVCAircraft,10,1.0,42,300,4.0,no_phase0,none,0,0.0,weight_avg,depth-1,,,,,,,,,[],[],[],,,[],1.130509376525879,0.0,0.0,0.0,0.0,0.0,,3bc506f13a5e,FAIL,"FileNotFoundError: FGVC-Aircraft not found under data/fgvc-aircraft-2013b. Fetch once on the login node: python -c ""from torchvision.datasets import FGVCAircraft as A; A('data', split='trainval', download=True); A('data', split='test', download=True)"". Original error: Dataset not found. You can use download=True to download it"
vit_b32_fgvc_aircraft,FGVCAircraft,10,1.0,43,300,4.0,no_phase0,none,0,0.0,weight_avg,depth-1,,,,,,,,,[],[],[],,,[],1.1396167278289795,0.0,0.0,0.0,0.0,0.0,,3bc506f13a5e,FAIL,"FileNotFoundError: FGVC-Aircraft not found under data/fgvc-aircraft-2013b. Fetch once on the login node: python -c ""from torchvision.datasets import FGVCAircraft as A; A('data', split='trainval', download=True); A('data', split='test', download=True)"". Original error: Dataset not found. You can use download=True to download it"
vit_b32_fgvc_aircraft,FGVCAircraft,10,1.0,44,300,4.0,no_phase0,none,0,0.0,weight_avg,depth-1,,,,,,,,,[],[],[],,,[],1.131781816482544,0.0,0.0,0.0,0.0,0.0,,3bc506f13a5e,FAIL,"FileNotFoundError: FGVC-Aircraft not found under data/fgvc-aircraft-2013b. Fetch once on the login node: python -c ""from torchvision.datasets import FGVCAircraft as A; A('data', split='trainval', download=True); A('data', split='test', download=True)"". Original error: Dataset not found. You can use download=True to download it"
vit_b32_fgvc_aircraft,FGVCAircraft,10,1.0,42,300,4.0,raw_union_K300,raw_union,0,0.0,weight_avg,depth-1,,,,,,,,,[],[],[],,,[],1.1357824802398682,0.0,0.0,0.0,0.0,0.0,,3bc506f13a5e,FAIL,"FileNotFoundError: FGVC-Aircraft not found under data/fgvc-aircraft-2013b. Fetch once on the login node: python -c ""from torchvision.datasets import FGVCAircraft as A; A('data', split='trainval', download=True); A('data', split='test', download=True)"". Original error: Dataset not found. You can use download=True to download it"
vit_b32_fgvc_aircraft,FGVCAircraft,10,1.0,43,300,4.0,raw_union_K300,raw_union,0,0.0,weight_avg,depth-1,,,,,,,,,[],[],[],,,[],1.1507914066314697,0.0,0.0,0.0,0.0,0.0,,3bc506f13a5e,FAIL,"FileNotFoundError: FGVC-Aircraft not found under data/fgvc-aircraft-2013b. Fetch once on the login node: python -c ""from torchvision.datasets import FGVCAircraft as A; A('data', split='trainval', download=True); A('data', split='test', download=True)"". Original error: Dataset not found. You can use download=True to download it"
vit_b32_fgvc_aircraft,FGVCAircraft,10,1.0,44,300,4.0,raw_union_K300,raw_union,0,0.0,weight_avg,depth-1,,,,,,,,,[],[],[],,,[],1.1673436164855957,0.0,0.0,0.0,0.0,0.0,,3bc506f13a5e,FAIL,"FileNotFoundError: FGVC-Aircraft not found under data/fgvc-aircraft-2013b. Fetch once on the login node: python -c ""from torchvision.datasets import FGVCAircraft as A; A('data', split='trainval', download=True); A('data', split='test', download=True)"". Original error: Dataset not found. You can use download=True to download it"
