roberta_base_banking77,Banking77,10,0.05,42,300,4.0,no_phase0,none,0,0.0,weight_avg,depth-1,0.3853896103896104,0.15146103896103896,0.20162337662337662,0.887012987012987,0.012012987012987014,-0.5102213825338353,0,10,"[-0.5449640287769785, -0.44263775971093045, -0.43263964950711936, -0.521551724137931, -0.6120033812341504, -0.5119549929676512, -0.5333333333333334, -0.5068181818181818, -0.52026286966046, -0.4760479041916168]","[0.33992805755395683, 0.4670280036133695, 0.4830230010952902, 0.3505747126436782, 0.34065934065934067, 0.43037974683544306, 0.40606060606060607, 0.43863636363636366, 0.4315443592552026, 0.39820359281437123]","[0.8848920863309353, 0.9096657633242999, 0.9156626506024096, 0.8721264367816092, 0.9526627218934911, 0.9423347398030942, 0.9393939393939394, 0.9454545454545454, 0.9518072289156626, 0.874251497005988]",0.35972257416778375,10,"[0.39385245901639343, 0.3433673469387755, 0.38421052631578945, 0.3471698113207547, 0.3600877192982456, 0.335, 0.3720833333333333, 0.306, 0.3654545454545455, 0.39]",27.928397178649902,1.018507957458496,0.005217552185058594,3.5844316482543945,0.0012068748474121094,0.08723092079162598,,3bc506f13a5e,success,
roberta_base_banking77,Banking77,10,0.05,43,300,4.0,no_phase0,none,0,0.0,weight_avg,depth-1,0.37142857142857144,0.14496753246753247,0.17792207792207793,0.887012987012987,0.021103896103896104,-0.5304579383416904,0,10,"[-0.5949656750572082, -0.429872495446266, -0.5436241610738255, -0.5606725146198831, -0.5839285714285715, -0.5844402277039848, -0.4444444444444444, -0.5033039647577092, -0.5490533562822719, -0.5102739726027397]","[0.3352402745995423, 0.45081967213114754, 0.32662192393736017, 0.39035087719298245, 0.3419642857142857, 0.3349146110056926, 0.44844844844844844, 0.43502202643171806, 0.31669535283993117, 0.3767123287671233]","[0.9302059496567505, 0.8806921675774135, 0.8702460850111857, 0.9510233918128655, 0.9258928571428572, 0.9193548387096774, 0.8928928928928929, 0.9383259911894273, 0.8657487091222031, 0.886986301369863]",0.36154987265459126,10,"[0.34491525423728814, 0.324, 0.378448275862069, 0.37136363636363634, 0.36339285714285713, 0.35446428571428573, 0.32941176470588235, 0.36681034482758623, 0.35, 0.4326923076923077]",4.428180932998657,0.7339537143707275,0.004915714263916016,3.5666561126708984,0.0010914802551269531,0.05724811553955078,,3bc506f13a5e,success,
roberta_base_banking77,Banking77,10,0.05,44,300,4.0,no_phase0,none,0,0.0,weight_avg,depth-1,0.37857142857142856,0.14711038961038958,0.19448051948051948,0.8883116883116883,0.018506493506493506,-0.5305369617404072,0,10,"[-0.5843520782396088, -0.5637426900584794, -0.4728506787330317, -0.5106382978723404, -0.3961038961038962, -0.5733496332518337, -0.5809426229508197, -0.6289926289926289, -0.5279569892473118, -0.4664401019541207]","[0.33985330073349634, 0.35555555555555557, 0.4592760180995475, 0.3971631205673759, 0.5288600288600288, 0.33985330073349634, 0.32786885245901637, 0.2542997542997543, 0.4053763440860215, 0.44180118946474084]","[0.9242053789731052, 0.9192982456140351, 0.9321266968325792, 0.9078014184397163, 0.924963924963925, 0.91320293398533, 0.9088114754098361, 0.8832923832923832, 0.9333333333333333, 0.9082412914188616]",0.3512783257911218,10,"[0.3541666666666667, 0.4025423728813559, 0.3429824561403509, 0.3605263157894737, 0.3173076923076923, 0.37407407407407406, 0.3638888888888889, 0.3712264150943396, 0.37884615384615383, 0.24722222222222223]",4.152320861816406,0.6937251091003418,0.00502467155456543,3.3348731994628906,0.001280069351196289,0.058441877365112305,,3bc506f13a5e,success,
roberta_base_banking77,Banking77,10,0.05,42,300,4.0,raw_union_K300,raw_union,9772,0.0,weight_avg,depth-1,0.8909090909090909,0.15146103896103896,0.20162337662337662,0.887012987012987,0.8902597402597403,0.035139242668699756,10,10,"[0.05215827338129486, 0.046973803071364006, 0.04490690032858713, 0.06896551724137934, 0.0033812341504649845, 0.006329113924050667, 0.030303030303030276, 0.00909090909090915, 0.016429353778751432, 0.0728542914171657]","[0.9370503597122302, 0.9566395663956639, 0.9605695509309967, 0.9410919540229885, 0.9560439560439561, 0.9486638537271449, 0.9696969696969697, 0.9545454545454546, 0.968236582694414, 0.9471057884231537]","[0.8848920863309353, 0.9096657633242999, 0.9156626506024096, 0.8721264367816092, 0.9526627218934911, 0.9423347398030942, 0.9393939393939394, 0.9454545454545454, 0.9518072289156626, 0.874251497005988]",0.8948457349145518,10,"[0.8922131147540984, 0.8841836734693878, 0.8894736842105263, 0.8971698113207547, 0.8789473684210526, 0.8886363636363637, 0.8883333333333333, 0.8895, 0.89, 0.95]",4.656986951828003,0.7168943881988525,0.4639585018157959,3.364572525024414,0.001096963882446289,0.055388450622558594,,3bc506f13a5e,success,
roberta_base_banking77,Banking77,10,0.05,43,300,4.0,raw_union_K300,raw_union,9772,0.0,weight_avg,depth-1,0.8834415584415585,0.14496753246753247,0.17792207792207793,0.887012987012987,0.8837662337662338,0.048239175004508604,10,10,"[0.03318077803203667, 0.05464480874316935, 0.055928411633109576, 0.010233918128654929, 0.03482142857142856, 0.03510436432637576, 0.07207207207207211, 0.01982378854625555, 0.09466437177280551, 0.07191780821917804]","[0.9633867276887872, 0.9353369763205829, 0.9261744966442953, 0.9612573099415205, 0.9607142857142857, 0.9544592030360531, 0.964964964964965, 0.9581497797356828, 0.9604130808950087, 0.958904109589041]","[0.9302059496567505, 0.8806921675774135, 0.8702460850111857, 0.9510233918128655, 0.9258928571428572, 0.9193548387096774, 0.8928928928928929, 0.9383259911894273, 0.8657487091222031, 0.886986301369863]",0.8834160888674034,10,"[0.8741525423728813, 0.886, 0.8943965517241379, 0.8859090909090909, 0.8799107142857143, 0.8727678571428571, 0.8803921568627451, 0.8892241379310345, 0.8867924528301887, 0.8846153846153846]",4.685881614685059,0.6785604953765869,0.4486680030822754,3.445131301879883,0.001087188720703125,0.057300567626953125,,3bc506f13a5e,success,
roberta_base_banking77,Banking77,10,0.05,44,300,4.0,raw_union_K300,raw_union,9772,0.0,weight_avg,depth-1,0.8905844155844156,0.14711038961038958,0.19448051948051948,0.8883116883116883,0.8863636363636364,0.0398191283171432,10,10,"[0.019559902200488977, 0.03274853801169597, 0.02488687782805432, 0.052482269503546175, 0.01948051948051943, 0.04767726161369201, 0.0491803278688524, 0.05036855036855037, 0.03978494623655915, 0.062022090059473234]","[0.9437652811735942, 0.952046783625731, 0.9570135746606335, 0.9602836879432625, 0.9444444444444444, 0.960880195599022, 0.9579918032786885, 0.9336609336609336, 0.9731182795698925, 0.9702633814783348]","[0.9242053789731052, 0.9192982456140351, 0.9321266968325792, 0.9078014184397163, 0.924963924963925, 0.91320293398533, 0.9088114754098361, 0.8832923832923832, 0.9333333333333333, 0.9082412914188616]",0.8881445768545287,10,"[0.888425925925926, 0.8961864406779662, 0.8850877192982456, 0.8785087719298246, 0.8846153846153846, 0.8949074074074074, 0.8916666666666667, 0.8957547169811321, 0.9024038461538462, 0.8638888888888889]",4.782789945602417,0.7307345867156982,0.46735167503356934,3.4677162170410156,0.0010807514190673828,0.05664253234863281,,3bc506f13a5e,success,
roberta_base_banking77,Banking77,10,0.1,42,300,4.0,no_phase0,none,0,0.0,weight_avg,depth-1,0.44545454545454544,0.17496753246753247,0.24253246753246754,0.887012987012987,0.012012987012987014,-0.3955371465830794,0,10,"[-0.3131034482758621, -0.3182406209573092, -0.42370820668693004, -0.4881956155143339, -0.4229979466119097, -0.5810126582278481, -0.36500888099467144, -0.3125, -0.4798578199052133, -0.25074626865671645]","[0.5020689655172413, 0.5394566623544631, 0.4857142857142857, 0.3988195615514334, 0.45585215605749485, 0.310126582278481, 0.5355239786856127, 0.5482954545454546, 0.3933649289099526, 0.5800995024875621]","[0.8151724137931035, 0.8576972833117723, 0.9094224924012158, 0.8870151770657673, 0.8788501026694046, 0.8911392405063291, 0.9005328596802842, 0.8607954545454546, 0.8732227488151659, 0.8308457711442786]",0.40089432904533917,9,"[0.42102272727272727, 0.40384615384615385, 0.36607142857142855, 0.436875, 0.3907894736842105, 0.42696078431372547, 0.3804347826086957, 0.40260416666666665, 0.3794444444444444, null]",4.140600919723511,0.6822714805603027,0.0048792362213134766,3.3398022651672363,0.00112152099609375,0.0532069206237793,,3bc506f13a5e,success,
roberta_base_banking77,Banking77,10,0.1,43,300,4.0,no_phase0,none,0,0.0,weight_avg,depth-1,0.44935064935064933,0.17519480519480518,0.29285714285714287,0.887012987012987,0.021103896103896104,-0.39090183842565984,0,10,"[-0.25322580645161286, -0.3652822151224707, -0.3200568990042675, -0.41773399014778323, -0.39703365658870504, -0.5181564245810055, -0.37375287797390644, -0.5365853658536586, -0.3505933117583603, -0.37659783677482794]","[0.5532258064516129, 0.483493077742279, 0.5448079658605974, 0.45024630541871924, 0.5116942384483743, 0.2946927374301676, 0.5318495778971604, 0.2772785622593068, 0.5458468176914779, 0.45722713864306785]","[0.8064516129032258, 0.8487752928647497, 0.8648648648648649, 0.8679802955665025, 0.9087278950370793, 0.8128491620111732, 0.9056024558710668, 0.8138639281129654, 0.8964401294498382, 0.8338249754178958]",0.41138557658263736,9,"[0.36444444444444446, 0.4116279069767442, 0.4127906976744186, 0.3926136363636364, 0.3613636363636364, 0.43863636363636366, 0.4238095238095238, 0.47058823529411764, 0.42659574468085104, null]",4.110652446746826,0.7241084575653076,0.005054950714111328,3.2796034812927246,0.0011260509490966797,0.05223393440246582,,3bc506f13a5e,success,
roberta_base_banking77,Banking77,10,0.1,44,300,4.0,no_phase0,none,0,0.0,weight_avg,depth-1,0.43506493506493504,0.18844155844155847,0.2483766233766234,0.8883116883116883,0.018506493506493506,-0.41368117896108164,0,10,"[-0.4649610678531702, -0.5345454545454544, -0.35154394299287406, -0.44881075491209926, -0.42692307692307696, -0.41815097540288376, -0.3647276084949215, -0.36407300672430354, -0.287001287001287, -0.47607461476074614]","[0.42157953281423804, 0.3054545454545455, 0.5431512272367379, 0.3764219234746639, 0.4358974358974359, 0.4902459711620017, 0.5106186518928901, 0.5302593659942363, 0.5637065637065637, 0.3657745336577453]","[0.8865406006674083, 0.84, 0.894695170229612, 0.8252326783867632, 0.8628205128205129, 0.9083969465648855, 0.8753462603878116, 0.8943323727185398, 0.8507078507078507, 0.8418491484184915]",0.3869494095959738,9,"[0.37448979591836734, 0.4358490566037736, 0.33625, 0.41410256410256413, 0.3868421052631579, 0.375, 0.3819767441860465, 0.41770833333333335, 0.36032608695652174, null]",4.087608098983765,0.6824979782104492,0.00490880012512207,3.296046495437622,0.0011067390441894531,0.05407381057739258,,3bc506f13a5e,success,
roberta_base_banking77,Banking77,10,0.1,42,300,4.0,raw_union_K300,raw_union,9772,0.0,weight_avg,depth-1,0.8957792207792208,0.17496753246753247,0.24253246753246754,0.887012987012987,0.8935064935064935,0.0856356164832025,10,10,"[0.1489655172413793, 0.10349288486416564, 0.03404255319148941, 0.0708263069139966, 0.07392197125256672, 0.055696202531645644, 0.060390763765541755, 0.10085227272727271, 0.07582938388625582, 0.13233830845771144]","[0.9641379310344828, 0.9611901681759379, 0.9434650455927052, 0.9578414839797639, 0.9527720739219713, 0.9468354430379747, 0.9609236234458259, 0.9616477272727273, 0.9490521327014217, 0.96318407960199]","[0.8151724137931035, 0.8576972833117723, 0.9094224924012158, 0.8870151770657673, 0.8788501026694046, 0.8911392405063291, 0.9005328596802842, 0.8607954545454546, 0.8732227488151659, 0.8308457711442786]",0.8935486896382402,9,"[0.8960227272727272, 0.895673076923077, 0.9005952380952381, 0.886875, 0.8934210526315789, 0.8897058823529411, 0.8956521739130435, 0.8984375, 0.8855555555555555, null]",4.470037221908569,0.6780169010162354,0.435138463973999,3.2526450157165527,0.0010957717895507812,0.052525997161865234,,3bc506f13a5e,success,
roberta_base_banking77,Banking77,10,0.1,43,300,4.0,raw_union_K300,raw_union,9772,0.0,weight_avg,depth-1,0.8860389610389611,0.17519480519480518,0.29285714285714287,0.887012987012987,0.8834415584415585,0.09770680232201437,10,10,"[0.1596774193548388, 0.08945686900958472, 0.09246088193456614, 0.06896551724137934, 0.04848830576155161, 0.12290502793296088, 0.05372217958557168, 0.13735558408215653, 0.07227615965480039, 0.13176007866273354]","[0.9661290322580646, 0.9382321618743344, 0.957325746799431, 0.9369458128078818, 0.9572162007986309, 0.9357541899441341, 0.9593246354566385, 0.9512195121951219, 0.9687162891046386, 0.9655850540806293]","[0.8064516129032258, 0.8487752928647497, 0.8648648648648649, 0.8679802955665025, 0.9087278950370793, 0.8128491620111732, 0.9056024558710668, 0.8138639281129654, 0.8964401294498382, 0.8338249754178958]",0.8831680614775278,9,"[0.8738888888888889, 0.8813953488372093, 0.8947674418604651, 0.8829545454545454, 0.8727272727272727, 0.8818181818181818, 0.8910714285714286, 0.8975490196078432, 0.8723404255319149, null]",4.506452798843384,0.6751229763031006,0.438610315322876,3.2799737453460693,0.0011224746704101562,0.052248239517211914,,3bc506f13a5e,success,
roberta_base_banking77,Banking77,10,0.1,44,300,4.0,raw_union_K300,raw_union,9772,0.0,weight_avg,depth-1,0.888961038961039,0.18844155844155847,0.2483766233766234,0.8883116883116883,0.8863636363636364,0.08758989281022607,10,10,"[0.07563959955506117, 0.11818181818181817, 0.06254948535233573, 0.11892450879007244, 0.10897435897435892, 0.04495335029686176, 0.08125577100646353, 0.06628242074927959, 0.10424710424710426, 0.0948905109489051]","[0.9621802002224694, 0.9581818181818181, 0.9572446555819477, 0.9441571871768356, 0.9717948717948718, 0.9533502968617472, 0.9566020313942751, 0.9606147934678194, 0.954954954954955, 0.9367396593673966]","[0.8865406006674083, 0.84, 0.894695170229612, 0.8252326783867632, 0.8628205128205129, 0.9083969465648855, 0.8753462603878116, 0.8943323727185398, 0.8507078507078507, 0.8418491484184915]",0.8818370618596849,9,"[0.888265306122449, 0.8849056603773585, 0.865, 0.8948717948717949, 0.8657894736842106, 0.8797619047619047, 0.8953488372093024, 0.8854166666666666, 0.8771739130434782, null]",4.6478564739227295,0.731065034866333,0.48856234550476074,3.3052518367767334,0.0010747909545898438,0.05265545845031738,,3bc506f13a5e,success,
roberta_base_banking77,Banking77,10,0.3,42,300,4.0,no_phase0,none,0,0.0,weight_avg,depth-1,0.5996753246753247,0.24250000000000002,0.2987012987012987,0.887012987012987,0.012012987012987014,-0.17521079172285917,0,10,"[-0.09797979797979806, -0.2547076313181368, -0.21400394477317553, -0.1943605236656596, -0.13585291113381004, -0.1776699029126213, -0.202020202020202, -0.16168224299065426, -0.12201257861635229, -0.19181818181818178]","[0.6666666666666666, 0.5688800792864221, 0.6035502958579881, 0.6163141993957704, 0.6547497446373851, 0.6135922330097088, 0.6111111111111112, 0.6532710280373831, 0.6679245283018868, 0.6136363636363636]","[0.7646464646464647, 0.8235877106045589, 0.8175542406311637, 0.81067472306143, 0.7906026557711952, 0.7912621359223301, 0.8131313131313131, 0.8149532710280374, 0.789937106918239, 0.8054545454545454]",0.5593784666308821,9,"[0.53, 0.616304347826087, 0.54875, 0.5351851851851852, 0.5805555555555556, 0.5895833333333333, 0.51875, 0.525, 0.5902777777777778, null]",4.067218780517578,0.6773681640625,0.004866600036621094,3.2881243228912354,0.0010826587677001953,0.04747366905212402,,3bc506f13a5e,success,
roberta_base_banking77,Banking77,10,0.3,43,300,4.0,no_phase0,none,0,0.0,weight_avg,depth-1,0.5584415584415584,0.2450974025974026,0.3042207792207792,0.887012987012987,0.021103896103896104,-0.20949883981828318,0,10,"[-0.2656084656084656, -0.14143646408839772, -0.39506172839506165, -0.19651162790697674, -0.08387096774193548, -0.21094312455003594, -0.14789272030651346, -0.2102510460251047, -0.06487148102815177, -0.3785407725321888]","[0.5650793650793651, 0.6408839779005525, 0.38765432098765434, 0.5674418604651162, 0.6274193548387097, 0.6241900647948164, 0.6888888888888889, 0.5774058577405857, 0.6964504283965728, 0.44034334763948496]","[0.8306878306878307, 0.7823204419889502, 0.782716049382716, 0.763953488372093, 0.7112903225806452, 0.8351331893448524, 0.8367816091954023, 0.7876569037656904, 0.7613219094247246, 0.8188841201716738]",0.49784974398923676,9,"[0.4925, 0.5079545454545454, 0.47282608695652173, 0.5775, 0.492, 0.540625, 0.40875, 0.4523809523809524, 0.5361111111111111, null]",4.197387218475342,0.6866264343261719,0.004913806915283203,3.4068026542663574,0.0010991096496582031,0.048957109451293945,,3bc506f13a5e,success,
roberta_base_banking77,Banking77,10,0.3,44,300,4.0,no_phase0,none,0,0.0,weight_avg,depth-1,0.5974025974025974,0.24837662337662342,0.31396103896103894,0.8883116883116883,0.018506493506493506,-0.15384547105296503,0,10,"[-0.2649402390438247, -0.2028241335044929, -0.16094420600858372, -0.18709677419354842, -0.07671957671957663, -0.1479452054794521, -0.1463203463203463, -0.12485811577752559, -0.11696428571428574, -0.1098418277680141]","[0.5936254980079682, 0.5622593068035944, 0.6233905579399142, 0.5974193548387097, 0.6640211640211641, 0.6, 0.6528138528138528, 0.6492622020431328, 0.6928571428571428, 0.6827768014059754]","[0.8585657370517928, 0.7650834403080873, 0.7843347639484979, 0.7845161290322581, 0.7407407407407407, 0.7479452054794521, 0.7991341991341991, 0.7741203178206584, 0.8098214285714286, 0.7926186291739895]",0.5506589632131428,9,"[0.5568181818181818, 0.631, 0.48833333333333334, 0.5483333333333333, 0.5441176470588235, 0.55, 0.5092105263157894, 0.509, 0.6191176470588236, null]",4.424180030822754,0.7420315742492676,0.0048792362213134766,3.569464683532715,0.00109100341796875,0.04784703254699707,,3bc506f13a5e,success,
roberta_base_banking77,Banking77,10,0.3,42,300,4.0,raw_union_K300,raw_union,9772,0.0,weight_avg,depth-1,0.8944805194805194,0.24250000000000002,0.2987012987012987,0.887012987012987,0.8896103896103896,0.15127997202091004,10,10,"[0.19393939393939386, 0.12091179385530226, 0.14102564102564108, 0.13091641490433037, 0.16649642492339112, 0.1621359223300971, 0.14141414141414144, 0.13551401869158874, 0.1622641509433962, 0.1581818181818182]","[0.9585858585858585, 0.9444995044598612, 0.9585798816568047, 0.9415911379657603, 0.9570990806945863, 0.9533980582524272, 0.9545454545454546, 0.9504672897196261, 0.9522012578616352, 0.9636363636363636]","[0.7646464646464647, 0.8235877106045589, 0.8175542406311637, 0.81067472306143, 0.7906026557711952, 0.7912621359223301, 0.8131313131313131, 0.8149532710280374, 0.789937106918239, 0.8054545454545454]",0.9014427767957199,9,"[0.8975, 0.8978260869565218, 0.89125, 0.9092592592592592, 0.9069444444444444, 0.921875, 0.8973214285714286, 0.8868421052631579, 0.9041666666666667, null]",4.968765020370483,0.7421255111694336,0.5074071884155273,3.6130642890930176,0.0010776519775390625,0.04664301872253418,,3bc506f13a5e,success,
roberta_base_banking77,Banking77,10,0.3,43,300,4.0,raw_union_K300,raw_union,9772,0.0,weight_avg,depth-1,0.8860389610389611,0.2450974025974026,0.3042207792207792,0.887012987012987,0.8837662337662338,0.16392778701621982,10,10,"[0.13015873015873014, 0.1701657458563537, 0.1728395061728396, 0.1779069767441861, 0.24838709677419357, 0.12383009359251262, 0.11877394636015326, 0.16317991631799156, 0.1958384332925337, 0.13819742489270392]","[0.9608465608465608, 0.9524861878453039, 0.9555555555555556, 0.9418604651162791, 0.9596774193548387, 0.958963282937365, 0.9555555555555556, 0.950836820083682, 0.9571603427172583, 0.9570815450643777]","[0.8306878306878307, 0.7823204419889502, 0.782716049382716, 0.763953488372093, 0.7112903225806452, 0.8351331893448524, 0.8367816091954023, 0.7876569037656904, 0.7613219094247246, 0.8188841201716738]",0.8828405831956556,9,"[0.8766666666666667, 0.8818181818181818, 0.8967391304347826, 0.88375, 0.873, 0.9, 0.86375, 0.8726190476190476, 0.8972222222222223, null]",4.583238124847412,0.7187275886535645,0.4641225337982178,3.2925453186035156,0.0012676715850830078,0.046263694763183594,,3bc506f13a5e,success,
roberta_base_banking77,Banking77,10,0.3,44,300,4.0,raw_union_K300,raw_union,9772,0.0,weight_avg,depth-1,0.888961038961039,0.24837662337662342,0.31396103896103894,0.8883116883116883,0.887987012987013,0.1705258034586124,10,10,"[0.0869853917662683, 0.18870346598202825, 0.17274678111587982, 0.1548387096774193, 0.21825396825396826, 0.22054794520547938, 0.16103896103896098, 0.18161180476730987, 0.15357142857142858, 0.16695957820738128]","[0.9455511288180611, 0.9537869062901155, 0.9570815450643777, 0.9393548387096774, 0.958994708994709, 0.9684931506849315, 0.9601731601731601, 0.9557321225879682, 0.9633928571428572, 0.9595782073813708]","[0.8585657370517928, 0.7650834403080873, 0.7843347639484979, 0.7845161290322581, 0.7407407407407407, 0.7479452054794521, 0.7991341991341991, 0.7741203178206584, 0.8098214285714286, 0.7926186291739895]",0.8912487934035922,9,"[0.8852272727272728, 0.9, 0.895, 0.8616666666666667, 0.8794117647058823, 0.8875, 0.9013157894736842, 0.892, 0.9191176470588235, null]",4.589476585388184,0.6780722141265869,0.45841145515441895,3.331402063369751,0.0011134147644042969,0.047623395919799805,,3bc506f13a5e,success,
roberta_base_banking77,Banking77,10,1.0,42,300,4.0,no_phase0,none,0,0.0,weight_avg,depth-1,0.6675324675324675,0.3249350649350649,0.37077922077922076,0.887012987012987,0.012012987012987014,-0.013006453860759493,5,10,"[-0.04854368932038833, 0.03638368246968027, 0.009216589861751112, 0.010615711252653925, -0.08394833948339486, 0.03655660377358494, -0.04541631623212783, -0.002178649237472685, 0.03699897225077087, -0.07974910394265233]","[0.6893203883495146, 0.7475192943770672, 0.6889400921658986, 0.7239915074309978, 0.6854243542435424, 0.7016509433962265, 0.7241379310344828, 0.7091503267973857, 0.7482014388489209, 0.7007168458781362]","[0.7378640776699029, 0.7111356119073869, 0.6797235023041475, 0.7133757961783439, 0.7693726937269373, 0.6650943396226415, 0.7695542472666106, 0.7113289760348583, 0.71120246659815, 0.7804659498207885]",0.6799272486772486,9,"[0.5875, 0.5464285714285714, 0.8, 0.71875, 0.5416666666666666, 0.75, 0.75, 0.85, 0.575, null]",4.179814338684082,0.6947753429412842,0.005038738250732422,3.372046709060669,0.001100778579711914,0.04576754570007324,,3bc506f13a5e,success,
roberta_base_banking77,Banking77,10,1.0,43,300,4.0,no_phase0,none,0,0.0,weight_avg,depth-1,0.6707792207792208,0.32941558441558444,0.3983766233766234,0.887012987012987,0.021103896103896104,-0.026909087413349197,1,10,"[-0.041390728476821126, -0.02085747392815751, 0.015169194865811031, -0.034482758620689724, -0.0767148014440433, -0.04936014625228513, -0.018823529411764683, -0.029795158286778367, -0.012835472578763163, 0.0]","[0.7491721854304636, 0.7022016222479722, 0.690781796966161, 0.6729699666295884, 0.6985559566787004, 0.7074954296160878, 0.6623529411764706, 0.7430167597765364, 0.6989498249708285, 0.7297297297297297]","[0.7905629139072847, 0.7230590961761297, 0.67561260210035, 0.7074527252502781, 0.7752707581227437, 0.7568555758683729, 0.6811764705882353, 0.7728119180633147, 0.7117852975495916, 0.7297297297297297]",0.5619047619047619,7,"[0.65, 0.7916666666666666, null, 0.4083333333333333, 0.49375, 0.49166666666666664, null, 0.4166666666666667, 0.68125, null]",4.1585001945495605,0.707275390625,0.005013227462768555,3.341017007827759,0.0012428760528564453,0.04327702522277832,,3bc506f13a5e,success,
roberta_base_banking77,Banking77,10,1.0,44,300,4.0,no_phase0,none,0,0.0,weight_avg,depth-1,0.6688311688311688,0.3354545454545454,0.38441558441558443,0.8883116883116883,0.018506493506493506,-0.02030063238845715,4,10,"[-0.04570895522388063, 0.007751937984496138, -0.030739673390970168, 0.028037383177570097, -0.06291706387035267, 0.014877789585547307, -0.05753424657534245, -0.06756756756756754, -0.030237580993520585, 0.041031652989449]","[0.7238805970149254, 0.7342192691029901, 0.7195004803073968, 0.697429906542056, 0.7006673021925643, 0.7470775770456961, 0.7013698630136986, 0.6862934362934363, 0.6987041036717062, 0.7221570926143025]","[0.769589552238806, 0.7264673311184939, 0.7502401536983669, 0.669392523364486, 0.763584366062917, 0.7321997874601488, 0.7589041095890411, 0.7538610038610039, 0.7289416846652268, 0.6811254396248535]",0.5577050264550265,9,"[0.55625, 0.6875, 0.85, 0.7, 0.125, 0.6166666666666667, 0.4125, 0.5464285714285714, 0.525, null]",4.046650171279907,0.6784975528717041,0.0048711299896240234,3.257044553756714,0.001085519790649414,0.044864654541015625,,3bc506f13a5e,success,
roberta_base_banking77,Banking77,10,1.0,42,300,4.0,raw_union_K300,raw_union,9772,0.0,weight_avg,depth-1,0.8951298701298701,0.3249350649350649,0.37077922077922076,0.887012987012987,0.8928571428571429,0.2292145061911154,10,10,"[0.21790722761596548, 0.24807056229327462, 0.27073732718894006, 0.23566878980891726, 0.1881918819188192, 0.2971698113207547, 0.18418839360807404, 0.2429193899782136, 0.24152106885919844, 0.16577060931899645]","[0.9557713052858684, 0.9592061742006616, 0.9504608294930875, 0.9490445859872612, 0.9575645756457565, 0.9622641509433962, 0.9537426408746846, 0.954248366013072, 0.9527235354573484, 0.946236559139785]","[0.7378640776699029, 0.7111356119073869, 0.6797235023041475, 0.7133757961783439, 0.7693726937269373, 0.6650943396226415, 0.7695542472666106, 0.7113289760348583, 0.71120246659815, 0.7804659498207885]",0.929265873015873,9,"[0.9041666666666667, 0.8821428571428571, 0.9875, 0.93125, 0.9083333333333333, 0.9875, 0.8875, 1.0, 0.875, null]",4.6742165088653564,0.6861047744750977,0.4705996513366699,3.4244513511657715,0.0010285377502441406,0.04288625717163086,,3bc506f13a5e,success,
roberta_base_banking77,Banking77,10,1.0,43,300,4.0,raw_union_K300,raw_union,9772,0.0,weight_avg,depth-1,0.8876623376623377,0.32941558441558444,0.3983766233766234,0.887012987012987,0.8866883116883116,0.22171828063001126,10,10,"[0.16556291390728484, 0.2224797219003477, 0.28354725787631274, 0.25250278086763067, 0.1732851985559567, 0.206581352833638, 0.26235294117647057, 0.18621973929236502, 0.23803967327887976, 0.22661122661122668]","[0.9561258278145696, 0.9455388180764774, 0.9591598599766628, 0.9599555061179088, 0.9485559566787004, 0.9634369287020109, 0.9435294117647058, 0.9590316573556797, 0.9498249708284714, 0.9563409563409564]","[0.7905629139072847, 0.7230590961761297, 0.67561260210035, 0.7074527252502781, 0.7752707581227437, 0.7568555758683729, 0.6811764705882353, 0.7728119180633147, 0.7117852975495916, 0.7297297297297297]",0.8761904761904761,7,"[0.875, 0.8833333333333333, null, 0.85, 0.8625, 0.9333333333333333, null, 0.8166666666666667, 0.9125, null]",4.595983266830444,0.6916086673736572,0.47271037101745605,3.3280587196350098,0.0010929107666015625,0.042363882064819336,,3bc506f13a5e,success,
roberta_base_banking77,Banking77,10,1.0,44,300,4.0,raw_union_K300,raw_union,9772,0.0,weight_avg,depth-1,0.8899350649350649,0.3354545454545454,0.38441558441558443,0.8883116883116883,0.8873376623376623,0.22244504432976261,10,10,"[0.19123134328358204, 0.23145071982281284, 0.20845341018251684, 0.2908878504672897, 0.19351763584366066, 0.2221041445270988, 0.20273972602739732, 0.18918918918918914, 0.2311015118790497, 0.26377491207502923]","[0.960820895522388, 0.9579180509413068, 0.9586935638808838, 0.9602803738317757, 0.9571020019065777, 0.9543039319872476, 0.9616438356164384, 0.943050193050193, 0.9600431965442765, 0.9449003516998827]","[0.769589552238806, 0.7264673311184939, 0.7502401536983669, 0.669392523364486, 0.763584366062917, 0.7321997874601488, 0.7589041095890411, 0.7538610038610039, 0.7289416846652268, 0.6811254396248535]",0.878968253968254,9,"[0.8375, 0.8958333333333334, 0.875, 0.925, 0.9, 0.8666666666666667, 0.8375, 0.8857142857142857, 0.8875, null]",4.865801572799683,0.6946368217468262,0.4787111282348633,3.5830743312835693,0.0011234283447265625,0.04616880416870117,,3bc506f13a5e,success,
roberta_base_dbpedia,DBpedia14,10,0.05,42,300,4.0,no_phase0,none,0,0.0,weight_avg,depth-1,0.844,0.40978000000000003,0.6293,0.9888,0.0968,-0.18744635432994322,0,10,"[-0.08417051316861257, -0.37305325346680884, -0.11051973331578013, -0.28892459889020006, -0.515424750519224, -0.02507139536428249, -0.16081334479256193, -0.12806577304767786, -0.14534161490683228, -0.043078565827452175]","[0.9150925099879756, 0.6267498153770411, 0.8830388459983262, 0.7100961659175936, 0.4832075376120764, 0.973899183104204, 0.8360614110477381, 0.8650492415167144, 0.8385093167701864, 0.948554315364466]","[0.9992630231565882, 0.99980306884385, 0.9935585793141063, 0.9990207648077937, 0.9986322881313003, 0.9989705784684865, 0.9968747558403, 0.9931150145643922, 0.9838509316770186, 0.9916328811919182]",0.8289107568652042,10,"[0.7993156199677939, 0.8917319408181027, 0.8783897120492032, 0.8541218184120553, 0.8775616533518583, 0.7845412352731167, 0.805389935606964, 0.8346358236949046, 0.8871192514433606, 0.6763005780346821]",962.5164680480957,35.67970943450928,0.007632255554199219,3.641697645187378,0.0011026859283447266,1.7298099994659424,,3bc506f13a5e,success,
roberta_base_dbpedia,DBpedia14,10,0.05,43,300,4.0,no_phase0,none,0,0.0,weight_avg,depth-1,0.7525,0.40420000000000006,0.6117,0.9882,0.0959,-0.29280406768985967,0,10,"[-0.1913398748675168, -0.9131017369727048, -0.9094845679694231, -0.20875235340037646, -0.27668663582821473, -0.18327420380206305, -0.031673021925643474, -0.029947893510696932, -0.09313779950375889, -0.09064258911819889]","[0.8081985708913125, 0.0863771712158809, 0.0891456598104412, 0.7908343665334987, 0.7212406157579434, 0.8150647006951992, 0.9642516682554814, 0.9668599171275631, 0.9056401140614005, 0.905683239524703]","[0.9995384457588293, 0.9994789081885856, 0.9986302277798643, 0.9995867199338752, 0.9979272515861581, 0.9983389044972623, 0.9959246901811248, 0.9968078106382601, 0.9987779135651594, 0.9963258286429019]",0.6762839331775872,10,"[0.6830106183635228, 0.7750656573458984, 0.7929941911635275, 0.6781096059113301, 0.6949063539296342, 0.6962142197599261, 0.6915353507181704, 0.4736988588922906, 0.8520908004778972, 0.4252136752136752]",43.96445846557617,35.46337628364563,0.007688283920288086,3.666633129119873,0.0010919570922851562,1.7495040893554688,,3bc506f13a5e,success,
roberta_base_dbpedia,DBpedia14,10,0.05,44,300,4.0,no_phase0,none,0,0.0,weight_avg,depth-1,0.8477,0.42035,0.6393,0.9885,0.098,-0.1778866558545966,0,10,"[-0.2891788803459875, -0.26748393368256196, -0.11351122405760272, -0.32474085449459766, -0.18338008415147267, -0.04844706911636043, -0.23630177167663968, -0.043290680723867214, -0.06955528568123992, -0.20297677461563624]","[0.7102354637193657, 0.7312559629889651, 0.8835239305379077, 0.6710360335655131, 0.8127629733520336, 0.9502405949256343, 0.7633462395869999, 0.9517470881863561, 0.9235484617164006, 0.7960963907970777]","[0.9994143440653532, 0.9987398966715271, 0.9970351545955104, 0.9957768880601108, 0.9961430575035063, 0.9986876640419947, 0.9996480112636396, 0.9950377689102233, 0.9931037473976405, 0.999073165412714]",0.8295280758572379,10,"[0.8482482482482483, 0.9148893761211879, 0.8817073170731707, 0.7956692006450127, 0.789280677009873, 0.7835402482979575, 0.8641266283793249, 0.6970227670753065, 0.8418214499700419, 0.8789748457522544]",43.74773597717285,35.05475974082947,0.007879257202148438,3.66987681388855,0.0010380744934082031,1.727186918258667,,3bc506f13a5e,success,
roberta_base_dbpedia,DBpedia14,10,0.05,42,300,4.0,raw_union_K300,raw_union,13297,0.0,weight_avg,depth-1,0.9815,0.40978000000000003,0.6293,0.9888,0.9815,-0.012561378357130604,1,10,"[-0.007350374306659968, -0.009583982932633073, -0.011632171370000943, -0.026916413488337065, -0.010941694949597291, -0.01271833698611946, -0.013633877646691217, -0.022231189236220472, 0.004968944099378869, -0.015574686754425415]","[0.9919126488499282, 0.9902190859112169, 0.9819264079441054, 0.9721043513194566, 0.987690593181703, 0.986252241482367, 0.9832408781936088, 0.9708838253281717, 0.9888198757763975, 0.9760581944374928]","[0.9992630231565882, 0.99980306884385, 0.9935585793141063, 0.9990207648077937, 0.9986322881313003, 0.9989705784684865, 0.9968747558403, 0.9931150145643922, 0.9838509316770186, 0.9916328811919182]",0.9809113056777697,10,"[0.9788647342995169, 0.9792863359442994, 0.9890970086664803, 0.9807521843738128, 0.9784647447030219, 0.9800071403070332, 0.9847364655378011, 0.9867145983119725, 0.9800915787378061, 0.9710982658959537]",45.8742470741272,36.55727672576904,0.8161780834197998,3.7186496257781982,0.0010879039764404297,1.7159128189086914,,3bc506f13a5e,success,
roberta_base_dbpedia,DBpedia14,10,0.05,43,300,4.0,raw_union_K300,raw_union,12403,0.0,weight_avg,depth-1,0.9797,0.40420000000000006,0.6117,0.9882,0.9801,-0.019109010710683993,0,10,"[-0.014632978905261718, -0.02660049627791572, -0.02737335130238827, -0.015107682417229151, -0.021460529309168197, -0.03607243196686016, -0.018064823641563366, -0.006437730077715198, -0.005073510350701804, -0.020266572858036347]","[0.9849054668535676, 0.9728784119106699, 0.971256876477476, 0.984479037516646, 0.9764667222769899, 0.9622664725304021, 0.9778598665395615, 0.9903700805605449, 0.9937044032144576, 0.9760592557848655]","[0.9995384457588293, 0.9994789081885856, 0.9986302277798643, 0.9995867199338752, 0.9979272515861581, 0.9983389044972623, 0.9959246901811248, 0.9968078106382601, 0.9987779135651594, 0.9963258286429019]",0.9795203504406148,10,"[0.9737663960024985, 0.9820794067665688, 0.9806372117584933, 0.9762931034482759, 0.9863469280588132, 0.9801477377654663, 0.9808952726258542, 0.9788477595324242, 0.9804062126642772, 0.9757834757834758]",45.1386353969574,35.85939931869507,0.736292839050293,3.724492073059082,0.0012552738189697266,1.738872766494751,,3bc506f13a5e,success,
roberta_base_dbpedia,DBpedia14,10,0.05,44,300,4.0,raw_union_K300,raw_union,11891,0.0,weight_avg,depth-1,0.9803,0.42035,0.6393,0.9885,0.979,-0.01557013140774698,0,10,"[-0.008919990389235966, -0.02075570196756138, -0.0040943103204856834, -0.03204354741402948, -0.0066619915848527, -0.00907699037620291, -0.006570456412061443, -0.009895012736883868, -0.025026023594725832, -0.032657289281430524]","[0.9904943536761173, 0.9779841947039657, 0.9929408442750247, 0.9637333406460813, 0.9894810659186536, 0.9896106736657918, 0.9930775548515781, 0.9851427561733395, 0.9680777238029147, 0.9664158761312834]","[0.9994143440653532, 0.9987398966715271, 0.9970351545955104, 0.9957768880601108, 0.9961430575035063, 0.9986876640419947, 0.9996480112636396, 0.9950377689102233, 0.9931037473976405, 0.999073165412714]",0.9800669452022197,10,"[0.9737737737737737, 0.9826589595375722, 0.9817073170731707, 0.9806496199032481, 0.9751763046544428, 0.9847817380857028, 0.9752066115702479, 0.9751313485113835, 0.982025164769323, 0.9895586141433318]",45.330405473709106,36.047197103500366,0.7430574893951416,3.7477762699127197,0.0011420249938964844,1.7247703075408936,,3bc506f13a5e,success,
roberta_base_dbpedia,DBpedia14,10,0.1,42,300,4.0,no_phase0,none,0,0.0,weight_avg,depth-1,0.8998,0.5440299999999999,0.6801,0.9888,0.0968,-0.09993419952804487,0,10,"[-0.10630589314377437, -0.10132065130915968, -0.14965162072099358, -0.088361406641008, -0.06353392872047403, -0.057285610465116266, -0.04608968116187495, -0.10427807486631013, -0.1423545461072685, -0.14016058214446925]","[0.8912176106397616, 0.8971942789456004, 0.8438049076037565, 0.9071532056253933, 0.9335948585259995, 0.94140625, 0.9516450014819833, 0.8929144385026738, 0.8433573462891607, 0.8569396380746557]","[0.9975235037835359, 0.9985149302547601, 0.9934565283247501, 0.9955146122664013, 0.9971287872464736, 0.9986918604651163, 0.9977346826438582, 0.997192513368984, 0.9857118923964292, 0.9971002202191249]",0.9000298768186923,9,"[0.913022926022217, 0.9229898074745186, 0.9327586206896552, 0.8622668579626973, 0.8686010851615947, 0.8897485493230174, 0.8898996967576394, 0.8909883720930233, 0.929992975883868, null]",44.496699810028076,35.7794463634491,0.0078051090240478516,3.911731243133545,0.0011219978332519531,1.7260422706604004,,3bc506f13a5e,success,
roberta_base_dbpedia,DBpedia14,10,0.1,43,300,4.0,no_phase0,none,0,0.0,weight_avg,depth-1,0.8916,0.5681800000000001,0.7609,0.9882,0.0959,-0.10369516580148681,0,10,"[-0.05430895762560339, -0.18296722454672243, -0.07386150607100617, -0.12802645145234126, -0.20553797161109932, -0.10227995810124224, -0.09190556492411461, -0.13004577157802966, -0.03545098753071807, -0.03256726457399095]","[0.943456105846594, 0.8156090190609019, 0.9184475913054346, 0.8698048138799018, 0.7838792986271578, 0.8879893491008409, 0.9057835238273687, 0.8639603312990409, 0.9619550377719123, 0.9653867713004485]","[0.9977650634721974, 0.9985762436076243, 0.9923090973764408, 0.9978312653322431, 0.9894172702382571, 0.9902693072020832, 0.9976890887514833, 0.9940061028770706, 0.9974060253026303, 0.9979540358744394]",0.8426498501859143,10,"[0.820867079561696, 0.9007765314926661, 0.7966426858513189, 0.8641151685393258, 0.8750889679715302, 0.9279253815715093, 0.7834372834372835, 0.903068340306834, 0.9471801925722145, 0.6073968705547653]",43.87911009788513,35.46540951728821,0.007675886154174805,3.6194252967834473,0.0010836124420166016,1.723907709121704,,3bc506f13a5e,success,
roberta_base_dbpedia,DBpedia14,10,0.1,44,300,4.0,no_phase0,none,0,0.0,weight_avg,depth-1,0.8472,0.56478,0.7569,0.9885,0.098,-0.16024838135649508,0,10,"[-0.3096322317633794, -0.06657583452034432, -0.3578241189783382, -0.23883617963314352, -0.15059789439697424, -0.19319889560689196, -0.08362800565770867, -0.06580321704616676, -0.09992545278050402, -0.036461983181499624]","[0.6839708561020036, 0.9318552465886336, 0.6387002909796314, 0.7559266287160026, 0.8477300769133197, 0.8056303079020026, 0.911067892503536, 0.9259974932107792, 0.8916437393743397, 0.9620707778556412]","[0.993603087865383, 0.9984310811089779, 0.9965244099579696, 0.9947628083491461, 0.9983279713102939, 0.9988292035088946, 0.9946958981612447, 0.9918007102569459, 0.9915691921548437, 0.9985327610371408]",0.7926394010474124,10,"[0.8004824259131633, 0.7859369587807412, 0.8462261932753351, 0.9151395545531436, 0.6251778093883357, 0.7211155378486056, 0.9321872015281757, 0.8449677600224278, 0.9055007052186178, 0.5496598639455782]",44.38728427886963,35.92970037460327,0.00771784782409668,3.6325783729553223,0.0010752677917480469,1.7343814373016357,,3bc506f13a5e,success,
roberta_base_dbpedia,DBpedia14,10,0.1,42,300,4.0,raw_union_K300,raw_union,19018,0.0,weight_avg,depth-1,0.9819,0.5440299999999999,0.6801,0.9888,0.9813,-0.012354190877871651,0,10,"[-0.025758618053963178, -0.012976680869119295, -0.008664041199636485, -0.017648866579836886, -0.008463400383941222, -0.009011627906976738, -0.011622983444129265, -0.005481283422459904, -0.01258885192542425, -0.011325554993229292]","[0.9717648857295728, 0.9855382493856408, 0.9847924871251136, 0.9778657456865644, 0.9886653868625324, 0.9896802325581395, 0.986111699199729, 0.991711229946524, 0.973123040471005, 0.9857746652258956]","[0.9975235037835359, 0.9985149302547601, 0.9934565283247501, 0.9955146122664013, 0.9971287872464736, 0.9986918604651163, 0.9977346826438582, 0.997192513368984, 0.9857118923964292, 0.9971002202191249]",0.9819165604949021,9,"[0.9841645001181754, 0.9881087202718006, 0.9882758620689656, 0.9890004782400765, 0.9728709601321066, 0.9718154186239293, 0.9846046186144157, 0.9745639534883721, 0.9838445328962773, null]",44.65996432304382,34.94786548614502,0.9335300922393799,3.61443829536438,0.0010364055633544922,1.7177040576934814,,3bc506f13a5e,success,
roberta_base_dbpedia,DBpedia14,10,0.1,43,300,4.0,raw_union_K300,raw_union,18167,0.0,weight_avg,depth-1,0.9832,0.5681800000000001,0.7609,0.9882,0.9828,-0.011835835268512585,0,10,"[-0.0057214375111747096, -0.006973500697350032, -0.008825310760534055, -0.018665339353646004, -0.015398357249655326, -0.01502677408933828, -0.010617700331022384, -0.01520270270270263, -0.013925548375352648, -0.008001681614349776]","[0.9920436259610227, 0.9916027429102743, 0.9834837866159067, 0.9791659259785971, 0.9740189129886018, 0.9752425331127449, 0.9870713884204609, 0.978803400174368, 0.9834804769272777, 0.9899523542600897]","[0.9977650634721974, 0.9985762436076243, 0.9923090973764408, 0.9978312653322431, 0.9894172702382571, 0.9902693072020832, 0.9976890887514833, 0.9940061028770706, 0.9974060253026303, 0.9979540358744394]",0.9829592785819521,10,"[0.9814197236779418, 0.9810181190681622, 0.9875299760191847, 0.9870084269662921, 0.9896797153024911, 0.9779536461277558, 0.9705474705474706, 0.9870990237099023, 0.9900962861072903, 0.9772403982930299]",44.57776856422424,34.95691442489624,0.9806721210479736,3.7238080501556396,0.0010647773742675781,1.7144463062286377,,3bc506f13a5e,success,
roberta_base_dbpedia,DBpedia14,10,0.1,44,300,4.0,raw_union_K300,raw_union,18747,0.0,weight_avg,depth-1,0.9822,0.56478,0.7569,0.9885,0.9819,-0.013565629801433754,0,10,"[-0.01808482956023938, -0.006647261617225064, -0.019681538958939537, -0.022947501581277674, -0.008244831125102325, -0.0181735574738755, -0.004420084865629392, -0.013526216837267624, -0.010769123507044509, -0.013161352487736533]","[0.9755182583051436, 0.9917838194917529, 0.9768428709990301, 0.9718153067678684, 0.9900831401851916, 0.9806556460350191, 0.9902758132956153, 0.9782744934196783, 0.9808000686477992, 0.9853714085494043]","[0.993603087865383, 0.9984310811089779, 0.9965244099579696, 0.9947628083491461, 0.9983279713102939, 0.9988292035088946, 0.9946958981612447, 0.9918007102569459, 0.9915691921548437, 0.9985327610371408]",0.9834328597964206,10,"[0.9789800137835976, 0.9722895739521995, 0.9790735951093346, 0.9890047927826332, 0.9708392603129445, 0.9869095048377917, 0.9909264565425024, 0.9857022708158116, 0.9901269393511989, 0.9904761904761905]",46.94827198982239,37.34896945953369,1.0063934326171875,3.8210835456848145,0.0011048316955566406,1.7060158252716064,,3bc506f13a5e,success,
roberta_base_dbpedia,DBpedia14,10,0.3,42,300,4.0,no_phase0,none,0,0.0,weight_avg,depth-1,0.9316,0.76521,0.905,0.9888,0.0968,-0.05413363023158359,0,10,"[-0.040456050018389145, -0.05087162935580114, -0.051771806853582514, -0.13445825743291473, -0.025696639466758375, -0.07325623202301057, -0.020045863286181742, -0.07059563913671196, -0.04039928922337199, -0.03378489551911368]","[0.9533835969106289, 0.9412846446867201, 0.936993769470405, 0.8618452590201655, 0.9709044740983693, 0.9206016299137104, 0.977841333642524, 0.9197423462777181, 0.9549885021427825, 0.9610230534379056]","[0.993839646929018, 0.9921562740425213, 0.9887655763239875, 0.9963035164530802, 0.9966011135651277, 0.993857861936721, 0.9978871969287058, 0.9903379854144301, 0.9953877913661545, 0.9948079489570193]",0.8262228872577305,6,"[null, 0.9585121602288984, 0.7236842105263158, null, 0.8518518518518519, 0.7236842105263158, 0.7236842105263158, null, 0.9759206798866855, null]",43.96822714805603,35.22209548950195,0.007581233978271484,3.934095859527588,0.0010390281677246094,1.7086279392242432,,3bc506f13a5e,success,
roberta_base_dbpedia,DBpedia14,10,0.3,43,300,4.0,no_phase0,none,0,0.0,weight_avg,depth-1,0.8919,0.83646,0.963,0.9882,0.0959,-0.09957938537468417,0,10,"[-0.04277436678548441, -0.06264698864991991, -0.03715346934381225, -0.07952286282306165, -0.13537055361699912, -0.33925522081747106, -0.05549559784152225, -0.05939436455045011, -0.021174543752924713, -0.16300588556519624]","[0.9529387748692744, 0.9337059886158355, 0.9552134359692093, 0.9109627946606078, 0.8542393625332014, 0.6567498550860867, 0.9367225220107924, 0.9273354378580615, 0.9748869131180783, 0.8300467204659912]","[0.9957131416547588, 0.9963529772657554, 0.9923669053130215, 0.9904856574836695, 0.9896099161502006, 0.9960050759035578, 0.9922181198523147, 0.9867298024085116, 0.996061456871003, 0.9930526060311874]",0.7431443662798778,5,"[null, 0.9496598639455782, 0.8282685512367491, null, 0.291156462585034, 0.9944827586206897, null, null, 0.6521541950113379, null]",43.880791902542114,35.43994402885437,0.007691621780395508,3.6707348823547363,0.0010225772857666016,1.694678783416748,,3bc506f13a5e,success,
roberta_base_dbpedia,DBpedia14,10,0.3,44,300,4.0,no_phase0,none,0,0.0,weight_avg,depth-1,0.897,0.8131600000000001,0.9713,0.9885,0.098,-0.08280374457613383,0,10,"[-0.05360063909917445, -0.051164506270418464, -0.0831123154981549, -0.09756849526236822, -0.04469100688528749, -0.1227695702225634, -0.13342012758755373, -0.04113383596451026, -0.03993910988262628, -0.16063783908868112]","[0.9415490546658044, 0.9455948993571504, 0.9112084870848709, 0.8973752903212546, 0.9516481040818913, 0.8705871066768994, 0.8618148678557479, 0.9524097138334653, 0.9539318190922565, 0.8323042778554974]","[0.9951496937649789, 0.9967594056275688, 0.9943208025830258, 0.9949437855836228, 0.9963391109671788, 0.9933566768994628, 0.9952349954433016, 0.9935435497979755, 0.9938709289748828, 0.9929421169441786]",0.868122291983206,6,"[0.9285714285714286, 0.9346768589298123, 0.9392624728850325, 0.9263537906137184, 0.9084406294706724, null, null, null, 0.5714285714285714, null]",44.46887230873108,36.040034532547,0.007640361785888672,3.6389548778533936,0.0010404586791992188,1.707024097442627,,3bc506f13a5e,success,
roberta_base_dbpedia,DBpedia14,10,0.3,42,300,4.0,raw_union_K300,raw_union,28438,0.0,weight_avg,depth-1,0.9831,0.76521,0.905,0.9888,0.9835,-0.009841989534029294,0,10,"[-0.007171754321441681, -0.009176033476572032, -0.007788161993769416, -0.02495925345946115, -0.005237194662293554, -0.011565196548418033, -0.005436603024915554, -0.00788509236293633, -0.013039615344413114, -0.006160990146072076]","[0.9866678926075764, 0.9829802405659492, 0.9809774143302181, 0.9713442629936191, 0.9913639189028342, 0.982292665388303, 0.9924505939037902, 0.9824528930514937, 0.9823481760217414, 0.9886469588109472]","[0.993839646929018, 0.9921562740425213, 0.9887655763239875, 0.9963035164530802, 0.9966011135651277, 0.993857861936721, 0.9978871969287058, 0.9903379854144301, 0.9953877913661545, 0.9948079489570193]",0.9700846104866,6,"[null, 0.9899856938483548, 0.9590643274853801, null, 0.958994708994709, 0.9590643274853801, 0.9590643274853801, null, 0.9943342776203966, null]",46.1696355342865,36.49212694168091,1.2699224948883057,3.620767831802368,0.0010683536529541016,1.7152676582336426,,3bc506f13a5e,success,
roberta_base_dbpedia,DBpedia14,10,0.3,43,300,4.0,raw_union_K300,raw_union,31638,0.0,weight_avg,depth-1,0.9848,0.83646,0.963,0.9882,0.9847,-0.008086112392426504,0,10,"[-0.008479500023554243, -0.006305600054534843, -0.00818216073639455, -0.004260153365521213, -0.010181761366595543, -0.011123121994015439, -0.008065890372053408, -0.008499941540979772, -0.0071166744657620296, -0.008646320004853991]","[0.9872336416312045, 0.9900473772112206, 0.984184744576627, 0.9862255041181482, 0.979428154783605, 0.9848819539095424, 0.9841522294802613, 0.9782298608675318, 0.988944782405241, 0.9844062860263334]","[0.9957131416547588, 0.9963529772657554, 0.9923669053130215, 0.9904856574836695, 0.9896099161502006, 0.9960050759035578, 0.9922181198523147, 0.9867298024085116, 0.996061456871003, 0.9930526060311874]",0.9828202427715735,5,"[null, 0.9605442176870749, 0.984452296819788, null, 0.9850340136054422, 0.9958620689655172, null, null, 0.9882086167800453, null]",46.616295337677,36.40701127052307,1.5316171646118164,3.896332025527954,0.0012080669403076172,1.7074520587921143,,3bc506f13a5e,success,
roberta_base_dbpedia,DBpedia14,10,0.3,44,300,4.0,raw_union_K300,raw_union,31060,0.0,weight_avg,depth-1,0.9836,0.8131600000000001,0.9713,0.9885,0.9829,-0.010258467328623733,0,10,"[-0.011013048274812642, -0.004847718410791457, -0.011243081180811743, -0.009351941298583855, -0.007772349023528302, -0.01208749040675372, -0.0077854446035672265, -0.0062273503561460775, -0.017646116252053035, -0.014610133479189269]","[0.9841366454901662, 0.9919116872167774, 0.983077721402214, 0.985591844285039, 0.9885667619436505, 0.9812691864927091, 0.9874495508397344, 0.9873161994418295, 0.9762248127228298, 0.9783319834649893]","[0.9951496937649789, 0.9967594056275688, 0.9943208025830258, 0.9949437855836228, 0.9963391109671788, 0.9933566768994628, 0.9952349954433016, 0.9935435497979755, 0.9938709289748828, 0.9929421169441786]",0.9786500745664082,6,"[0.9537037037037037, 0.9756775538568451, 0.9840925524222705, 0.9848375451263538, 0.9885550786838341, null, null, null, 0.9850340136054422, null]",44.97073984146118,35.22273635864258,1.3293635845184326,3.6036179065704346,0.0011017322540283203,1.7197597026824951,,3bc506f13a5e,success,
roberta_base_dbpedia,DBpedia14,10,1.0,42,300,4.0,no_phase0,none,0,0.0,weight_avg,depth-1,0.9605,0.9694099999999999,0.9806,0.9888,0.0968,-0.029613097750585515,0,10,"[-0.025379132713102548, -0.029198053463102447, -0.044108919117821555, -0.02283145470248238, -0.020794537554314152, -0.03797616265482595, -0.028736330498177365, -0.021602499640856254, -0.02971044014908042, -0.03579344701209208]","[0.9670271110420321, 0.9596293580427971, 0.9476295610474088, 0.9674911973780367, 0.9717123348408264, 0.9511178624289164, 0.9615735115431349, 0.9714660249964086, 0.96464623602372, 0.9514780433208243]","[0.9924062437551346, 0.9888274115058996, 0.9917384801652304, 0.9903226520805191, 0.9925068723951406, 0.9890940250837423, 0.9903098420413122, 0.9930685246372648, 0.9943566761728004, 0.9872714903329164]",,0,"[null, null, null, null, null, null, null, null, null, null]",43.97773289680481,35.577253341674805,0.007547616958618164,3.5983448028564453,0.0010764598846435547,1.6808412075042725,,3bc506f13a5e,success,
roberta_base_dbpedia,DBpedia14,10,1.0,43,300,4.0,no_phase0,none,0,0.0,weight_avg,depth-1,0.9614,0.9638899999999999,0.9801,0.9882,0.0959,-0.02727638248567913,0,10,"[-0.0206343209743286, -0.02620907179333143, -0.023064692642837947, -0.024356650960492998, -0.021663072130361893, -0.03830313014827014, -0.023232477476494928, -0.036180671868404235, -0.02561651691837119, -0.03350321994389793]","[0.9701369025131775, 0.9611316139552847, 0.9711329988230193, 0.9684426724658692, 0.968895279175653, 0.9528555738605162, 0.9667764664819702, 0.9545869248471479, 0.9647158423682989, 0.954565208802497]","[0.9907712234875061, 0.9873406857486161, 0.9941976914658572, 0.9927993234263622, 0.9905583513060149, 0.9911587040087864, 0.9900089439584652, 0.9907675967155521, 0.9903323592866701, 0.9880684287463949]",,0,"[null, null, null, null, null, null, null, null, null, null]",44.31567358970642,35.702394247055054,0.007917404174804688,3.6292147636413574,0.0010156631469726562,1.6856074333190918,,3bc506f13a5e,success,
roberta_base_dbpedia,DBpedia14,10,1.0,44,300,4.0,no_phase0,none,0,0.0,weight_avg,depth-1,0.963,0.9712400000000001,0.9823,0.9885,0.098,-0.028594927411651427,0,10,"[-0.05938151670820402, -0.026593871081366682, -0.02129223048660267, -0.02302515054906118, -0.02893518518518512, -0.02863101693501302, -0.0230773685429696, -0.019254256771319755, -0.029795696366046842, -0.025962981490745385]","[0.9326967092213011, 0.9632059410590583, 0.9706425306927144, 0.9680817346234876, 0.9608944050433412, 0.9603403687327938, 0.9679175353254575, 0.9742797614771176, 0.9586633579222898, 0.9669334667333667]","[0.9920782259295051, 0.989799812140425, 0.9919347611793171, 0.9911068851725487, 0.9898295902285263, 0.9889713856678068, 0.9909949038684271, 0.9935340182484373, 0.9884590542883367, 0.992896448224112]",,0,"[null, null, null, null, null, null, null, null, null, null]",44.512609243392944,35.90858864784241,0.007604122161865234,3.6222705841064453,0.0010712146759033203,1.6965901851654053,,3bc506f13a5e,success,
roberta_base_dbpedia,DBpedia14,10,1.0,42,300,4.0,raw_union_K300,raw_union,40343,0.0,weight_avg,depth-1,0.9849,0.9694099999999999,0.9806,0.9888,0.9848,-0.00650869573029802,0,10,"[-0.00541776761329571, -0.007412839144056993, -0.008760059824798772, -0.004118962730030762, -0.003990422984836428, -0.008744254888213732, -0.007290400972053468, -0.005010056026433007, -0.00712205573913971, -0.007220137380121616]","[0.9869884761418389, 0.9814145723618426, 0.9829784203404316, 0.9862036893504883, 0.9885164494103041, 0.9803497701955286, 0.9830194410692588, 0.9880584686108318, 0.9872346204336607, 0.9800513529527948]","[0.9924062437551346, 0.9888274115058996, 0.9917384801652304, 0.9903226520805191, 0.9925068723951406, 0.9890940250837423, 0.9903098420413122, 0.9930685246372648, 0.9943566761728004, 0.9872714903329164]",,0,"[null, null, null, null, null, null, null, null, null, null]",45.53342866897583,35.062918186187744,1.8422138690948486,3.840960741043091,0.0011107921600341797,1.7005553245544434,,3bc506f13a5e,success,
roberta_base_dbpedia,DBpedia14,10,1.0,43,300,4.0,raw_union_K300,raw_union,40185,0.0,weight_avg,depth-1,0.9858,0.9638899999999999,0.9801,0.9882,0.9846,-0.005668792258930777,0,10,"[-0.0054329249644701205, -0.008282195425481698, -0.005884903673418873, -0.005968346019089021, -0.004529115744069001, -0.005615046677649671, -0.004144761239938122, -0.005868976129199233, -0.0042056968074937195, -0.006755955908498312]","[0.985338298523036, 0.9790584903231344, 0.9883127877924384, 0.9868309774072732, 0.9860292355619459, 0.9855436573311367, 0.985864182718527, 0.9848986205863529, 0.9861266624791764, 0.9813124728378966]","[0.9907712234875061, 0.9873406857486161, 0.9941976914658572, 0.9927993234263622, 0.9905583513060149, 0.9911587040087864, 0.9900089439584652, 0.9907675967155521, 0.9903323592866701, 0.9880684287463949]",,0,"[null, null, null, null, null, null, null, null, null, null]",47.475440979003906,36.94732737541199,1.838529348373413,3.900216817855835,0.0012423992156982422,1.6918368339538574,,3bc506f13a5e,success,
roberta_base_dbpedia,DBpedia14,10,1.0,44,300,4.0,raw_union_K300,raw_union,40584,0.0,weight_avg,depth-1,0.9863,0.9712400000000001,0.9823,0.9885,0.9865,-0.006089657835106854,0,10,"[-0.010681043690554892, -0.005312903604555608, -0.007437942467963032, -0.0042880847176388626, -0.0040632387706854844, -0.004938683573871727, -0.005675237433402813, -0.0057188016380487205, -0.007002753509875226, -0.005777888944472176]","[0.9813971822389502, 0.9844869085358694, 0.9844968187113541, 0.9868188004549099, 0.9857663514578409, 0.9840327020939351, 0.9853196664350243, 0.9878152166103886, 0.9814563007784615, 0.9871185592796399]","[0.9920782259295051, 0.989799812140425, 0.9919347611793171, 0.9911068851725487, 0.9898295902285263, 0.9889713856678068, 0.9909949038684271, 0.9935340182484373, 0.9884590542883367, 0.992896448224112]",,0,"[null, null, null, null, null, null, null, null, null, null]",45.60781693458557,35.38958978652954,1.796034336090088,3.6308741569519043,0.0012590885162353516,1.6855769157409668,,3bc506f13a5e,success,
roberta_base_trec,TREC,10,0.05,42,300,4.0,no_phase0,none,0,0.0,weight_avg,depth-1,0.812,0.3276,0.604,0.934,0.186,-0.22057328560708694,0,10,"[-0.12866520787746172, -0.1393034825870647, -0.08878504672897203, 0.0, -0.16216216216216217, -0.29234338747099764, -0.7999999999999999, -0.08256880733944949, -0.33333333333333337, -0.1785714285714286]","[0.7851203501094092, 0.8470149253731343, 0.822429906542056, 1.0, 0.6351351351351351, 0.697215777262181, 0.14, 0.8756371049949032, 0.6666666666666666, 0.75]","[0.9137855579868709, 0.986318407960199, 0.9112149532710281, 1.0, 0.7972972972972973, 0.9895591647331786, 0.94, 0.9582059123343527, 1.0, 0.9285714285714286]",0.788924414069724,9,"[0.7112299465240641, 0.7977011494252874, 0.7430939226519337, 0.7899761336515513, 0.8497536945812808, 0.7831325301204819, 0.8073170731707318, 0.768361581920904, 0.8497536945812808, null]",10.386901378631592,0.38243675231933594,0.0024993419647216797,3.247227907180786,0.001065969467163086,0.029321908950805664,,3bc506f13a5e,success,
roberta_base_trec,TREC,10,0.05,43,300,4.0,no_phase0,none,0,0.0,weight_avg,depth-1,0.866,0.3216,0.526,0.926,0.118,-0.2373369915633888,0,10,"[-0.13446808510638297, -0.11885546588407925, -0.2697435897435897, -0.13669064748201443, -0.16099071207430338, -0.17791411042944794, -0.1302605210420842, -1.0, -0.04347826086956519, -0.2009685230024213]","[0.8238297872340425, 0.8077769625825385, 0.6871794871794872, 0.8201438848920863, 0.7894736842105263, 0.7177914110429447, 0.8537074148296593, 0.0, 0.8695652173913043, 0.7263922518159807]","[0.9582978723404255, 0.9266324284666178, 0.9569230769230769, 0.9568345323741008, 0.9504643962848297, 0.8957055214723927, 0.9839679358717435, 1.0, 0.9130434782608695, 0.927360774818402]",0.8567977078382755,9,"[0.7916666666666666, 0.7666666666666667, 0.92, 0.865979381443299, 0.9032258064516129, 0.865979381443299, 0.8527131782945736, 0.8782816229116945, 0.8666666666666667, null]",3.780825614929199,0.4082026481628418,0.0025091171264648438,3.3160815238952637,0.0010356903076171875,0.028444766998291016,,3bc506f13a5e,success,
roberta_base_trec,TREC,10,0.05,44,300,4.0,no_phase0,none,0,0.0,weight_avg,depth-1,0.83,0.3572,0.618,0.926,0.284,-0.14557213240864542,1,10,"[-0.19999999999999996, -0.06409495548961419, -0.11290322580645162, 0.008196721311475419, -0.032258064516129115, -0.4514285714285715, -0.22004357298474952, -0.1831896551724138, 0.0, -0.19999999999999996]","[0.8, 0.9080118694362018, 0.7943548387096774, 0.8565573770491803, 0.9354838709677419, 0.5248979591836734, 0.7549019607843137, 0.7618534482758621, 1.0, 0.8]","[1.0, 0.972106824925816, 0.907258064516129, 0.8483606557377049, 0.967741935483871, 0.976326530612245, 0.9749455337690632, 0.9450431034482759, 1.0, 1.0]",0.8018241177371838,10,"[0.8121951219512196, 0.7966101694915254, 0.7259786476868327, 0.9111111111111111, 0.7966101694915254, 0.8916256157635468, 0.7023809523809523, 0.7705382436260623, 0.8501291989664083, 0.7610619469026548]",3.7462403774261475,0.37993788719177246,0.0024940967559814453,3.3107171058654785,0.0011434555053710938,0.030211210250854492,,3bc506f13a5e,success,
roberta_base_trec,TREC,10,0.05,42,300,4.0,raw_union_K300,raw_union,2443,0.0,weight_avg,depth-1,0.902,0.3276,0.604,0.934,0.884,-0.02147534966299165,3,10,"[-0.06914660831509845, -0.07213930348258701, 0.009345794392523366, 0.0, 0.12162162162162171, -0.05568445475638051, -0.15999999999999992, -0.024464831804281384, 0.0, 0.0357142857142857]","[0.8446389496717724, 0.914179104477612, 0.9205607476635514, 1.0, 0.918918918918919, 0.9338747099767981, 0.78, 0.9337410805300713, 1.0, 0.9642857142857143]","[0.9137855579868709, 0.986318407960199, 0.9112149532710281, 1.0, 0.7972972972972973, 0.9895591647331786, 0.94, 0.9582059123343527, 1.0, 0.9285714285714286]",0.9033259350021683,9,"[0.9358288770053476, 0.9011494252873563, 0.8701657458563536, 0.8997613365155132, 0.9482758620689655, 0.8232931726907631, 0.9048780487804878, 0.8983050847457628, 0.9482758620689655, null]",3.9503848552703857,0.3747520446777344,0.11085081100463867,3.414907932281494,0.0011067390441894531,0.028165817260742188,,3bc506f13a5e,success,
roberta_base_trec,TREC,10,0.05,43,300,4.0,raw_union_K300,raw_union,3158,0.0,weight_avg,depth-1,0.934,0.3216,0.526,0.926,0.932,-0.013658293799332177,2,10,"[-0.04765957446808511, -0.04108584005869409, -0.05641025641025632, -0.031175059952038398, -0.034055727554179516, 0.006134969325153339, -0.012024048096192397, 0.0, 0.08695652173913049, -0.007263922518159771]","[0.9106382978723404, 0.8855465884079237, 0.9005128205128206, 0.9256594724220624, 0.9164086687306502, 0.901840490797546, 0.9719438877755511, 1.0, 1.0, 0.9200968523002422]","[0.9582978723404255, 0.9266324284666178, 0.9569230769230769, 0.9568345323741008, 0.9504643962848297, 0.8957055214723927, 0.9839679358717435, 1.0, 0.9130434782608695, 0.927360774818402]",0.9307789427763488,9,"[0.8791666666666667, 0.8888888888888888, 0.9753846153846154, 0.9381443298969072, 0.9589442815249267, 0.9381443298969072, 0.9198966408268734, 0.9451073985680191, 0.9333333333333333, null]",3.8857269287109375,0.4030008316040039,0.1432664394378662,3.290174961090088,0.0010528564453125,0.028293848037719727,,3bc506f13a5e,success,
roberta_base_trec,TREC,10,0.05,44,300,4.0,raw_union_K300,raw_union,2273,0.0,weight_avg,depth-1,0.896,0.3572,0.618,0.926,0.862,-0.019798990316243725,3,10,"[0.0, -0.03620178041543021, 0.028225806451612878, 0.12295081967213117, 0.021505376344086002, -0.2522448979591837, -0.030501089324618813, -0.051724137931034586, 0.0, 0.0]","[1.0, 0.9359050445103858, 0.9354838709677419, 0.9713114754098361, 0.989247311827957, 0.7240816326530612, 0.9444444444444444, 0.8933189655172413, 1.0, 1.0]","[1.0, 0.972106824925816, 0.907258064516129, 0.8483606557377049, 0.967741935483871, 0.976326530612245, 0.9749455337690632, 0.9450431034482759, 1.0, 1.0]",0.8841995799985556,10,"[0.8878048780487805, 0.884180790960452, 0.8398576512455516, 0.9333333333333333, 0.884180790960452, 0.9605911330049262, 0.7559523809523809, 0.8555240793201133, 0.875968992248062, 0.9646017699115044]",3.9305014610290527,0.3802988529205322,0.10139703750610352,3.3969483375549316,0.0010440349578857422,0.02981710433959961,,3bc506f13a5e,success,
roberta_base_trec,TREC,10,0.1,42,300,4.0,no_phase0,none,0,0.0,weight_avg,depth-1,0.848,0.36019999999999996,0.548,0.934,0.186,-0.2187411720048839,0,10,"[-0.4130434782608696, -0.17543859649122806, -0.07246376811594202, -0.32450331125827814, -0.28924731182795693, -0.07816091954022997, -0.38888888888888895, 0.0, -0.017094017094017144, -0.4285714285714286]","[0.5434782608695652, 0.7830940988835726, 0.904927536231884, 0.6395458845789972, 0.6709677419354839, 0.825287356321839, 0.4691358024691358, 1.0, 0.8660968660968661, 0.5714285714285714]","[0.9565217391304348, 0.9585326953748007, 0.9773913043478261, 0.9640491958372753, 0.9602150537634409, 0.903448275862069, 0.8580246913580247, 1.0, 0.8831908831908832, 1.0]",0.8620639352023625,9,"[0.8051470588235294, 0.8051470588235294, 0.8518518518518519, null, 0.893048128342246, 0.8620689655172413, 0.8904109589041096, 0.8137254901960784, 0.8991228070175439, 0.9380530973451328]",3.734560966491699,0.3837168216705322,0.0025200843811035156,3.2937474250793457,0.0011374950408935547,0.028877973556518555,,3bc506f13a5e,success,
roberta_base_trec,TREC,10,0.1,43,300,4.0,no_phase0,none,0,0.0,weight_avg,depth-1,0.884,0.5074,0.76,0.926,0.118,-0.10494079916438208,1,10,"[-0.07624633431085048, -0.023696682464455, -0.19999999999999996, -0.1331269349845201, -0.07387580299785867, -0.12612612612612606, -0.02395209580838331, -0.33333333333333337, -0.08509234828496048, 0.02604166666666674]","[0.782991202346041, 0.8720379146919431, 0.8, 0.8204334365325078, 0.8940042826552462, 0.7792792792792793, 0.8982035928143712, 0.6666666666666666, 0.8232189973614775, 0.8020833333333334]","[0.8592375366568915, 0.8957345971563981, 1.0, 0.9535603715170279, 0.9678800856531049, 0.9054054054054054, 0.9221556886227545, 1.0, 0.908311345646438, 0.7760416666666666]",0.8810179896381007,8,"[0.9269662921348315, 0.8381742738589212, 0.8585858585858586, 0.8115942028985508, 0.8491379310344828, null, 0.8903225806451613, 0.914179104477612, 0.9591836734693877, null]",3.753150701522827,0.39002203941345215,0.002628326416015625,3.3105721473693848,0.0011415481567382812,0.028419017791748047,,3bc506f13a5e,success,
roberta_base_trec,TREC,10,0.1,44,300,4.0,no_phase0,none,0,0.0,weight_avg,depth-1,0.89,0.40919999999999995,0.546,0.926,0.284,-0.14174921956904848,0,10,"[-0.2547169811320755, 0.0, -0.08695652173913049, -0.07867494824016563, -0.14084507042253513, -0.1561712846347607, -0.16824644549763035, -0.2761506276150628, -0.07361111111111107, -0.18211920529801318]","[0.6572327044025157, 1.0, 0.8695652173913043, 0.8747412008281573, 0.7323943661971831, 0.8085642317380353, 0.7606635071090048, 0.6610878661087866, 0.8340277777777778, 0.7607615894039735]","[0.9119496855345912, 1.0, 0.9565217391304348, 0.953416149068323, 0.8732394366197183, 0.964735516372796, 0.9289099526066351, 0.9372384937238494, 0.9076388888888889, 0.9428807947019867]",0.8678984740912838,9,"[0.8823529411764706, 0.8907849829351536, 0.8260869565217391, 0.8907849829351536, 0.8260869565217391, 0.8942528735632184, 0.8285714285714286, 0.8680555555555556, 0.9041095890410958, null]",3.807690143585205,0.38501739501953125,0.002589702606201172,3.364508628845215,0.001287698745727539,0.02838873863220215,,3bc506f13a5e,success,
roberta_base_trec,TREC,10,0.1,42,300,4.0,raw_union_K300,raw_union,2667,0.0,weight_avg,depth-1,0.908,0.36019999999999996,0.548,0.934,0.892,-0.027282128691618966,4,10,"[0.04347826086956519, -0.06858054226475285, -0.0371014492753623, -0.185430463576159, -0.05483870967741933, 0.03908045977011487, 0.0679012345679012, 0.0, 0.06552706552706544, -0.1428571428571429]","[1.0, 0.8899521531100478, 0.9402898550724638, 0.7786187322611163, 0.9053763440860215, 0.9425287356321839, 0.9259259259259259, 1.0, 0.9487179487179487, 0.8571428571428571]","[0.9565217391304348, 0.9585326953748007, 0.9773913043478261, 0.9640491958372753, 0.9602150537634409, 0.903448275862069, 0.8580246913580247, 1.0, 0.8831908831908832, 1.0]",0.9192417796378385,9,"[0.8786764705882353, 0.8786764705882353, 0.8765432098765432, null, 0.9732620320855615, 0.9408866995073891, 0.910958904109589, 0.8888888888888888, 0.9429824561403509, 0.9823008849557522]",3.9324817657470703,0.41144251823425293,0.11853528022766113,3.3462753295898438,0.0010385513305664062,0.029035568237304688,,3bc506f13a5e,success,
roberta_base_trec,TREC,10,0.1,43,300,4.0,raw_union_K300,raw_union,3475,0.0,weight_avg,depth-1,0.934,0.5074,0.76,0.926,0.92,-0.017613889013555418,4,10,"[0.07624633431085037, 0.07582938388625593, -0.09999999999999998, -0.04334365325077405, -0.021413276231263323, -0.03228228228228225, 0.053892215568862256, -0.33333333333333337, -0.01319261213720313, 0.16145833333333337]","[0.9354838709677419, 0.9715639810426541, 0.9, 0.9102167182662538, 0.9464668094218416, 0.8731231231231231, 0.9760479041916168, 0.6666666666666666, 0.8951187335092349, 0.9375]","[0.8592375366568915, 0.8957345971563981, 1.0, 0.9535603715170279, 0.9678800856531049, 0.9054054054054054, 0.9221556886227545, 1.0, 0.908311345646438, 0.7760416666666666]",0.9349430668991577,8,"[0.949438202247191, 0.9253112033195021, 0.9191919191919192, 0.9033816425120773, 0.9224137931034483, null, 0.9225806451612903, 0.9440298507462687, 0.9931972789115646, null]",3.90744948387146,0.3826272487640381,0.15453577041625977,3.32049560546875,0.0012776851654052734,0.02774357795715332,,3bc506f13a5e,success,
roberta_base_trec,TREC,10,0.1,44,300,4.0,raw_union_K300,raw_union,3428,0.0,weight_avg,depth-1,0.922,0.40919999999999995,0.546,0.926,0.916,-0.011074817774379886,2,10,"[0.0062893081761006275, 0.0, 0.0, -0.0020703933747411307, 0.05633802816901412, -0.05037783375314864, -0.004739336492891044, -0.04184100418410042, -0.018055555555555602, -0.056291390728476776]","[0.9182389937106918, 1.0, 0.9565217391304348, 0.9513457556935818, 0.9295774647887324, 0.9143576826196473, 0.9241706161137441, 0.895397489539749, 0.8895833333333333, 0.8865894039735099]","[0.9119496855345912, 1.0, 0.9565217391304348, 0.953416149068323, 0.8732394366197183, 0.964735516372796, 0.9289099526066351, 0.9372384937238494, 0.9076388888888889, 0.9428807947019867]",0.9056265186515624,9,"[0.8970588235294118, 0.9351535836177475, 0.8695652173913043, 0.9351535836177475, 0.8695652173913043, 0.9287356321839081, 0.8628571428571429, 0.9027777777777778, 0.9497716894977168, null]",4.159007787704468,0.38719701766967773,0.15015792846679688,3.5662474632263184,0.0012526512145996094,0.02798008918762207,,3bc506f13a5e,success,
roberta_base_trec,TREC,10,0.3,42,300,4.0,no_phase0,none,0,0.0,weight_avg,depth-1,0.872,0.5508000000000001,0.752,0.934,0.186,-0.05938012783803266,1,10,"[-0.10360360360360354, -0.07718894009216593, -0.07897071872227157, -0.14693877551020407, -0.040983606557377095, -0.03857566765578635, -0.09420289855072461, -0.014285714285714346, -0.10074626865671643, 0.10169491525423735]","[0.7927927927927928, 0.8548387096774194, 0.8411712511091393, 0.7681632653061224, 0.7978142076502732, 0.8382789317507419, 0.7801932367149759, 0.8142857142857143, 0.7873134328358209, 0.864406779661017]","[0.8963963963963963, 0.9320276497695853, 0.9201419698314108, 0.9151020408163265, 0.8387978142076503, 0.8768545994065282, 0.8743961352657005, 0.8285714285714286, 0.8880597014925373, 0.7627118644067796]",0.7523671789629236,6,"[0.7777777777777778, 0.6170212765957447, null, null, 0.8783783783783784, 0.6666666666666666, null, 0.6666666666666666, 0.9076923076923077, null]",3.783482074737549,0.3845362663269043,0.0025568008422851562,3.341046094894409,0.0012729167938232422,0.02731919288635254,,3bc506f13a5e,success,
roberta_base_trec,TREC,10,0.3,43,300,4.0,no_phase0,none,0,0.0,weight_avg,depth-1,0.872,0.5481999999999999,0.75,0.926,0.118,-0.07834380860110986,0,10,"[-0.033678756476683946, -0.04864864864864871, -0.09296148738379806, -0.047368421052631615, -0.023622047244094557, -0.16502946954813358, -0.06315789473684208, -0.05895439377085654, -0.172539489671932, -0.07747747747747746]","[0.8406735751295337, 0.8378378378378378, 0.8286852589641435, 0.8578947368421053, 0.884514435695538, 0.6974459724950884, 0.6842105263157895, 0.8509454949944383, 0.7436208991494532, 0.8288288288288288]","[0.8743523316062176, 0.8864864864864865, 0.9216467463479415, 0.9052631578947369, 0.9081364829396326, 0.862475442043222, 0.7473684210526316, 0.9098998887652948, 0.9161603888213852, 0.9063063063063063]",0.8915696061154307,6,"[null, null, null, 0.8275862068965517, 0.9469026548672567, 0.8615384615384616, 0.9259259259259259, 0.9259259259259259, 0.8615384615384616, null]",3.9311585426330566,0.38663244247436523,0.002573251724243164,3.4880142211914062,0.0012793540954589844,0.026851415634155273,,3bc506f13a5e,success,
roberta_base_trec,TREC,10,0.3,44,300,4.0,no_phase0,none,0,0.0,weight_avg,depth-1,0.898,0.5242,0.82,0.926,0.284,-0.07106545965183837,0,10,"[-0.1685144124168514, -0.05681818181818177, -0.049645390070921946, 0.0, -0.07239819004524883, -0.07360861759425485, -0.053254437869822424, -0.09160305343511455, -0.10565568676196391, -0.03915662650602403]","[0.7006651884700665, 0.8522727272727273, 0.806146572104019, 0.8909090909090909, 0.861236802413273, 0.77737881508079, 0.8520710059171598, 0.8636859323882224, 0.8060907395898074, 0.8524096385542169]","[0.8691796008869179, 0.9090909090909091, 0.8557919621749409, 0.8909090909090909, 0.9336349924585219, 0.8509874326750448, 0.9053254437869822, 0.955288985823337, 0.9117464263517713, 0.891566265060241]",0.8001083914202165,8,"[0.8641975308641975, 0.7021276595744681, 0.6666666666666666, 0.9840637450199203, null, 0.9508196721311475, 0.7021276595744681, 0.8641975308641975, 0.6666666666666666, null]",3.8979685306549072,0.397691011428833,0.002561807632446289,3.442777156829834,0.001129150390625,0.028530359268188477,,3bc506f13a5e,success,
roberta_base_trec,TREC,10,0.3,42,300,4.0,raw_union_K300,raw_union,4220,0.0,weight_avg,depth-1,0.92,0.5508000000000001,0.752,0.934,0.918,0.056251700724678055,8,10,"[0.03153153153153154, 0.0023041474654377225, -0.007098491570541321, -0.026122448979591817, 0.08743169398907102, 0.047477744807121636, 0.06763285024154586, 0.09999999999999998, 0.05597014925373134, 0.2033898305084746]","[0.9279279279279279, 0.934331797235023, 0.9130434782608695, 0.8889795918367347, 0.9262295081967213, 0.9243323442136498, 0.9420289855072463, 0.9285714285714286, 0.9440298507462687, 0.9661016949152542]","[0.8963963963963963, 0.9320276497695853, 0.9201419698314108, 0.9151020408163265, 0.8387978142076503, 0.8768545994065282, 0.8743961352657005, 0.8285714285714286, 0.8880597014925373, 0.7627118644067796]",0.8805363251246693,6,"[0.8792270531400966, 0.7553191489361702, null, null, 0.9324324324324325, 0.8888888888888888, null, 0.8888888888888888, 0.9384615384615385, null]",4.290712356567383,0.4192681312561035,0.20322918891906738,3.61580753326416,0.001085042953491211,0.02685689926147461,,3bc506f13a5e,success,
roberta_base_trec,TREC,10,0.3,43,300,4.0,raw_union_K300,raw_union,4400,0.0,weight_avg,depth-1,0.926,0.5481999999999999,0.75,0.926,0.926,0.038677591171171734,8,10,"[0.03626943005181349, 0.05945945945945941, -0.006640106241699861, 0.047368421052631504, 0.044619422572178435, 0.03143418467583492, 0.1473684210526316, 0.020022246941045596, -0.02916160388821387, 0.03603603603603611]","[0.9106217616580311, 0.9459459459459459, 0.9150066401062417, 0.9526315789473684, 0.952755905511811, 0.8939096267190569, 0.8947368421052632, 0.9299221357063404, 0.8869987849331713, 0.9423423423423424]","[0.8743523316062176, 0.8864864864864865, 0.9216467463479415, 0.9052631578947369, 0.9081364829396326, 0.862475442043222, 0.7473684210526316, 0.9098998887652948, 0.9161603888213852, 0.9063063063063063]",0.9101716612846372,6,"[null, null, null, 0.9224137931034483, 0.9823008849557522, 0.8769230769230769, 0.9012345679012346, 0.9012345679012346, 0.8769230769230769, null]",4.037911891937256,0.4175288677215576,0.20285367965698242,3.3697733879089355,0.001117706298828125,0.026195287704467773,,3bc506f13a5e,success,
roberta_base_trec,TREC,10,0.3,44,300,4.0,raw_union_K300,raw_union,4262,0.0,weight_avg,depth-1,0.94,0.5242,0.82,0.926,0.938,0.03209326403475273,7,10,"[-0.006651884700665134, 0.045454545454545525, 0.08983451536643028, 0.09090909090909094, -0.015082956259426905, 0.05745062836624781, 0.01775147928994092, -0.029443838604144013, 0.007458048477315127, 0.06325301204819278]","[0.8625277161862528, 0.9545454545454546, 0.9456264775413712, 0.9818181818181818, 0.918552036199095, 0.9084380610412927, 0.9230769230769231, 0.925845147219193, 0.9192044748290864, 0.9548192771084337]","[0.8691796008869179, 0.9090909090909091, 0.8557919621749409, 0.8909090909090909, 0.9336349924585219, 0.8509874326750448, 0.9053254437869822, 0.955288985823337, 0.9117464263517713, 0.891566265060241]",0.9037795838310904,8,"[0.8888888888888888, 0.8617021276595744, 0.8888888888888888, 0.9840637450199203, null, 0.9672131147540983, 0.8617021276595744, 0.8888888888888888, 0.8888888888888888, null]",4.236814260482788,0.42255091667175293,0.20140528678894043,3.5601675510406494,0.0010688304901123047,0.027318716049194336,,3bc506f13a5e,success,
roberta_base_trec,TREC,10,1.0,42,300,4.0,no_phase0,none,0,0.0,weight_avg,depth-1,0.862,0.6544,0.772,0.934,0.186,-0.04792280629955096,5,10,"[-0.033395176252319136, -0.23798358733880431, 0.00809716599190291, -0.050086355785837755, 0.04594594594594592, -0.07883817427385897, 0.02483069977426633, 0.03114186851211076, -0.1959334565619223, 0.006993006993006978]","[0.8849721706864564, 0.6518171160609613, 0.8502024291497976, 0.8290155440414507, 0.8594594594594595, 0.8547717842323651, 0.837471783295711, 0.8581314878892734, 0.6691312384473198, 0.7832167832167832]","[0.9183673469387755, 0.8898007033997656, 0.8421052631578947, 0.8791018998272885, 0.8135135135135135, 0.9336099585062241, 0.8126410835214447, 0.8269896193771626, 0.8650646950092421, 0.7762237762237763]",0.7032069071847055,3,"[0.4574468085106383, null, null, 0.9855072463768116, null, null, null, null, 0.6666666666666666, null]",3.8675272464752197,0.40901613235473633,0.002507448196411133,3.408710241317749,0.0011551380157470703,0.02547740936279297,,3bc506f13a5e,success,
roberta_base_trec,TREC,10,1.0,43,300,4.0,no_phase0,none,0,0.0,weight_avg,depth-1,0.882,0.6254000000000001,0.784,0.926,0.118,-0.017774540610079492,3,10,"[-0.009009009009009028, -0.0825335892514395, -0.009302325581395321, 0.013377926421404673, -0.025974025974025983, 0.002702702702702675, 0.03696498054474706, -0.04210526315789476, -0.05252100840336138, -0.009345794392523366]","[0.8674388674388674, 0.7715930902111324, 0.8806201550387597, 0.8193979933110368, 0.8542568542568543, 0.7837837837837838, 0.8073929961089494, 0.8578947368421053, 0.7794117647058824, 0.6635514018691588]","[0.8764478764478765, 0.8541266794625719, 0.889922480620155, 0.8060200668896321, 0.8802308802308803, 0.7810810810810811, 0.7704280155642024, 0.9, 0.8319327731092437, 0.6728971962616822]",,0,"[null, null, null, null, null, null, null, null, null, null]",3.7451276779174805,0.38451147079467773,0.0025920867919921875,3.3129305839538574,0.00109100341796875,0.023047208786010742,,3bc506f13a5e,success,
roberta_base_trec,TREC,10,1.0,44,300,4.0,no_phase0,none,0,0.0,weight_avg,depth-1,0.896,0.7144000000000001,0.836,0.926,0.284,-0.01397884533028565,3,10,"[0.018789144050104345, -0.08073394495412844, -0.004587155963302725, 0.06878306878306883, 0.01520912547528519, -0.0033670033670033517, -0.04651162790697683, -0.030575539568345356, -0.05622489959839361, -0.020569620253164556]","[0.8121085594989561, 0.7724770642201835, 0.8188073394495413, 0.8201058201058201, 0.8593155893536122, 0.8569023569023569, 0.8202959830866807, 0.8579136690647482, 0.8132530120481928, 0.8496835443037974]","[0.7933194154488518, 0.8532110091743119, 0.823394495412844, 0.7513227513227513, 0.844106463878327, 0.8602693602693603, 0.8668076109936576, 0.8884892086330936, 0.8694779116465864, 0.870253164556962]",,0,"[null, null, null, null, null, null, null, null, null, null]",3.777250289916992,0.389207124710083,0.0026252269744873047,3.3374361991882324,0.0011000633239746094,0.02258753776550293,,3bc506f13a5e,success,
roberta_base_trec,TREC,10,1.0,42,300,4.0,raw_union_K300,raw_union,4671,0.0,weight_avg,depth-1,0.932,0.6544,0.772,0.934,0.934,0.07186600579275819,8,10,"[0.038961038961038974, -0.02696365767878084, 0.10931174089068829, 0.06563039723661479, 0.12702702702702706, -0.009958506224066355, 0.11963882618510158, 0.12802768166089962, 0.01663585951940849, 0.1503496503496503]","[0.9573283858998145, 0.8628370457209847, 0.951417004048583, 0.9447322970639033, 0.9405405405405406, 0.9236514522821577, 0.9322799097065463, 0.9550173010380623, 0.8817005545286506, 0.9265734265734266]","[0.9183673469387755, 0.8898007033997656, 0.8421052631578947, 0.8791018998272885, 0.8135135135135135, 0.9336099585062241, 0.8126410835214447, 0.8269896193771626, 0.8650646950092421, 0.7762237762237763]",0.8825333196286017,3,"[0.7659574468085106, null, null, 0.9927536231884058, null, null, null, null, 0.8888888888888888, null]",3.908128499984741,0.38466572761535645,0.2010641098022461,3.2718758583068848,0.0011076927185058594,0.024939775466918945,,3bc506f13a5e,success,
roberta_base_trec,TREC,10,1.0,43,300,4.0,raw_union_K300,raw_union,5274,0.0,weight_avg,depth-1,0.934,0.6254000000000001,0.784,0.926,0.936,0.0990853147683107,10,10,"[0.06563706563706562, 0.053742802303263004, 0.04806201550387601, 0.12374581939799334, 0.05483405483405479, 0.12432432432432428, 0.1575875486381323, 0.03473684210526318, 0.09453781512605042, 0.23364485981308414]","[0.9420849420849421, 0.9078694817658349, 0.937984496124031, 0.9297658862876255, 0.935064935064935, 0.9054054054054054, 0.9280155642023347, 0.9347368421052632, 0.9264705882352942, 0.9065420560747663]","[0.8764478764478765, 0.8541266794625719, 0.889922480620155, 0.8060200668896321, 0.8802308802308803, 0.7810810810810811, 0.7704280155642024, 0.9, 0.8319327731092437, 0.6728971962616822]",,0,"[null, null, null, null, null, null, null, null, null, null]",3.9603257179260254,0.3830430507659912,0.22439074516296387,3.3077380657196045,0.001100301742553711,0.023105144500732422,,3bc506f13a5e,success,
roberta_base_trec,TREC,10,1.0,44,300,4.0,raw_union_K300,raw_union,5163,0.0,weight_avg,depth-1,0.938,0.7144000000000001,0.836,0.926,0.936,0.08721453212401276,10,10,"[0.14405010438413357, 0.04220183486238538, 0.0986238532110092, 0.17195767195767198, 0.0874524714828897, 0.09090909090909083, 0.07399577167019022, 0.04136690647482011, 0.03614457831325302, 0.08544303797468356]","[0.9373695198329853, 0.8954128440366973, 0.9220183486238532, 0.9232804232804233, 0.9315589353612167, 0.9511784511784511, 0.9408033826638478, 0.9298561151079137, 0.9056224899598394, 0.9556962025316456]","[0.7933194154488518, 0.8532110091743119, 0.823394495412844, 0.7513227513227513, 0.844106463878327, 0.8602693602693603, 0.8668076109936576, 0.8884892086330936, 0.8694779116465864, 0.870253164556962]",,0,"[null, null, null, null, null, null, null, null, null, null]",4.037027359008789,0.3959207534790039,0.23483610153198242,3.3571667671203613,0.0011444091796875,0.022787809371948242,,3bc506f13a5e,success,
vit_b32_cifar100,CIFAR100,10,0.05,42,300,4.0,no_phase0,none,0,0.0,weight_avg,depth-1,0.284,0.22535000000000002,0.2929,0.8692,0.0121,-0.712419520879606,0,10,"[-0.8475, -0.5488260959900271, -0.7361702127659575, -0.7039590747330962, -0.6664365832614323, -0.7369591243372668, -0.6888282596209074, -0.7550799241397995, -0.7498559077809799, -0.690580026166594]","[0.141875, 0.4345522543112404, 0.24840425531914895, 0.25533807829181493, 0.2969801553062985, 0.2502137848469301, 0.29149913842619185, 0.22758060146301815, 0.22651296829971182, 0.2880505887483646]","[0.989375, 0.9833783503012674, 0.9845744680851064, 0.959297153024911, 0.9634167385677308, 0.987172909184197, 0.9803273980470993, 0.9826605256028177, 0.9763688760806917, 0.9786306149149586]",0.24361515043729137,10,"[0.29539473684210527, 0.17, 0.2480952380952381, 0.24223880597014924, 0.23442622950819672, 0.2684615384615385, 0.2216949152542373, 0.29619718309859155, 0.28214285714285714, 0.1775]",68.88093638420105,3.4630699157714844,0.009058952331542969,3.601271152496338,0.0012555122375488281,0.21367645263671875,,3bc506f13a5e,success,
vit_b32_cifar100,CIFAR100,10,0.05,43,300,4.0,no_phase0,none,0,0.0,weight_avg,depth-1,0.2681,0.22691,0.2739,0.8684,0.011,-0.7166297571059229,0,10,"[-0.7436859575696348, -0.7574245664053219, -0.5738289205702648, -0.578402845134174, -0.7722222222222221, -0.6607622114868491, -0.7102653834937299, -0.714598141060689, -0.8533797216699801, -0.801727601446364]","[0.2135950353586376, 0.22927061059634118, 0.4075016972165648, 0.40801810539928873, 0.1941358024691358, 0.32877079978529256, 0.2669874599008457, 0.2703663203936577, 0.13071570576540756, 0.16994777018883087]","[0.9572809929282725, 0.9866951770016631, 0.9813306177868296, 0.9864209505334627, 0.966358024691358, 0.9895330112721417, 0.9772528433945756, 0.9849644614543467, 0.9840954274353877, 0.9716753716351949]",0.2349932290397539,10,"[0.24467741935483872, 0.2297142857142857, 0.17138461538461539, 0.20238095238095238, 0.24883333333333332, 0.2032857142857143, 0.1985964912280702, 0.2564935064935065, 0.27234375, 0.32222222222222224]",7.306134223937988,3.417843818664551,0.008827924728393555,3.56325364112854,0.0011601448059082031,0.21345281600952148,,3bc506f13a5e,success,
vit_b32_cifar100,CIFAR100,10,0.05,44,300,4.0,no_phase0,none,0,0.0,weight_avg,depth-1,0.2927,0.22854000000000002,0.3194,0.8672,0.0072,-0.6846499692698027,0,10,"[-0.7498450733319562, -0.6229775864628173, -0.7155917963923895, -0.6538362843212728, -0.7094402673350042, -0.6224035608308605, -0.673545966228893, -0.7599214145383104, -0.6511965192168238, -0.6877412240396986]","[0.21813674860565999, 0.3543120083123052, 0.2510501606127996, 0.33410315627405696, 0.2731829573934837, 0.34955489614243324, 0.299812382739212, 0.2286836935166994, 0.328982354363065, 0.2925932732953501]","[0.9679818219376162, 0.9772895947751224, 0.9666419570051891, 0.9879394405953298, 0.9826232247284878, 0.9719584569732937, 0.973358348968105, 0.9886051080550098, 0.9801788735798888, 0.9803344973350487]",0.2626323497103443,10,"[0.27194444444444443, 0.24048387096774193, 0.27055555555555555, 0.2836619718309859, 0.26948275862068966, 0.23714285714285716, 0.24767857142857144, 0.29768115942028983, 0.25769230769230766, 0.25]",7.847577810287476,3.666877508163452,0.009003877639770508,3.848612070083618,0.0011310577392578125,0.2131202220916748,,3bc506f13a5e,success,
vit_b32_cifar100,CIFAR100,10,0.05,42,300,4.0,raw_union_K300,raw_union,39212,0.0,weight_avg,depth-1,0.8688,0.22535000000000002,0.2929,0.8692,0.8624,-0.03674170155883255,0,10,"[-0.040000000000000036, -0.036255973405360464, -0.05026595744680851, -0.04559608540925264, -0.047627264883520315, -0.034376603386351956, -0.052986789201608264, -0.03224058520726092, -0.00691642651296831, -0.021151330135194102]","[0.949375, 0.947122376895907, 0.9343085106382979, 0.9137010676156584, 0.9157894736842105, 0.952796305797845, 0.9273406088454911, 0.9504199403955568, 0.9694524495677234, 0.9574792847797645]","[0.989375, 0.9833783503012674, 0.9845744680851064, 0.959297153024911, 0.9634167385677308, 0.987172909184197, 0.9803273980470993, 0.9826605256028177, 0.9763688760806917, 0.9786306149149586]",0.8651656013422329,10,"[0.8643421052631579, 0.8594915254237289, 0.8709523809523809, 0.875223880597015, 0.87, 0.8603076923076923, 0.8606779661016949, 0.8712676056338028, 0.8631428571428571, 0.85625]",9.581032514572144,3.7143807411193848,1.8890283107757568,3.663396120071411,0.0011446475982666016,0.21036624908447266,,3bc506f13a5e,success,
vit_b32_cifar100,CIFAR100,10,0.05,43,300,4.0,raw_union_K300,raw_union,39750,0.0,weight_avg,depth-1,0.8661,0.22691,0.2739,0.8684,0.8592,-0.03700451868259889,0,10,"[-0.031173329484774137, -0.032549299120931297, -0.037338764426340765, -0.029259618493372108, -0.05092592592592593, -0.040257648953301084, -0.059200933216681184, -0.04182613449972672, -0.02360834990059646, -0.023905182804339176]","[0.9261076634434984, 0.9541458778807318, 0.9439918533604889, 0.9571613320400906, 0.9154320987654321, 0.9492753623188406, 0.9180519101778944, 0.94313832695462, 0.9604870775347912, 0.9477701888308557]","[0.9572809929282725, 0.9866951770016631, 0.9813306177868296, 0.9864209505334627, 0.966358024691358, 0.9895330112721417, 0.9772528433945756, 0.9849644614543467, 0.9840954274353877, 0.9716753716351949]",0.8630071265840366,10,"[0.8790322580645161, 0.8631428571428571, 0.8616923076923076, 0.8658730158730159, 0.865, 0.8558571428571429, 0.8594736842105263, 0.87, 0.86, 0.85]",9.555674076080322,3.495910167694092,1.9239921569824219,3.8276569843292236,0.0011417865753173828,0.21043181419372559,,3bc506f13a5e,success,
vit_b32_cifar100,CIFAR100,10,0.05,44,300,4.0,raw_union_K300,raw_union,40363,0.0,weight_avg,depth-1,0.8677,0.22854000000000002,0.3194,0.8672,0.8632,-0.0334323918614,0,10,"[-0.03594298698615983, -0.02285883924595511, -0.014084507042253613, -0.014626635873749128, -0.04310776942355887, -0.0480712166172107, -0.03227016885553469, -0.03693516699410604, -0.050036258158085545, -0.03639036941738649]","[0.9320388349514563, 0.9544307555291673, 0.9525574499629355, 0.9733128047215807, 0.939515455304929, 0.923887240356083, 0.9410881801125703, 0.9516699410609037, 0.9301426154218032, 0.9439441279176622]","[0.9679818219376162, 0.9772895947751224, 0.9666419570051891, 0.9879394405953298, 0.9826232247284878, 0.9719584569732937, 0.973358348968105, 0.9886051080550098, 0.9801788735798888, 0.9803344973350487]",0.8695040272189198,10,"[0.8766666666666667, 0.8574193548387097, 0.8598611111111111, 0.8643661971830986, 0.8682758620689656, 0.8665079365079366, 0.85875, 0.8621739130434782, 0.8647692307692307, 0.91625]",9.483667135238647,3.722679853439331,1.907808542251587,3.5508792400360107,0.0011444091796875,0.21007823944091797,,3bc506f13a5e,success,
vit_b32_cifar100,CIFAR100,10,0.1,42,300,4.0,no_phase0,none,0,0.0,weight_avg,depth-1,0.3879,0.31751,0.3937,0.8692,0.0121,-0.5935971723787609,0,10,"[-0.7354330708661417, -0.7605985037406484, -0.580964970257766, -0.47107438016528924, -0.5589519650655022, -0.5620364802565644, -0.5487179487179488, -0.6422413793103448, -0.5797317436661699, -0.4962212817412333]","[0.24125984251968505, 0.22194513715710723, 0.4061467283542631, 0.497405343071305, 0.4152630484508214, 0.4147123672078573, 0.42654600301659124, 0.33703580901856767, 0.40642963593783266, 0.47052599758162034]","[0.9766929133858268, 0.9825436408977556, 0.9871116986120291, 0.9684797232365943, 0.9742150135163236, 0.9767488474644217, 0.97526395173454, 0.9792771883289124, 0.9861613796040025, 0.9667472793228536]",0.3579278039919416,10,"[0.36072727272727273, 0.379622641509434, 0.2691489361702128, 0.32108695652173913, 0.3178048780487805, 0.3211764705882353, 0.355625, 0.34020833333333333, 0.2938775510204082, 0.62]",7.30654239654541,3.4680628776550293,0.008953094482421875,3.5299346446990967,0.0011169910430908203,0.19927978515625,,3bc506f13a5e,success,
vit_b32_cifar100,CIFAR100,10,0.1,43,300,4.0,no_phase0,none,0,0.0,weight_avg,depth-1,0.3425,0.30186999999999997,0.3501,0.8684,0.011,-0.6274327978526134,0,10,"[-0.5994501940491591, -0.4818083961248654, -0.6191881918819188, -0.6848143982002249, -0.5855465221318881, -0.5446283674131775, -0.634912187333688, -0.8260774447604462, -0.702839756592292, -0.5950625200384739]","[0.3848641655886158, 0.4930032292787944, 0.35479704797047973, 0.2992125984251969, 0.3980126467931346, 0.4336254462836741, 0.34326769558275677, 0.14482607744476045, 0.27941176470588236, 0.37383776851554984]","[0.9843143596377749, 0.9748116254036598, 0.9739852398523985, 0.9840269966254218, 0.9835591689250226, 0.9782538136968517, 0.9781798829164449, 0.9709035222052067, 0.9822515212981744, 0.9689002885540238]",0.30410989648033127,10,"[0.2826, 0.2833333333333333, 0.29122448979591836, 0.2612, 0.23448979591836736, 0.3108, 0.3211904761904762, 0.348, 0.2882608695652174, 0.42]",7.3058695793151855,3.426257610321045,0.010007619857788086,3.575474500656128,0.0011441707611083984,0.20237183570861816,,3bc506f13a5e,success,
vit_b32_cifar100,CIFAR100,10,0.1,44,300,4.0,no_phase0,none,0,0.0,weight_avg,depth-1,0.3753,0.32554,0.4109,0.8672,0.0072,-0.6029800533390686,0,10,"[-0.6126730103806228, -0.6918844566712516, -0.7732767762460233, -0.6510667584308327, -0.6434443074393753, -0.5006242197253433, -0.5803544607990387, -0.4823894054663285, -0.566109645265318, -0.527977492966552]","[0.36916089965397925, 0.2861072902338377, 0.20254506892895016, 0.32438632713925214, 0.32881216605014385, 0.47768414481897625, 0.38825473115049564, 0.49478726401803325, 0.4204045734388742, 0.42825883088465144]","[0.9818339100346021, 0.9779917469050894, 0.9758218451749735, 0.9754530855700849, 0.9722564734895192, 0.9783083645443196, 0.9686091919495344, 0.9771766694843618, 0.9865142187041923, 0.9562363238512035]",0.32175581680780996,10,"[0.32875, 0.30788461538461537, 0.38588235294117645, 0.3211111111111111, 0.35488372093023257, 0.266304347826087, 0.24743589743589745, 0.256530612244898, 0.33877551020408164, 0.41]",7.277430534362793,3.446246862411499,0.008891820907592773,3.526533365249634,0.001135110855102539,0.20273065567016602,,3bc506f13a5e,success,
vit_b32_cifar100,CIFAR100,10,0.1,42,300,4.0,raw_union_K300,raw_union,43276,0.0,weight_avg,depth-1,0.8728,0.31751,0.3937,0.8692,0.8685,-0.0298642617172871,0,10,"[-0.05763779527559054, -0.03408146300914383, -0.030237937871777865, -0.014799154334038, -0.03264711998336456, -0.03567849268390455, -0.031070889894419307, -0.02088859416445621, -0.015754737066212443, -0.02584643288996369]","[0.9190551181102362, 0.9484621778886118, 0.9568737607402512, 0.9536805689025563, 0.941567893532959, 0.9410703547805171, 0.9441930618401206, 0.9583885941644562, 0.9704066425377901, 0.94090084643289]","[0.9766929133858268, 0.9825436408977556, 0.9871116986120291, 0.9684797232365943, 0.9742150135163236, 0.9767488474644217, 0.97526395173454, 0.9792771883289124, 0.9861613796040025, 0.9667472793228536]",0.8786099338947115,10,"[0.860909090909091, 0.88, 0.8531914893617021, 0.8817391304347826, 0.881219512195122, 0.8770588235294118, 0.8764583333333333, 0.860625, 0.8648979591836735, 0.95]",9.327173948287964,3.554443359375,1.9239897727966309,3.552412986755371,0.0011548995971679688,0.20425653457641602,,3bc506f13a5e,success,
vit_b32_cifar100,CIFAR100,10,0.1,43,300,4.0,raw_union_K300,raw_union,42808,0.0,weight_avg,depth-1,0.8681,0.30186999999999997,0.3501,0.8684,0.8653,-0.03205659280059755,0,10,"[-0.038324708926261386, -0.023035522066738423, -0.03339483394833942, -0.0299212598425197, -0.024570912375790455, -0.024667315806556345, -0.017739932588256124, -0.07350689127105658, -0.03296146044624737, -0.022443090734209692]","[0.9459896507115135, 0.9517761033369214, 0.9405904059040591, 0.9541057367829021, 0.9589882565492321, 0.9535864978902954, 0.9604399503281887, 0.8973966309341501, 0.949290060851927, 0.9464571978198141]","[0.9843143596377749, 0.9748116254036598, 0.9739852398523985, 0.9840269966254218, 0.9835591689250226, 0.9782538136968517, 0.9781798829164449, 0.9709035222052067, 0.9822515212981744, 0.9689002885540238]",0.8669615104531514,10,"[0.8612, 0.8659649122807017, 0.8616326530612245, 0.8432, 0.850204081632653, 0.8534, 0.8585714285714285, 0.8778333333333334, 0.8676086956521739, 0.93]",9.284157037734985,3.4941415786743164,1.9427883625030518,3.550109386444092,0.001177072525024414,0.2039334774017334,,3bc506f13a5e,success,
vit_b32_cifar100,CIFAR100,10,0.1,44,300,4.0,raw_union_K300,raw_union,44485,0.0,weight_avg,depth-1,0.8701,0.32554,0.4109,0.8672,0.8636,-0.025222047915950264,0,10,"[-0.01924740484429066, -0.05616689591930302, -0.03796394485683985, -0.021793989447120965, -0.02404438964241684, -0.011548064918851408, -0.027035145689396245, -0.03817976894899966, -0.014365288771621243, -0.0018755861206627422]","[0.9625865051903114, 0.9218248509857864, 0.9378579003181337, 0.953659096122964, 0.9482120838471023, 0.9667602996254682, 0.9415740462601382, 0.9389969005353621, 0.9721489299325711, 0.9543607377305408]","[0.9818339100346021, 0.9779917469050894, 0.9758218451749735, 0.9754530855700849, 0.9722564734895192, 0.9783083645443196, 0.9686091919495344, 0.9771766694843618, 0.9865142187041923, 0.9562363238512035]",0.8588276772843901,10,"[0.8614285714285714, 0.8730769230769231, 0.8858823529411765, 0.8588888888888889, 0.8683720930232558, 0.845, 0.8530769230769231, 0.8687755102040816, 0.8687755102040816, 0.805]",9.334141731262207,3.4587998390197754,1.9885532855987549,3.5833489894866943,0.001146554946899414,0.20311188697814941,,3bc506f13a5e,success,
vit_b32_cifar100,CIFAR100,10,0.3,42,300,4.0,no_phase0,none,0,0.0,weight_avg,depth-1,0.5869,0.51142,0.5724,0.8692,0.0121,-0.3774670853712655,0,10,"[-0.30981963927855716, -0.4214101663152964, -0.3236009732360098, -0.3109258602341256, -0.4267391304347826, -0.40991535671100365, -0.4285714285714286, -0.4081401005351063, -0.38803046789989115, -0.34751773049645385]","[0.655310621242485, 0.5401733427032092, 0.6528167696050907, 0.6516495211067754, 0.545, 0.5556227327690447, 0.5443349753694581, 0.5664018161180476, 0.5838955386289445, 0.6191883372734437]","[0.9651302605210421, 0.9615835090185055, 0.9764177428411005, 0.962575381340901, 0.9717391304347827, 0.9655380894800484, 0.9729064039408867, 0.9745419166531539, 0.9719260065288357, 0.9667060677698975]",0.45666640730366226,9,"[0.4380952380952381, 0.40095238095238095, 0.44941176470588234, 0.3975, 0.5144444444444445, 0.44333333333333336, 0.5041176470588236, 0.47214285714285714, 0.49, null]",7.30050253868103,3.4361190795898438,0.008998870849609375,3.574774980545044,0.001318216323852539,0.1789712905883789,,3bc506f13a5e,success,
vit_b32_cifar100,CIFAR100,10,0.3,43,300,4.0,no_phase0,none,0,0.0,weight_avg,depth-1,0.5559,0.49307000000000006,0.5462,0.8684,0.011,-0.40367321924889266,0,10,"[-0.35661393470212055, -0.3990778688524591, -0.44514338575393153, -0.4359786265584801, -0.3935139410717817, -0.43402344724370157, -0.4291298086813412, -0.37587838806826335, -0.39407518048294754, -0.37329761107390036]","[0.6173005721979131, 0.5655737704918032, 0.5256244218316374, 0.5301800910350287, 0.5756377298793751, 0.5253180344225493, 0.5453610368236989, 0.5852574214828624, 0.5825242718446602, 0.5778075463273052]","[0.9739145069000337, 0.9646516393442623, 0.9707678075855689, 0.9661587175935088, 0.9691516709511568, 0.9593414816662509, 0.9744908455050401, 0.9611358095511258, 0.9765994523276077, 0.9511051574012056]",0.4455049073041827,9,"[0.42230769230769233, 0.518, 0.4916, 0.4494444444444444, 0.395, 0.5395833333333333, 0.43, 0.351, 0.4126086956521739, null]",7.306622266769409,3.449517250061035,0.008971214294433594,3.5642473697662354,0.0013322830200195312,0.18206143379211426,,3bc506f13a5e,success,
vit_b32_cifar100,CIFAR100,10,0.3,44,300,4.0,no_phase0,none,0,0.0,weight_avg,depth-1,0.546,0.493,0.5573,0.8672,0.0072,-0.4116483552265239,0,10,"[-0.3537190082644628, -0.4726402188782489, -0.445904173106646, -0.47781690140845073, -0.4577152764399923, -0.45050958714803935, -0.3198603711188682, -0.3777654867256638, -0.38167189952904235, -0.37888062964582425]","[0.6014167650531287, 0.5118559051527588, 0.5303967027305513, 0.4924295774647887, 0.5139664804469274, 0.5095871480393851, 0.6588278522873415, 0.5958702064896755, 0.5934065934065934, 0.5837341495408832]","[0.9551357733175915, 0.9844961240310077, 0.9763008758371973, 0.9702464788732394, 0.9716817568869197, 0.9600967351874244, 0.9786882234062098, 0.9736356932153393, 0.9750784929356358, 0.9626147791867075]",0.4502026985360319,9,"[0.4768181818181818, 0.37846153846153846, 0.4211111111111111, 0.5207692307692308, 0.49714285714285716, 0.5930769230769231, 0.3258333333333333, 0.4311111111111111, 0.4075, null]",7.640981435775757,3.6457440853118896,0.008976936340332031,3.704817295074463,0.0011234283447265625,0.18135952949523926,,3bc506f13a5e,success,
vit_b32_cifar100,CIFAR100,10,0.3,42,300,4.0,raw_union_K300,raw_union,48782,0.0,weight_avg,depth-1,0.8752,0.51142,0.5724,0.8692,0.8692,-0.010961961795811237,0,10,"[-0.006212424849699416, -0.01030686343405951, -0.011042485495040277, -0.007272082298687477, -0.014782608695652177, -0.01007658202337769, -0.010098522167487634, -0.008269823252797237, -0.027421109902067475, -0.004137115839243477]","[0.9589178356713427, 0.951276645584446, 0.9653752573460602, 0.9553032990422136, 0.9569565217391305, 0.9554615074566707, 0.962807881773399, 0.9662720934003567, 0.9445048966267682, 0.9625689519306541]","[0.9651302605210421, 0.9615835090185055, 0.9764177428411005, 0.962575381340901, 0.9717391304347827, 0.9655380894800484, 0.9729064039408867, 0.9745419166531539, 0.9719260065288357, 0.9667060677698975]",0.8647601540616247,9,"[0.8609523809523809, 0.8552380952380952, 0.8647058823529412, 0.84625, 0.8811111111111111, 0.8655555555555555, 0.8841176470588236, 0.8592857142857143, 0.865625, null]",9.512461423873901,3.435589551925659,2.17502760887146,3.627347946166992,0.0011649131774902344,0.1826012134552002,,3bc506f13a5e,success,
vit_b32_cifar100,CIFAR100,10,0.3,43,300,4.0,raw_union_K300,raw_union,48587,0.0,weight_avg,depth-1,0.8738,0.49307000000000006,0.5462,0.8684,0.8647,-0.008435007881569812,2,10,"[-0.006395153147088495, 0.002561475409835978, -0.011100832562442209, -0.01800910350286955, -0.00850306505833498, -0.01995510102269893, -0.004114379757251485, -0.0053061809837946505, -0.01643017176997763, 0.0029024335789238354]","[0.9675193537529452, 0.9672131147540983, 0.9596669750231267, 0.9481496140906392, 0.9606486058928219, 0.939386380643552, 0.9703764657477886, 0.9558296285673311, 0.9601692805576301, 0.9540075909801294]","[0.9739145069000337, 0.9646516393442623, 0.9707678075855689, 0.9661587175935088, 0.9691516709511568, 0.9593414816662509, 0.9744908455050401, 0.9611358095511258, 0.9765994523276077, 0.9511051574012056]",0.8727060902597135,9,"[0.8761538461538462, 0.867, 0.8768, 0.8955555555555555, 0.8683333333333333, 0.8716666666666667, 0.8538888888888889, 0.888, 0.8569565217391304, null]",10.135394811630249,3.7392423152923584,2.3343751430511475,3.7835211753845215,0.0011458396911621094,0.18137001991271973,,3bc506f13a5e,success,
vit_b32_cifar100,CIFAR100,10,0.3,44,300,4.0,raw_union_K300,raw_union,48617,0.0,weight_avg,depth-1,0.8749,0.493,0.5573,0.8672,0.8671,-0.01217658373873438,1,10,"[0.006139315230224374, -0.01276789785681709, -0.018289541473467286, -0.011091549295774605, -0.016374494317087263, -0.01675591639315943, -0.011023332720925927, -0.02304572271386429, -0.009811616954474078, -0.008745080891998214]","[0.9612750885478158, 0.9717282261741906, 0.95801133436373, 0.9591549295774648, 0.9553072625698324, 0.943340818794265, 0.9676648906852838, 0.950589970501475, 0.9652668759811617, 0.9538696982947092]","[0.9551357733175915, 0.9844961240310077, 0.9763008758371973, 0.9702464788732394, 0.9716817568869197, 0.9600967351874244, 0.9786882234062098, 0.9736356932153393, 0.9750784929356358, 0.9626147791867075]",0.8631128439461773,9,"[0.8654545454545455, 0.8580769230769231, 0.8616666666666667, 0.8680769230769231, 0.8564285714285714, 0.8769230769230769, 0.8354166666666667, 0.8605555555555555, 0.8854166666666666, null]",9.447134017944336,3.485391855239868,2.159116268157959,3.524807929992676,0.0011525154113769531,0.1807713508605957,,3bc506f13a5e,success,
vit_b32_cifar100,CIFAR100,10,1.0,42,300,4.0,no_phase0,none,0,0.0,weight_avg,depth-1,0.7404,0.70581,0.7613,0.8692,0.0121,-0.2101185483608683,0,10,"[-0.20928817684039747, -0.19070278184480227, -0.22727272727272718, -0.1892434276540237, -0.20965023177412556, -0.2004816375677303, -0.21184886280264126, -0.20841865756541522, -0.2359706523894508, -0.21830832789736898]","[0.7503548975866964, 0.7708638360175696, 0.7335423197492164, 0.7818583182821593, 0.7498946481247366, 0.7660044150110376, 0.7408290535583272, 0.7608646188850967, 0.7198096371207614, 0.735812133072407]","[0.9596430744270938, 0.9615666178623719, 0.9608150470219435, 0.971101745936183, 0.9595448798988622, 0.9664860525787679, 0.9526779163609684, 0.9692832764505119, 0.9557802895102122, 0.954120460969776]",0.6744444444444445,6,"[0.7733333333333333, null, 0.36, 0.61, 0.7466666666666667, 0.86, null, 0.6966666666666667, null, null]",7.642452001571655,3.579334020614624,0.008738040924072266,3.79618763923645,0.0011608600616455078,0.16722702980041504,,3bc506f13a5e,success,
vit_b32_cifar100,CIFAR100,10,1.0,43,300,4.0,no_phase0,none,0,0.0,weight_avg,depth-1,0.7409,0.70217,0.7474,0.8684,0.011,-0.21441448614698055,0,10,"[-0.19803017602682316, -0.20014978468451605, -0.22338949454905854, -0.18179925031236988, -0.21202854230377166, -0.2544480171489818, -0.22182227221597306, -0.21558905196350653, -0.21755205292858526, -0.21933621933621938]","[0.7510477787091366, 0.7652125070211571, 0.7401387512388503, 0.7796751353602666, 0.7476044852191641, 0.7026795284030011, 0.7419572553430821, 0.7455374851249504, 0.7480054485308426, 0.7463924963924964]","[0.9490779547359598, 0.9653622917056731, 0.9635282457879089, 0.9614743856726364, 0.9596330275229358, 0.9571275455519829, 0.9637795275590552, 0.961126537088457, 0.9655575014594279, 0.9657287157287158]",0.68,4,"[0.74, 0.67, null, null, null, null, null, 0.55, 0.76, null]",7.724788665771484,3.666445255279541,0.008860111236572266,3.790236234664917,0.0011682510375976562,0.16758298873901367,,3bc506f13a5e,success,
vit_b32_cifar100,CIFAR100,10,1.0,44,300,4.0,no_phase0,none,0,0.0,weight_avg,depth-1,0.7438,0.6988899999999999,0.7301,0.8672,0.0072,-0.20964814807062568,0,10,"[-0.2195121951219512, -0.2230467944753659, -0.19983399045445116, -0.18021892103205628, -0.21724640699854192, -0.2512958739373834, -0.19205422707588027, -0.21528062269561654, -0.19669260700389113, -0.20129984191111894]","[0.7410881801125704, 0.7367553081838796, 0.764266445320606, 0.7847928068803753, 0.7396375755051031, 0.7115902964959568, 0.7674637544718509, 0.7441622285948382, 0.7640077821011673, 0.7581240119444932]","[0.9606003752345216, 0.9598021026592455, 0.9641004357750571, 0.9650117279124316, 0.956883982503645, 0.9628861704333402, 0.9595179815477312, 0.9594428512904547, 0.9607003891050584, 0.9594238538556121]",0.584375,4,"[0.6575, 0.66, null, 0.24, 0.78, null, null, null, null, null]",7.266860008239746,3.4512808322906494,0.008796453475952148,3.545837879180908,0.0013356208801269531,0.1681079864501953,,3bc506f13a5e,success,
vit_b32_cifar100,CIFAR100,10,1.0,42,300,4.0,raw_union_K300,raw_union,49700,0.0,weight_avg,depth-1,0.8753,0.70581,0.7613,0.8692,0.8662,0.0005452574489435036,6,10,"[0.0026363820726019727, -0.001098096632503598, -0.0023510971786833146, 0.0012040939193257438, 0.0004214075010535723, -0.004816375677302864, 0.003118121790168793, -0.0031854379977246383, 0.0049573666468372135, 0.004566210045662156]","[0.9622794564996958, 0.9604685212298683, 0.9584639498432602, 0.9723058398555088, 0.9599662873999157, 0.961669676901465, 0.9557960381511372, 0.9660978384527873, 0.9607376561570494, 0.9586866710154381]","[0.9596430744270938, 0.9615666178623719, 0.9608150470219435, 0.971101745936183, 0.9595448798988622, 0.9664860525787679, 0.9526779163609684, 0.9692832764505119, 0.9557802895102122, 0.954120460969776]",0.8572222222222222,6,"[0.9266666666666666, null, 0.72, 0.8, 0.8666666666666667, 0.94, null, 0.89, null, null]",9.743154764175415,3.5134921073913574,2.3102338314056396,3.6464977264404297,0.001363515853881836,0.17101240158081055,,3bc506f13a5e,success,
vit_b32_cifar100,CIFAR100,10,1.0,43,300,4.0,raw_union_K300,raw_union,49676,0.0,weight_avg,depth-1,0.875,0.70217,0.7474,0.8684,0.8647,-0.00014102367970526554,3,10,"[0.008801341156747688, -0.000561692566935057, -0.0005946481665015657, 0.001457725947521804, -0.0018348623853210455, -0.007502679528403, 0.0013498312710911176, 0.0, 0.0, -0.002525252525252597]","[0.9578792958927075, 0.9648005991387381, 0.9629335976214073, 0.9629321116201582, 0.9577981651376147, 0.9496248660235799, 0.9651293588301463, 0.961126537088457, 0.9655575014594279, 0.9632034632034632]","[0.9490779547359598, 0.9653622917056731, 0.9635282457879089, 0.9614743856726364, 0.9596330275229358, 0.9571275455519829, 0.9637795275590552, 0.961126537088457, 0.9655575014594279, 0.9657287157287158]",0.87,4,"[0.92, 0.85, null, null, null, null, null, 0.84, 0.87, null]",9.623106002807617,3.4947726726531982,2.336442470550537,3.5267038345336914,0.001321554183959961,0.16731762886047363,,3bc506f13a5e,success,
vit_b32_cifar100,CIFAR100,10,1.0,44,300,4.0,raw_union_K300,raw_union,49700,0.0,weight_avg,depth-1,0.8768,0.6988899999999999,0.7301,0.8672,0.8715,0.0005323836238375846,6,10,"[0.000234521575985025, -0.0018552875695732052, -0.0039427267067856375, 0.0023455824863174435, -0.00020828993959587372, -0.001658718639850676, 0.0035774807004330667, 0.003072511265874711, 0.002529182879377423, 0.0012295801861935685]","[0.9608348968105066, 0.9579468150896723, 0.9601577090682715, 0.9673573103987491, 0.9566756925640492, 0.9612274517934896, 0.9630954622481642, 0.9625153625563294, 0.9632295719844358, 0.9606534340418057]","[0.9606003752345216, 0.9598021026592455, 0.9641004357750571, 0.9650117279124316, 0.956883982503645, 0.9628861704333402, 0.9595179815477312, 0.9594428512904547, 0.9607003891050584, 0.9594238538556121]",0.8468749999999999,4,"[0.8775, 0.83, null, 0.74, 0.94, null, null, null, null, null]",9.519267559051514,3.398364782333374,2.2293503284454346,3.621311664581299,0.0013399124145507812,0.16972875595092773,,3bc506f13a5e,success,
vit_b32_fgvc_aircraft,FGVCAircraft,10,0.05,42,300,4.0,no_phase0,none,0,0.0,weight_avg,depth-1,,,,,,,,,[],[],[],,,[],1.2175250053405762,0.0,0.0,0.0,0.0,0.0,,3bc506f13a5e,FAIL,"FileNotFoundError: FGVC-Aircraft not found under data/fgvc-aircraft-2013b. Fetch once on the login node: python -c ""from torchvision.datasets import FGVCAircraft as A; A('data', split='trainval', download=True); A('data', split='test', download=True)"". Original error: Dataset not found. You can use download=True to download it"
vit_b32_fgvc_aircraft,FGVCAircraft,10,0.05,43,300,4.0,no_phase0,none,0,0.0,weight_avg,depth-1,,,,,,,,,[],[],[],,,[],1.1371073722839355,0.0,0.0,0.0,0.0,0.0,,3bc506f13a5e,FAIL,"FileNotFoundError: FGVC-Aircraft not found under data/fgvc-aircraft-2013b. Fetch once on the login node: python -c ""from torchvision.datasets import FGVCAircraft as A; A('data', split='trainval', download=True); A('data', split='test', download=True)"". Original error: Dataset not found. You can use download=True to download it"
vit_b32_fgvc_aircraft,FGVCAircraft,10,0.05,44,300,4.0,no_phase0,none,0,0.0,weight_avg,depth-1,,,,,,,,,[],[],[],,,[],1.1323468685150146,0.0,0.0,0.0,0.0,0.0,,3bc506f13a5e,FAIL,"FileNotFoundError: FGVC-Aircraft not found under data/fgvc-aircraft-2013b. Fetch once on the login node: python -c ""from torchvision.datasets import FGVCAircraft as A; A('data', split='trainval', download=True); A('data', split='test', download=True)"". Original error: Dataset not found. You can use download=True to download it"
vit_b32_fgvc_aircraft,FGVCAircraft,10,0.05,42,300,4.0,raw_union_K300,raw_union,0,0.0,weight_avg,depth-1,,,,,,,,,[],[],[],,,[],1.1471617221832275,0.0,0.0,0.0,0.0,0.0,,3bc506f13a5e,FAIL,"FileNotFoundError: FGVC-Aircraft not found under data/fgvc-aircraft-2013b. Fetch once on the login node: python -c ""from torchvision.datasets import FGVCAircraft as A; A('data', split='trainval', download=True); A('data', split='test', download=True)"". Original error: Dataset not found. You can use download=True to download it"
vit_b32_fgvc_aircraft,FGVCAircraft,10,0.05,43,300,4.0,raw_union_K300,raw_union,0,0.0,weight_avg,depth-1,,,,,,,,,[],[],[],,,[],1.1449997425079346,0.0,0.0,0.0,0.0,0.0,,3bc506f13a5e,FAIL,"FileNotFoundError: FGVC-Aircraft not found under data/fgvc-aircraft-2013b. Fetch once on the login node: python -c ""from torchvision.datasets import FGVCAircraft as A; A('data', split='trainval', download=True); A('data', split='test', download=True)"". Original error: Dataset not found. You can use download=True to download it"
vit_b32_fgvc_aircraft,FGVCAircraft,10,0.05,44,300,4.0,raw_union_K300,raw_union,0,0.0,weight_avg,depth-1,,,,,,,,,[],[],[],,,[],1.1517987251281738,0.0,0.0,0.0,0.0,0.0,,3bc506f13a5e,FAIL,"FileNotFoundError: FGVC-Aircraft not found under data/fgvc-aircraft-2013b. Fetch once on the login node: python -c ""from torchvision.datasets import FGVCAircraft as A; A('data', split='trainval', download=True); A('data', split='test', download=True)"". Original error: Dataset not found. You can use download=True to download it"
vit_b32_fgvc_aircraft,FGVCAircraft,10,0.1,42,300,4.0,no_phase0,none,0,0.0,weight_avg,depth-1,,,,,,,,,[],[],[],,,[],1.1313319206237793,0.0,0.0,0.0,0.0,0.0,,3bc506f13a5e,FAIL,"FileNotFoundError: FGVC-Aircraft not found under data/fgvc-aircraft-2013b. Fetch once on the login node: python -c ""from torchvision.datasets import FGVCAircraft as A; A('data', split='trainval', download=True); A('data', split='test', download=True)"". Original error: Dataset not found. You can use download=True to download it"
vit_b32_fgvc_aircraft,FGVCAircraft,10,0.1,43,300,4.0,no_phase0,none,0,0.0,weight_avg,depth-1,,,,,,,,,[],[],[],,,[],1.1992864608764648,0.0,0.0,0.0,0.0,0.0,,3bc506f13a5e,FAIL,"FileNotFoundError: FGVC-Aircraft not found under data/fgvc-aircraft-2013b. Fetch once on the login node: python -c ""from torchvision.datasets import FGVCAircraft as A; A('data', split='trainval', download=True); A('data', split='test', download=True)"". Original error: Dataset not found. You can use download=True to download it"
vit_b32_fgvc_aircraft,FGVCAircraft,10,0.1,44,300,4.0,no_phase0,none,0,0.0,weight_avg,depth-1,,,,,,,,,[],[],[],,,[],1.1682770252227783,0.0,0.0,0.0,0.0,0.0,,3bc506f13a5e,FAIL,"FileNotFoundError: FGVC-Aircraft not found under data/fgvc-aircraft-2013b. Fetch once on the login node: python -c ""from torchvision.datasets import FGVCAircraft as A; A('data', split='trainval', download=True); A('data', split='test', download=True)"". Original error: Dataset not found. You can use download=True to download it"
vit_b32_fgvc_aircraft,FGVCAircraft,10,0.1,42,300,4.0,raw_union_K300,raw_union,0,0.0,weight_avg,depth-1,,,,,,,,,[],[],[],,,[],1.1365089416503906,0.0,0.0,0.0,0.0,0.0,,3bc506f13a5e,FAIL,"FileNotFoundError: FGVC-Aircraft not found under data/fgvc-aircraft-2013b. Fetch once on the login node: python -c ""from torchvision.datasets import FGVCAircraft as A; A('data', split='trainval', download=True); A('data', split='test', download=True)"". Original error: Dataset not found. You can use download=True to download it"
vit_b32_fgvc_aircraft,FGVCAircraft,10,0.1,43,300,4.0,raw_union_K300,raw_union,0,0.0,weight_avg,depth-1,,,,,,,,,[],[],[],,,[],1.1731739044189453,0.0,0.0,0.0,0.0,0.0,,3bc506f13a5e,FAIL,"FileNotFoundError: FGVC-Aircraft not found under data/fgvc-aircraft-2013b. Fetch once on the login node: python -c ""from torchvision.datasets import FGVCAircraft as A; A('data', split='trainval', download=True); A('data', split='test', download=True)"". Original error: Dataset not found. You can use download=True to download it"
vit_b32_fgvc_aircraft,FGVCAircraft,10,0.1,44,300,4.0,raw_union_K300,raw_union,0,0.0,weight_avg,depth-1,,,,,,,,,[],[],[],,,[],1.1339213848114014,0.0,0.0,0.0,0.0,0.0,,3bc506f13a5e,FAIL,"FileNotFoundError: FGVC-Aircraft not found under data/fgvc-aircraft-2013b. Fetch once on the login node: python -c ""from torchvision.datasets import FGVCAircraft as A; A('data', split='trainval', download=True); A('data', split='test', download=True)"". Original error: Dataset not found. You can use download=True to download it"
vit_b32_fgvc_aircraft,FGVCAircraft,10,0.3,42,300,4.0,no_phase0,none,0,0.0,weight_avg,depth-1,,,,,,,,,[],[],[],,,[],1.1346123218536377,0.0,0.0,0.0,0.0,0.0,,3bc506f13a5e,FAIL,"FileNotFoundError: FGVC-Aircraft not found under data/fgvc-aircraft-2013b. Fetch once on the login node: python -c ""from torchvision.datasets import FGVCAircraft as A; A('data', split='trainval', download=True); A('data', split='test', download=True)"". Original error: Dataset not found. You can use download=True to download it"
vit_b32_fgvc_aircraft,FGVCAircraft,10,0.3,43,300,4.0,no_phase0,none,0,0.0,weight_avg,depth-1,,,,,,,,,[],[],[],,,[],1.1325607299804688,0.0,0.0,0.0,0.0,0.0,,3bc506f13a5e,FAIL,"FileNotFoundError: FGVC-Aircraft not found under data/fgvc-aircraft-2013b. Fetch once on the login node: python -c ""from torchvision.datasets import FGVCAircraft as A; A('data', split='trainval', download=True); A('data', split='test', download=True)"". Original error: Dataset not found. You can use download=True to download it"
vit_b32_fgvc_aircraft,FGVCAircraft,10,0.3,44,300,4.0,no_phase0,none,0,0.0,weight_avg,depth-1,,,,,,,,,[],[],[],,,[],1.1321308612823486,0.0,0.0,0.0,0.0,0.0,,3bc506f13a5e,FAIL,"FileNotFoundError: FGVC-Aircraft not found under data/fgvc-aircraft-2013b. Fetch once on the login node: python -c ""from torchvision.datasets import FGVCAircraft as A; A('data', split='trainval', download=True); A('data', split='test', download=True)"". Original error: Dataset not found. You can use download=True to download it"
vit_b32_fgvc_aircraft,FGVCAircraft,10,0.3,42,300,4.0,raw_union_K300,raw_union,0,0.0,weight_avg,depth-1,,,,,,,,,[],[],[],,,[],1.1512184143066406,0.0,0.0,0.0,0.0,0.0,,3bc506f13a5e,FAIL,"FileNotFoundError: FGVC-Aircraft not found under data/fgvc-aircraft-2013b. Fetch once on the login node: python -c ""from torchvision.datasets import FGVCAircraft as A; A('data', split='trainval', download=True); A('data', split='test', download=True)"". Original error: Dataset not found. You can use download=True to download it"
vit_b32_fgvc_aircraft,FGVCAircraft,10,0.3,43,300,4.0,raw_union_K300,raw_union,0,0.0,weight_avg,depth-1,,,,,,,,,[],[],[],,,[],1.189378261566162,0.0,0.0,0.0,0.0,0.0,,3bc506f13a5e,FAIL,"FileNotFoundError: FGVC-Aircraft not found under data/fgvc-aircraft-2013b. Fetch once on the login node: python -c ""from torchvision.datasets import FGVCAircraft as A; A('data', split='trainval', download=True); A('data', split='test', download=True)"". Original error: Dataset not found. You can use download=True to download it"
vit_b32_fgvc_aircraft,FGVCAircraft,10,0.3,44,300,4.0,raw_union_K300,raw_union,0,0.0,weight_avg,depth-1,,,,,,,,,[],[],[],,,[],1.1752049922943115,0.0,0.0,0.0,0.0,0.0,,3bc506f13a5e,FAIL,"FileNotFoundError: FGVC-Aircraft not found under data/fgvc-aircraft-2013b. Fetch once on the login node: python -c ""from torchvision.datasets import FGVCAircraft as A; A('data', split='trainval', download=True); A('data', split='test', download=True)"". Original error: Dataset not found. You can use download=True to download it"
vit_b32_fgvc_aircraft,FGVCAircraft,10,1.0,42,300,4.0,no_phase0,none,0,0.0,weight_avg,depth-1,,,,,,,,,[],[],[],,,[],1.130509376525879,0.0,0.0,0.0,0.0,0.0,,3bc506f13a5e,FAIL,"FileNotFoundError: FGVC-Aircraft not found under data/fgvc-aircraft-2013b. Fetch once on the login node: python -c ""from torchvision.datasets import FGVCAircraft as A; A('data', split='trainval', download=True); A('data', split='test', download=True)"". Original error: Dataset not found. You can use download=True to download it"
vit_b32_fgvc_aircraft,FGVCAircraft,10,1.0,43,300,4.0,no_phase0,none,0,0.0,weight_avg,depth-1,,,,,,,,,[],[],[],,,[],1.1396167278289795,0.0,0.0,0.0,0.0,0.0,,3bc506f13a5e,FAIL,"FileNotFoundError: FGVC-Aircraft not found under data/fgvc-aircraft-2013b. Fetch once on the login node: python -c ""from torchvision.datasets import FGVCAircraft as A; A('data', split='trainval', download=True); A('data', split='test', download=True)"". Original error: Dataset not found. You can use download=True to download it"
vit_b32_fgvc_aircraft,FGVCAircraft,10,1.0,44,300,4.0,no_phase0,none,0,0.0,weight_avg,depth-1,,,,,,,,,[],[],[],,,[],1.131781816482544,0.0,0.0,0.0,0.0,0.0,,3bc506f13a5e,FAIL,"FileNotFoundError: FGVC-Aircraft not found under data/fgvc-aircraft-2013b. Fetch once on the login node: python -c ""from torchvision.datasets import FGVCAircraft as A; A('data', split='trainval', download=True); A('data', split='test', download=True)"". Original error: Dataset not found. You can use download=True to download it"
vit_b32_fgvc_aircraft,FGVCAircraft,10,1.0,42,300,4.0,raw_union_K300,raw_union,0,0.0,weight_avg,depth-1,,,,,,,,,[],[],[],,,[],1.1357824802398682,0.0,0.0,0.0,0.0,0.0,,3bc506f13a5e,FAIL,"FileNotFoundError: FGVC-Aircraft not found under data/fgvc-aircraft-2013b. Fetch once on the login node: python -c ""from torchvision.datasets import FGVCAircraft as A; A('data', split='trainval', download=True); A('data', split='test', download=True)"". Original error: Dataset not found. You can use download=True to download it"
vit_b32_fgvc_aircraft,FGVCAircraft,10,1.0,43,300,4.0,raw_union_K300,raw_union,0,0.0,weight_avg,depth-1,,,,,,,,,[],[],[],,,[],1.1507914066314697,0.0,0.0,0.0,0.0,0.0,,3bc506f13a5e,FAIL,"FileNotFoundError: FGVC-Aircraft not found under data/fgvc-aircraft-2013b. Fetch once on the login node: python -c ""from torchvision.datasets import FGVCAircraft as A; A('data', split='trainval', download=True); A('data', split='test', download=True)"". Original error: Dataset not found. You can use download=True to download it"
vit_b32_fgvc_aircraft,FGVCAircraft,10,1.0,44,300,4.0,raw_union_K300,raw_union,0,0.0,weight_avg,depth-1,,,,,,,,,[],[],[],,,[],1.1673436164855957,0.0,0.0,0.0,0.0,0.0,,3bc506f13a5e,FAIL,"FileNotFoundError: FGVC-Aircraft not found under data/fgvc-aircraft-2013b. Fetch once on the login node: python -c ""from torchvision.datasets import FGVCAircraft as A; A('data', split='trainval', download=True); A('data', split='test', download=True)"". Original error: Dataset not found. You can use download=True to download it"
