backbone,dataset,N,alpha,seed,K,tau,method,phase0_kind,probe_size_actual,sigma,acc,mean_teacher,best_teacher,oracle,theta0_acc,m3_mean_gap,m3_clients_helped,m3_clients_evaluated,m3_gap,m3_student_acc_on_Di,m3_teacher_acc_on_Di,m4_mean,m4_clients_evaluated,m4_ood_acc,wall_clock_sec,phase_teacher_sec,phase_phase0_sec,phase_distill_sec,phase_aggregate_sec,phase_eval_sec,job_id,node,status,error
vit_b32_cifar100,CIFAR100,10,0.01,42,100,1.0,dp_avg_eps2_K20,dp_avg,100,6.449903898212313,0.072,0.12916,0.1629,0.8692,0.0354,-0.9104740193594637,0,10,"[-0.9351690484489369, -0.8891089108910891, -0.9150561097256857, -0.9328758949880669, -0.9085855466337245, -0.9125721279944046, -0.9053836882282041, -0.8548168249660787, -0.9173132343161162, -0.9338588074023303]","[0.05751132798884629, 0.09078446306169079, 0.06561720698254364, 0.052804295942720764, 0.06948733786287832, 0.08270676691729323, 0.06347930895942146, 0.12449118046132972, 0.07248947018399468, 0.051747772446881425]","[0.9926803764377832, 0.9798933739527799, 0.9806733167082294, 0.9856801909307876, 0.9780728844966028, 0.9952788949116979, 0.9688629971876256, 0.9793080054274084, 0.9898027045001109, 0.9856065798492117]",0.07001683902725199,10,"[0.07604651162790697, 0.06878048780487805, 0.073, 0.07289156626506024, 0.07, 0.06658536585365854, 0.07175, 0.06702702702702702, 0.06933333333333333, 0.06475409836065574]",3.5676076412200928,2.1905510425567627,0.08324265480041504,0.9551687240600586,0.00039196014404296875,0.16901850700378418,1115755,ai08,success,
vit_b32_cifar100,CIFAR100,10,0.01,43,100,1.0,dp_avg_eps2_K20,dp_avg,100,6.442680879502149,0.0588,0.12107000000000001,0.1498,0.8683,0.0297,-0.9254868041293168,0,10,"[-0.8914324187847164, -0.9407170749023784, -0.9051935788479698, -0.9076114171256885, -0.9365157480314961, -0.8907291456271461, -0.9387858347386172, -0.9473918858671422, -0.957680250783699, -0.9388106865843149]","[0.09392358188857095, 0.04792332268370607, 0.08404154863078375, 0.0786179268903355, 0.045275590551181105, 0.09715209048677034, 0.04654300168634064, 0.04101649576460098, 0.031124048365427676, 0.043665613329503014]","[0.9853560006732873, 0.9886403975860845, 0.9892351274787535, 0.986229344016024, 0.9817913385826772, 0.9878812361139164, 0.9853288364249578, 0.9884083816317432, 0.9888042991491267, 0.9824762999138179]",0.0579896195071774,10,"[0.052771084337349394, 0.05976744186046511, 0.04988235294117647, 0.05755813953488372, 0.05565789473684211, 0.05301204819277108, 0.05820512820512821, 0.0592, 0.0668421052631579, 0.067]",3.569247245788574,2.1808881759643555,0.08255195617675781,0.9665577411651611,0.0003800392150878906,0.16999197006225586,1115755,ai08,success,
vit_b32_cifar100,CIFAR100,10,0.01,44,100,1.0,dp_avg_eps2_K20,dp_avg,100,6.44558801400764,0.0783,0.12342,0.1484,0.8673,0.0365,-0.9110057484849683,0,10,"[-0.9300225733634311, -0.9159013146047181, -0.9098866122936144, -0.8866123399301514, -0.9290767598160594, -0.8523035230352304, -0.9303923741964087, -0.9333008763388511, -0.8991325398426468, -0.9234285714285715]","[0.05248306997742664, 0.07725553754727174, 0.07837676546648101, 0.10616996507566938, 0.055005305978068623, 0.13194444444444445, 0.06473065839060076, 0.05306718597857838, 0.08593907605406496, 0.06354285714285714]","[0.9825056433408578, 0.9931568521519899, 0.9882633777600954, 0.9927823050058208, 0.984082065794128, 0.9842479674796748, 0.9951230325870095, 0.9863680623174295, 0.9850716158967118, 0.9869714285714286]",0.07598778191946126,10,"[0.07651162790697674, 0.07607142857142857, 0.08023529411764706, 0.06952941176470588, 0.07493827160493827, 0.06802469135802469, 0.07025316455696203, 0.07662162162162162, 0.07769230769230769, 0.09]",3.5680618286132812,2.199826955795288,0.0816502571105957,0.9591152667999268,0.0003693103790283203,0.16983819007873535,1115755,ai08,success,
vit_b32_cifar100,CIFAR100,10,0.01,42,100,1.0,dp_avg_eps8_K20,dp_avg,100,1.6124759745530783,0.1077,0.12916,0.1629,0.8692,0.0609,-0.8778086850376271,0,10,"[-0.9205298013245032, -0.8495049504950495, -0.8790523690773068, -0.9409307875894989, -0.8767757875231624, -0.8653610771113831, -0.8852952993169948, -0.82140434192673, -0.8423852804256262, -0.8968471555860178]","[0.0721505751132799, 0.13038842345773038, 0.10162094763092269, 0.04474940334128878, 0.1012970969734404, 0.12991781780031475, 0.08356769787063077, 0.15790366350067842, 0.1474174240744846, 0.08875942426319397]","[0.9926803764377832, 0.9798933739527799, 0.9806733167082294, 0.9856801909307876, 0.9780728844966028, 0.9952788949116979, 0.9688629971876256, 0.9793080054274084, 0.9898027045001109, 0.9856065798492117]",0.10555905866182233,10,"[0.11627906976744186, 0.10292682926829268, 0.11125, 0.11313253012048193, 0.10604938271604938, 0.09841463414634147, 0.11125, 0.10013513513513514, 0.09533333333333334, 0.10081967213114754]",3.5794966220855713,2.1908345222473145,0.08391809463500977,0.9658191204071045,0.0003666877746582031,0.16929125785827637,1115755,ai08,success,
vit_b32_cifar100,CIFAR100,10,0.01,43,100,1.0,dp_avg_eps8_K20,dp_avg,100,1.6106702198755372,0.0843,0.12107000000000001,0.1498,0.8683,0.0465,-0.8979222171190727,0,10,"[-0.8439656623464064, -0.9066382676606318, -0.8606232294617564, -0.8760640961442163, -0.9181430446194226, -0.8666935972530803, -0.9055649241146712, -0.9161836825679892, -0.9402149574563368, -0.9451307095662167]","[0.141390338326881, 0.08200212992545261, 0.12861189801699716, 0.11016524787180772, 0.0636482939632546, 0.1211876388608362, 0.07976391231028668, 0.0722246990637539, 0.048589341692789965, 0.037345590347601265]","[0.9853560006732873, 0.9886403975860845, 0.9892351274787535, 0.986229344016024, 0.9817913385826772, 0.9878812361139164, 0.9853288364249578, 0.9884083816317432, 0.9888042991491267, 0.9824762999138179]",0.08319259646226816,10,"[0.07566265060240963, 0.08813953488372094, 0.07047058823529412, 0.08, 0.08092105263157895, 0.07939759036144578, 0.08615384615384615, 0.0844, 0.09394736842105263, 0.09283333333333334]",3.5871946811676025,2.2003366947174072,0.08426094055175781,0.9630012512207031,0.0003952980041503906,0.1692194938659668,1115755,ai08,success,
vit_b32_cifar100,CIFAR100,10,0.01,44,100,1.0,dp_avg_eps8_K20,dp_avg,100,1.61139700350191,0.1129,0.12342,0.1484,0.8673,0.0649,-0.8787797274567509,0,10,"[-0.917607223476298, -0.8989735278227985, -0.8615476427292619, -0.8323632130384169, -0.9066147859922179, -0.8406165311653117, -0.9048991354466859, -0.9040895813047712, -0.837199919306032, -0.8838857142857144]","[0.06489841986455983, 0.09418332432919142, 0.1267157350308335, 0.16041909196740395, 0.07746727980191015, 0.14363143631436315, 0.09022389714032365, 0.08227848101265822, 0.14787169659067984, 0.10308571428571428]","[0.9825056433408578, 0.9931568521519899, 0.9882633777600954, 0.9927823050058208, 0.984082065794128, 0.9842479674796748, 0.9951230325870095, 0.9863680623174295, 0.9850716158967118, 0.9869714285714286]",0.11232336900713072,10,"[0.11511627906976744, 0.11202380952380953, 0.11152941176470588, 0.0988235294117647, 0.11395061728395062, 0.10802469135802469, 0.10810126582278481, 0.11743243243243243, 0.10512820512820513, 0.13310344827586207]",3.5803616046905518,2.1977314949035645,0.08180952072143555,0.9621481895446777,0.00037288665771484375,0.16998720169067383,1115755,ai08,success,
vit_b32_cifar100,CIFAR100,10,0.01,42,100,1.0,labelled_probe_warmup,labelled,300,0.0,0.4236,0.12916,0.1629,0.8692,0.3924,-0.5429147997987058,0,10,"[-0.42837225514116417, -0.5284082254379283, -0.6058291770573566, -0.5960620525059666, -0.43190240889437914, -0.6112956810631229, -0.698071514664524, -0.6706241519674355, -0.4103303037020617, -0.44825222755311855]","[0.564308121296619, 0.4514851485148515, 0.3748441396508728, 0.389618138424821, 0.5461704756022236, 0.3839832138485749, 0.27079148252310165, 0.30868385345997285, 0.5794724007980492, 0.5373543522960932]","[0.9926803764377832, 0.9798933739527799, 0.9806733167082294, 0.9856801909307876, 0.9780728844966028, 0.9952788949116979, 0.9688629971876256, 0.9793080054274084, 0.9898027045001109, 0.9856065798492117]",0.41715076635653564,10,"[0.40081395348837207, 0.3985365853658537, 0.43425, 0.43337349397590363, 0.39654320987654323, 0.39890243902439027, 0.439375, 0.44716216216216215, 0.3896, 0.43295081967213117]",3.48832106590271,2.1850359439849854,0.021637439727783203,0.9554975032806396,0.00037407875061035156,0.16923832893371582,1115755,ai08,success,
vit_b32_cifar100,CIFAR100,10,0.01,43,100,1.0,labelled_probe_warmup,labelled,300,0.0,0.4635,0.12107000000000001,0.1498,0.8683,0.4211,-0.520502270142857,0,10,"[-0.5494024574987375, -0.5981540646077387, -0.6160528800755429, -0.5523284927391087, -0.47506561679790027, -0.42759038578065045, -0.5133220910623946, -0.5705156784068954, -0.4518584863412449, -0.45073254811835683]","[0.43595354317454976, 0.3904863329783458, 0.3731822474032106, 0.43390085127691536, 0.5067257217847769, 0.560290850333266, 0.47200674536256326, 0.4178927032248477, 0.5369458128078818, 0.5317437517954611]","[0.9853560006732873, 0.9886403975860845, 0.9892351274787535, 0.986229344016024, 0.9817913385826772, 0.9878812361139164, 0.9853288364249578, 0.9884083816317432, 0.9888042991491267, 0.9824762999138179]",0.46308153771574273,10,"[0.4678313253012048, 0.47872093023255813, 0.4698823529411765, 0.4611627906976744, 0.4506578947368421, 0.4440963855421687, 0.4705128205128205, 0.4629333333333333, 0.4686842105263158, 0.4563333333333333]",3.522489309310913,2.1884310245513916,0.02158951759338379,0.9864130020141602,0.00037789344787597656,0.16959261894226074,1115755,ai08,success,
vit_b32_cifar100,CIFAR100,10,0.01,44,100,1.0,labelled_probe_warmup,labelled,300,0.0,0.4423,0.12342,0.1484,0.8673,0.4062,-0.5377637736596219,0,10,"[-0.4448833709556057, -0.48766432558977124, -0.5633578675154167, -0.5257275902211875, -0.553767244428723, -0.565379403794038, -0.3983595655065395, -0.47955209347614414, -0.6814605608230786, -0.6774857142857142]","[0.5376222723852521, 0.5054925265622187, 0.4249055102446787, 0.4670547147846333, 0.430314821365405, 0.41886856368563685, 0.59676346708047, 0.5068159688412853, 0.30361105507363323, 0.3094857142857143]","[0.9825056433408578, 0.9931568521519899, 0.9882633777600954, 0.9927823050058208, 0.984082065794128, 0.9842479674796748, 0.9951230325870095, 0.9863680623174295, 0.9850716158967118, 0.9869714285714286]",0.4339558210117829,10,"[0.4266279069767442, 0.4361904761904762, 0.4356470588235294, 0.4404705882352941, 0.4330864197530864, 0.4434567901234568, 0.4237974683544304, 0.43135135135135133, 0.4591025641025641, 0.4098275862068966]",3.5147721767425537,2.20210337638855,0.022284269332885742,0.9624414443969727,0.0003681182861328125,0.16974329948425293,1115755,ai08,success,
vit_b32_cifar100,CIFAR100,10,0.01,42,100,1.0,no_phase0,none,0,0.0,0.0239,0.12916,0.1629,0.8692,0.0121,-0.9603533529063599,0,10,"[-0.9860578598814917, -0.9463823305407464, -0.9457605985037406, -0.9683770883054893, -0.9680358245830759, -0.9655534184297955, -0.9552028927280033, -0.9260515603799185, -0.9729549988915983, -0.9691569568197395]","[0.006622516556291391, 0.03351104341203351, 0.034912718204488775, 0.017303102625298328, 0.010037059913526868, 0.029725476481902432, 0.013660104459622338, 0.053256445047489824, 0.016847705608512526, 0.01644962302947224]","[0.9926803764377832, 0.9798933739527799, 0.9806733167082294, 0.9856801909307876, 0.9780728844966028, 0.9952788949116979, 0.9688629971876256, 0.9793080054274084, 0.9898027045001109, 0.9856065798492117]",0.0239454337691621,10,"[0.026976744186046512, 0.022560975609756097, 0.022125, 0.026144578313253012, 0.024814814814814814, 0.02170731707317073, 0.02525, 0.020945945945945947, 0.024666666666666667, 0.024262295081967214]",3.5148699283599854,2.2155401706695557,0.00785207748413086,0.962470531463623,0.0003848075866699219,0.16936731338500977,1115755,ai08,success,
vit_b32_cifar100,CIFAR100,10,0.01,43,100,1.0,no_phase0,none,0,0.0,0.0215,0.12107000000000001,0.1498,0.8683,0.011,-0.9660227870227344,0,10,"[-0.9309880491499748, -0.9865104721334753, -0.953918791312559, -0.957936905358037, -0.9607939632545932, -0.9769743486164412, -0.9747048903878583, -0.9714667855550602, -0.9773846842812359, -0.9695489801781098]","[0.05436795152331257, 0.002129925452609159, 0.03531633616619452, 0.02829243865798698, 0.02099737532808399, 0.010906887497475258, 0.010623946037099494, 0.016941596076683014, 0.01141961486789073, 0.01292731973570813]","[0.9853560006732873, 0.9886403975860845, 0.9892351274787535, 0.986229344016024, 0.9817913385826772, 0.9878812361139164, 0.9853288364249578, 0.9884083816317432, 0.9888042991491267, 0.9824762999138179]",0.021654859221774975,10,"[0.018313253012048194, 0.0236046511627907, 0.018941176470588236, 0.019302325581395347, 0.017368421052631578, 0.02313253012048193, 0.021923076923076924, 0.021866666666666666, 0.02526315789473684, 0.026833333333333334]",3.4839468002319336,2.178729295730591,0.0074977874755859375,0.9588489532470703,0.0003707408905029297,0.16912078857421875,1115755,ai08,success,
vit_b32_cifar100,CIFAR100,10,0.01,44,100,1.0,no_phase0,none,0,0.0,0.0221,0.12342,0.1484,0.8673,0.0072,-0.9656061034921024,0,10,"[-0.9753574115876599, -0.9735278227984873, -0.9717525363039585, -0.9569266589057044, -0.9683409975238769, -0.9398712737127372, -0.9855907780979827, -0.9724926971762415, -0.9469437159572323, -0.9652571428571429]","[0.0071482317531978935, 0.019629029353502612, 0.01651084145613686, 0.03585564610011641, 0.01574106827025115, 0.04437669376693767, 0.009532254489026823, 0.013875365141187927, 0.03812789993947952, 0.021714285714285714]","[0.9825056433408578, 0.9931568521519899, 0.9882633777600954, 0.9927823050058208, 0.984082065794128, 0.9842479674796748, 0.9951230325870095, 0.9863680623174295, 0.9850716158967118, 0.9869714285714286]",0.02225192378547886,10,"[0.0236046511627907, 0.02226190476190476, 0.024588235294117647, 0.020352941176470588, 0.022962962962962963, 0.01950617283950617, 0.020632911392405064, 0.023918918918918917, 0.0208974358974359, 0.02379310344827586]",3.4835615158081055,2.1845321655273438,0.0076141357421875,0.9629251956939697,0.0003643035888671875,0.16988873481750488,1115755,ai08,success,
vit_b32_cifar100,CIFAR100,10,0.01,42,100,1.0,raw_union_K20,raw_union,2772,0.0,0.7935,0.12916,0.1629,0.8692,0.7869,-0.179074598357886,0,10,"[-0.1296619031021261, -0.1527798933739527, -0.1622506234413965, -0.2461217183770883, -0.18020382952439773, -0.12327329952788946, -0.22981116914423472, -0.2177747625508819, -0.13433828419419203, -0.21453050034270038]","[0.8630184733356571, 0.8271134805788272, 0.8184226932668329, 0.7395584725536993, 0.7978690549722051, 0.8720055953838084, 0.7390518280433909, 0.7615332428765265, 0.8554644203059188, 0.7710760795065114]","[0.9926803764377832, 0.9798933739527799, 0.9806733167082294, 0.9856801909307876, 0.9780728844966028, 0.9952788949116979, 0.9688629971876256, 0.9793080054274084, 0.9898027045001109, 0.9856065798492117]",0.7910026637139577,10,"[0.786860465116279, 0.7834146341463415, 0.79, 0.8012048192771084, 0.7925925925925926, 0.7765853658536586, 0.797625, 0.7909459459459459, 0.7886666666666666, 0.8021311475409836]",3.6163644790649414,2.1955556869506836,0.12140178680419922,0.9592278003692627,0.0003819465637207031,0.16936659812927246,1115755,ai08,success,
vit_b32_cifar100,CIFAR100,10,0.01,43,100,1.0,raw_union_K20,raw_union,2616,0.0,0.7976,0.12107000000000001,0.1498,0.8683,0.7924,-0.18287033927603794,0,10,"[-0.1585591651237166, -0.2339368122115726, -0.18545797922568463, -0.1812719078617927, -0.19701443569553811, -0.1436073520500909, -0.2129848229342327, -0.19230197651954228, -0.135691894312584, -0.1878770468256249]","[0.8267968355495707, 0.7547035853745119, 0.8037771482530689, 0.8049574361542313, 0.7847769028871391, 0.8442738840638255, 0.7723440134907251, 0.7961064051122009, 0.8531124048365427, 0.794599253088193]","[0.9853560006732873, 0.9886403975860845, 0.9892351274787535, 0.986229344016024, 0.9817913385826772, 0.9878812361139164, 0.9853288364249578, 0.9884083816317432, 0.9888042991491267, 0.9824762999138179]",0.7951549646082905,10,"[0.7886746987951807, 0.7977906976744186, 0.7943529411764706, 0.8016279069767441, 0.7982894736842105, 0.7883132530120482, 0.803974358974359, 0.796, 0.7955263157894736, 0.787]",3.6073813438415527,2.196171283721924,0.11557888984680176,0.9562702178955078,0.0003757476806640625,0.16904759407043457,1115755,ai08,success,
vit_b32_cifar100,CIFAR100,10,0.01,44,100,1.0,raw_union_K20,raw_union,2631,0.0,0.7889,0.12342,0.1484,0.8673,0.7837,-0.18308326789102938,0,10,"[-0.18246802106847249, -0.16837745362866918, -0.17764074000397845, -0.1497089639115251, -0.16395472232048103, -0.24779810298102978, -0.15584127687874083, -0.19790652385589103, -0.2152511599757918, -0.1718857142857143]","[0.8000376222723853, 0.8247793985233207, 0.810622637756117, 0.8430733410942957, 0.820127343473647, 0.736449864498645, 0.8392817557082687, 0.7884615384615384, 0.76982045592092, 0.8150857142857143]","[0.9825056433408578, 0.9931568521519899, 0.9882633777600954, 0.9927823050058208, 0.984082065794128, 0.9842479674796748, 0.9951230325870095, 0.9863680623174295, 0.9850716158967118, 0.9869714285714286]",0.7856915944997434,10,"[0.7924418604651163, 0.7842857142857143, 0.786, 0.7847058823529411, 0.778395061728395, 0.7949382716049382, 0.7781012658227848, 0.7798648648648648, 0.8057692307692308, 0.7724137931034483]",3.6044957637786865,2.199586868286133,0.11573243141174316,0.9596920013427734,0.00038170814514160156,0.16984105110168457,1115755,ai08,success,
vit_b32_cifar100,CIFAR100,10,0.01,42,100,1.0,warmup_only_labelled,warmup_only,300,0.0,0.3924,0.12916,0.1629,0.8692,0.3924,-0.5711281909790793,0,10,"[-0.42697804112931337, -0.5747143945163746, -0.6759663341645885, -0.6238066825775657, -0.4641754169240271, -0.6347263507606224, -0.7300120530333467, -0.7062415196743554, -0.4373753048104634, -0.43728581220013707]","[0.5657023353084698, 0.4051789794364052, 0.3047069825436409, 0.36187350835322196, 0.5138974675725757, 0.36055254415107535, 0.23885094415427882, 0.2730664857530529, 0.5524273996896475, 0.5483207676490747]","[0.9926803764377832, 0.9798933739527799, 0.9806733167082294, 0.9856801909307876, 0.9780728844966028, 0.9952788949116979, 0.9688629971876256, 0.9793080054274084, 0.9898027045001109, 0.9856065798492117]",0.38719941546164915,10,"[0.3675581395348837, 0.37146341463414634, 0.40825, 0.4049397590361446, 0.36987654320987656, 0.3653658536585366, 0.41025, 0.4193243243243243, 0.3569333333333333, 0.3980327868852459]",2.5532453060150146,2.209789752960205,0.01741504669189453,0.0,0.0,0.16840362548828125,1115755,ai08,success,
vit_b32_cifar100,CIFAR100,10,0.01,43,100,1.0,warmup_only_labelled,warmup_only,300,0.0,0.4211,0.12107000000000001,0.1498,0.8683,0.4211,-0.5599087944339982,0,10,"[-0.5788587779835044, -0.5857294994675186, -0.674409820585458, -0.5936404606910366, -0.5421587926509186, -0.4675823066047263, -0.5833052276559865, -0.6130182790905038, -0.4760412001791312, -0.484343579431198]","[0.4064972226897829, 0.40291089811856584, 0.3148253068932956, 0.3925888833249875, 0.43963254593175854, 0.5202989295091901, 0.4020236087689713, 0.3753901025412394, 0.5127630989699955, 0.4981327204826199]","[0.9853560006732873, 0.9886403975860845, 0.9892351274787535, 0.986229344016024, 0.9817913385826772, 0.9878812361139164, 0.9853288364249578, 0.9884083816317432, 0.9888042991491267, 0.9824762999138179]",0.42108071098041044,10,"[0.42457831325301204, 0.43197674418604654, 0.4304705882352941, 0.41488372093023257, 0.4151315789473684, 0.4030120481927711, 0.4280769230769231, 0.42546666666666666, 0.4242105263157895, 0.413]",2.554955244064331,2.2051775455474854,0.017559289932250977,0.0,0.0,0.16827654838562012,1115755,ai08,success,
vit_b32_cifar100,CIFAR100,10,0.01,44,100,1.0,warmup_only_labelled,warmup_only,300,0.0,0.4062,0.12342,0.1484,0.8673,0.4062,-0.5805421433381517,0,10,"[-0.47723852520692245, -0.5541148928507114, -0.6138850208872091, -0.5736903376018627, -0.6077113547930668, -0.5838414634146342, -0.4360452227887386, -0.5258033106134372, -0.7082913052249344, -0.7248000000000001]","[0.5052671181339353, 0.4390419593012786, 0.3743783568728864, 0.4190919674039581, 0.3763707110010612, 0.40040650406504064, 0.5590778097982709, 0.4605647517039922, 0.2767803106717773, 0.26217142857142856]","[0.9825056433408578, 0.9931568521519899, 0.9882633777600954, 0.9927823050058208, 0.984082065794128, 0.9842479674796748, 0.9951230325870095, 0.9863680623174295, 0.9850716158967118, 0.9869714285714286]",0.39943113954221676,10,"[0.3908139534883721, 0.4011904761904762, 0.40341176470588236, 0.4057647058823529, 0.40456790123456793, 0.4025925925925926, 0.38949367088607595, 0.3918918918918919, 0.4232051282051282, 0.3813793103448276]",2.550792694091797,2.194597005844116,0.017621755599975586,0.0,0.0,0.1686394214630127,1115755,ai08,success,
vit_b32_cifar100,CIFAR100,10,0.05,42,100,1.0,dp_avg_eps2_K20,dp_avg,100,6.449903898212313,0.0934,0.22433,0.2955,0.8692,0.0369,-0.8879454551101567,0,10,"[-0.8821875, -0.8640141284022439, -0.9289893617021276, -0.910364768683274, -0.8491803278688526, -0.8874636565760219, -0.8809592188397473, -0.8721213763207802, -0.9112391930835735, -0.8929350196249455]","[0.1065625, 0.11250779139829628, 0.05292553191489362, 0.07072953736654804, 0.1188955996548749, 0.09799897383273473, 0.09462952326249283, 0.11324844215659713, 0.0685878962536023, 0.085041430440471]","[0.98875, 0.9765219198005402, 0.9819148936170212, 0.9810943060498221, 0.9680759275237274, 0.9854626304087566, 0.9755887421022401, 0.9853698184773774, 0.9798270893371758, 0.9779764500654164]",0.08776352133661376,10,"[0.0968421052631579, 0.08440677966101695, 0.10492063492063491, 0.0891044776119403, 0.08163934426229508, 0.08646153846153846, 0.09152542372881356, 0.08605633802816902, 0.09542857142857143, 0.06125]",3.633962392807007,2.204925775527954,0.1286756992340088,0.9675781726837158,0.0003688335418701172,0.16179370880126953,1115755,ai08,success,
vit_b32_cifar100,CIFAR100,10,0.05,43,100,1.0,dp_avg_eps2_K20,dp_avg,100,6.442680879502149,0.087,0.22624,0.2702,0.8683,0.0356,-0.8944740044642332,0,10,"[-0.818588540914995, -0.9142314088857211, -0.8499660556687033, -0.8818299385709667, -0.9317901234567901, -0.8939881910896403, -0.8782443861184019, -0.9070530344450519, -0.9351391650099403, -0.9339092004821213]","[0.129167268004041, 0.07175100974103113, 0.1362864901561439, 0.10442935661170384, 0.03209876543209877, 0.09554482018250134, 0.0921551472732575, 0.08064516129032258, 0.0536779324055666, 0.039574126155082365]","[0.947755808919036, 0.9859824186267522, 0.9862525458248472, 0.9862592951826705, 0.9638888888888889, 0.9895330112721417, 0.9703995333916594, 0.9876981957353745, 0.9888170974155069, 0.9734833266372037]",0.08174599186361178,10,"[0.06532258064516129, 0.082, 0.07153846153846154, 0.07809523809523809, 0.09016666666666667, 0.074, 0.0812280701754386, 0.08818181818181818, 0.09359375, 0.09333333333333334]",3.6382384300231934,2.2141497135162354,0.12882375717163086,0.9625635147094727,0.0003693103790283203,0.16225838661193848,1115755,ai08,success,
vit_b32_cifar100,CIFAR100,10,0.05,44,100,1.0,dp_avg_eps2_K20,dp_avg,100,6.44558801400764,0.1086,0.22832,0.3162,0.8673,0.05,-0.8698007568115592,0,10,"[-0.8927907457136955, -0.8855573697491465, -0.884852977514208, -0.7942006671798819, -0.8813700918964076, -0.8636498516320475, -0.9069418386491557, -0.9017681728880157, -0.8361131254532269, -0.8507627274398089]","[0.083660400743648, 0.09410716936321804, 0.09562638991845812, 0.19399538106235567, 0.10275689223057644, 0.10593471810089021, 0.07204502814258912, 0.0793713163064833, 0.14817500604302636, 0.13104208785149787]","[0.9764511464573435, 0.9796645391123645, 0.9804793674326662, 0.9881960482422376, 0.9841269841269841, 0.9695845697329377, 0.9789868667917448, 0.981139489194499, 0.9842881314962533, 0.9818048152913067]",0.11151222841692374,10,"[0.09958333333333333, 0.10290322580645161, 0.10097222222222223, 0.10183098591549296, 0.10241379310344828, 0.10873015873015873, 0.12214285714285714, 0.11550724637681159, 0.09353846153846154, 0.1675]",3.616992712020874,2.1965744495391846,0.12976551055908203,0.9573497772216797,0.0003886222839355469,0.1619734764099121,1115755,ai08,success,
vit_b32_cifar100,CIFAR100,10,0.05,42,100,1.0,dp_avg_eps8_K20,dp_avg,100,1.6124759745530783,0.1149,0.22433,0.2955,0.8692,0.055,-0.8662227275251946,0,10,"[-0.8803125, -0.8313941408684812, -0.8920212765957446, -0.9052491103202847, -0.8279551337359794, -0.8725842312296904, -0.8535324526134406, -0.8452993768626388, -0.8945244956772334, -0.8593545573484518]","[0.1084375, 0.145127778932059, 0.0898936170212766, 0.07584519572953737, 0.14012079378774805, 0.11287839917906618, 0.12205628948879954, 0.14007044161473856, 0.08530259365994236, 0.11862189271696467]","[0.98875, 0.9765219198005402, 0.9819148936170212, 0.9810943060498221, 0.9680759275237274, 0.9854626304087566, 0.9755887421022401, 0.9853698184773774, 0.9798270893371758, 0.9779764500654164]",0.1099356613298279,10,"[0.11986842105263158, 0.10084745762711865, 0.12333333333333334, 0.11417910447761194, 0.11131147540983606, 0.11476923076923078, 0.10796610169491526, 0.10929577464788733, 0.12028571428571429, 0.0775]",3.62251353263855,2.190833568572998,0.12830114364624023,0.9698741436004639,0.0003757476806640625,0.16185498237609863,1115755,ai08,success,
vit_b32_cifar100,CIFAR100,10,0.05,43,100,1.0,dp_avg_eps8_K20,dp_avg,100,1.6106702198755372,0.1017,0.22624,0.2702,0.8683,0.0443,-0.8795168089689938,0,10,"[-0.8099292827247799, -0.9011641720123544, -0.824847250509165, -0.8572583252505658, -0.9138888888888889, -0.8832528180354267, -0.8643919510061243, -0.8977583378895572, -0.9212226640159046, -0.9214543993571715]","[0.13782652619425603, 0.08481824661439771, 0.1614052953156823, 0.12900096993210475, 0.05, 0.10628019323671498, 0.10600758238553513, 0.08993985784581739, 0.06759443339960239, 0.05202892728003214]","[0.947755808919036, 0.9859824186267522, 0.9862525458248472, 0.9862592951826705, 0.9638888888888889, 0.9895330112721417, 0.9703995333916594, 0.9876981957353745, 0.9888170974155069, 0.9734833266372037]",0.09783217600523415,10,"[0.08548387096774193, 0.09842857142857143, 0.08553846153846154, 0.09238095238095238, 0.10566666666666667, 0.08614285714285715, 0.09403508771929825, 0.1022077922077922, 0.1084375, 0.12]",3.633629083633423,2.2074906826019287,0.12897825241088867,0.9653289318084717,0.00037670135498046875,0.16162586212158203,1115755,ai08,success,
vit_b32_cifar100,CIFAR100,10,0.05,44,100,1.0,dp_avg_eps8_K20,dp_avg,100,1.61139700350191,0.1261,0.22832,0.3162,0.8673,0.0626,-0.8541024906023458,0,10,"[-0.8830820078496179, -0.8744248181683242, -0.8663207314059798, -0.7885552989479087, -0.8721804511278195, -0.8575667655786351, -0.877485928705441, -0.8994106090373281, -0.8138747884940778, -0.8081235067083257]","[0.09336913860772568, 0.10523972094404037, 0.11415863602668644, 0.19964074929432898, 0.11194653299916457, 0.11201780415430267, 0.10150093808630394, 0.08172888015717092, 0.17041334300217548, 0.17368130858298106]","[0.9764511464573435, 0.9796645391123645, 0.9804793674326662, 0.9881960482422376, 0.9841269841269841, 0.9695845697329377, 0.9789868667917448, 0.981139489194499, 0.9842881314962533, 0.9818048152913067]",0.1290417642679934,10,"[0.12013888888888889, 0.12612903225806452, 0.12111111111111111, 0.11816901408450704, 0.1267241379310345, 0.12793650793650793, 0.14767857142857144, 0.13231884057971013, 0.11646153846153846, 0.15375]",3.6060996055603027,2.1904783248901367,0.12813162803649902,0.9571244716644287,0.0003719329833984375,0.16156697273254395,1115755,ai08,success,
vit_b32_cifar100,CIFAR100,10,0.05,42,100,1.0,labelled_probe_warmup,labelled,300,0.0,0.4332,0.22433,0.2955,0.8692,0.3924,-0.5294281713882406,0,10,"[-0.666875, -0.5126740078952836, -0.5029255319148935, -0.5633896797153025, -0.5622088006902503, -0.5079527963057978, -0.6582423894313614, -0.6374966133839068, -0.368299711815562, -0.31421718273004795]","[0.321875, 0.4638479119052566, 0.47898936170212764, 0.41770462633451955, 0.40586712683347714, 0.4775098341029588, 0.3173463526708788, 0.3478732050934706, 0.6115273775216138, 0.6637592673353685]","[0.98875, 0.9765219198005402, 0.9819148936170212, 0.9810943060498221, 0.9680759275237274, 0.9854626304087566, 0.9755887421022401, 0.9853698184773774, 0.9798270893371758, 0.9779764500654164]",0.4363509754432318,10,"[0.4589473684210526, 0.38440677966101694, 0.4022222222222222, 0.4349253731343284, 0.4218032786885246, 0.41507692307692307, 0.46305084745762715, 0.46211267605633805, 0.4147142857142857, 0.50625]",3.5050933361053467,2.196887969970703,0.02228713035583496,0.9587934017181396,0.0003802776336669922,0.16147208213806152,1115755,ai08,success,
vit_b32_cifar100,CIFAR100,10,0.05,43,100,1.0,labelled_probe_warmup,labelled,300,0.0,0.4732,0.22624,0.2702,0.8683,0.4211,-0.49003104145745,0,10,"[-0.48881512483763895, -0.48443810881444527, -0.5390359809911744, -0.4830261881668283, -0.4262345679012346, -0.42726784755770253, -0.6185476815398075, -0.47703663203936575, -0.4565109343936381, -0.49939734833266375]","[0.45894068408139704, 0.5015443098123069, 0.4472165648336728, 0.5032331070158422, 0.5376543209876543, 0.5622651637144391, 0.35185185185185186, 0.5106615636960088, 0.5323061630218688, 0.47408597830453997]","[0.947755808919036, 0.9859824186267522, 0.9862525458248472, 0.9862592951826705, 0.9638888888888889, 0.9895330112721417, 0.9703995333916594, 0.9876981957353745, 0.9888170974155069, 0.9734833266372037]",0.4867834059527767,10,"[0.47693548387096774, 0.49885714285714283, 0.47646153846153844, 0.483968253968254, 0.4731666666666667, 0.4217142857142857, 0.49157894736842106, 0.45506493506493506, 0.46453125, 0.6255555555555555]",3.5190722942352295,2.1979057788848877,0.021810531616210938,0.9633688926696777,0.00037097930908203125,0.1620478630065918,1115755,ai08,success,
vit_b32_cifar100,CIFAR100,10,0.05,44,100,1.0,labelled_probe_warmup,labelled,300,0.0,0.4541,0.22832,0.3162,0.8673,0.4062,-0.5128413006379527,0,10,"[-0.3928940301590581, -0.5210034139824847, -0.6254015319990116, -0.4254554785732615, -0.595655806182122, -0.5126112759643917, -0.49136960600375235, -0.3697445972495088, -0.6480541455160744, -0.5462231207498621]","[0.5835571162982854, 0.4586611251298798, 0.35507783543365457, 0.5627405696689761, 0.38847117794486213, 0.456973293768546, 0.4876172607879925, 0.6113948919449902, 0.3362339859801789, 0.4355816945414446]","[0.9764511464573435, 0.9796645391123645, 0.9804793674326662, 0.9881960482422376, 0.9841269841269841, 0.9695845697329377, 0.9789868667917448, 0.981139489194499, 0.9842881314962533, 0.9818048152913067]",0.4531011875221346,10,"[0.41125, 0.42935483870967744, 0.4323611111111111, 0.443943661971831, 0.4567241379310345, 0.4123809523809524, 0.4294642857142857, 0.4488405797101449, 0.4416923076923077, 0.625]",3.5108206272125244,2.2013020515441895,0.022114992141723633,0.9662134647369385,0.0003871917724609375,0.16194534301757812,1115755,ai08,success,
vit_b32_cifar100,CIFAR100,10,0.05,42,100,1.0,no_phase0,none,0,0.0,0.0284,0.22433,0.2955,0.8692,0.0121,-0.952479625616161,0,10,"[-0.9753125, -0.9425514232287554, -0.9702127659574468, -0.9572953736654805, -0.9245901639344263, -0.9538224730631093, -0.9520390580126364, -0.93741533459767, -0.9573487031700288, -0.954208460532054]","[0.0134375, 0.03397049657178475, 0.011702127659574468, 0.023798932384341637, 0.04348576358930112, 0.03164015734564734, 0.023549684089603676, 0.047954483879707396, 0.022478386167146973, 0.023767989533362406]","[0.98875, 0.9765219198005402, 0.9819148936170212, 0.9810943060498221, 0.9680759275237274, 0.9854626304087566, 0.9755887421022401, 0.9853698184773774, 0.9798270893371758, 0.9779764500654164]",0.02906771764633742,10,"[0.03236842105263158, 0.027627118644067798, 0.03349206349206349, 0.029402985074626867, 0.028688524590163935, 0.029846153846153845, 0.030677966101694914, 0.01732394366197183, 0.03, 0.03125]",3.4798481464385986,2.198429822921753,0.007798194885253906,0.9560437202453613,0.00037479400634765625,0.16093707084655762,1115755,ai08,success,
vit_b32_cifar100,CIFAR100,10,0.05,43,100,1.0,no_phase0,none,0,0.0,0.0246,0.22624,0.2702,0.8683,0.011,-0.9554535559715562,0,10,"[-0.8973877904459518, -0.9729151817533855, -0.9534962661235573, -0.9552214678305851, -0.954320987654321, -0.9720880300590445, -0.9480898221055701, -0.9661016949152542, -0.9758946322067594, -0.959019686621133]","[0.05036801847308414, 0.013067236873366595, 0.032756279701289887, 0.031037827352085354, 0.009567901234567902, 0.017444981213097156, 0.02230971128608924, 0.021596500820120285, 0.012922465208747515, 0.01446364001607071]","[0.947755808919036, 0.9859824186267522, 0.9862525458248472, 0.9862592951826705, 0.9638888888888889, 0.9895330112721417, 0.9703995333916594, 0.9876981957353745, 0.9888170974155069, 0.9734833266372037]",0.0233843627610128,10,"[0.02258064516129032, 0.023571428571428573, 0.025076923076923077, 0.020634920634920634, 0.028666666666666667, 0.024, 0.02368421052631579, 0.025194805194805193, 0.03265625, 0.0077777777777777776]",3.511183977127075,2.2026541233062744,0.008053064346313477,0.9680640697479248,0.0003819465637207031,0.16182279586791992,1115755,ai08,success,
vit_b32_cifar100,CIFAR100,10,0.05,44,100,1.0,no_phase0,none,0,0.0,0.0285,0.22832,0.3162,0.8673,0.0072,-0.950134334503318,0,10,"[-0.9566205329477381, -0.9602196823511948, -0.9518161601186064, -0.9343084423915833, -0.9567251461988303, -0.9458456973293768, -0.9630393996247655, -0.9669941060903733, -0.9376359680928208, -0.9281382098878882]","[0.019830613509605452, 0.01944485676116966, 0.0286632073140598, 0.05388760585065435, 0.02740183792815372, 0.02373887240356083, 0.01594746716697936, 0.014145383104125737, 0.04665216340343244, 0.05366660540341849]","[0.9764511464573435, 0.9796645391123645, 0.9804793674326662, 0.9881960482422376, 0.9841269841269841, 0.9695845697329377, 0.9789868667917448, 0.981139489194499, 0.9842881314962533, 0.9818048152913067]",0.03004722362306589,10,"[0.029166666666666667, 0.034193548387096775, 0.025, 0.0276056338028169, 0.026379310344827586, 0.029682539682539682, 0.0375, 0.03246376811594203, 0.027230769230769232, 0.03125]",3.5098671913146973,2.207392454147339,0.007715463638305664,0.9636564254760742,0.0003681182861328125,0.16131591796875,1115755,ai08,success,
vit_b32_cifar100,CIFAR100,10,0.05,42,100,1.0,raw_union_K20,raw_union,4828,0.0,0.8104,0.22433,0.2955,0.8692,0.8044,-0.14307826242203453,0,10,"[-0.1490625, -0.14003739871182208, -0.16648936170212758, -0.1612544483985765, -0.18222605694564287, -0.13836155293312802, -0.16556576680068924, -0.134922785153075, -0.06224783861671468, -0.13061491495856947]","[0.8396875, 0.8364845210887181, 0.8154255319148936, 0.8198398576512456, 0.7858498705780845, 0.8471010774756286, 0.8100229753015509, 0.8504470333243024, 0.9175792507204611, 0.847361535106847]","[0.98875, 0.9765219198005402, 0.9819148936170212, 0.9810943060498221, 0.9680759275237274, 0.9854626304087566, 0.9755887421022401, 0.9853698184773774, 0.9798270893371758, 0.9779764500654164]",0.8052723915406517,10,"[0.8085526315789474, 0.7938983050847458, 0.8134920634920635, 0.8116417910447761, 0.8029508196721311, 0.7987692307692308, 0.796271186440678, 0.8146478873239437, 0.8, 0.8125]",3.6962339878082275,2.200195550918579,0.19433975219726562,0.9685366153717041,0.0003821849822998047,0.1621389389038086,1115755,ai08,success,
vit_b32_cifar100,CIFAR100,10,0.05,43,100,1.0,raw_union_K20,raw_union,5083,0.0,0.8072,0.22624,0.2702,0.8683,0.8016,-0.14706052587077706,0,10,"[-0.14951652475104638, -0.1853171774768353, -0.14392396469789548, -0.11574523116715163, -0.14969135802469136, -0.10654857756307023, -0.20428696412948388, -0.12957900492072172, -0.14537773359840955, -0.1406187223784653]","[0.7982392841679896, 0.8006652411499169, 0.8423285811269517, 0.8705140640155189, 0.8141975308641975, 0.8829844337090714, 0.7661125692621755, 0.8581191908146528, 0.8434393638170974, 0.8328646042587384]","[0.947755808919036, 0.9859824186267522, 0.9862525458248472, 0.9862592951826705, 0.9638888888888889, 0.9895330112721417, 0.9703995333916594, 0.9876981957353745, 0.9888170974155069, 0.9734833266372037]",0.8014668849331201,10,"[0.8167741935483871, 0.8007142857142857, 0.7898461538461539, 0.8038095238095239, 0.7961666666666667, 0.7828571428571428, 0.8005263157894736, 0.8037662337662338, 0.796875, 0.8233333333333334]",3.6946921348571777,2.2118091583251953,0.19610047340393066,0.9661035537719727,0.000377655029296875,0.16281986236572266,1115755,ai08,success,
vit_b32_cifar100,CIFAR100,10,0.05,44,100,1.0,raw_union_K20,raw_union,5046,0.0,0.8143,0.22832,0.3162,0.8673,0.8106,-0.14534673483693408,0,10,"[-0.16298285478206986, -0.13744990351788622, -0.14158636026686433, -0.08929946112394149, -0.17577276524644936, -0.16350148367952522, -0.12514071294559104, -0.11630648330058935, -0.2083635484650712, -0.1330637750413527]","[0.8134682916752737, 0.8422146355944783, 0.8388930071658018, 0.8988965871182961, 0.8083542188805347, 0.8060830860534125, 0.8538461538461538, 0.8648330058939097, 0.7759245830311821, 0.848741040249954]","[0.9764511464573435, 0.9796645391123645, 0.9804793674326662, 0.9881960482422376, 0.9841269841269841, 0.9695845697329377, 0.9789868667917448, 0.981139489194499, 0.9842881314962533, 0.9818048152913067]",0.8128765953802459,10,"[0.8159722222222222, 0.8079032258064516, 0.8043055555555556, 0.8032394366197183, 0.8087931034482758, 0.8084126984126984, 0.7973214285714286, 0.8042028985507247, 0.8186153846153846, 0.86]",3.6901659965515137,2.2009103298187256,0.20281386375427246,0.9652104377746582,0.0003743171691894531,0.16186809539794922,1115755,ai08,success,
vit_b32_cifar100,CIFAR100,10,0.05,42,100,1.0,warmup_only_labelled,warmup_only,300,0.0,0.3924,0.22433,0.2955,0.8692,0.3924,-0.567878738271417,0,10,"[-0.684375, -0.5958861416995636, -0.5462765957446808, -0.5971975088967971, -0.6150129421915445, -0.5206088592440568, -0.7040493968983343, -0.6743429964779193, -0.4, -0.3410379415612734]","[0.304375, 0.38063577810097654, 0.43563829787234043, 0.38389679715302494, 0.35306298533218294, 0.46485377116469984, 0.2715393452039058, 0.31102682199945814, 0.5798270893371757, 0.636938508504143]","[0.98875, 0.9765219198005402, 0.9819148936170212, 0.9810943060498221, 0.9680759275237274, 0.9854626304087566, 0.9755887421022401, 0.9853698184773774, 0.9798270893371758, 0.9779764500654164]",0.40350824852300715,10,"[0.4176315789473684, 0.3576271186440678, 0.36904761904761907, 0.4017910447761194, 0.38672131147540983, 0.3678461538461538, 0.42898305084745764, 0.41957746478873237, 0.37085714285714283, 0.515]",2.5521984100341797,2.2035465240478516,0.017678022384643555,0.0,0.0,0.16026926040649414,1115755,ai08,success,
vit_b32_cifar100,CIFAR100,10,0.05,43,100,1.0,warmup_only_labelled,warmup_only,300,0.0,0.4211,0.22624,0.2702,0.8683,0.4211,-0.5422457674089947,0,10,"[-0.5260499350555636, -0.5091470658113566, -0.6205023761031907, -0.5376656967345619, -0.47438271604938276, -0.478797638217928, -0.6986001749781278, -0.5325314379442319, -0.4967693836978131, -0.5480112494977902]","[0.42170587386347236, 0.4768353528153956, 0.36575016972165647, 0.44859359844810864, 0.48950617283950615, 0.5107353730542137, 0.27179935841353164, 0.4551667577911427, 0.49204771371769385, 0.42547207713941343]","[0.947755808919036, 0.9859824186267522, 0.9862525458248472, 0.9862592951826705, 0.9638888888888889, 0.9895330112721417, 0.9703995333916594, 0.9876981957353745, 0.9888170974155069, 0.9734833266372037]",0.4357352295518574,10,"[0.41774193548387095, 0.4441428571428571, 0.42153846153846153, 0.4363492063492064, 0.4251666666666667, 0.3802857142857143, 0.4494736842105263, 0.4042857142857143, 0.4128125, 0.5655555555555556]",2.5415658950805664,2.192272186279297,0.017809152603149414,0.0,0.0,0.1609811782836914,1115755,ai08,success,
vit_b32_cifar100,CIFAR100,10,0.05,44,100,1.0,warmup_only_labelled,warmup_only,300,0.0,0.4062,0.22832,0.3162,0.8673,0.4062,-0.5623912102287209,0,10,"[-0.42780417269159265, -0.5956657265845331, -0.6844576229305659, -0.4798562997177316, -0.6681704260651629, -0.5508902077151336, -0.5414634146341464, -0.35795677799607073, -0.715736040609137, -0.6019114133431354]","[0.5486469737657509, 0.38399881252783136, 0.29602174450210034, 0.508339748524506, 0.3159565580618212, 0.41869436201780413, 0.4375234521575985, 0.6231827111984283, 0.2685520908871163, 0.3798934019481713]","[0.9764511464573435, 0.9796645391123645, 0.9804793674326662, 0.9881960482422376, 0.9841269841269841, 0.9695845697329377, 0.9789868667917448, 0.981139489194499, 0.9842881314962533, 0.9818048152913067]",0.4116793390568206,10,"[0.36291666666666667, 0.38048387096774194, 0.38625, 0.4015492957746479, 0.42172413793103447, 0.3565079365079365, 0.39, 0.39318840579710146, 0.40292307692307694, 0.62125]",2.5609209537506104,2.2118375301361084,0.017789363861083984,0.0,0.0,0.17333412170410156,1115755,ai08,success,
vit_b32_cifar100,CIFAR100,10,0.1,42,100,1.0,dp_avg_eps2_K20,dp_avg,100,6.449903898212313,0.1037,0.31732,0.3918,0.8692,0.0505,-0.8732882600850186,0,10,"[-0.9237795275590551, -0.8875727348295926, -0.826668869795109, -0.8472035364212954, -0.8854231648991475, -0.8346361996392062, -0.8802413273001508, -0.9086538461538461, -0.8771556312539919, -0.8615477629987908]","[0.055433070866141736, 0.09351620947630923, 0.15928618638466624, 0.12723428791082067, 0.08941567893532959, 0.14632190819803567, 0.09502262443438914, 0.07112068965517242, 0.1083670427932723, 0.1059552599758162]","[0.9792125984251968, 0.9810889443059019, 0.9859550561797753, 0.9744378243321161, 0.974838843834477, 0.9809581078372419, 0.97526395173454, 0.9797745358090185, 0.9855226740472642, 0.967503022974607]",0.09969230200454628,10,"[0.10018181818181818, 0.08490566037735849, 0.07127659574468086, 0.09891304347826087, 0.12219512195121951, 0.09470588235294118, 0.11854166666666667, 0.11395833333333333, 0.10224489795918368, 0.09]",3.62807559967041,2.187150239944458,0.16611909866333008,0.9619104862213135,0.00037670135498046875,0.15546965599060059,1115755,ai08,success,
vit_b32_cifar100,CIFAR100,10,0.1,43,100,1.0,dp_avg_eps2_K20,dp_avg,100,6.442680879502149,0.0891,0.29897000000000007,0.3456,0.8683,0.0366,-0.8829697089637563,0,10,"[-0.8585058214747736, -0.8768568353067815, -0.9040590405904059, -0.9037120359955005, -0.8762420957542909, -0.8730931515741642, -0.9034947667198865, -0.8564865456136512, -0.9051724137931034, -0.8720743828150048]","[0.12435316946959897, 0.10010764262648009, 0.06549815498154982, 0.08076490438695164, 0.10749774164408311, 0.10808179162609542, 0.07433031754479333, 0.12010500984467294, 0.07606490872210954, 0.09217697980121833]","[0.9828589909443726, 0.9769644779332616, 0.9695571955719557, 0.9844769403824521, 0.983739837398374, 0.9811749432002597, 0.9778250842646798, 0.9765915554583242, 0.981237322515213, 0.9642513626162231]",0.11237443328818941,10,"[0.0714, 0.09087719298245614, 0.09285714285714286, 0.0828, 0.06836734693877551, 0.0746, 0.10452380952380952, 0.07766666666666666, 0.09065217391304348, 0.37]",3.635807514190674,2.187577247619629,0.16286659240722656,0.9588942527770996,0.00037789344787597656,0.1560506820678711,1115755,ai08,success,
vit_b32_cifar100,CIFAR100,10,0.1,44,100,1.0,dp_avg_eps2_K20,dp_avg,100,6.44558801400764,0.1165,0.32365,0.4083,0.8673,0.0486,-0.8591878382850131,0,10,"[-0.8434256055363323, -0.8516735442457588, -0.9083775185577943, -0.8598302362927277, -0.9032059186189889, -0.8036828963795256, -0.8238209672574346, -0.8505212735981966, -0.8880093814130753, -0.8593310409502969]","[0.13646193771626297, 0.12494268684089867, 0.06956521739130435, 0.11241110346409727, 0.06041923551171394, 0.1793071161048689, 0.14343646740762991, 0.11341222879684418, 0.09586631486367635, 0.09909346670834636]","[0.9798875432525952, 0.9766162310866575, 0.9779427359490986, 0.9722413397568249, 0.9636251541307028, 0.9829900124843945, 0.9672574346650645, 0.9639335023950408, 0.9838756962767516, 0.9584245076586433]",0.10469436511246018,10,"[0.11053571428571428, 0.09192307692307693, 0.14176470588235293, 0.106, 0.1344186046511628, 0.08413043478260869, 0.08153846153846153, 0.0973469387755102, 0.13428571428571429, 0.065]",3.619433641433716,2.1849019527435303,0.16654372215270996,0.9545557498931885,0.000370025634765625,0.15500974655151367,1115755,ai08,success,
vit_b32_cifar100,CIFAR100,10,0.1,42,100,1.0,dp_avg_eps8_K20,dp_avg,100,1.6124759745530783,0.1169,0.31732,0.3918,0.8692,0.0561,-0.8625623609094163,0,10,"[-0.9199999999999999, -0.8834164588528678, -0.815102445472571, -0.8410532385162407, -0.869411520066542, -0.8284225295650431, -0.8663650075414782, -0.8839522546419097, -0.8763040238450075, -0.841596130592503]","[0.05921259842519685, 0.09767248545303409, 0.17085261070720423, 0.13338458581587545, 0.10542732376793512, 0.15253557827219882, 0.10889894419306184, 0.09582228116710875, 0.10921865020225675, 0.12590689238210398]","[0.9792125984251968, 0.9810889443059019, 0.9859550561797753, 0.9744378243321161, 0.974838843834477, 0.9809581078372419, 0.97526395173454, 0.9797745358090185, 0.9855226740472642, 0.967503022974607]",0.11539135141782739,10,"[0.12127272727272727, 0.09716981132075472, 0.08787234042553191, 0.11826086956521739, 0.12902439024390244, 0.11450980392156863, 0.129375, 0.125, 0.12142857142857143, 0.11]",3.6397252082824707,2.191009283065796,0.16604948043823242,0.9682712554931641,0.00038051605224609375,0.15560483932495117,1115755,ai08,success,
vit_b32_cifar100,CIFAR100,10,0.1,43,100,1.0,dp_avg_eps8_K20,dp_avg,100,1.6106702198755372,0.1024,0.29897000000000007,0.3456,0.8683,0.0439,-0.8718302859591974,0,10,"[-0.8449223803363519, -0.8742734122712594, -0.8957564575645757, -0.892238470191226, -0.8648599819331527, -0.8571892242778318, -0.8956891963810538, -0.8512360533800044, -0.8942697768762677, -0.8478679063802501]","[0.1379366106080207, 0.10269106566200216, 0.07380073800738007, 0.0922384701912261, 0.11887985546522131, 0.12398571892242778, 0.08213588788362604, 0.12535550207831983, 0.08696754563894524, 0.11638345623597307]","[0.9828589909443726, 0.9769644779332616, 0.9695571955719557, 0.9844769403824521, 0.983739837398374, 0.9811749432002597, 0.9778250842646798, 0.9765915554583242, 0.981237322515213, 0.9642513626162231]",0.13577796836812528,10,"[0.0826, 0.10912280701754386, 0.10979591836734694, 0.0962, 0.0789795918367347, 0.0906, 0.12095238095238095, 0.09083333333333334, 0.09869565217391305, 0.48]",3.6447396278381348,2.19891095161438,0.16211891174316406,0.9585332870483398,0.0003783702850341797,0.1559300422668457,1115755,ai08,success,
vit_b32_cifar100,CIFAR100,10,0.1,44,100,1.0,dp_avg_eps8_K20,dp_avg,100,1.61139700350191,0.134,0.32365,0.4083,0.8673,0.0635,-0.8430397017327727,0,10,"[-0.8386678200692042, -0.8358551123337918, -0.8984093319194062, -0.8458362009635237, -0.8912864775996712, -0.7757490636704121, -0.806848903574647, -0.831360946745562, -0.8692465552623864, -0.8371366051891216]","[0.14121972318339102, 0.14076111875286565, 0.07953340402969247, 0.1264051387933012, 0.07233867653103165, 0.20724094881398253, 0.16040853109041756, 0.13257255564947873, 0.11462914101436529, 0.12128790246952173]","[0.9798875432525952, 0.9766162310866575, 0.9779427359490986, 0.9722413397568249, 0.9636251541307028, 0.9829900124843945, 0.9672574346650645, 0.9639335023950408, 0.9838756962767516, 0.9584245076586433]",0.12220721194521211,10,"[0.13017857142857142, 0.11269230769230769, 0.16333333333333333, 0.124, 0.15930232558139534, 0.09891304347826087, 0.09589743589743589, 0.11448979591836735, 0.15326530612244899, 0.07]",3.646409034729004,2.192509889602661,0.16808557510375977,0.9606049060821533,0.0003707408905029297,0.15512609481811523,1115755,ai08,success,
vit_b32_cifar100,CIFAR100,10,0.1,42,100,1.0,labelled_probe_warmup,labelled,300,0.0,0.4338,0.31732,0.3918,0.8692,0.3924,-0.5452972015778342,0,10,"[-0.7045669291338582, -0.6034912718204488, -0.4909120951751487, -0.5158562367864694, -0.5645664379288834, -0.5470034074964922, -0.55052790346908, -0.5245358090185677, -0.4279327230146902, -0.5235792019347038]","[0.2746456692913386, 0.377597672485453, 0.4950429610046266, 0.45858158754564676, 0.41027240590559366, 0.4339547003407496, 0.42473604826546, 0.4552387267904509, 0.557589951032574, 0.44392382103990324]","[0.9792125984251968, 0.9810889443059019, 0.9859550561797753, 0.9744378243321161, 0.974838843834477, 0.9809581078372419, 0.97526395173454, 0.9797745358090185, 0.9855226740472642, 0.967503022974607]",0.3816587869073412,10,"[0.45454545454545453, 0.379622641509434, 0.4023404255319149, 0.40304347826086956, 0.5102439024390244, 0.4407843137254902, 0.39375, 0.460625, 0.3616326530612245, 0.01]",3.4919514656066895,2.1797561645507812,0.021664857864379883,0.9793744087219238,0.0003705024719238281,0.15553641319274902,1115755,ai08,success,
vit_b32_cifar100,CIFAR100,10,0.1,43,100,1.0,labelled_probe_warmup,labelled,300,0.0,0.4768,0.29897000000000007,0.3456,0.8683,0.4211,-0.5072640323512705,0,10,"[-0.4485769728331177, -0.5459634015069967, -0.4553505535055351, -0.5556805399325084, -0.5206865401987353, -0.5443037974683544, -0.4772041866240909, -0.7348501422008313, -0.4368661257606491, -0.35315806348188516]","[0.5342820181112549, 0.4310010764262648, 0.5142066420664206, 0.42879640044994377, 0.46305329719963867, 0.4368711457319052, 0.5006208976405889, 0.24174141325749288, 0.5443711967545639, 0.611093299134338]","[0.9828589909443726, 0.9769644779332616, 0.9695571955719557, 0.9844769403824521, 0.983739837398374, 0.9811749432002597, 0.9778250842646798, 0.9765915554583242, 0.981237322515213, 0.9642513626162231]",0.4781588575475957,10,"[0.4572, 0.463859649122807, 0.4661224489795918, 0.4278, 0.4169387755102041, 0.445, 0.4747619047619048, 0.5181666666666667, 0.4017391304347826, 0.71]",3.4714138507843018,2.1743509769439697,0.02142333984375,0.9547734260559082,0.00036978721618652344,0.15523934364318848,1115755,ai08,success,
vit_b32_cifar100,CIFAR100,10,0.1,44,100,1.0,labelled_probe_warmup,labelled,300,0.0,0.46,0.32365,0.4083,0.8673,0.4062,-0.5024770876406766,0,10,"[-0.47383217993079585, -0.626547455295736, -0.5304347826086957, -0.3629272768983711, -0.5293875873407317, -0.5301186017478152, -0.45148693301291676, -0.5611439842209073, -0.41747288185282905, -0.5414191934979681]","[0.5060553633217993, 0.3500687757909216, 0.44750795334040294, 0.6093140628584538, 0.4342375667899712, 0.45287141073657927, 0.5157705016521478, 0.40278951817413355, 0.5664028144239226, 0.4170053141606752]","[0.9798875432525952, 0.9766162310866575, 0.9779427359490986, 0.9722413397568249, 0.9636251541307028, 0.9829900124843945, 0.9672574346650645, 0.9639335023950408, 0.9838756962767516, 0.9584245076586433]",0.4201858903165633,10,"[0.4330357142857143, 0.5125, 0.5325490196078432, 0.39711111111111114, 0.47162790697674417, 0.46108695652173914, 0.41384615384615386, 0.5059183673469387, 0.42918367346938774, 0.045]",3.4749839305877686,2.170897960662842,0.021584749221801758,0.9568033218383789,0.00037169456481933594,0.15535783767700195,1115755,ai08,success,
vit_b32_cifar100,CIFAR100,10,0.1,42,100,1.0,no_phase0,none,0,0.0,0.0265,0.31732,0.3918,0.8692,0.0121,-0.9500406369970704,0,10,"[-0.9647244094488189, -0.9642560266001662, -0.9583608724388633, -0.9427253507591774, -0.9515491786234145, -0.9304469833633995, -0.9420814479638009, -0.9585543766578248, -0.9520970832446243, -0.9356106408706166]","[0.014488188976377953, 0.01683291770573566, 0.027594183740912097, 0.03171247357293869, 0.023289665211062592, 0.050511124473842456, 0.033182503770739065, 0.021220159151193633, 0.03342559080263998, 0.03189238210399033]","[0.9792125984251968, 0.9810889443059019, 0.9859550561797753, 0.9744378243321161, 0.974838843834477, 0.9809581078372419, 0.97526395173454, 0.9797745358090185, 0.9855226740472642, 0.967503022974607]",0.02478453500606421,10,"[0.024363636363636365, 0.019622641509433963, 0.023404255319148935, 0.02217391304347826, 0.037073170731707315, 0.02176470588235294, 0.032916666666666664, 0.029791666666666668, 0.026734693877551022, 0.01]",3.475177526473999,2.18578839302063,0.007663249969482422,0.9556138515472412,0.00037384033203125,0.15554094314575195,1115755,ai08,success,
vit_b32_cifar100,CIFAR100,10,0.1,43,100,1.0,no_phase0,none,0,0.0,0.0264,0.29897000000000007,0.3456,0.8683,0.011,-0.9516078147182976,0,10,"[-0.9464747736093143, -0.9459634015069968, -0.9551660516605166, -0.9727784026996625, -0.9479674796747968, -0.9532619279454723, -0.962391342912897, -0.9332749945307373, -0.968052738336714, -0.9307470343058672]","[0.036384217335058214, 0.0310010764262648, 0.014391143911439114, 0.011698537682789651, 0.03577235772357724, 0.027913015254787406, 0.015433741351782864, 0.04331656092758696, 0.013184584178498986, 0.03350432831035589]","[0.9828589909443726, 0.9769644779332616, 0.9695571955719557, 0.9844769403824521, 0.983739837398374, 0.9811749432002597, 0.9778250842646798, 0.9765915554583242, 0.981237322515213, 0.9642513626162231]",0.04403273214091128,10,"[0.0214, 0.027192982456140352, 0.023061224489795917, 0.0258, 0.020612244897959184, 0.031, 0.035, 0.023, 0.02326086956521739, 0.21]",3.482203245162964,2.1964471340179443,0.007938861846923828,0.9629487991333008,0.00037741661071777344,0.1563889980316162,1115755,ai08,success,
vit_b32_cifar100,CIFAR100,10,0.1,44,100,1.0,no_phase0,none,0,0.0,0.0323,0.32365,0.4083,0.8673,0.0072,-0.9389613764814889,0,10,"[-0.9463667820069205, -0.9312242090784044, -0.9597030752916225, -0.9435650378527185, -0.9512946979038224, -0.9197877652933834, -0.9231000300390507, -0.923076923076923, -0.9627675168572266, -0.9287277274148171]","[0.03352076124567474, 0.0453920220082531, 0.01823966065747614, 0.028676301904106447, 0.012330456226880395, 0.06320224719101124, 0.044157404626013814, 0.04085657931811778, 0.021108179419525065, 0.029696780243826194]","[0.9798875432525952, 0.9766162310866575, 0.9779427359490986, 0.9722413397568249, 0.9636251541307028, 0.9829900124843945, 0.9672574346650645, 0.9639335023950408, 0.9838756962767516, 0.9584245076586433]",0.02714977442507946,10,"[0.03267857142857143, 0.027692307692307693, 0.03627450980392157, 0.029777777777777778, 0.04255813953488372, 0.016956521739130436, 0.019743589743589744, 0.02040816326530612, 0.04040816326530612, 0.005]",3.495861530303955,2.208468437194824,0.008001089096069336,0.9664232730865479,0.0003819465637207031,0.15583443641662598,1115755,ai08,success,
vit_b32_cifar100,CIFAR100,10,0.1,42,100,1.0,raw_union_K20,raw_union,6938,0.0,0.8231,0.31732,0.3918,0.8692,0.8189,-0.13588860281590004,0,10,"[-0.1886614173228346, -0.14692435577722363, -0.13978849966953077, -0.10897559100518939, -0.13661883967560828, -0.14010823812387252, -0.1399698340874811, -0.1298076923076923, -0.10091547796465827, -0.12711608222490933]","[0.7905511811023622, 0.8341645885286783, 0.8461665565102445, 0.8654622333269267, 0.8382200041588688, 0.8408498697133694, 0.8352941176470589, 0.8499668435013262, 0.884607196082606, 0.8403869407496977]","[0.9792125984251968, 0.9810889443059019, 0.9859550561797753, 0.9744378243321161, 0.974838843834477, 0.9809581078372419, 0.97526395173454, 0.9797745358090185, 0.9855226740472642, 0.967503022974607]",0.829638275196176,10,"[0.8121818181818182, 0.8347169811320755, 0.8, 0.8247826086956521, 0.823170731707317, 0.8166666666666667, 0.825625, 0.8027083333333334, 0.796530612244898, 0.96]",3.71482515335083,2.173950672149658,0.2643468379974365,0.9521231651306152,0.0003685951232910156,0.15511870384216309,1115755,ai08,success,
vit_b32_cifar100,CIFAR100,10,0.1,43,100,1.0,raw_union_K20,raw_union,6596,0.0,0.8246,0.29897000000000007,0.3456,0.8683,0.8221,-0.1322238718203111,0,10,"[-0.12936610608020693, -0.13369214208826696, -0.15571955719557196, -0.11968503937007868, -0.12429990966576332, -0.09996754300551769, -0.10537519957424168, -0.2159264931087289, -0.12246450304259637, -0.1157422250721385]","[0.8534928848641656, 0.8432723358449946, 0.8138376383763838, 0.8647919010123735, 0.8594399277326107, 0.881207400194742, 0.8724498846904382, 0.7606650623495953, 0.8587728194726166, 0.8485091375440846]","[0.9828589909443726, 0.9769644779332616, 0.9695571955719557, 0.9844769403824521, 0.983739837398374, 0.9811749432002597, 0.9778250842646798, 0.9765915554583242, 0.981237322515213, 0.9642513626162231]",0.816664068245147,10,"[0.8172, 0.8243859649122807, 0.816530612244898, 0.7902, 0.7961224489795918, 0.8148, 0.815952380952381, 0.8266666666666667, 0.8147826086956522, 0.85]",3.72265625,2.1876883506774902,0.2539987564086914,0.9551594257354736,0.00037217140197753906,0.15584254264831543,1115755,ai08,success,
vit_b32_cifar100,CIFAR100,10,0.1,44,100,1.0,raw_union_K20,raw_union,7153,0.0,0.8316,0.32365,0.4083,0.8673,0.8294,-0.1198670191606767,0,10,"[-0.10575259515570934, -0.18340210912425492, -0.14485683987274656, -0.12869924294562973, -0.09782161939991774, -0.10564918851435712, -0.1215079603484529, -0.14243448858833474, -0.09821166813251236, -0.0703344795248515]","[0.8741349480968859, 0.7932141219624026, 0.8330858960763521, 0.8435420968111952, 0.8658035347307851, 0.8773408239700374, 0.8457494743166116, 0.8214990138067061, 0.8856640281442393, 0.8880900281337918]","[0.9798875432525952, 0.9766162310866575, 0.9779427359490986, 0.9722413397568249, 0.9636251541307028, 0.9829900124843945, 0.9672574346650645, 0.9639335023950408, 0.9838756962767516, 0.9584245076586433]",0.8219317800732593,10,"[0.8180357142857143, 0.8301923076923077, 0.852156862745098, 0.8257777777777778, 0.8232558139534883, 0.806304347826087, 0.8146153846153846, 0.82, 0.8289795918367346, 0.8]",3.72983980178833,2.1846158504486084,0.2666473388671875,0.9540269374847412,0.0003819465637207031,0.15498805046081543,1115755,ai08,success,
vit_b32_cifar100,CIFAR100,10,0.1,42,100,1.0,warmup_only_labelled,warmup_only,300,0.0,0.3924,0.31732,0.3918,0.8692,0.3924,-0.5881001212910121,0,10,"[-0.7354330708661416, -0.6203241895261845, -0.5454395241242564, -0.5425715933115511, -0.6202952796839261, -0.6217678893565844, -0.5809954751131221, -0.5818965517241379, -0.4713647008728976, -0.5609129383313181]","[0.24377952755905513, 0.36076475477971737, 0.44051553205551885, 0.43186623102056504, 0.35454356415055105, 0.35919021848065746, 0.3942684766214178, 0.3978779840848806, 0.5141579731743666, 0.406590084643289]","[0.9792125984251968, 0.9810889443059019, 0.9859550561797753, 0.9744378243321161, 0.974838843834477, 0.9809581078372419, 0.97526395173454, 0.9797745358090185, 0.9855226740472642, 0.967503022974607]",0.34756586768191944,10,"[0.4207272727272727, 0.3392452830188679, 0.3680851063829787, 0.34804347826086957, 0.48317073170731706, 0.4152941176470588, 0.3464583333333333, 0.4270833333333333, 0.32755102040816325, 0.0]",2.532547950744629,2.2026960849761963,0.017843961715698242,0.0,0.0,0.1541297435760498,1115755,ai08,success,
vit_b32_cifar100,CIFAR100,10,0.1,43,100,1.0,warmup_only_labelled,warmup_only,300,0.0,0.4211,0.29897000000000007,0.3456,0.8683,0.4211,-0.565838946286201,0,10,"[-0.5111578266494179, -0.6, -0.5088560885608857, -0.6175478065241844, -0.5826558265582655, -0.6332359623498864, -0.5188930282064929, -0.7735725224239772, -0.5139452332657202, -0.3985251683231805]","[0.47170116429495473, 0.3769644779332616, 0.4607011070110701, 0.3669291338582677, 0.4010840108401084, 0.3479389808503733, 0.458932056058187, 0.20301903303434696, 0.4672920892494929, 0.5657261942930426]","[0.9828589909443726, 0.9769644779332616, 0.9695571955719557, 0.9844769403824521, 0.983739837398374, 0.9811749432002597, 0.9778250842646798, 0.9765915554583242, 0.981237322515213, 0.9642513626162231]",0.4308456271112565,10,"[0.4158, 0.4056140350877193, 0.4189795918367347, 0.385, 0.37244897959183676, 0.3898, 0.4311904761904762, 0.4726666666666667, 0.34695652173913044, 0.67]",2.521003246307373,2.190999746322632,0.0172884464263916,0.0,0.0,0.1547863483428955,1115755,ai08,success,
vit_b32_cifar100,CIFAR100,10,0.1,44,100,1.0,warmup_only_labelled,warmup_only,300,0.0,0.4062,0.32365,0.4083,0.8673,0.4062,-0.561188702347975,0,10,"[-0.5196799307958477, -0.6696469509399359, -0.5915164369034995, -0.43771507226428075, -0.6017262638717633, -0.5822409488139826, -0.5228296785821567, -0.6280642434488588, -0.45265318088537077, -0.6058143169740544]","[0.4602076124567474, 0.3069692801467217, 0.38642629904559916, 0.5345262674925442, 0.36189889025893957, 0.40074906367041196, 0.4444277560829078, 0.335869258946182, 0.5312225153913809, 0.35261019068458893]","[0.9798875432525952, 0.9766162310866575, 0.9779427359490986, 0.9722413397568249, 0.9636251541307028, 0.9829900124843945, 0.9672574346650645, 0.9639335023950408, 0.9838756962767516, 0.9584245076586433]",0.37132355835699765,10,"[0.38107142857142856, 0.4628846153846154, 0.4766666666666667, 0.34, 0.4283720930232558, 0.40456521739130435, 0.3764102564102564, 0.47122448979591836, 0.37204081632653063, 0.0]",2.5347096920013428,2.1931848526000977,0.017092466354370117,0.0,0.0,0.1539461612701416,1115755,ai08,success,
vit_b32_cifar100,CIFAR100,10,0.3,42,100,1.0,dp_avg_eps2_K20,dp_avg,100,6.449903898212313,0.1255,0.5069800000000001,0.564,0.8692,0.0537,-0.8363345849460337,0,10,"[-0.8140280561122244, -0.857577887092996, -0.8508328654314056, -0.8242284498048954, -0.846304347826087, -0.8250705360741637, -0.837192118226601, -0.815469434084644, -0.8396082698585419, -0.8530338849487785]","[0.14649298597194388, 0.10330288123682362, 0.12464907355418305, 0.12859169918410784, 0.12434782608695652, 0.13482466747279323, 0.13842364532019705, 0.16085616993676016, 0.12905331882480958, 0.11229314420803782]","[0.9605210420841683, 0.9608807683298196, 0.9754819389855887, 0.9528201489890032, 0.9706521739130435, 0.9598952035469569, 0.975615763546798, 0.9763256040214042, 0.9686615886833515, 0.9653270291568163]",0.10181709720925407,9,"[0.08619047619047619, 0.10761904761904761, 0.13176470588235295, 0.058125, 0.095, 0.08888888888888889, 0.13117647058823528, 0.08571428571428572, 0.131875, null]",3.7186357975006104,2.218822717666626,0.2345259189605713,0.9686439037322998,0.0003814697265625,0.1397104263305664,1115755,ai08,success,
vit_b32_cifar100,CIFAR100,10,0.3,43,100,1.0,dp_avg_eps2_K20,dp_avg,100,6.442680879502149,0.112,0.49544,0.5474,0.8683,0.0444,-0.8505569884647783,0,10,"[-0.8369235947492426, -0.8345286885245902, -0.8479185938945422, -0.8400949930734217, -0.8481313031441566, -0.8565727113993514, -0.8582596173626825, -0.8686361680768679, -0.8750311177495643, -0.8394730966733646]","[0.13665432514304948, 0.1403688524590164, 0.11674375578168363, 0.12289728873936276, 0.11785643662250346, 0.11075081067597904, 0.11108825344579305, 0.09708877097375591, 0.10281304456061738, 0.11029247599910694]","[0.9735779198922921, 0.9748975409836066, 0.9646623496762258, 0.9629922818127845, 0.9659877397666601, 0.9673235220753305, 0.9693478708084756, 0.9657249390506238, 0.9778441623101817, 0.9497655726724715]",0.08726968082910111,9,"[0.08538461538461538, 0.0845, 0.1164, 0.11444444444444445, 0.08333333333333333, 0.09916666666666667, 0.051111111111111114, 0.075, 0.07608695652173914, null]",3.688016176223755,2.187474012374878,0.23081421852111816,0.9593832492828369,0.0003883838653564453,0.14081788063049316,1115755,ai08,success,
vit_b32_cifar100,CIFAR100,10,0.3,44,100,1.0,dp_avg_eps2_K20,dp_avg,100,6.44558801400764,0.131,0.49165000000000003,0.5481,0.8673,0.0565,-0.8386473693417618,0,10,"[-0.8122786304604487, -0.8068855449156407, -0.8977331272539928, -0.8554577464788732, -0.8435754189944134, -0.8599067196406979, -0.8493477861473452, -0.8027286135693215, -0.842425431711146, -0.8161346742457368]","[0.14781582054309328, 0.1746466028271774, 0.07805255023183925, 0.11725352112676056, 0.12868426122134463, 0.09345310070823977, 0.12621715965460223, 0.16224188790560473, 0.12735478806907377, 0.14669873196327066]","[0.960094451003542, 0.981532147742818, 0.975785677485832, 0.9727112676056338, 0.972259680215758, 0.9533598203489376, 0.9755649458019474, 0.9649705014749262, 0.9697802197802198, 0.9628334062090075]",0.1293120768120768,9,"[0.10636363636363637, 0.11884615384615385, 0.125, 0.12346153846153846, 0.1407142857142857, 0.22692307692307692, 0.11625, 0.07333333333333333, 0.13291666666666666, null]",3.717716693878174,2.206068277359009,0.2300581932067871,0.9692287445068359,0.0003771781921386719,0.14185786247253418,1115755,ai08,success,
vit_b32_cifar100,CIFAR100,10,0.3,42,100,1.0,dp_avg_eps8_K20,dp_avg,100,1.6124759745530783,0.1354,0.5069800000000001,0.564,0.8692,0.0563,-0.8276832651387961,0,10,"[-0.8050100200400802, -0.8493792457249941, -0.8403518622496725, -0.8105711245122385, -0.8421739130434782, -0.8172108020959291, -0.8322660098522168, -0.8112534457596886, -0.8230685527747552, -0.8455476753349094]","[0.15551102204408818, 0.11150152260482549, 0.13513007673591615, 0.14224902447676482, 0.1284782608695652, 0.14268440145102781, 0.14334975369458128, 0.1650721582617156, 0.1455930359085963, 0.11977935382190702]","[0.9605210420841683, 0.9608807683298196, 0.9754819389855887, 0.9528201489890032, 0.9706521739130435, 0.9598952035469569, 0.975615763546798, 0.9763256040214042, 0.9686615886833515, 0.9653270291568163]",0.11069444444444444,9,"[0.10142857142857142, 0.1138095238095238, 0.14411764705882352, 0.06625, 0.10111111111111111, 0.09722222222222222, 0.13588235294117648, 0.10142857142857142, 0.135, null]",3.732365608215332,2.2130205631256104,0.2339649200439453,0.9734523296356201,0.00039315223693847656,0.14000463485717773,1115755,ai08,success,
vit_b32_cifar100,CIFAR100,10,0.3,43,100,1.0,dp_avg_eps8_K20,dp_avg,100,1.6106702198755372,0.1155,0.49544,0.5474,0.8683,0.0447,-0.8451645455224025,0,10,"[-0.8325479636486032, -0.8291495901639345, -0.831822386679001, -0.8341579259845636, -0.845165117658691, -0.8450985283112995, -0.8623739971199341, -0.8674888857019935, -0.8690565098332088, -0.8347845501227953]","[0.141029956243689, 0.14574795081967212, 0.13283996299722478, 0.12883435582822086, 0.12082262210796915, 0.12222499376403093, 0.10697387368854146, 0.09823605334863043, 0.10878765247697286, 0.11498102254967627]","[0.9735779198922921, 0.9748975409836066, 0.9646623496762258, 0.9629922818127845, 0.9659877397666601, 0.9673235220753305, 0.9693478708084756, 0.9657249390506238, 0.9778441623101817, 0.9497655726724715]",0.09181329534662866,9,"[0.09423076923076923, 0.0945, 0.1092, 0.12, 0.08916666666666667, 0.105, 0.05722222222222222, 0.077, 0.08, null]",3.7103307247161865,2.2071428298950195,0.2321622371673584,0.9597916603088379,0.0003669261932373047,0.14003205299377441,1115755,ai08,success,
vit_b32_cifar100,CIFAR100,10,0.3,44,100,1.0,dp_avg_eps8_K20,dp_avg,100,1.61139700350191,0.1434,0.49165000000000003,0.5481,0.8673,0.0635,-0.8295954175691274,0,10,"[-0.8016528925619835, -0.8014135886912904, -0.8851107676455435, -0.8426056338028168, -0.8352918512810634, -0.8536880290205562, -0.8385081756384346, -0.7955383480825958, -0.8330062794348508, -0.8091386095321382]","[0.15844155844155844, 0.1801185590515276, 0.09067490984028852, 0.1301056338028169, 0.13696782893469467, 0.09967179132838141, 0.13705677016351278, 0.1694321533923304, 0.1367739403453689, 0.15369479667686925]","[0.960094451003542, 0.981532147742818, 0.975785677485832, 0.9727112676056338, 0.972259680215758, 0.9533598203489376, 0.9755649458019474, 0.9649705014749262, 0.9697802197802198, 0.9628334062090075]",0.1440819057485724,9,"[0.11954545454545455, 0.13923076923076924, 0.14055555555555554, 0.135, 0.16428571428571428, 0.23923076923076922, 0.13, 0.09222222222222222, 0.13666666666666666, null]",3.6910741329193115,2.192117929458618,0.22677946090698242,0.9605762958526611,0.00037860870361328125,0.14072489738464355,1115755,ai08,success,
vit_b32_cifar100,CIFAR100,10,0.3,42,100,1.0,labelled_probe_warmup,labelled,300,0.0,0.4415,0.5069800000000001,0.564,0.8692,0.3924,-0.5182533565494745,0,10,"[-0.5106212424849699, -0.5237760599672054, -0.49185850645704665, -0.5115289109613339, -0.6106521739130435, -0.5082627972591698, -0.5066502463054188, -0.490676179665964, -0.5025027203482046, -0.5260047281323876]","[0.4498997995991984, 0.43710470836261417, 0.483623432528542, 0.4412912380276694, 0.36, 0.45163240628778717, 0.4689655172413793, 0.48564942435544023, 0.4661588683351469, 0.4393223010244287]","[0.9605210420841683, 0.9608807683298196, 0.9754819389855887, 0.9528201489890032, 0.9706521739130435, 0.9598952035469569, 0.975615763546798, 0.9763256040214042, 0.9686615886833515, 0.9653270291568163]",0.41822705934225546,9,"[0.43666666666666665, 0.4266666666666667, 0.47411764705882353, 0.376875, 0.43, 0.39444444444444443, 0.40705882352941175, 0.3807142857142857, 0.4375, null]",3.5133306980133057,2.2049741744995117,0.021905899047851562,0.9762797355651855,0.0003726482391357422,0.1394212245941162,1115755,ai08,success,
vit_b32_cifar100,CIFAR100,10,0.3,43,100,1.0,labelled_probe_warmup,labelled,300,0.0,0.4884,0.49544,0.5474,0.8683,0.4211,-0.4746352476347179,0,10,"[-0.45304611242006054, -0.3967725409836066, -0.46308973172987977, -0.4638828418761132, -0.46628435831520665, -0.6106260912945871, -0.45422752520057597, -0.5481141545963, -0.434403783918347, -0.45590533601250277]","[0.5205318074722316, 0.578125, 0.501572617946346, 0.4991094399366713, 0.49970338145145343, 0.35669743078074334, 0.5151203456078997, 0.4176107844543238, 0.5434403783918347, 0.49386023665996875]","[0.9735779198922921, 0.9748975409836066, 0.9646623496762258, 0.9629922818127845, 0.9659877397666601, 0.9673235220753305, 0.9693478708084756, 0.9657249390506238, 0.9778441623101817, 0.9497655726724715]",0.4586148767496593,9,"[0.48538461538461536, 0.4145, 0.5052, 0.5433333333333333, 0.3491666666666667, 0.5191666666666667, 0.38, 0.456, 0.4747826086956522, null]",3.5448856353759766,2.2482330799102783,0.022101163864135742,0.9765172004699707,0.00038361549377441406,0.14020466804504395,1115755,ai08,success,
vit_b32_cifar100,CIFAR100,10,0.3,44,100,1.0,labelled_probe_warmup,labelled,300,0.0,0.4715,0.49165000000000003,0.5481,0.8673,0.4062,-0.4923224068945262,0,10,"[-0.5046044864226683, -0.5227998176014592, -0.475785677485832, -0.48591549295774644, -0.4494317087266423, -0.5607186042494385, -0.47547308469593974, -0.497787610619469, -0.49705651491365777, -0.45365107127240933]","[0.45548996458087365, 0.4587323301413589, 0.5, 0.4867957746478873, 0.5228279714891158, 0.39264121609949904, 0.5000918611060077, 0.4671828908554572, 0.472723704866562, 0.5091823349365981]","[0.960094451003542, 0.981532147742818, 0.975785677485832, 0.9727112676056338, 0.972259680215758, 0.9533598203489376, 0.9755649458019474, 0.9649705014749262, 0.9697802197802198, 0.9628334062090075]",0.4887384529051196,9,"[0.5127272727272727, 0.49846153846153846, 0.475, 0.48653846153846153, 0.56, 0.6123076923076923, 0.4216666666666667, 0.3461111111111111, 0.48583333333333334, null]",3.537437677383423,2.234419107437134,0.022072792053222656,0.9686932563781738,0.000370025634765625,0.1414780616760254,1115755,ai08,success,
vit_b32_cifar100,CIFAR100,10,0.3,42,100,1.0,no_phase0,none,0,0.0,0.0335,0.5069800000000001,0.564,0.8692,0.0121,-0.93199466661821,0,10,"[-0.9080160320641283, -0.9341766221597564, -0.949840913344563, -0.9217807733238738, -0.9480434782608695, -0.9175735590487707, -0.9472906403940886, -0.9236257499594617, -0.9294885745375409, -0.9401103230890464]","[0.05250501002004008, 0.026704146170063246, 0.02564102564102564, 0.03103937566512948, 0.022608695652173914, 0.04232164449818621, 0.02832512315270936, 0.052699854061942594, 0.03917301414581066, 0.0252167060677699]","[0.9605210420841683, 0.9608807683298196, 0.9754819389855887, 0.9528201489890032, 0.9706521739130435, 0.9598952035469569, 0.975615763546798, 0.9763256040214042, 0.9686615886833515, 0.9653270291568163]",0.023678415810768752,9,"[0.017619047619047618, 0.029523809523809525, 0.03705882352941176, 0.011875, 0.022222222222222223, 0.009444444444444445, 0.03705882352941176, 0.02142857142857143, 0.026875, null]",3.489333391189575,2.205467462539673,0.0077419281005859375,0.964606523513794,0.0003876686096191406,0.1400468349456787,1115755,ai08,success,
vit_b32_cifar100,CIFAR100,10,0.3,43,100,1.0,no_phase0,none,0,0.0,0.0315,0.49544,0.5474,0.8683,0.011,-0.9369155966400291,0,10,"[-0.9384045775833053, -0.9385245901639344, -0.9328399629972248, -0.9331090441321988, -0.9278228198536682, -0.9391369418807682, -0.9401357745319893, -0.9419188297719776, -0.9529499626587005, -0.9243134628265237]","[0.035173342308986874, 0.03637295081967213, 0.031822386679000926, 0.02988323768058579, 0.03816491991299189, 0.028186580194562234, 0.02921209627648632, 0.023806109278646206, 0.024894199651481205, 0.025452109845947757]","[0.9735779198922921, 0.9748975409836066, 0.9646623496762258, 0.9629922818127845, 0.9659877397666601, 0.9673235220753305, 0.9693478708084756, 0.9657249390506238, 0.9778441623101817, 0.9497655726724715]",0.023886708782360964,9,"[0.008461538461538461, 0.0275, 0.0352, 0.035555555555555556, 0.0325, 0.03666666666666667, 0.014444444444444444, 0.009, 0.01565217391304348, null]",3.470303773880005,2.1898691654205322,0.007909059524536133,0.9623203277587891,0.00037980079650878906,0.1405656337738037,1115755,ai08,success,
vit_b32_cifar100,CIFAR100,10,0.3,44,100,1.0,no_phase0,none,0,0.0,0.0352,0.49165000000000003,0.5481,0.8673,0.0072,-0.9322195793446271,0,10,"[-0.9112160566706021, -0.9286365709074327, -0.9556929417825862, -0.9366197183098591, -0.9358505104989405, -0.9267576438072206, -0.9474554473635862, -0.9194321533923304, -0.9366169544740973, -0.9239177962396152]","[0.048878394332939785, 0.052895576835385316, 0.02009273570324575, 0.03609154929577465, 0.03640916971681757, 0.026602176541717048, 0.028109498438361198, 0.04553834808259587, 0.03316326530612245, 0.038915609969392216]","[0.960094451003542, 0.981532147742818, 0.975785677485832, 0.9727112676056338, 0.972259680215758, 0.9533598203489376, 0.9755649458019474, 0.9649705014749262, 0.9697802197802198, 0.9628334062090075]",0.03573599240265907,9,"[0.025, 0.023846153846153847, 0.03833333333333333, 0.040769230769230766, 0.035, 0.05923076923076923, 0.034166666666666665, 0.024444444444444446, 0.04083333333333333, null]",3.4873108863830566,2.2023696899414062,0.007729053497314453,0.9649887084960938,0.0003707408905029297,0.1418168544769287,1115755,ai08,success,
vit_b32_cifar100,CIFAR100,10,0.3,42,100,1.0,raw_union_K20,raw_union,11608,0.0,0.8427,0.5069800000000001,0.564,0.8692,0.84,-0.09006776477140206,0,10,"[-0.06933867735470944, -0.06722885921761534, -0.0937675463222909, -0.08939340191557299, -0.11217391304347823, -0.09008464328899635, -0.08596059113300492, -0.09469758391438299, -0.11686615886833518, -0.08116627265563425]","[0.8911823647294589, 0.8936519091122043, 0.8817143926632978, 0.8634267470734303, 0.8584782608695652, 0.8698105602579606, 0.8896551724137931, 0.8816280201070212, 0.8517954298150163, 0.8841607565011821]","[0.9605210420841683, 0.9608807683298196, 0.9754819389855887, 0.9528201489890032, 0.9706521739130435, 0.9598952035469569, 0.975615763546798, 0.9763256040214042, 0.9686615886833515, 0.9653270291568163]",0.8334145787944807,9,"[0.8347619047619048, 0.8185714285714286, 0.8294117647058824, 0.816875, 0.8633333333333333, 0.8327777777777777, 0.84, 0.815, 0.85, null]",3.9145352840423584,2.2158126831054688,0.4202091693878174,0.9672877788543701,0.000377655029296875,0.13974571228027344,1115755,ai08,success,
vit_b32_cifar100,CIFAR100,10,0.3,43,100,1.0,raw_union_K20,raw_union,11432,0.0,0.8457,0.49544,0.5474,0.8683,0.8439,-0.09043731452009199,0,10,"[-0.07505890272635474, -0.07607581967213117, -0.0862164662349677, -0.10370077181872162, -0.09254498714652959, -0.10226989274133191, -0.06953301789755195, -0.11099956976910941, -0.09509584266865811, -0.09287787452556373]","[0.8985190171659374, 0.8988217213114754, 0.8784458834412581, 0.8592915099940629, 0.8734427526201305, 0.8650536293339985, 0.8998148529109237, 0.8547253692815144, 0.8827483196415236, 0.8568876981469078]","[0.9735779198922921, 0.9748975409836066, 0.9646623496762258, 0.9629922818127845, 0.9659877397666601, 0.9673235220753305, 0.9693478708084756, 0.9657249390506238, 0.9778441623101817, 0.9497655726724715]",0.8429544778892605,9,"[0.8423076923076923, 0.829, 0.856, 0.8644444444444445, 0.8391666666666666, 0.85, 0.8038888888888889, 0.877, 0.8247826086956521, null]",3.9161746501922607,2.220691442489624,0.415424108505249,0.9696836471557617,0.0003712177276611328,0.13990545272827148,1115755,ai08,success,
vit_b32_cifar100,CIFAR100,10,0.3,44,100,1.0,raw_union_K20,raw_union,11174,0.0,0.8402,0.49165000000000003,0.5481,0.8673,0.8358,-0.09498279700410617,0,10,"[-0.06965761511216062, -0.09530323757409942, -0.09144770736733643, -0.09700704225352108, -0.09786168368329806, -0.11970979443772667, -0.10086349439647246, -0.09605457227138647, -0.09556514913657765, -0.0863576738084828]","[0.8904368358913813, 0.8862289101687186, 0.8843379701184956, 0.8757042253521127, 0.87439799653246, 0.833650025911211, 0.874701451405475, 0.8689159292035398, 0.8742150706436421, 0.8764757324005247]","[0.960094451003542, 0.981532147742818, 0.975785677485832, 0.9727112676056338, 0.972259680215758, 0.9533598203489376, 0.9755649458019474, 0.9649705014749262, 0.9697802197802198, 0.9628334062090075]",0.8249895937395937,9,"[0.8159090909090909, 0.8103846153846154, 0.8111111111111111, 0.8388461538461538, 0.8342857142857143, 0.8492307692307692, 0.7845833333333333, 0.8272222222222222, 0.8533333333333334, null]",3.8931610584259033,2.2095999717712402,0.4077184200286865,0.974555492401123,0.0003719329833984375,0.14118146896362305,1115755,ai08,success,
vit_b32_cifar100,CIFAR100,10,0.3,42,100,1.0,warmup_only_labelled,warmup_only,300,0.0,0.3924,0.5069800000000001,0.564,0.8692,0.3924,-0.5705219501855047,0,10,"[-0.5581162324649298, -0.5666432419770437, -0.5644768856447688, -0.5468251152891097, -0.6728260869565217, -0.5519951632406288, -0.5512315270935961, -0.550024323009567, -0.5431991294885745, -0.5998817966903073]","[0.40240480961923847, 0.3942375263527758, 0.41100505334081977, 0.4059950336998936, 0.29782608695652174, 0.4079000403063281, 0.42438423645320195, 0.4263012810118372, 0.42546245919477693, 0.36544523246650906]","[0.9605210420841683, 0.9608807683298196, 0.9754819389855887, 0.9528201489890032, 0.9706521739130435, 0.9598952035469569, 0.975615763546798, 0.9763256040214042, 0.9686615886833515, 0.9653270291568163]",0.37218052961925513,9,"[0.3580952380952381, 0.3871428571428571, 0.47294117647058825, 0.34125, 0.3705555555555556, 0.35888888888888887, 0.3594117647058824, 0.33071428571428574, 0.370625, null]",2.58795428276062,2.2397823333740234,0.01794576644897461,0.0,0.0,0.15966796875,1115755,ai08,success,
vit_b32_cifar100,CIFAR100,10,0.3,43,100,1.0,warmup_only_labelled,warmup_only,300,0.0,0.4211,0.49544,0.5474,0.8683,0.4211,-0.5417698680428655,0,10,"[-0.5435880175025244, -0.45235655737704916, -0.5326549491211842, -0.5398773006134969, -0.5295629820051414, -0.6802195061112497, -0.5116231228142358, -0.6176681485730675, -0.5182972367438387, -0.4918508595668676]","[0.42998990238976775, 0.5225409836065574, 0.4320074005550416, 0.42311498119928753, 0.4364247577615187, 0.2871040159640808, 0.45772474799423984, 0.3480567904775563, 0.459546925566343, 0.45791471310560394]","[0.9735779198922921, 0.9748975409836066, 0.9646623496762258, 0.9629922818127845, 0.9659877397666601, 0.9673235220753305, 0.9693478708084756, 0.9657249390506238, 0.9778441623101817, 0.9497655726724715]",0.3963192803171064,9,"[0.43923076923076926, 0.363, 0.4564, 0.485, 0.2833333333333333, 0.45708333333333334, 0.325, 0.37, 0.38782608695652177, null]",2.528964042663574,2.2108235359191895,0.01791071891784668,0.0,0.0,0.1393735408782959,1115755,ai08,success,
vit_b32_cifar100,CIFAR100,10,0.3,44,100,1.0,warmup_only_labelled,warmup_only,300,0.0,0.4062,0.49165000000000003,0.5481,0.8673,0.4062,-0.5602918455228653,0,10,"[-0.575206611570248, -0.6158230734154126, -0.5159711488923235, -0.5373239436619718, -0.5205162781737622, -0.6363793401278286, -0.5506154694102516, -0.5628687315634218, -0.581436420722135, -0.5067774376912987]","[0.38488783943329397, 0.3657090743274054, 0.4598145285935085, 0.435387323943662, 0.45174340204199576, 0.316980480221109, 0.4249494763916958, 0.4021017699115044, 0.38834379905808475, 0.4560559685177088]","[0.960094451003542, 0.981532147742818, 0.975785677485832, 0.9727112676056338, 0.972259680215758, 0.9533598203489376, 0.9755649458019474, 0.9649705014749262, 0.9697802197802198, 0.9628334062090075]",0.4296246500413166,9,"[0.4509090909090909, 0.4430769230769231, 0.4033333333333333, 0.40192307692307694, 0.48642857142857143, 0.5769230769230769, 0.3695833333333333, 0.28944444444444445, 0.445, null]",2.5375397205352783,2.208564043045044,0.017258882522583008,0.0,0.0,0.14047002792358398,1115755,ai08,success,
vit_b32_cifar100,CIFAR100,10,1.0,42,100,1.0,dp_avg_eps2_K20,dp_avg,100,6.449903898212313,0.1349,0.70642,0.7586,0.8692,0.0514,-0.8185560174742015,0,10,"[-0.8184952342324072, -0.8272327964860908, -0.8119122257053292, -0.8233995584988962, -0.8160556257901391, -0.8278145695364238, -0.8147468818782099, -0.8084186575654153, -0.8157842554035296, -0.8217003696455751]","[0.14053944433177853, 0.13396778916544655, 0.14380877742946707, 0.15091310455548868, 0.14749262536873156, 0.1332530604053783, 0.13536316947909025, 0.15608646188850966, 0.14118580210192347, 0.1354642313546423]","[0.9590346785641858, 0.9612005856515373, 0.9557210031347962, 0.9743126630543849, 0.9635482511588707, 0.9610676299418022, 0.9501100513573001, 0.9645051194539249, 0.956970057505453, 0.9571646010002174]",0.13,6,"[0.16666666666666666, null, 0.02, 0.13, 0.26, 0.1, null, 0.10333333333333333, null, null]",3.7476015090942383,2.2183425426483154,0.27274131774902344,0.9669780731201172,0.00037479400634765625,0.13112211227416992,1115755,ai08,success,
vit_b32_cifar100,CIFAR100,10,1.0,43,100,1.0,dp_avg_eps2_K20,dp_avg,100,6.442680879502149,0.1188,0.7021,0.7556,0.8683,0.0419,-0.839024002380936,0,10,"[-0.8220871751886002, -0.8228796105598203, -0.8348860257680872, -0.84152436484798, -0.8373088685015291, -0.8585209003215434, -0.8488188976377953, -0.8470844902816344, -0.8419926055652851, -0.8351370851370852]","[0.1286672254819782, 0.14248268114585283, 0.12566897918731418, 0.12140774677217826, 0.11580020387359836, 0.09646302250803858, 0.11901012373453318, 0.1124553748512495, 0.1284296555750146, 0.1275252525252525]","[0.9507544006705784, 0.9653622917056731, 0.9605550049554014, 0.9629321116201582, 0.9531090723751274, 0.954983922829582, 0.9678290213723285, 0.9595398651328838, 0.9704222611402997, 0.9626623376623377]",0.12,4,"[0.08, 0.05, null, null, null, null, null, 0.18, 0.17, null]",3.7501306533813477,2.217686653137207,0.2765672206878662,0.9672350883483887,0.0003731250762939453,0.1304333209991455,1115755,ai08,success,
vit_b32_cifar100,CIFAR100,10,1.0,44,100,1.0,dp_avg_eps2_K20,dp_avg,100,6.44558801400764,0.1487,0.69889,0.7359,0.8673,0.0601,-0.8161327575738397,0,10,"[-0.822232645403377, -0.7977736549165121, -0.8219547623988379, -0.8074667709147771, -0.8129556342428661, -0.8196143479162348, -0.8245151572208623, -0.8183121671446129, -0.8130350194552529, -0.8234674161250659]","[0.1397748592870544, 0.15295815295815296, 0.13716538700975306, 0.1563721657544957, 0.14309518850239533, 0.14182044370723615, 0.14008661269064207, 0.14297419090536664, 0.1472762645914397, 0.1357807834182329]","[0.9620075046904315, 0.950731807874665, 0.959120149408591, 0.9638389366692729, 0.9560508227452614, 0.9614347916234709, 0.9646017699115044, 0.9612863580499795, 0.9603112840466926, 0.9592481995432988]",0.128125,4,"[0.1775, 0.075, null, 0.01, 0.25, null, null, null, null, null]",3.7245450019836426,2.19275164604187,0.2752854824066162,0.9671375751495361,0.0003685951232910156,0.13129162788391113,1115755,ai08,success,
vit_b32_cifar100,CIFAR100,10,1.0,42,100,1.0,dp_avg_eps8_K20,dp_avg,100,1.6124759745530783,0.1401,0.70642,0.7586,0.8692,0.0572,-0.8138967074624525,0,10,"[-0.8077469073210303, -0.8213762811127379, -0.8089733542319749, -0.8151715833835039, -0.8173198482932996, -0.820389323700582, -0.8066764490095378, -0.8034129692832764, -0.8159825500694031, -0.821917808219178]","[0.15128777124315554, 0.1398243045387994, 0.14674764890282133, 0.159141079670881, 0.146228402865571, 0.14067830624122016, 0.14343360234776228, 0.16109215017064846, 0.14098750743604996, 0.13524679278103935]","[0.9590346785641858, 0.9612005856515373, 0.9557210031347962, 0.9743126630543849, 0.9635482511588707, 0.9610676299418022, 0.9501100513573001, 0.9645051194539249, 0.956970057505453, 0.9571646010002174]",0.14138888888888887,6,"[0.16333333333333333, null, 0.04, 0.155, 0.2733333333333333, 0.11, null, 0.10666666666666667, null, null]",3.7414345741271973,2.2107441425323486,0.27544403076171875,0.965132474899292,0.00037384033203125,0.1310124397277832,1115755,ai08,success,
vit_b32_cifar100,CIFAR100,10,1.0,43,100,1.0,dp_avg_eps8_K20,dp_avg,100,1.6106702198755372,0.1216,0.7021,0.7556,0.8683,0.0445,-0.8319563097584041,0,10,"[-0.8084660519698239, -0.8131436060662798, -0.8336967294350842, -0.8329862557267804, -0.8299694189602447, -0.8512325830653805, -0.843644544431946, -0.8435144783815947, -0.8349873516248298, -0.827922077922078]","[0.1422883487007544, 0.15221868563939336, 0.12685827552031714, 0.12994585589337776, 0.12313965341488277, 0.1037513397642015, 0.12418447694038245, 0.11602538675128918, 0.13543490951546994, 0.13474025974025974]","[0.9507544006705784, 0.9653622917056731, 0.9605550049554014, 0.9629321116201582, 0.9531090723751274, 0.954983922829582, 0.9678290213723285, 0.9595398651328838, 0.9704222611402997, 0.9626623376623377]",0.12,4,"[0.11, 0.07, null, null, null, null, null, 0.13, 0.17, null]",3.7532269954681396,2.22367787361145,0.2754638195037842,0.9662384986877441,0.00037169456481933594,0.13004302978515625,1115755,ai08,success,
vit_b32_cifar100,CIFAR100,10,1.0,44,100,1.0,dp_avg_eps8_K20,dp_avg,100,1.61139700350191,0.1538,0.69889,0.7359,0.8673,0.0648,-0.8097521079092281,0,10,"[-0.8227016885553471, -0.7889095031952176, -0.8130317493255863, -0.8014073494917905, -0.8054571964174131, -0.8169189301264773, -0.8158538881566559, -0.8078656288406391, -0.8015564202334631, -0.8238187247496926]","[0.13930581613508441, 0.16182230467944753, 0.14608840008300478, 0.1624315871774824, 0.15059362632784837, 0.14451586149699358, 0.14874788175484843, 0.15342072920934044, 0.15875486381322956, 0.13542947479360617]","[0.9620075046904315, 0.950731807874665, 0.959120149408591, 0.9638389366692729, 0.9560508227452614, 0.9614347916234709, 0.9646017699115044, 0.9612863580499795, 0.9603112840466926, 0.9592481995432988]",0.134375,4,"[0.1775, 0.06, null, 0.01, 0.29, null, null, null, null, null]",3.7786612510681152,2.231121301651001,0.2741522789001465,0.984605073928833,0.00038909912109375,0.13103103637695312,1115755,ai08,success,
vit_b32_cifar100,CIFAR100,10,1.0,42,100,1.0,labelled_probe_warmup,labelled,300,0.0,0.4486,0.70642,0.7586,0.8692,0.3924,-0.5048819671241322,0,10,"[-0.5173392820928817, -0.4870058565153733, -0.5096003134796239, -0.48946417820590005, -0.5025284450063212, -0.46738912301826213, -0.4888114453411592, -0.5219567690557452, -0.5052548086456474, -0.5594694498804087]","[0.441695396471304, 0.474194729136164, 0.44612068965517243, 0.48484848484848486, 0.4610198061525495, 0.49367850692354004, 0.46129860601614087, 0.44254835039817975, 0.4517152488598057, 0.39769515111980863]","[0.9590346785641858, 0.9612005856515373, 0.9557210031347962, 0.9743126630543849, 0.9635482511588707, 0.9610676299418022, 0.9501100513573001, 0.9645051194539249, 0.956970057505453, 0.9571646010002174]",0.44583333333333336,6,"[0.4866666666666667, null, 0.0, 0.315, 0.3, 0.78, null, 0.7933333333333333, null, null]",3.5072991847991943,2.207028865814209,0.02190542221069336,0.9876353740692139,0.00037360191345214844,0.13406991958618164,1115755,ai08,success,
vit_b32_cifar100,CIFAR100,10,1.0,43,100,1.0,labelled_probe_warmup,labelled,300,0.0,0.4967,0.7021,0.7556,0.8683,0.4211,-0.46333295497924504,0,10,"[-0.4572506286672255, -0.4486051301254447, -0.446778989098117, -0.4127446897126197, -0.46055045871559636, -0.48017148981779206, -0.4560179977502813, -0.5023800079333598, -0.5041836933255498, -0.46464646464646464]","[0.4935037720033529, 0.5167571615802284, 0.5137760158572844, 0.5501874219075386, 0.4925586136595311, 0.47481243301178994, 0.5118110236220472, 0.457159857199524, 0.4662385678147499, 0.498015873015873]","[0.9507544006705784, 0.9653622917056731, 0.9605550049554014, 0.9629321116201582, 0.9531090723751274, 0.954983922829582, 0.9678290213723285, 0.9595398651328838, 0.9704222611402997, 0.9626623376623377]",0.48250000000000004,4,"[0.45, 0.0, null, null, null, null, null, 0.55, 0.93, null]",3.527021646499634,2.2284600734710693,0.022030115127563477,0.9742460250854492,0.00038886070251464844,0.1307051181793213,1115755,ai08,success,
vit_b32_cifar100,CIFAR100,10,1.0,44,100,1.0,labelled_probe_warmup,labelled,300,0.0,0.4789,0.69889,0.7359,0.8673,0.4062,-0.47372972096293886,0,10,"[-0.424015009380863, -0.49639249639249644, -0.44303797468354433, -0.5127052384675528, -0.4855238491980838, -0.47522289031723, -0.4814535868951233, -0.47378123719786974, -0.46984435797665375, -0.4753205691199719]","[0.5379924953095685, 0.4543393114821686, 0.5160821747250467, 0.4511336982017201, 0.47052697354717765, 0.4862119013062409, 0.48314818301638107, 0.4875051208521098, 0.4904669260700389, 0.48392763042332687]","[0.9620075046904315, 0.950731807874665, 0.959120149408591, 0.9638389366692729, 0.9560508227452614, 0.9614347916234709, 0.9646017699115044, 0.9612863580499795, 0.9603112840466926, 0.9592481995432988]",0.40750000000000003,4,"[0.165, 0.625, null, 0.33, 0.51, null, null, null, null, null]",3.536611318588257,2.228905200958252,0.022108078002929688,0.9825973510742188,0.00037550926208496094,0.1307086944580078,1115755,ai08,success,
vit_b32_cifar100,CIFAR100,10,1.0,42,100,1.0,no_phase0,none,0,0.0,0.0358,0.70642,0.7586,0.8692,0.0121,-0.9228298488586193,0,10,"[-0.9160413709186778, -0.9222181551976574, -0.9206504702194357, -0.9295605057194462, -0.9279393173198484, -0.9227373068432672, -0.9159941305942774, -0.9292377701934016, -0.9185008923259964, -0.9254185692541856]","[0.04299330764550801, 0.03898243045387994, 0.035070532915360504, 0.04475215733493879, 0.03560893383902233, 0.03833032309853502, 0.03411592076302274, 0.03526734926052332, 0.03846916517945667, 0.031746031746031744]","[0.9590346785641858, 0.9612005856515373, 0.9557210031347962, 0.9743126630543849, 0.9635482511588707, 0.9610676299418022, 0.9501100513573001, 0.9645051194539249, 0.956970057505453, 0.9571646010002174]",0.027777777777777776,6,"[0.016666666666666666, null, 0.0, 0.08, 0.03, 0.01, null, 0.03, null, null]",3.4654712677001953,2.2017393112182617,0.00765228271484375,0.964174747467041,0.0003650188446044922,0.13128447532653809,1115755,ai08,success,
vit_b32_cifar100,CIFAR100,10,1.0,43,100,1.0,no_phase0,none,0,0.0,0.032,0.7021,0.7556,0.8683,0.011,-0.9303130621073741,0,10,"[-0.9151299245599329, -0.9342819696686014, -0.931219028741328, -0.936484798000833, -0.9249745158002038, -0.9311897106109325, -0.9374578177727785, -0.92840142800476, -0.9332554971784395, -0.9307359307359307]","[0.03562447611064543, 0.03108032203707171, 0.02933597621407334, 0.026447313619325282, 0.028134556574923548, 0.023794212218649517, 0.030371203599550055, 0.03113843712812376, 0.037166763961860284, 0.03192640692640693]","[0.9507544006705784, 0.9653622917056731, 0.9605550049554014, 0.9629321116201582, 0.9531090723751274, 0.954983922829582, 0.9678290213723285, 0.9595398651328838, 0.9704222611402997, 0.9626623376623377]",0.03,4,"[0.04, 0.0, null, null, null, null, null, 0.05, 0.03, null]",3.479093074798584,2.204457998275757,0.007937908172607422,0.9657161235809326,0.00038313865661621094,0.13040757179260254,1115755,ai08,success,
vit_b32_cifar100,CIFAR100,10,1.0,44,100,1.0,no_phase0,none,0,0.0,0.0389,0.69889,0.7359,0.8673,0.0072,-0.919778707986349,0,10,"[-0.924015009380863, -0.906823335394764, -0.9176177630213738, -0.9190774042220485, -0.9187669235575922, -0.9210035247771097, -0.9231783091696478, -0.9233920524375256, -0.9229571984435798, -0.9209555594589847]","[0.03799249530956848, 0.04390847247990105, 0.04150238638721727, 0.044761532447224396, 0.03728389918766924, 0.04043126684636118, 0.04142346074185652, 0.03789430561245391, 0.03735408560311284, 0.03829264008431407]","[0.9620075046904315, 0.950731807874665, 0.959120149408591, 0.9638389366692729, 0.9560508227452614, 0.9614347916234709, 0.9646017699115044, 0.9612863580499795, 0.9603112840466926, 0.9592481995432988]",0.058750000000000004,4,"[0.03, 0.005, null, 0.0, 0.2, null, null, null, null, null]",3.4714441299438477,2.2113630771636963,0.007794857025146484,0.9648149013519287,0.0003719329833984375,0.1303105354309082,1115755,ai08,success,
vit_b32_cifar100,CIFAR100,10,1.0,42,100,1.0,raw_union_K20,raw_union,16992,0.0,0.8547,0.70642,0.7586,0.8692,0.8524,-0.06583993253291323,0,10,"[-0.06793753802474145, -0.07521961932650068, -0.06093260188087779, -0.06120810756572348, -0.07142857142857151, -0.07405177603853108, -0.06291269258987531, -0.05984072810011376, -0.06246281975014867, -0.06240487062404865]","[0.8910971405394443, 0.8859809663250366, 0.8947884012539185, 0.9131045554886614, 0.8921196797302992, 0.8870158539032711, 0.8871973587674248, 0.9046643913538112, 0.8945072377553044, 0.8947597303761687]","[0.9590346785641858, 0.9612005856515373, 0.9557210031347962, 0.9743126630543849, 0.9635482511588707, 0.9610676299418022, 0.9501100513573001, 0.9645051194539249, 0.956970057505453, 0.9571646010002174]",0.8388888888888889,6,"[0.8866666666666667, null, 0.64, 0.82, 0.8566666666666667, 0.93, null, 0.9, null, null]",4.069728374481201,2.225123882293701,0.583315372467041,0.9721789360046387,0.0003705024719238281,0.13118314743041992,1115755,ai08,success,
vit_b32_cifar100,CIFAR100,10,1.0,43,100,1.0,raw_union_K20,raw_union,16877,0.0,0.8529,0.7021,0.7556,0.8683,0.8495,-0.06692730364092296,0,10,"[-0.0637049455155071, -0.06272233664107851, -0.07155599603567886, -0.05497709287796748, -0.05993883792048926, -0.0784565916398714, -0.06861642294713166, -0.06426021420071404, -0.07433352792372061, -0.07070707070707072]","[0.8870494551550713, 0.9026399550645946, 0.8889990089197225, 0.9079550187421908, 0.8931702344546382, 0.8765273311897106, 0.8992125984251969, 0.8952796509321698, 0.8960887332165791, 0.891955266955267]","[0.9507544006705784, 0.9653622917056731, 0.9605550049554014, 0.9629321116201582, 0.9531090723751274, 0.954983922829582, 0.9678290213723285, 0.9595398651328838, 0.9704222611402997, 0.9626623376623377]",0.8375,4,"[0.86, 0.8, null, null, null, null, null, 0.85, 0.84, null]",4.084515810012817,2.237598180770874,0.5849461555480957,0.9738750457763672,0.00038123130798339844,0.1304779052734375,1115755,ai08,success,
vit_b32_cifar100,CIFAR100,10,1.0,44,100,1.0,raw_union_K20,raw_union,16800,0.0,0.851,0.69889,0.7359,0.8673,0.8461,-0.06704406261600848,0,10,"[-0.06308630393996251, -0.07173778602350034, -0.06391367503631462, -0.05942142298670838, -0.06956883982503648, -0.07816711590296499, -0.06853699868198071, -0.0637034002458009, -0.061867704280155644, -0.07043737923766025]","[0.898921200750469, 0.8789940218511647, 0.8952064743722764, 0.9044175136825645, 0.886481982920225, 0.8832676757205059, 0.8960647712295237, 0.8975829578041786, 0.898443579766537, 0.8888108203056385]","[0.9620075046904315, 0.950731807874665, 0.959120149408591, 0.9638389366692729, 0.9560508227452614, 0.9614347916234709, 0.9646017699115044, 0.9612863580499795, 0.9603112840466926, 0.9592481995432988]",0.79375,4,"[0.84, 0.785, null, 0.63, 0.92, null, null, null, null, null]",4.057881593704224,2.225724220275879,0.5751538276672363,0.9672374725341797,0.0003681182861328125,0.13116955757141113,1115755,ai08,success,
vit_b32_cifar100,CIFAR100,10,1.0,42,100,1.0,warmup_only_labelled,warmup_only,300,0.0,0.3924,0.70642,0.7586,0.8692,0.3924,-0.5642470558343838,0,10,"[-0.571689312512675, -0.5408125915080527, -0.5738636363636364, -0.557294802327915, -0.5463548251158872, -0.5243829018663456, -0.5497065297138665, -0.5893060295790671, -0.561967083085465, -0.6270928462709284]","[0.3873453660515109, 0.4203879941434846, 0.3818573667711599, 0.41701786072647, 0.41719342604298354, 0.43668472807545655, 0.4004035216434336, 0.3751990898748578, 0.3950029744199881, 0.33007175472928896]","[0.9590346785641858, 0.9612005856515373, 0.9557210031347962, 0.9743126630543849, 0.9635482511588707, 0.9610676299418022, 0.9501100513573001, 0.9645051194539249, 0.956970057505453, 0.9571646010002174]",0.4122222222222222,6,"[0.36666666666666664, null, 0.0, 0.42, 0.11, 0.88, null, 0.6966666666666667, null, null]",2.514436960220337,2.1965420246124268,0.017040491104125977,0.0,0.0,0.13007450103759766,1115755,ai08,success,
vit_b32_cifar100,CIFAR100,10,1.0,43,100,1.0,warmup_only_labelled,warmup_only,300,0.0,0.4211,0.7021,0.7556,0.8683,0.4211,-0.5383502699602066,0,10,"[-0.5377200335289187, -0.5296760906197342, -0.5256689791873141, -0.4966680549770928, -0.528236493374108, -0.5393354769560557, -0.5201349831271092, -0.5868702895676319, -0.5748200038918079, -0.5443722943722944]","[0.4130343671416597, 0.435686201085939, 0.4348860257680872, 0.4662640566430654, 0.4248725790010194, 0.4156484458735263, 0.44769403824521936, 0.3726695755652519, 0.3956022572484919, 0.41829004329004327]","[0.9507544006705784, 0.9653622917056731, 0.9605550049554014, 0.9629321116201582, 0.9531090723751274, 0.954983922829582, 0.9678290213723285, 0.9595398651328838, 0.9704222611402997, 0.9626623376623377]",0.4225,4,"[0.32, 0.0, null, null, null, null, null, 0.44, 0.93, null]",2.5150539875030518,2.1984152793884277,0.017342567443847656,0.0,0.0,0.12957096099853516,1115755,ai08,success,
vit_b32_cifar100,CIFAR100,10,1.0,44,100,1.0,warmup_only_labelled,warmup_only,300,0.0,0.4062,0.69889,0.7359,0.8673,0.4062,-0.5521998920476345,0,10,"[-0.5032833020637899, -0.5794681508967223, -0.5343432247354223, -0.5897185301016419, -0.5594667777546345, -0.5421936554012026, -0.5401995857653925, -0.5669807455960671, -0.5595330739299611, -0.5468118742315123]","[0.45872420262664165, 0.37126365697794267, 0.4247769246731687, 0.37412040656763096, 0.39658404499062694, 0.4192411362222683, 0.42440218414611186, 0.3943056124539123, 0.40077821011673154, 0.4124363253117864]","[0.9620075046904315, 0.950731807874665, 0.959120149408591, 0.9638389366692729, 0.9560508227452614, 0.9614347916234709, 0.9646017699115044, 0.9612863580499795, 0.9603112840466926, 0.9592481995432988]",0.306875,4,"[0.0375, 0.63, null, 0.28, 0.28, null, null, null, null, null]",2.5260961055755615,2.208371162414551,0.017498016357421875,0.0,0.0,0.12935113906860352,1115755,ai08,success,
vit_b32_cifar100,CIFAR100,1,0.01,42,100,1.0,dp_avg_eps2_K20,dp_avg,100,6.449903898212313,0.0965,0.861,0.861,0.8692,0.0316,-0.8273440643863179,0,1,[-0.8273440643863179],[0.09883299798792756],[0.9261770623742455],,0,[null],2.5958659648895264,2.111017942428589,0.0673208236694336,0.1282179355621338,8.177757263183594e-05,0.12471508979797363,1115755,ai08,success,
vit_b32_cifar100,CIFAR100,1,0.01,43,100,1.0,dp_avg_eps2_K20,dp_avg,100,6.442680879502149,0.0823,0.8676,0.8676,0.8683,0.0243,-0.8466197183098592,0,1,[-0.8466197183098592],[0.08295774647887325],[0.9295774647887324],,0,[null],2.6051547527313232,2.138488531112671,0.05921602249145508,0.1233980655670166,8.463859558105469e-05,0.1253800392150879,1115755,ai08,success,
vit_b32_cifar100,CIFAR100,1,0.01,44,100,1.0,dp_avg_eps2_K20,dp_avg,100,6.44558801400764,0.0967,0.867,0.867,0.8673,0.0291,-0.834486921529175,0,1,[-0.834486921529175],[0.0964989939637827],[0.9309859154929577],,0,[null],2.577568531036377,2.1138033866882324,0.058770179748535156,0.12302327156066895,8.416175842285156e-05,0.12461113929748535,1115755,ai08,success,
vit_b32_cifar100,CIFAR100,1,0.01,42,100,1.0,dp_avg_eps8_K20,dp_avg,100,1.6124759745530783,0.1425,0.861,0.861,0.8692,0.0545,-0.7795171026156942,0,1,[-0.7795171026156942],[0.1466599597585513],[0.9261770623742455],,0,[null],2.591688394546509,2.125676393508911,0.05910968780517578,0.12444496154785156,9.584426879882812e-05,0.12418365478515625,1115755,ai08,success,
vit_b32_cifar100,CIFAR100,1,0.01,43,100,1.0,dp_avg_eps8_K20,dp_avg,100,1.6106702198755372,0.1278,0.8676,0.8676,0.8683,0.0444,-0.79579476861167,0,1,[-0.79579476861167],[0.13378269617706237],[0.9295774647887324],,0,[null],2.571735382080078,2.1051058769226074,0.05915689468383789,0.12457489967346191,8.821487426757812e-05,0.12466263771057129,1115755,ai08,success,
vit_b32_cifar100,CIFAR100,1,0.01,44,100,1.0,dp_avg_eps8_K20,dp_avg,100,1.61139700350191,0.1529,0.867,0.867,0.8673,0.0593,-0.7794366197183098,0,1,[-0.7794366197183098],[0.15154929577464787],[0.9309859154929577],,0,[null],2.5889198780059814,2.117351770401001,0.0650782585144043,0.12406730651855469,8.225440979003906e-05,0.12467241287231445,1115755,ai08,success,
vit_b32_cifar100,CIFAR100,1,0.01,42,100,1.0,labelled_probe_warmup,labelled,300,0.0,0.4531,0.861,0.861,0.8692,0.3924,-0.46621730382293763,0,1,[-0.46621730382293763],[0.45995975855130783],[0.9261770623742455],,0,[null],2.554241180419922,2.117520332336426,0.02161431312561035,0.12256407737731934,8.821487426757812e-05,0.12372183799743652,1115755,ai08,success,
vit_b32_cifar100,CIFAR100,1,0.01,43,100,1.0,labelled_probe_warmup,labelled,300,0.0,0.5007,0.8676,0.8676,0.8683,0.4211,-0.4269416498993963,0,1,[-0.4269416498993963],[0.5026358148893361],[0.9295774647887324],,0,[null],2.562389612197876,2.1095633506774902,0.021585941314697266,0.1504514217376709,7.748603820800781e-05,0.12453150749206543,1115755,ai08,success,
vit_b32_cifar100,CIFAR100,1,0.01,44,100,1.0,labelled_probe_warmup,labelled,300,0.0,0.4847,0.867,0.867,0.8673,0.4062,-0.44002012072434604,0,1,[-0.44002012072434604],[0.4909657947686117],[0.9309859154929577],,0,[null],2.5645885467529297,2.1306450366973877,0.0214536190032959,0.12224459648132324,7.82012939453125e-05,0.12421965599060059,1115755,ai08,success,
vit_b32_cifar100,CIFAR100,1,0.01,42,100,1.0,no_phase0,none,0,0.0,0.0399,0.861,0.861,0.8692,0.0121,-0.8834004024144869,0,1,[-0.8834004024144869],[0.04277665995975855],[0.9261770623742455],,0,[null],10.025604009628296,2.3479390144348145,0.008386373519897461,0.176832914352417,0.000804901123046875,0.1251201629638672,1115755,ai08,success,
vit_b32_cifar100,CIFAR100,1,0.01,43,100,1.0,no_phase0,none,0,0.0,0.0338,0.8676,0.8676,0.8683,0.011,-0.8955734406438631,0,1,[-0.8955734406438631],[0.034004024144869215],[0.9295774647887324],,0,[null],2.567790985107422,2.1383111476898193,0.00801396369934082,0.12625360488891602,9.679794311523438e-05,0.12451577186584473,1115755,ai08,success,
vit_b32_cifar100,CIFAR100,1,0.01,44,100,1.0,no_phase0,none,0,0.0,0.0429,0.867,0.867,0.8673,0.0072,-0.8852112676056337,0,1,[-0.8852112676056337],[0.045774647887323945],[0.9309859154929577],,0,[null],2.5882794857025146,2.1340198516845703,0.00785374641418457,0.15294170379638672,8.0108642578125e-05,0.12473607063293457,1115755,ai08,success,
vit_b32_cifar100,CIFAR100,1,0.01,42,100,1.0,raw_union_K20,raw_union,2000,0.0,0.7873,0.861,0.861,0.8692,0.7815,-0.12917505030181087,0,1,[-0.12917505030181087],[0.7970020120724346],[0.9261770623742455],,0,[null],2.613250255584717,2.1130971908569336,0.09495401382446289,0.12359237670898438,0.00010275840759277344,0.12476015090942383,1115755,ai08,success,
vit_b32_cifar100,CIFAR100,1,0.01,43,100,1.0,raw_union_K20,raw_union,2000,0.0,0.7962,0.8676,0.8676,0.8683,0.79,-0.12957746478873233,0,1,[-0.12957746478873233],[0.8],[0.9295774647887324],,0,[null],2.6423439979553223,2.13417387008667,0.09204745292663574,0.12465548515319824,9.012222290039062e-05,0.12468981742858887,1115755,ai08,success,
vit_b32_cifar100,CIFAR100,1,0.01,44,100,1.0,raw_union_K20,raw_union,2000,0.0,0.7929,0.867,0.867,0.8673,0.7863,-0.13146881287726353,0,1,[-0.13146881287726353],[0.7995171026156942],[0.9309859154929577],,0,[null],2.622150421142578,2.114863634109497,0.09920048713684082,0.12478852272033691,8.249282836914062e-05,0.12446928024291992,1115755,ai08,success,
vit_b32_cifar100,CIFAR100,1,0.01,42,100,1.0,warmup_only_labelled,warmup_only,300,0.0,0.3924,0.861,0.861,0.8692,0.3924,-0.5291549295774648,0,1,[-0.5291549295774648],[0.39702213279678067],[0.9261770623742455],,0,[null],2.428534746170044,2.118903875350952,0.01924872398376465,0.0,0.0,0.12377071380615234,1115755,ai08,success,
vit_b32_cifar100,CIFAR100,1,0.01,43,100,1.0,warmup_only_labelled,warmup_only,300,0.0,0.4211,0.8676,0.8676,0.8683,0.4211,-0.5075452716297786,0,1,[-0.5075452716297786],[0.42203219315895374],[0.9295774647887324],,0,[null],2.42236328125,2.1198549270629883,0.01751565933227539,0.0,0.0,0.12633037567138672,1115755,ai08,success,
vit_b32_cifar100,CIFAR100,1,0.01,44,100,1.0,warmup_only_labelled,warmup_only,300,0.0,0.4062,0.867,0.867,0.8673,0.4062,-0.523923541247485,0,1,[-0.523923541247485],[0.4070623742454728],[0.9309859154929577],,0,[null],2.410344123840332,2.1091341972351074,0.018628597259521484,0.0,0.0,0.1237328052520752,1115755,ai08,success,
vit_b32_cifar100,CIFAR100,1,0.05,42,100,1.0,dp_avg_eps2_K20,dp_avg,100,6.449903898212313,0.0965,0.861,0.861,0.8692,0.0316,-0.8273440643863179,0,1,[-0.8273440643863179],[0.09883299798792756],[0.9261770623742455],,0,[null],2.583441972732544,2.1154592037200928,0.059206485748291016,0.12690424919128418,8.20159912109375e-05,0.12425637245178223,1115755,ai08,success,
vit_b32_cifar100,CIFAR100,1,0.05,43,100,1.0,dp_avg_eps2_K20,dp_avg,100,6.442680879502149,0.0823,0.8676,0.8676,0.8683,0.0243,-0.8466197183098592,0,1,[-0.8466197183098592],[0.08295774647887325],[0.9295774647887324],,0,[null],2.5934901237487793,2.126793622970581,0.05929684638977051,0.12566018104553223,9.417533874511719e-05,0.12424826622009277,1115755,ai08,success,
vit_b32_cifar100,CIFAR100,1,0.05,44,100,1.0,dp_avg_eps2_K20,dp_avg,100,6.44558801400764,0.0967,0.867,0.867,0.8673,0.0291,-0.834486921529175,0,1,[-0.834486921529175],[0.0964989939637827],[0.9309859154929577],,0,[null],2.595496416091919,2.130038022994995,0.05908846855163574,0.12397432327270508,8.273124694824219e-05,0.12434077262878418,1115755,ai08,success,
vit_b32_cifar100,CIFAR100,1,0.05,42,100,1.0,dp_avg_eps8_K20,dp_avg,100,1.6124759745530783,0.1425,0.861,0.861,0.8692,0.0545,-0.7795171026156942,0,1,[-0.7795171026156942],[0.1466599597585513],[0.9261770623742455],,0,[null],2.5546252727508545,2.0896263122558594,0.05866670608520508,0.12331557273864746,8.20159912109375e-05,0.12471604347229004,1115755,ai08,success,
vit_b32_cifar100,CIFAR100,1,0.05,43,100,1.0,dp_avg_eps8_K20,dp_avg,100,1.6106702198755372,0.1278,0.8676,0.8676,0.8683,0.0444,-0.79579476861167,0,1,[-0.79579476861167],[0.13378269617706237],[0.9295774647887324],,0,[null],2.594043493270874,2.1274712085723877,0.061592817306518555,0.12362146377563477,8.153915405273438e-05,0.12430381774902344,1115755,ai08,success,
vit_b32_cifar100,CIFAR100,1,0.05,44,100,1.0,dp_avg_eps8_K20,dp_avg,100,1.61139700350191,0.1529,0.867,0.867,0.8673,0.0593,-0.7794366197183098,0,1,[-0.7794366197183098],[0.15154929577464787],[0.9309859154929577],,0,[null],2.623215436935425,2.1498031616210938,0.0588533878326416,0.12631797790527344,8.106231689453125e-05,0.12418651580810547,1115755,ai08,success,
vit_b32_cifar100,CIFAR100,1,0.05,42,100,1.0,labelled_probe_warmup,labelled,300,0.0,0.4531,0.861,0.861,0.8692,0.3924,-0.46621730382293763,0,1,[-0.46621730382293763],[0.45995975855130783],[0.9261770623742455],,0,[null],2.5510306358337402,2.122147798538208,0.022322654724121094,0.1241452693939209,9.846687316894531e-05,0.1245880126953125,1115755,ai08,success,
vit_b32_cifar100,CIFAR100,1,0.05,43,100,1.0,labelled_probe_warmup,labelled,300,0.0,0.5007,0.8676,0.8676,0.8683,0.4211,-0.4269416498993963,0,1,[-0.4269416498993963],[0.5026358148893361],[0.9295774647887324],,0,[null],2.5571131706237793,2.1272428035736084,0.021989822387695312,0.1247413158416748,8.320808410644531e-05,0.12461566925048828,1115755,ai08,success,
vit_b32_cifar100,CIFAR100,1,0.05,44,100,1.0,labelled_probe_warmup,labelled,300,0.0,0.4847,0.867,0.867,0.8673,0.4062,-0.44002012072434604,0,1,[-0.44002012072434604],[0.4909657947686117],[0.9309859154929577],,0,[null],2.5736172199249268,2.129667043685913,0.021895170211791992,0.12408280372619629,8.106231689453125e-05,0.12468934059143066,1115755,ai08,success,
vit_b32_cifar100,CIFAR100,1,0.05,42,100,1.0,no_phase0,none,0,0.0,0.0399,0.861,0.861,0.8692,0.0121,-0.8834004024144869,0,1,[-0.8834004024144869],[0.04277665995975855],[0.9261770623742455],,0,[null],2.535496950149536,2.114361047744751,0.00771021842956543,0.12346792221069336,8.106231689453125e-05,0.12427067756652832,1115755,ai08,success,
vit_b32_cifar100,CIFAR100,1,0.05,43,100,1.0,no_phase0,none,0,0.0,0.0338,0.8676,0.8676,0.8683,0.011,-0.8955734406438631,0,1,[-0.8955734406438631],[0.034004024144869215],[0.9295774647887324],,0,[null],2.567657232284546,2.153928518295288,0.007609128952026367,0.12339234352111816,8.153915405273438e-05,0.12505149841308594,1115755,ai08,success,
vit_b32_cifar100,CIFAR100,1,0.05,44,100,1.0,no_phase0,none,0,0.0,0.0429,0.867,0.867,0.8673,0.0072,-0.8852112676056337,0,1,[-0.8852112676056337],[0.045774647887323945],[0.9309859154929577],,0,[null],2.5304675102233887,2.1153676509857178,0.007802009582519531,0.1236412525177002,8.225440979003906e-05,0.12451386451721191,1115755,ai08,success,
vit_b32_cifar100,CIFAR100,1,0.05,42,100,1.0,raw_union_K20,raw_union,2000,0.0,0.7873,0.861,0.861,0.8692,0.7815,-0.12917505030181087,0,1,[-0.12917505030181087],[0.7970020120724346],[0.9261770623742455],,0,[null],2.6317317485809326,2.130354881286621,0.09472036361694336,0.12454605102539062,8.225440979003906e-05,0.1242523193359375,1115755,ai08,success,
vit_b32_cifar100,CIFAR100,1,0.05,43,100,1.0,raw_union_K20,raw_union,2000,0.0,0.7962,0.8676,0.8676,0.8683,0.79,-0.12957746478873233,0,1,[-0.12957746478873233],[0.8],[0.9295774647887324],,0,[null],2.62469744682312,2.125593423843384,0.0924844741821289,0.1239781379699707,8.20159912109375e-05,0.12481045722961426,1115755,ai08,success,
vit_b32_cifar100,CIFAR100,1,0.05,44,100,1.0,raw_union_K20,raw_union,2000,0.0,0.7929,0.867,0.867,0.8673,0.7863,-0.13146881287726353,0,1,[-0.13146881287726353],[0.7995171026156942],[0.9309859154929577],,0,[null],2.63724422454834,2.13720965385437,0.09322118759155273,0.12439465522766113,0.00010418891906738281,0.12472081184387207,1115755,ai08,success,
vit_b32_cifar100,CIFAR100,1,0.05,42,100,1.0,warmup_only_labelled,warmup_only,300,0.0,0.3924,0.861,0.861,0.8692,0.3924,-0.5291549295774648,0,1,[-0.5291549295774648],[0.39702213279678067],[0.9261770623742455],,0,[null],2.427354335784912,2.1268646717071533,0.01781320571899414,0.0,0.0,0.12377691268920898,1115755,ai08,success,
vit_b32_cifar100,CIFAR100,1,0.05,43,100,1.0,warmup_only_labelled,warmup_only,300,0.0,0.4211,0.8676,0.8676,0.8683,0.4211,-0.5075452716297786,0,1,[-0.5075452716297786],[0.42203219315895374],[0.9295774647887324],,0,[null],2.4306206703186035,2.1310908794403076,0.017332077026367188,0.0,0.0,0.12362408638000488,1115755,ai08,success,
vit_b32_cifar100,CIFAR100,1,0.05,44,100,1.0,warmup_only_labelled,warmup_only,300,0.0,0.4062,0.867,0.867,0.8673,0.4062,-0.523923541247485,0,1,[-0.523923541247485],[0.4070623742454728],[0.9309859154929577],,0,[null],2.4215455055236816,2.1209559440612793,0.017144203186035156,0.0,0.0,0.12366151809692383,1115755,ai08,success,
vit_b32_cifar100,CIFAR100,1,0.1,42,100,1.0,dp_avg_eps2_K20,dp_avg,100,6.449903898212313,0.099,0.8619,0.8619,0.8692,0.0332,-0.8269215291750504,0,1,[-0.8269215291750504],[0.10080482897384306],[0.9277263581488934],,0,[null],2.593681573867798,2.120253324508667,0.05936241149902344,0.12459611892700195,8.249282836914062e-05,0.12454962730407715,1115755,ai08,success,
vit_b32_cifar100,CIFAR100,1,0.1,43,100,1.0,dp_avg_eps2_K20,dp_avg,100,6.442680879502149,0.0808,0.8633,0.8633,0.8683,0.0235,-0.847907444668008,0,1,[-0.847907444668008],[0.08283702213279678],[0.9307444668008048],,0,[null],2.5917954444885254,2.1255927085876465,0.05896759033203125,0.12422823905944824,8.20159912109375e-05,0.1246500015258789,1115755,ai08,success,
vit_b32_cifar100,CIFAR100,1,0.1,44,100,1.0,dp_avg_eps2_K20,dp_avg,100,6.44558801400764,0.1028,0.8641,0.8641,0.8673,0.0283,-0.8283299798792757,0,1,[-0.8283299798792757],[0.09927565392354125],[0.9276056338028169],,0,[null],2.619283676147461,2.1531014442443848,0.05834245681762695,0.12477564811706543,8.249282836914062e-05,0.12455439567565918,1115755,ai08,success,
vit_b32_cifar100,CIFAR100,1,0.1,42,100,1.0,dp_avg_eps8_K20,dp_avg,100,1.6124759745530783,0.1422,0.8619,0.8619,0.8692,0.0566,-0.7813682092555332,0,1,[-0.7813682092555332],[0.14635814889336016],[0.9277263581488934],,0,[null],2.575977325439453,2.111159086227417,0.058843135833740234,0.12376880645751953,8.7738037109375e-05,0.12447905540466309,1115755,ai08,success,
vit_b32_cifar100,CIFAR100,1,0.1,43,100,1.0,dp_avg_eps8_K20,dp_avg,100,1.6106702198755372,0.1283,0.8633,0.8633,0.8683,0.0426,-0.7991146881287726,0,1,[-0.7991146881287726],[0.13162977867203218],[0.9307444668008048],,0,[null],2.573261022567749,2.108642816543579,0.05844879150390625,0.12390518188476562,8.320808410644531e-05,0.12426114082336426,1115755,ai08,success,
vit_b32_cifar100,CIFAR100,1,0.1,44,100,1.0,dp_avg_eps8_K20,dp_avg,100,1.61139700350191,0.1554,0.8641,0.8641,0.8673,0.0595,-0.7738028169014084,0,1,[-0.7738028169014084],[0.15380281690140846],[0.9276056338028169],,0,[null],2.590498685836792,2.125847339630127,0.059186458587646484,0.1231844425201416,8.344650268554688e-05,0.12430143356323242,1115755,ai08,success,
vit_b32_cifar100,CIFAR100,1,0.1,42,100,1.0,labelled_probe_warmup,labelled,300,0.0,0.4544,0.8619,0.8619,0.8692,0.3924,-0.4665191146881288,0,1,[-0.4665191146881288],[0.4612072434607646],[0.9277263581488934],,0,[null],2.581234931945801,2.149214506149292,0.022256135940551758,0.1257765293121338,9.083747863769531e-05,0.1249854564666748,1115755,ai08,success,
vit_b32_cifar100,CIFAR100,1,0.1,43,100,1.0,labelled_probe_warmup,labelled,300,0.0,0.5034,0.8633,0.8633,0.8683,0.4211,-0.4266197183098591,0,1,[-0.4266197183098591],[0.5041247484909457],[0.9307444668008048],,0,[null],2.5668387413024902,2.1309516429901123,0.022367000579833984,0.12503480911254883,8.368492126464844e-05,0.1251842975616455,1115755,ai08,success,
vit_b32_cifar100,CIFAR100,1,0.1,44,100,1.0,labelled_probe_warmup,labelled,300,0.0,0.4828,0.8641,0.8641,0.8673,0.4062,-0.43619718309859157,0,1,[-0.43619718309859157],[0.49140845070422534],[0.9276056338028169],,0,[null],2.555272102355957,2.126432180404663,0.022137165069580078,0.12456560134887695,9.036064147949219e-05,0.12432336807250977,1115755,ai08,success,
vit_b32_cifar100,CIFAR100,1,0.1,42,100,1.0,no_phase0,none,0,0.0,0.0414,0.8619,0.8619,0.8692,0.0121,-0.884466800804829,0,1,[-0.884466800804829],[0.043259557344064385],[0.9277263581488934],,0,[null],2.564208745956421,2.149710178375244,0.007904529571533203,0.12490105628967285,8.320808410644531e-05,0.1242375373840332,1115755,ai08,success,
vit_b32_cifar100,CIFAR100,1,0.1,43,100,1.0,no_phase0,none,0,0.0,0.0344,0.8633,0.8633,0.8683,0.011,-0.8981287726358149,0,1,[-0.8981287726358149],[0.03261569416498994],[0.9307444668008048],,0,[null],2.560429573059082,2.143219232559204,0.007702827453613281,0.12531018257141113,8.344650268554688e-05,0.12540078163146973,1115755,ai08,success,
vit_b32_cifar100,CIFAR100,1,0.1,44,100,1.0,no_phase0,none,0,0.0,0.047,0.8641,0.8641,0.8673,0.0072,-0.8782293762575453,0,1,[-0.8782293762575453],[0.04937625754527163],[0.9276056338028169],,0,[null],2.5626790523529053,2.1417953968048096,0.008234024047851562,0.1280825138092041,8.153915405273438e-05,0.12517547607421875,1115755,ai08,success,
vit_b32_cifar100,CIFAR100,1,0.1,42,100,1.0,raw_union_K20,raw_union,2000,0.0,0.79,0.8619,0.8619,0.8692,0.7869,-0.12869215291750502,0,1,[-0.12869215291750502],[0.7990342052313884],[0.9277263581488934],,0,[null],2.6343014240264893,2.134124517440796,0.09229588508605957,0.1255810260772705,8.225440979003906e-05,0.1244056224822998,1115755,ai08,success,
vit_b32_cifar100,CIFAR100,1,0.1,43,100,1.0,raw_union_K20,raw_union,2000,0.0,0.791,0.8633,0.8633,0.8683,0.7824,-0.12911468812877258,0,1,[-0.12911468812877258],[0.8016297786720322],[0.9307444668008048],,0,[null],2.5872790813446045,2.0877695083618164,0.09372138977050781,0.12296795845031738,8.249282836914062e-05,0.1245260238647461,1115755,ai08,success,
vit_b32_cifar100,CIFAR100,1,0.1,44,100,1.0,raw_union_K20,raw_union,2000,0.0,0.7926,0.8641,0.8641,0.8673,0.7848,-0.12525150905432592,0,1,[-0.12525150905432592],[0.802354124748491],[0.9276056338028169],,0,[null],2.6130456924438477,2.104994535446167,0.09955716133117676,0.1260514259338379,8.225440979003906e-05,0.12443900108337402,1115755,ai08,success,
vit_b32_cifar100,CIFAR100,1,0.1,42,100,1.0,warmup_only_labelled,warmup_only,300,0.0,0.3924,0.8619,0.8619,0.8692,0.3924,-0.5307042253521127,0,1,[-0.5307042253521127],[0.39702213279678067],[0.9277263581488934],,0,[null],2.451936721801758,2.1503119468688965,0.01786971092224121,0.0,0.0,0.12456440925598145,1115755,ai08,success,
vit_b32_cifar100,CIFAR100,1,0.1,43,100,1.0,warmup_only_labelled,warmup_only,300,0.0,0.4211,0.8633,0.8633,0.8683,0.4211,-0.508712273641851,0,1,[-0.508712273641851],[0.42203219315895374],[0.9307444668008048],,0,[null],2.455169200897217,2.1540961265563965,0.018063783645629883,0.0,0.0,0.12393522262573242,1115755,ai08,success,
vit_b32_cifar100,CIFAR100,1,0.1,44,100,1.0,warmup_only_labelled,warmup_only,300,0.0,0.4062,0.8641,0.8641,0.8673,0.4062,-0.520543259557344,0,1,[-0.520543259557344],[0.4070623742454728],[0.9276056338028169],,0,[null],2.4661903381347656,2.1407151222229004,0.039995431900024414,0.0,0.0,0.12476062774658203,1115755,ai08,success,
vit_b32_cifar100,CIFAR100,1,0.3,42,100,1.0,dp_avg_eps2_K20,dp_avg,100,6.449903898212313,0.0976,0.8644,0.8644,0.8692,0.0327,-0.8295171026156941,0,1,[-0.8295171026156941],[0.10112676056338028],[0.9306438631790744],,0,[null],2.5593953132629395,2.0920848846435547,0.05924272537231445,0.12448239326477051,8.273124694824219e-05,0.12441039085388184,1115755,ai08,success,
vit_b32_cifar100,CIFAR100,1,0.3,43,100,1.0,dp_avg_eps2_K20,dp_avg,100,6.442680879502149,0.0816,0.8661,0.8661,0.8683,0.0227,-0.8487726358148894,0,1,[-0.8487726358148894],[0.08164989939637828],[0.9304225352112676],,0,[null],2.5719833374023438,2.1051411628723145,0.05884361267089844,0.12307429313659668,8.440017700195312e-05,0.12744522094726562,1115755,ai08,success,
vit_b32_cifar100,CIFAR100,1,0.3,44,100,1.0,dp_avg_eps2_K20,dp_avg,100,6.44558801400764,0.1036,0.862,0.862,0.8673,0.0283,-0.8237022132796781,0,1,[-0.8237022132796781],[0.10096579476861167],[0.9246680080482897],,0,[null],2.568601369857788,2.1010897159576416,0.05934929847717285,0.12453079223632812,8.344650268554688e-05,0.12473273277282715,1115755,ai08,success,
vit_b32_cifar100,CIFAR100,1,0.3,42,100,1.0,dp_avg_eps8_K20,dp_avg,100,1.6124759745530783,0.1429,0.8644,0.8644,0.8692,0.0558,-0.7830784708249496,0,1,[-0.7830784708249496],[0.14756539235412475],[0.9306438631790744],,0,[null],2.5611674785614014,2.095294237136841,0.0590817928314209,0.12354397773742676,8.320808410644531e-05,0.12459611892700195,1115755,ai08,success,
vit_b32_cifar100,CIFAR100,1,0.3,43,100,1.0,dp_avg_eps8_K20,dp_avg,100,1.6106702198755372,0.1251,0.8661,0.8661,0.8683,0.0431,-0.8001609657947686,0,1,[-0.8001609657947686],[0.130261569416499],[0.9304225352112676],,0,[null],2.5471019744873047,2.084995746612549,0.058409690856933594,0.1218416690826416,8.320808410644531e-05,0.12443304061889648,1115755,ai08,success,
vit_b32_cifar100,CIFAR100,1,0.3,44,100,1.0,dp_avg_eps8_K20,dp_avg,100,1.61139700350191,0.1559,0.862,0.862,0.8673,0.06,-0.7718712273641851,0,1,[-0.7718712273641851],[0.15279678068410463],[0.9246680080482897],,0,[null],2.5703649520874023,2.1034514904022217,0.05871272087097168,0.12493419647216797,8.368492126464844e-05,0.12454819679260254,1115755,ai08,success,
vit_b32_cifar100,CIFAR100,1,0.3,42,100,1.0,labelled_probe_warmup,labelled,300,0.0,0.4533,0.8644,0.8644,0.8692,0.3924,-0.46907444668008047,0,1,[-0.46907444668008047],[0.46156941649899397],[0.9306438631790744],,0,[null],2.562610626220703,2.1327195167541504,0.02220773696899414,0.12520360946655273,8.749961853027344e-05,0.1240682601928711,1115755,ai08,success,
vit_b32_cifar100,CIFAR100,1,0.3,43,100,1.0,labelled_probe_warmup,labelled,300,0.0,0.5029,0.8661,0.8661,0.8683,0.4211,-0.42684104627766595,0,1,[-0.42684104627766595],[0.5035814889336017],[0.9304225352112676],,0,[null],2.560875654220581,2.13032865524292,0.02207350730895996,0.12613248825073242,8.082389831542969e-05,0.12462997436523438,1115755,ai08,success,
vit_b32_cifar100,CIFAR100,1,0.3,44,100,1.0,labelled_probe_warmup,labelled,300,0.0,0.4808,0.862,0.862,0.8673,0.4062,-0.4347082494969819,0,1,[-0.4347082494969819],[0.48995975855130786],[0.9246680080482897],,0,[null],2.55328369140625,2.1250994205474854,0.022006511688232422,0.12501311302185059,8.0108642578125e-05,0.12409710884094238,1115755,ai08,success,
vit_b32_cifar100,CIFAR100,1,0.3,42,100,1.0,no_phase0,none,0,0.0,0.0396,0.8644,0.8644,0.8692,0.0121,-0.8876659959758552,0,1,[-0.8876659959758552],[0.04297786720321932],[0.9306438631790744],,0,[null],2.5430514812469482,2.1277613639831543,0.0077435970306396484,0.12420058250427246,8.106231689453125e-05,0.12443256378173828,1115755,ai08,success,
vit_b32_cifar100,CIFAR100,1,0.3,43,100,1.0,no_phase0,none,0,0.0,0.034,0.8661,0.8661,0.8683,0.011,-0.8967002012072435,0,1,[-0.8967002012072435],[0.03372233400402414],[0.9304225352112676],,0,[null],2.5481271743774414,2.1334879398345947,0.007879257202148438,0.12371230125427246,8.106231689453125e-05,0.12438297271728516,1115755,ai08,success,
vit_b32_cifar100,CIFAR100,1,0.3,44,100,1.0,no_phase0,none,0,0.0,0.0469,0.862,0.862,0.8673,0.0072,-0.8755734406438632,0,1,[-0.8755734406438632],[0.04909456740442656],[0.9246680080482897],,0,[null],2.5454933643341064,2.1319949626922607,0.007894515991210938,0.12316083908081055,0.00010347366333007812,0.12450861930847168,1115755,ai08,success,
vit_b32_cifar100,CIFAR100,1,0.3,42,100,1.0,raw_union_K20,raw_union,2000,0.0,0.7932,0.8644,0.8644,0.8692,0.7866,-0.1312273641851106,0,1,[-0.1312273641851106],[0.7994164989939638],[0.9306438631790744],,0,[null],2.625990152359009,2.1231396198272705,0.09297871589660645,0.12564754486083984,8.273124694824219e-05,0.1252574920654297,1115755,ai08,success,
vit_b32_cifar100,CIFAR100,1,0.3,43,100,1.0,raw_union_K20,raw_union,2000,0.0,0.7891,0.8661,0.8661,0.8683,0.7842,-0.13114688128772634,0,1,[-0.13114688128772634],[0.7992756539235413],[0.9304225352112676],,0,[null],2.6471962928771973,2.138181209564209,0.0978841781616211,0.12656617164611816,8.344650268554688e-05,0.1251695156097412,1115755,ai08,success,
vit_b32_cifar100,CIFAR100,1,0.3,44,100,1.0,raw_union_K20,raw_union,2000,0.0,0.7912,0.862,0.862,0.8673,0.784,-0.12273641851106643,0,1,[-0.12273641851106643],[0.8019315895372233],[0.9246680080482897],,0,[null],2.607391119003296,2.1002089977264404,0.09320878982543945,0.12384200096130371,8.20159912109375e-05,0.12477278709411621,1115755,ai08,success,
vit_b32_cifar100,CIFAR100,1,0.3,42,100,1.0,warmup_only_labelled,warmup_only,300,0.0,0.3924,0.8644,0.8644,0.8692,0.3924,-0.5336217303822938,0,1,[-0.5336217303822938],[0.39702213279678067],[0.9306438631790744],,0,[null],2.4359803199768066,2.133521318435669,0.018444299697875977,0.0,0.0,0.1239614486694336,1115755,ai08,success,
vit_b32_cifar100,CIFAR100,1,0.3,43,100,1.0,warmup_only_labelled,warmup_only,300,0.0,0.4211,0.8661,0.8661,0.8683,0.4211,-0.5083903420523139,0,1,[-0.5083903420523139],[0.42203219315895374],[0.9304225352112676],,0,[null],2.425262928009033,2.1254167556762695,0.017379045486450195,0.0,0.0,0.12331748008728027,1115755,ai08,success,
vit_b32_cifar100,CIFAR100,1,0.3,44,100,1.0,warmup_only_labelled,warmup_only,300,0.0,0.4062,0.862,0.862,0.8673,0.4062,-0.517605633802817,0,1,[-0.517605633802817],[0.4070623742454728],[0.9246680080482897],,0,[null],2.4140725135803223,2.1142849922180176,0.01715564727783203,0.0,0.0,0.12345457077026367,1115755,ai08,success,
vit_b32_cifar100,CIFAR100,1,1.0,42,100,1.0,dp_avg_eps2_K20,dp_avg,100,6.449903898212313,0.1006,0.8692,0.8692,0.8692,0.0323,-0.8308249496981891,0,1,[-0.8308249496981891],[0.10227364185110664],[0.9330985915492958],,0,[null],2.573265790939331,2.102309226989746,0.06448698043823242,0.12367033958435059,8.106231689453125e-05,0.1246185302734375,1115755,ai08,success,
vit_b32_cifar100,CIFAR100,1,1.0,43,100,1.0,dp_avg_eps2_K20,dp_avg,100,6.442680879502149,0.0813,0.8651,0.8651,0.8683,0.0242,-0.8473641851106639,0,1,[-0.8473641851106639],[0.08183098591549295],[0.9291951710261569],,0,[null],2.5682785511016846,2.096883535385132,0.05900216102600098,0.12298583984375,8.392333984375e-05,0.12518525123596191,1115755,ai08,success,
vit_b32_cifar100,CIFAR100,1,1.0,44,100,1.0,dp_avg_eps2_K20,dp_avg,100,6.44558801400764,0.0985,0.8667,0.8667,0.8673,0.03,-0.83,0,1,[-0.83],[0.09736418511066398],[0.927364185110664],,0,[null],2.557002067565918,2.0901379585266113,0.05876517295837402,0.12347745895385742,8.153915405273438e-05,0.12534713745117188,1115755,ai08,success,
vit_b32_cifar100,CIFAR100,1,1.0,42,100,1.0,dp_avg_eps8_K20,dp_avg,100,1.6124759745530783,0.1463,0.8692,0.8692,0.8692,0.0551,-0.7850704225352112,0,1,[-0.7850704225352112],[0.1480281690140845],[0.9330985915492958],,0,[null],2.566391706466675,2.0984508991241455,0.05909252166748047,0.12398242950439453,8.296966552734375e-05,0.12562274932861328,1115755,ai08,success,
vit_b32_cifar100,CIFAR100,1,1.0,43,100,1.0,dp_avg_eps8_K20,dp_avg,100,1.6106702198755372,0.1273,0.8651,0.8651,0.8683,0.0437,-0.7983098591549296,0,1,[-0.7983098591549296],[0.13088531187122737],[0.9291951710261569],,0,[null],2.571352005004883,2.1067209243774414,0.05898237228393555,0.12280845642089844,8.249282836914062e-05,0.12428998947143555,1115755,ai08,success,
vit_b32_cifar100,CIFAR100,1,1.0,44,100,1.0,dp_avg_eps8_K20,dp_avg,100,1.61139700350191,0.151,0.8667,0.8667,0.8673,0.0605,-0.7755935613682092,0,1,[-0.7755935613682092],[0.15177062374245473],[0.927364185110664],,0,[null],2.5735816955566406,2.1070938110351562,0.059034109115600586,0.12457633018493652,8.344650268554688e-05,0.12450480461120605,1115755,ai08,success,
vit_b32_cifar100,CIFAR100,1,1.0,42,100,1.0,labelled_probe_warmup,labelled,300,0.0,0.4554,0.8692,0.8692,0.8692,0.3924,-0.4706639839034205,0,1,[-0.4706639839034205],[0.46243460764587524],[0.9330985915492958],,0,[null],2.540358066558838,2.1100528240203857,0.021924734115600586,0.12511777877807617,9.107589721679688e-05,0.12462306022644043,1115755,ai08,success,
vit_b32_cifar100,CIFAR100,1,1.0,43,100,1.0,labelled_probe_warmup,labelled,300,0.0,0.5022,0.8651,0.8651,0.8683,0.4211,-0.42738430583500997,0,1,[-0.42738430583500997],[0.5018108651911469],[0.9291951710261569],,0,[null],2.4985363483428955,2.0723116397857666,0.021240949630737305,0.12246537208557129,8.130073547363281e-05,0.12440156936645508,1115755,ai08,success,
vit_b32_cifar100,CIFAR100,1,1.0,44,100,1.0,labelled_probe_warmup,labelled,300,0.0,0.4845,0.8667,0.8667,0.8673,0.4062,-0.4358551307847083,0,1,[-0.4358551307847083],[0.4915090543259557],[0.927364185110664],,0,[null],2.5516929626464844,2.123493194580078,0.02220606803894043,0.12396359443664551,8.940696716308594e-05,0.12445640563964844,1115755,ai08,success,
vit_b32_cifar100,CIFAR100,1,1.0,42,100,1.0,no_phase0,none,0,0.0,0.0395,0.8692,0.8692,0.8692,0.0121,-0.8910865191146881,0,1,[-0.8910865191146881],[0.042012072434607646],[0.9330985915492958],,0,[null],2.510342597961426,2.095094919204712,0.007700681686401367,0.12474942207336426,8.702278137207031e-05,0.12413406372070312,1115755,ai08,success,
vit_b32_cifar100,CIFAR100,1,1.0,43,100,1.0,no_phase0,none,0,0.0,0.0329,0.8651,0.8651,0.8683,0.011,-0.896861167002012,0,1,[-0.896861167002012],[0.032334004024144866],[0.9291951710261569],,0,[null],2.5102736949920654,2.0968878269195557,0.007695198059082031,0.12318158149719238,8.130073547363281e-05,0.1246178150177002,1115755,ai08,success,
vit_b32_cifar100,CIFAR100,1,1.0,44,100,1.0,no_phase0,none,0,0.0,0.0453,0.8667,0.8667,0.8673,0.0072,-0.8808651911468813,0,1,[-0.8808651911468813],[0.046498993963782695],[0.927364185110664],,0,[null],2.4999053478240967,2.087035894393921,0.007669925689697266,0.12266874313354492,8.225440979003906e-05,0.12458920478820801,1115755,ai08,success,
vit_b32_cifar100,CIFAR100,1,1.0,42,100,1.0,raw_union_K20,raw_union,2000,0.0,0.793,0.8692,0.8692,0.8692,0.7856,-0.13293762575452717,0,1,[-0.13293762575452717],[0.8001609657947686],[0.9330985915492958],,0,[null],2.583716869354248,2.0866599082946777,0.09192514419555664,0.12287640571594238,8.153915405273438e-05,0.12408733367919922,1115755,ai08,success,
vit_b32_cifar100,CIFAR100,1,1.0,43,100,1.0,raw_union_K20,raw_union,2000,0.0,0.7932,0.8651,0.8651,0.8683,0.7885,-0.130020120724346,0,1,[-0.130020120724346],[0.7991750503018109],[0.9291951710261569],,0,[null],2.5979866981506348,2.0994393825531006,0.09218263626098633,0.12398505210876465,8.130073547363281e-05,0.12445807456970215,1115755,ai08,success,
vit_b32_cifar100,CIFAR100,1,1.0,44,100,1.0,raw_union_K20,raw_union,2000,0.0,0.7915,0.8667,0.8667,0.8673,0.7877,-0.12585513078470822,0,1,[-0.12585513078470822],[0.8015090543259558],[0.927364185110664],,0,[null],2.596278429031372,2.0973870754241943,0.09169793128967285,0.12359476089477539,8.225440979003906e-05,0.12457942962646484,1115755,ai08,success,
vit_b32_cifar100,CIFAR100,1,1.0,42,100,1.0,warmup_only_labelled,warmup_only,300,0.0,0.3924,0.8692,0.8692,0.8692,0.3924,-0.5360764587525151,0,1,[-0.5360764587525151],[0.39702213279678067],[0.9330985915492958],,0,[null],2.385267972946167,2.0850276947021484,0.017646312713623047,0.0,0.0,0.12363600730895996,1115755,ai08,success,
vit_b32_cifar100,CIFAR100,1,1.0,43,100,1.0,warmup_only_labelled,warmup_only,300,0.0,0.4211,0.8651,0.8651,0.8683,0.4211,-0.5071629778672031,0,1,[-0.5071629778672031],[0.42203219315895374],[0.9291951710261569],,0,[null],2.417395830154419,2.117565155029297,0.017328262329101562,0.0,0.0,0.1236574649810791,1115755,ai08,success,
vit_b32_cifar100,CIFAR100,1,1.0,44,100,1.0,warmup_only_labelled,warmup_only,300,0.0,0.4062,0.8667,0.8667,0.8673,0.4062,-0.5203018108651911,0,1,[-0.5203018108651911],[0.4070623742454728],[0.927364185110664],,0,[null],2.4031496047973633,2.1036486625671387,0.0174562931060791,0.0,0.0,0.12361741065979004,1115755,ai08,success,
vit_b32_cifar100,CIFAR100,20,0.01,42,100,1.0,dp_avg_eps2_K20,dp_avg,100,6.449903898212313,0.0665,0.083305,0.1407,0.8692,0.0385,-0.9157414742129223,0,20,"[-0.8408970976253298, -0.8193612774451098, -0.8895207148659626, -0.960291734197731, -0.8834469931804092, -0.9492236676458247, -0.9489860583016476, -0.8920073215375229, -0.9827586206896551, -0.929368029739777, -0.9507612568837058, -0.9463927855711423, -0.9057676685621445, -0.9650032404407, -0.9401639344262295, -0.9506019095060191, -0.8900999091734786, -0.8553240740740741, -0.9145299145299146, -0.900323275862069]","[0.14828496042216358, 0.14820359281437126, 0.0926076360682372, 0.03484602917341977, 0.1078735275883447, 0.038187159043222826, 0.04404309252217997, 0.09945088468578402, 0.010057471264367816, 0.064259160913436, 0.03336572724327826, 0.04634268537074148, 0.07636068237205523, 0.023979261179520414, 0.04262295081967213, 0.034039020340390205, 0.10505600968816228, 0.12789351851851852, 0.07326007326007326, 0.05603448275862069]","[0.9891820580474934, 0.967564870259481, 0.9821283509341998, 0.9951377633711507, 0.9913205207687539, 0.9874108266890474, 0.9930291508238276, 0.9914582062233069, 0.992816091954023, 0.9936271906532129, 0.9841269841269841, 0.9927354709418837, 0.9821283509341998, 0.9889825016202204, 0.9827868852459016, 0.9846409298464093, 0.9951559188616409, 0.9832175925925926, 0.9877899877899878, 0.9563577586206896]",0.06404786740823543,20,"[0.06011363636363636, 0.05445652173913044, 0.065, 0.0683695652173913, 0.06193548387096774, 0.06077777777777778, 0.07101123595505618, 0.06275862068965517, 0.06604395604395605, 0.06827586206896552, 0.07109756097560975, 0.06482758620689655, 0.06296703296703297, 0.06760869565217391, 0.06597701149425288, 0.06761904761904762, 0.0672289156626506, 0.0591358024691358, 0.05493670886075949, 0.060816326530612246]",4.683332681655884,2.2844038009643555,0.10134077072143555,1.9155406951904297,0.0006864070892333984,0.21973729133605957,1115755,ai08,success,
vit_b32_cifar100,CIFAR100,20,0.01,43,100,1.0,dp_avg_eps2_K20,dp_avg,100,6.442680879502149,0.0527,0.081635,0.125,0.8683,0.0315,-0.9358363500912559,0,20,"[-0.906984906984907, -0.9659767507796995, -0.9435421500386698, -0.9640287769784173, -0.9792802617230099, -0.9713998996487707, -0.8777064955894146, -0.8903240958196337, -0.9547270306258322, -0.9575556893437688, -0.9298934380257993, -0.9466738486399138, -0.9382022471910112, -0.8909710391822828, -0.9139013452914798, -0.9467198260239218, -0.9510268562401264, -0.9158373613875462, -0.9502762430939227, -0.9216987392169874]","[0.08248508248508249, 0.021831584916359514, 0.040989945862335654, 0.02877697841726619, 0.008724100327153763, 0.02308078273958856, 0.1090617481956696, 0.1026303428839831, 0.03062583222370173, 0.03341360626128838, 0.05748738081884464, 0.04309183948289792, 0.05315471045808125, 0.0982396365701306, 0.06995515695067264, 0.048568321855744834, 0.03475513428120063, 0.0707989764003412, 0.029131089904570567, 0.062375580623755804]","[0.9894699894699894, 0.987808335696059, 0.9845320959010054, 0.9928057553956835, 0.9880043620501636, 0.9944806823883593, 0.9867682437850842, 0.9929544387036168, 0.9853528628495339, 0.9909692956050572, 0.9873808188446439, 0.9897656881228117, 0.9913569576490925, 0.9892106757524134, 0.9838565022421525, 0.9952881478796666, 0.985781990521327, 0.9866363377878874, 0.9794073329984933, 0.9840743198407432]",0.05181508806165752,20,"[0.049080459770114944, 0.052873563218390804, 0.049, 0.055274725274725274, 0.055212765957446806, 0.05361702127659575, 0.048295454545454544, 0.04964705882352941, 0.05354166666666667, 0.05465116279069768, 0.05108433734939759, 0.055, 0.051022727272727275, 0.049777777777777775, 0.05555555555555555, 0.05204545454545455, 0.04853658536585366, 0.05012987012987013, 0.05963414634146341, 0.04232142857142857]",4.710516929626465,2.3228306770324707,0.09983396530151367,1.9064030647277832,0.0006885528564453125,0.2185516357421875,1115755,ai08,success,
vit_b32_cifar100,CIFAR100,20,0.01,44,100,1.0,dp_avg_eps2_K20,dp_avg,100,6.44558801400764,0.065,0.07868,0.1162,0.8673,0.0396,-0.9209763331540575,0,20,"[-0.8441295546558704, -0.8976982097186701, -0.9087866108786611, -0.9455445544554456, -0.9327155519742143, -0.8827106863596872, -0.9094766619519095, -0.9400705052878966, -0.9444829979181124, -0.8979391560353287, -0.9827507943713119, -0.9645390070921985, -0.8978955572876072, -0.9451052150045746, -0.9693047337278106, -0.8919988690981058, -0.9053233297606288, -0.9294940796555436, -0.9098384728340676, -0.9197221150135083]","[0.13663967611336034, 0.09232736572890025, 0.08326359832635984, 0.048797736916548796, 0.05962933118452861, 0.10469157254561251, 0.07602545968882603, 0.0481786133960047, 0.025676613462873005, 0.0971540726202159, 0.011348161597821153, 0.030732860520094562, 0.09275136399064692, 0.043000914913083256, 0.02440828402366864, 0.0961266610121572, 0.08717399071096821, 0.0616254036598493, 0.07547723935389133, 0.05403319181783095]","[0.9807692307692307, 0.9900255754475703, 0.992050209205021, 0.9943422913719944, 0.9923448831587429, 0.9874022589052998, 0.9855021216407355, 0.9882491186839013, 0.9701596113809854, 0.9950932286555446, 0.994098955969133, 0.9952718676122931, 0.990646921278254, 0.9881061299176578, 0.9937130177514792, 0.9881255301102629, 0.992497320471597, 0.9911194833153929, 0.9853157121879589, 0.9737553068313393]",0.06328378142948572,20,"[0.05629213483146067, 0.06147727272727273, 0.06543478260869565, 0.06557894736842106, 0.0652808988764045, 0.05978021978021978, 0.06883720930232558, 0.060222222222222226, 0.06711111111111111, 0.06648936170212766, 0.06826086956521739, 0.06791208791208792, 0.06615384615384616, 0.06689655172413793, 0.06528735632183907, 0.05876543209876543, 0.06482352941176471, 0.060384615384615384, 0.059487179487179485, 0.0512]",4.669469833374023,2.2995283603668213,0.09832215309143066,1.8907365798950195,0.0006914138793945312,0.21826410293579102,1115755,ai08,success,
vit_b32_cifar100,CIFAR100,20,0.01,42,100,1.0,dp_avg_eps8_K20,dp_avg,100,1.6124759745530783,0.0911,0.083305,0.1407,0.8692,0.0575,-0.8919522148061239,0,20,"[-0.8828496042216358, -0.8178642714570858, -0.8952071486596263, -0.9258508914100486, -0.8493490390576566, -0.931598825010491, -0.9081115335868187, -0.8703477730323368, -0.9651580459770115, -0.8821030270844397, -0.9310009718172982, -0.9240981963927856, -0.9025182778229082, -0.8963058976020739, -0.8959016393442623, -0.8912411789124117, -0.8734483802603693, -0.8310185185185185, -0.9035409035409036, -0.861530172413793]","[0.10633245382585751, 0.1497005988023952, 0.08692120227457352, 0.0692868719611021, 0.14197148171109733, 0.05581200167855644, 0.08491761723700887, 0.1211104331909701, 0.027658045977011495, 0.11152416356877323, 0.05312601230968578, 0.0686372745490982, 0.07961007311129163, 0.09267660401814647, 0.08688524590163935, 0.09339975093399751, 0.12170753860127158, 0.15219907407407407, 0.08424908424908426, 0.09482758620689655]","[0.9891820580474934, 0.967564870259481, 0.9821283509341998, 0.9951377633711507, 0.9913205207687539, 0.9874108266890474, 0.9930291508238276, 0.9914582062233069, 0.992816091954023, 0.9936271906532129, 0.9841269841269841, 0.9927354709418837, 0.9821283509341998, 0.9889825016202204, 0.9827868852459016, 0.9846409298464093, 0.9951559188616409, 0.9832175925925926, 0.9877899877899878, 0.9563577586206896]",0.08938302490385036,20,"[0.09068181818181818, 0.0808695652173913, 0.09206521739130434, 0.0925, 0.08688172043010753, 0.08755555555555555, 0.09584269662921348, 0.0871264367816092, 0.09384615384615384, 0.09379310344827586, 0.09634146341463415, 0.0896551724137931, 0.09021978021978022, 0.09206521739130434, 0.08919540229885058, 0.09083333333333334, 0.08903614457831326, 0.07962962962962963, 0.08911392405063291, 0.08040816326530613]",4.655409812927246,2.287473201751709,0.10001134872436523,1.8874645233154297,0.0007073879241943359,0.21921014785766602,1115755,ai08,success,
vit_b32_cifar100,CIFAR100,20,0.01,43,100,1.0,dp_avg_eps8_K20,dp_avg,100,1.6106702198755372,0.0714,0.081635,0.125,0.8683,0.0458,-0.9152866887881862,0,20,"[-0.8455598455598455, -0.9560533030904451, -0.908739365815932, -0.9526026237833263, -0.9558342420937841, -0.9377822378324134, -0.8620689655172413, -0.8781117895725693, -0.9414114513981358, -0.9509331727874775, -0.8847448121144139, -0.9138163210342042, -0.9178910976663786, -0.8750709823963657, -0.9094170403587444, -0.9387459224356651, -0.9423380726698262, -0.8649417116860961, -0.9522852837769965, -0.9173855341738554]","[0.14391014391014392, 0.03175503260561384, 0.07579273008507348, 0.040203131612357175, 0.0321701199563795, 0.05669844455594581, 0.12469927826784283, 0.11484264913104744, 0.043941411451398134, 0.04003612281757977, 0.10263600673022995, 0.0759493670886076, 0.07346585998271392, 0.1141396933560477, 0.07443946188340807, 0.05654222544400145, 0.04344391785150079, 0.1216946261017913, 0.027122049221496736, 0.06668878566688785]","[0.9894699894699894, 0.987808335696059, 0.9845320959010054, 0.9928057553956835, 0.9880043620501636, 0.9944806823883593, 0.9867682437850842, 0.9929544387036168, 0.9853528628495339, 0.9909692956050572, 0.9873808188446439, 0.9897656881228117, 0.9913569576490925, 0.9892106757524134, 0.9838565022421525, 0.9952881478796666, 0.985781990521327, 0.9866363377878874, 0.9794073329984933, 0.9840743198407432]",0.07056903284906887,20,"[0.06436781609195402, 0.07241379310344828, 0.0661111111111111, 0.07538461538461538, 0.07202127659574468, 0.07191489361702127, 0.06636363636363636, 0.06976470588235294, 0.07291666666666667, 0.07697674418604651, 0.06771084337349398, 0.07523809523809524, 0.06772727272727273, 0.06744444444444445, 0.07544444444444444, 0.07306818181818182, 0.06670731707317074, 0.06701298701298701, 0.07975609756097561, 0.06303571428571429]",4.648531675338745,2.277379274368286,0.10079789161682129,1.8891270160675049,0.0006926059722900391,0.21917009353637695,1115755,ai08,success,
vit_b32_cifar100,CIFAR100,20,0.01,44,100,1.0,dp_avg_eps8_K20,dp_avg,100,1.61139700350191,0.0985,0.07868,0.1162,0.8673,0.0648,-0.8943951348801619,0,20,"[-0.8081983805668016, -0.879539641943734, -0.8543933054393306, -0.9462517680339463, -0.9053182917002417, -0.8557775847089488, -0.9126591230551626, -0.9459459459459459, -0.9063150589868146, -0.8783120706575074, -0.9577848388561053, -0.9456264775413712, -0.9002338269680437, -0.8796889295516925, -0.9367603550295858, -0.8450664404862878, -0.8942479456948911, -0.8560279870828849, -0.8951541850220264, -0.8846005403319182]","[0.17257085020242915, 0.11048593350383631, 0.13765690376569037, 0.04809052333804809, 0.08702659145850121, 0.131624674196351, 0.07284299858557285, 0.04230317273795535, 0.06384455239417071, 0.11678115799803729, 0.03631411711302769, 0.04964539007092199, 0.09041309431021044, 0.10841720036596524, 0.05695266272189349, 0.14305908962397512, 0.09824937477670596, 0.13509149623250807, 0.09016152716593245, 0.08915476649942107]","[0.9807692307692307, 0.9900255754475703, 0.992050209205021, 0.9943422913719944, 0.9923448831587429, 0.9874022589052998, 0.9855021216407355, 0.9882491186839013, 0.9701596113809854, 0.9950932286555446, 0.994098955969133, 0.9952718676122931, 0.990646921278254, 0.9881061299176578, 0.9937130177514792, 0.9881255301102629, 0.992497320471597, 0.9911194833153929, 0.9853157121879589, 0.9737553068313393]",0.09725968089002064,20,"[0.09089887640449439, 0.09738636363636363, 0.09923913043478261, 0.10042105263157895, 0.10089887640449438, 0.09406593406593407, 0.10651162790697674, 0.09411111111111112, 0.10077777777777777, 0.10085106382978723, 0.10228260869565217, 0.10307692307692308, 0.09923076923076923, 0.09574712643678161, 0.0964367816091954, 0.08901234567901234, 0.09835294117647059, 0.09371794871794872, 0.09397435897435898, 0.0882]",4.646593332290649,2.28662371635437,0.09846735000610352,1.8836956024169922,0.0006864070892333984,0.2164745330810547,1115755,ai08,success,
vit_b32_cifar100,CIFAR100,20,0.01,42,100,1.0,labelled_probe_warmup,labelled,300,0.0,0.4139,0.083305,0.1407,0.8692,0.3924,-0.5717885924731892,0,20,"[-0.47097625329815296, -0.5169660678642714, -0.7977254264825345, -0.7228525121555915, -0.4476131432114073, -0.4746118338229123, -0.3685044359949302, -0.4816961561928005, -0.18175287356321834, -0.6946362187997875, -0.687398769031422, -0.5861723446893787, -0.537774167343623, -0.34543097861309147, -0.6647540983606557, -0.7372353673723536, -0.6475930971843777, -0.6400462962962963, -0.7057387057387058, -0.7262931034482758]","[0.5182058047493404, 0.4505988023952096, 0.1844029244516653, 0.27228525121555913, 0.5437073775573465, 0.5127989928661352, 0.6245247148288974, 0.5097620500305065, 0.8110632183908046, 0.2989909718534254, 0.296728215095562, 0.406563126252505, 0.44435418359057677, 0.6435515230071289, 0.3180327868852459, 0.24740556247405562, 0.3475628216772631, 0.3431712962962963, 0.28205128205128205, 0.23006465517241378]","[0.9891820580474934, 0.967564870259481, 0.9821283509341998, 0.9951377633711507, 0.9913205207687539, 0.9874108266890474, 0.9930291508238276, 0.9914582062233069, 0.992816091954023, 0.9936271906532129, 0.9841269841269841, 0.9927354709418837, 0.9821283509341998, 0.9889825016202204, 0.9827868852459016, 0.9846409298464093, 0.9951559188616409, 0.9832175925925926, 0.9877899877899878, 0.9563577586206896]",0.4171425984554974,20,"[0.4103409090909091, 0.4226086956521739, 0.4305434782608696, 0.4206521739130435, 0.3987096774193548, 0.41688888888888886, 0.4035955056179775, 0.4064367816091954, 0.3820879120879121, 0.4285057471264368, 0.44926829268292684, 0.4048275862068966, 0.4238461538461539, 0.4097826086956522, 0.4271264367816092, 0.4091666666666667, 0.4174698795180723, 0.42, 0.42670886075949366, 0.4342857142857143]",4.608514785766602,2.2997710704803467,0.02189016342163086,1.9051775932312012,0.0007016658782958984,0.21951770782470703,1115755,ai08,success,
vit_b32_cifar100,CIFAR100,20,0.01,43,100,1.0,labelled_probe_warmup,labelled,300,0.0,0.4515,0.081635,0.125,0.8683,0.4211,-0.5402385017705799,0,20,"[-0.3401193401193401, -0.5565636518287496, -0.505800464037123, -0.7443927211172239, -0.5010905125408942, -0.44555945810336184, -0.5360866078588613, -0.5490840770314702, -0.3115845539280958, -0.5078266104756171, -0.5294447560291644, -0.4912469701050364, -0.5566119273984442, -0.8080636002271436, -0.789237668161435, -0.4914824211670895, -0.46603475513428116, -0.4222348592550469, -0.7071823204419889, -0.5451227604512277]","[0.6493506493506493, 0.43124468386730935, 0.47873163186388246, 0.2484130342784596, 0.48691384950926936, 0.5489212242849975, 0.45068163592622296, 0.44387036167214655, 0.6737683089214381, 0.4831426851294401, 0.45793606281547955, 0.49851871801777536, 0.4347450302506482, 0.18114707552526974, 0.19461883408071748, 0.5038057267125771, 0.5197472353870458, 0.5644014785328405, 0.2722250125565043, 0.4389515593895156]","[0.9894699894699894, 0.987808335696059, 0.9845320959010054, 0.9928057553956835, 0.9880043620501636, 0.9944806823883593, 0.9867682437850842, 0.9929544387036168, 0.9853528628495339, 0.9909692956050572, 0.9873808188446439, 0.9897656881228117, 0.9913569576490925, 0.9892106757524134, 0.9838565022421525, 0.9952881478796666, 0.985781990521327, 0.9866363377878874, 0.9794073329984933, 0.9840743198407432]",0.4498432009067323,20,"[0.4242528735632184, 0.45195402298850573, 0.4507777777777778, 0.4613186813186813, 0.4481914893617021, 0.4441489361702128, 0.4410227272727273, 0.4547058823529412, 0.44427083333333334, 0.46406976744186046, 0.4446987951807229, 0.4257142857142857, 0.45625, 0.4681111111111111, 0.45766666666666667, 0.44920454545454547, 0.45878048780487807, 0.4549350649350649, 0.4526829268292683, 0.44410714285714287]",4.612930536270142,2.2963411808013916,0.021656513214111328,1.9133687019348145,0.0006861686706542969,0.2189645767211914,1115755,ai08,success,
vit_b32_cifar100,CIFAR100,20,0.01,44,100,1.0,labelled_probe_warmup,labelled,300,0.0,0.4361,0.07868,0.1162,0.8673,0.4062,-0.5592520893626138,0,20,"[-0.49190283400809715, -0.521227621483376, -0.5238493723849373, -0.6223479490806223, -0.8037872683319903, -0.6468288444830582, -0.3376944837340876, -0.47238542890716806, -0.35183900069396246, -0.5495583905789989, -0.5111211983658648, -0.690982776089159, -0.9345284489477786, -0.6326623970722781, -0.42640532544378695, -0.5043822448402602, -0.5912826009289032, -0.45371367061356294, -0.5944199706314244, -0.5241219606329602]","[0.4888663967611336, 0.4687979539641944, 0.4682008368200837, 0.371994342291372, 0.18855761482675262, 0.34057341442224154, 0.6478076379066479, 0.5158636897767332, 0.6183206106870229, 0.44553483807654565, 0.4829777576032683, 0.3042890915231341, 0.05611847233047545, 0.35544373284537967, 0.5673076923076923, 0.4837432852700028, 0.40121471954269383, 0.53740581270183, 0.3908957415565345, 0.449633346198379]","[0.9807692307692307, 0.9900255754475703, 0.992050209205021, 0.9943422913719944, 0.9923448831587429, 0.9874022589052998, 0.9855021216407355, 0.9882491186839013, 0.9701596113809854, 0.9950932286555446, 0.994098955969133, 0.9952718676122931, 0.990646921278254, 0.9881061299176578, 0.9937130177514792, 0.9881255301102629, 0.992497320471597, 0.9911194833153929, 0.9853157121879589, 0.9737553068313393]",0.43820899839366795,20,"[0.4451685393258427, 0.4396590909090909, 0.43793478260869567, 0.4337894736842105, 0.44910112359550564, 0.4312087912087912, 0.44534883720930235, 0.4335555555555556, 0.41555555555555557, 0.44127659574468087, 0.4393478260869565, 0.45395604395604394, 0.45164835164835165, 0.4227586206896552, 0.4347126436781609, 0.44962962962962966, 0.44188235294117645, 0.4346153846153846, 0.42923076923076925, 0.4338]",4.630046606063843,2.290046215057373,0.021781206130981445,1.920227289199829,0.0007193088531494141,0.23535847663879395,1115755,ai08,success,
vit_b32_cifar100,CIFAR100,20,0.01,42,100,1.0,no_phase0,none,0,0.0,0.0197,0.083305,0.1407,0.8692,0.0121,-0.9650504748143878,0,20,"[-0.9633245382585751, -0.8817365269461077, -0.9748172217709179, -0.9708265802269043, -0.9739615623062616, -0.975660931598825, -0.9889100126742711, -0.950274557657108, -0.9910201149425287, -0.9877854487519915, -0.9805636540330417, -0.9857214428857716, -0.9333874898456539, -0.98250162022035, -0.9577868852459016, -0.975093399750934, -0.9536784741144414, -0.9675925925925926, -0.9597069597069597, -0.9466594827586207]","[0.025857519788918207, 0.08582834331337326, 0.007311129163281885, 0.024311183144246355, 0.01735895846249225, 0.01174989509022241, 0.004119138149556401, 0.041183648566198904, 0.0017959770114942528, 0.005841741901221455, 0.0035633300939423387, 0.0070140280561122245, 0.048740861088545896, 0.0064808813998703824, 0.025, 0.009547530095475302, 0.04147744474719951, 0.015625, 0.028083028083028084, 0.009698275862068966]","[0.9891820580474934, 0.967564870259481, 0.9821283509341998, 0.9951377633711507, 0.9913205207687539, 0.9874108266890474, 0.9930291508238276, 0.9914582062233069, 0.992816091954023, 0.9936271906532129, 0.9841269841269841, 0.9927354709418837, 0.9821283509341998, 0.9889825016202204, 0.9827868852459016, 0.9846409298464093, 0.9951559188616409, 0.9832175925925926, 0.9877899877899878, 0.9563577586206896]",0.01952217166356334,20,"[0.020454545454545454, 0.014347826086956521, 0.02108695652173913, 0.019782608695652175, 0.01989247311827957, 0.016444444444444446, 0.021910112359550562, 0.01839080459770115, 0.02032967032967033, 0.021379310344827585, 0.02170731707317073, 0.02045977011494253, 0.016703296703296705, 0.020543478260869566, 0.01942528735632184, 0.021904761904761906, 0.019518072289156627, 0.020246913580246915, 0.013670886075949367, 0.022244897959183673]",4.611065149307251,2.298396110534668,0.007747650146484375,1.9244637489318848,0.0007004737854003906,0.21772265434265137,1115755,ai08,success,
vit_b32_cifar100,CIFAR100,20,0.01,43,100,1.0,no_phase0,none,0,0.0,0.0184,0.081635,0.125,0.8683,0.011,-0.9709179576712309,0,20,"[-0.9606879606879607, -0.9793025233909838, -0.9590100541376644, -0.988573846804909, -0.9836423118865867, -0.9939789262418465, -0.9554931836407378, -0.9549084077031471, -0.9840213049267643, -0.9855508729680915, -0.9632641615255189, -0.9779154322650148, -0.9835782195332757, -0.9477569562748438, -0.946188340807175, -0.9746284885828199, -0.9818325434439178, -0.9536536821154393, -0.9758915118031141, -0.9684804246848043]","[0.028782028782028783, 0.008505812305075135, 0.025522041763341066, 0.004231908590774439, 0.004362050163576881, 0.0005017561465127947, 0.03127506014434643, 0.0380460310004697, 0.0013315579227696406, 0.005418422636965683, 0.02411665731912507, 0.01185025585779693, 0.007778738115816767, 0.04145371947756956, 0.03766816143497758, 0.020659659296846683, 0.0039494470774091624, 0.03298265567244811, 0.0035158211953792064, 0.015593895155938951]","[0.9894699894699894, 0.987808335696059, 0.9845320959010054, 0.9928057553956835, 0.9880043620501636, 0.9944806823883593, 0.9867682437850842, 0.9929544387036168, 0.9853528628495339, 0.9909692956050572, 0.9873808188446439, 0.9897656881228117, 0.9913569576490925, 0.9892106757524134, 0.9838565022421525, 0.9952881478796666, 0.985781990521327, 0.9866363377878874, 0.9794073329984933, 0.9840743198407432]",0.01831014621683433,20,"[0.017586206896551725, 0.017701149425287357, 0.01633333333333333, 0.01967032967032967, 0.01925531914893617, 0.01957446808510638, 0.016704545454545455, 0.018, 0.0190625, 0.020581395348837208, 0.01855421686746988, 0.020476190476190478, 0.01681818181818182, 0.01622222222222222, 0.018666666666666668, 0.018863636363636364, 0.01792682926829268, 0.017402597402597402, 0.020731707317073172, 0.01607142857142857]",4.597382545471191,2.3026692867279053,0.007644176483154297,1.9060051441192627,0.0006976127624511719,0.21699929237365723,1115755,ai08,success,
vit_b32_cifar100,CIFAR100,20,0.01,44,100,1.0,no_phase0,none,0,0.0,0.0166,0.07868,0.1162,0.8673,0.0072,-0.970242728705419,0,20,"[-0.9478744939271254, -0.9672634271099744, -0.9832635983263599, -0.9752475247524752, -0.9665592264302981, -0.9613379669852302, -0.9748939179632249, -0.9831570701135919, -0.9583622484385843, -0.9342492639842983, -0.9909214707217431, -0.9898682877406282, -0.9586905689789555, -0.9830741079597438, -0.9848372781065088, -0.969748374328527, -0.9682029296177206, -0.971205597416577, -0.9712187958883994, -0.9648784253184098]","[0.03289473684210526, 0.02276214833759591, 0.008786610878661089, 0.019094766619519095, 0.0257856567284448, 0.026064291920069503, 0.010608203677510608, 0.0050920485703094395, 0.01179736294240111, 0.06084396467124632, 0.0031774852473899226, 0.005403579871664978, 0.03195635229929852, 0.005032021957913998, 0.008875739644970414, 0.018377155781735936, 0.024294390853876385, 0.01991388589881593, 0.014096916299559472, 0.00887688151292937]","[0.9807692307692307, 0.9900255754475703, 0.992050209205021, 0.9943422913719944, 0.9923448831587429, 0.9874022589052998, 0.9855021216407355, 0.9882491186839013, 0.9701596113809854, 0.9950932286555446, 0.994098955969133, 0.9952718676122931, 0.990646921278254, 0.9881061299176578, 0.9937130177514792, 0.9881255301102629, 0.992497320471597, 0.9911194833153929, 0.9853157121879589, 0.9737553068313393]",0.01647215629664358,20,"[0.014606741573033709, 0.01625, 0.01717391304347826, 0.017052631578947368, 0.016179775280898877, 0.015164835164835164, 0.018488372093023255, 0.01711111111111111, 0.017444444444444443, 0.016170212765957447, 0.017065217391304347, 0.01736263736263736, 0.016043956043956045, 0.018275862068965518, 0.016666666666666666, 0.014320987654320988, 0.016352941176470587, 0.014743589743589743, 0.015769230769230768, 0.0172]",4.59865403175354,2.2948193550109863,0.00786447525024414,1.9167392253875732,0.0007011890411376953,0.21694111824035645,1115755,ai08,success,
vit_b32_cifar100,CIFAR100,20,0.01,42,100,1.0,raw_union_K20,raw_union,3561,0.0,0.8005,0.083305,0.1407,0.8692,0.7959,-0.17023602677765587,0,20,"[-0.14036939313984165, -0.1467065868263473, -0.21283509341998375, -0.14465153970826572, -0.12523248605083692, -0.1917750734368443, -0.18282636248415707, -0.16656497864551556, -0.09375, -0.17817312798725438, -0.2951085195983154, -0.21518036072144286, -0.1486596263200649, -0.12572909915748542, -0.18360655737704912, -0.22125363221253624, -0.13290947623372684, -0.20196759259259256, -0.13308913308913317, -0.1643318965517241]","[0.8488126649076517, 0.8208582834331337, 0.7692932575142161, 0.850486223662885, 0.866088034717917, 0.7956357532522031, 0.8102027883396705, 0.8248932275777914, 0.899066091954023, 0.8154540626659585, 0.6890184645286687, 0.7775551102204409, 0.8334687246141349, 0.863253402462735, 0.7991803278688525, 0.763387297633873, 0.8622464426279141, 0.78125, 0.8547008547008547, 0.7920258620689655]","[0.9891820580474934, 0.967564870259481, 0.9821283509341998, 0.9951377633711507, 0.9913205207687539, 0.9874108266890474, 0.9930291508238276, 0.9914582062233069, 0.992816091954023, 0.9936271906532129, 0.9841269841269841, 0.9927354709418837, 0.9821283509341998, 0.9889825016202204, 0.9827868852459016, 0.9846409298464093, 0.9951559188616409, 0.9832175925925926, 0.9877899877899878, 0.9563577586206896]",0.7990165087815122,20,"[0.7965909090909091, 0.8007608695652174, 0.8047826086956522, 0.7967391304347826, 0.7961290322580645, 0.7994444444444444, 0.7992134831460674, 0.7958620689655173, 0.7943956043956044, 0.7967816091954023, 0.8017073170731708, 0.8026436781609195, 0.8021978021978022, 0.7971739130434783, 0.8083908045977012, 0.8011904761904762, 0.7992771084337349, 0.8001234567901234, 0.7983544303797468, 0.7885714285714286]",4.719925880432129,2.281521797180176,0.14893007278442383,1.9036715030670166,0.0006859302520751953,0.21950221061706543,1115755,ai08,success,
vit_b32_cifar100,CIFAR100,20,0.01,43,100,1.0,raw_union_K20,raw_union,3497,0.0,0.8018,0.081635,0.125,0.8683,0.7972,-0.1698470439972417,0,20,"[-0.13478413478413476, -0.24128154238729793, -0.13766434648105186, -0.11976301311891668, -0.2121046892039259, -0.14049172102358254, -0.19165998396150763, -0.21230624706434953, -0.07057256990679095, -0.17880794701986757, -0.1971396522714527, -0.16994344196067868, -0.13699222126188415, -0.2299829642248722, -0.1551569506726458, -0.2283436027546213, -0.12954186413902047, -0.16974694341768548, -0.24510296333500758, -0.09555408095554085]","[0.8546858546858547, 0.746526793308761, 0.8468677494199536, 0.8730427422767668, 0.7758996728462377, 0.8539889613647768, 0.7951082598235766, 0.7806481916392672, 0.914780292942743, 0.8121613485851896, 0.7902411665731912, 0.8198222461621331, 0.8543647363872083, 0.7592277115275412, 0.8286995515695067, 0.7669445451250453, 0.8562401263823065, 0.8168893943702019, 0.7343043696634857, 0.8885202388852024]","[0.9894699894699894, 0.987808335696059, 0.9845320959010054, 0.9928057553956835, 0.9880043620501636, 0.9944806823883593, 0.9867682437850842, 0.9929544387036168, 0.9853528628495339, 0.9909692956050572, 0.9873808188446439, 0.9897656881228117, 0.9913569576490925, 0.9892106757524134, 0.9838565022421525, 0.9952881478796666, 0.985781990521327, 0.9866363377878874, 0.9794073329984933, 0.9840743198407432]",0.8001000452532947,20,"[0.7943678160919541, 0.8093103448275862, 0.794, 0.798901098901099, 0.8063829787234043, 0.7959574468085107, 0.8019318181818181, 0.8003529411764706, 0.7997916666666667, 0.798953488372093, 0.7995180722891566, 0.794047619047619, 0.8001136363636364, 0.8033333333333333, 0.796, 0.8007954545454545, 0.7941463414634147, 0.805974025974026, 0.8086585365853659, 0.7994642857142857]",4.692259073257446,2.2754530906677246,0.1465916633605957,1.8902826309204102,0.0006823539733886719,0.21680569648742676,1115755,ai08,success,
vit_b32_cifar100,CIFAR100,20,0.01,44,100,1.0,raw_union_K20,raw_union,3378,0.0,0.8032,0.07868,0.1162,0.8673,0.7991,-0.1743783751780438,0,20,"[-0.19433198380566796, -0.20306905370843986, -0.3046025104602511, -0.12376237623762376, -0.24456083803384365, -0.2871416159860991, -0.1516973125884017, -0.24206815511163338, -0.11589174184594031, -0.2227674190382728, -0.11166591012256011, -0.14555893279297538, -0.09664848012470761, -0.1784080512351326, -0.15902366863905326, -0.16454622561492793, -0.10896748838871029, -0.11033369214208832, -0.19207048458149778, -0.13045156310304906]","[0.7864372469635628, 0.7869565217391304, 0.6874476987447699, 0.8705799151343706, 0.7477840451248993, 0.7002606429192006, 0.8338048090523338, 0.7461809635722679, 0.8542678695350451, 0.7723258096172718, 0.8824330458465729, 0.8497129348193178, 0.8939984411535464, 0.8096980786825252, 0.834689349112426, 0.823579304495335, 0.8835298320828867, 0.8807857911733046, 0.7932452276064611, 0.8433037437282902]","[0.9807692307692307, 0.9900255754475703, 0.992050209205021, 0.9943422913719944, 0.9923448831587429, 0.9874022589052998, 0.9855021216407355, 0.9882491186839013, 0.9701596113809854, 0.9950932286555446, 0.994098955969133, 0.9952718676122931, 0.990646921278254, 0.9881061299176578, 0.9937130177514792, 0.9881255301102629, 0.992497320471597, 0.9911194833153929, 0.9853157121879589, 0.9737553068313393]",0.8014393501252902,20,"[0.8017977528089888, 0.8047727272727273, 0.8084782608695652, 0.7974736842105263, 0.8019101123595506, 0.8061538461538461, 0.8034883720930233, 0.8045555555555556, 0.8007777777777778, 0.8058510638297872, 0.8033695652173913, 0.800989010989011, 0.8028571428571428, 0.7988505747126436, 0.799080459770115, 0.8044444444444444, 0.7927058823529411, 0.7933333333333333, 0.8008974358974359, 0.797]",4.74541163444519,2.3122427463531494,0.1444699764251709,1.9066455364227295,0.0006840229034423828,0.21895360946655273,1115755,ai08,success,
vit_b32_cifar100,CIFAR100,20,0.01,42,100,1.0,warmup_only_labelled,warmup_only,300,0.0,0.3924,0.083305,0.1407,0.8692,0.3924,-0.5956617262117709,0,20,"[-0.4931398416886543, -0.5548902195608783, -0.7977254264825345, -0.749189627228525, -0.47489150650960943, -0.4821653378094839, -0.3805449936628643, -0.5338621110433192, -0.1871408045977011, -0.7110993096123207, -0.7126660187884677, -0.6345190380761523, -0.5402112103980503, -0.3519118600129618, -0.6901639344262295, -0.7638024076380241, -0.6612170753860127, -0.6979166666666666, -0.7380952380952381, -0.7580818965517241]","[0.49604221635883905, 0.4126746506986028, 0.1844029244516653, 0.24594813614262562, 0.5164290142591444, 0.5052454888795636, 0.6124841571609633, 0.4575960951799878, 0.8056752873563219, 0.2825278810408922, 0.2714609653385164, 0.35821643286573146, 0.44191714053614944, 0.6370706416072586, 0.29262295081967216, 0.22083852220838524, 0.33393884347562824, 0.28530092592592593, 0.2496947496947497, 0.19827586206896552]","[0.9891820580474934, 0.967564870259481, 0.9821283509341998, 0.9951377633711507, 0.9913205207687539, 0.9874108266890474, 0.9930291508238276, 0.9914582062233069, 0.992816091954023, 0.9936271906532129, 0.9841269841269841, 0.9927354709418837, 0.9821283509341998, 0.9889825016202204, 0.9827868852459016, 0.9846409298464093, 0.9951559188616409, 0.9832175925925926, 0.9877899877899878, 0.9563577586206896]",0.39551492720806486,20,"[0.38829545454545455, 0.40119565217391306, 0.4068478260869565, 0.3983695652173913, 0.3781720430107527, 0.3948888888888889, 0.38179775280898876, 0.3872413793103448, 0.3587912087912088, 0.40770114942528735, 0.4251219512195122, 0.3839080459770115, 0.4013186813186813, 0.38913043478260867, 0.4057471264367816, 0.38666666666666666, 0.3969879518072289, 0.4, 0.40607594936708863, 0.4120408163265306]",2.6844568252563477,2.2860822677612305,0.01738905906677246,0.0,0.0,0.2184131145477295,1115755,ai08,success,
vit_b32_cifar100,CIFAR100,20,0.01,43,100,1.0,warmup_only_labelled,warmup_only,300,0.0,0.4211,0.081635,0.125,0.8683,0.4211,-0.5718049743211218,0,20,"[-0.36504036504036497, -0.6058973631981854, -0.5460170146945089, -0.7871349978840457, -0.4830970556161396, -0.4651279478173608, -0.5525260625501203, -0.583842179426961, -0.3675099866844208, -0.5337146297411198, -0.5594503645541223, -0.5642337732291947, -0.6015557476231634, -0.8466780238500852, -0.8179372197309417, -0.5168539325842697, -0.4881516587677725, -0.4628945123684959, -0.7217478653942743, -0.5666887856668879]","[0.6244296244296245, 0.38191097249787354, 0.4385150812064965, 0.20567075751163774, 0.504907306434024, 0.5293527345709985, 0.4342421812349639, 0.40911225927665573, 0.6178428761651131, 0.45725466586393737, 0.42793045429052157, 0.425531914893617, 0.3898012100259291, 0.14253265190232822, 0.16591928251121077, 0.47843421529539687, 0.4976303317535545, 0.5237418254193915, 0.257659467604219, 0.4173855341738553]","[0.9894699894699894, 0.987808335696059, 0.9845320959010054, 0.9928057553956835, 0.9880043620501636, 0.9944806823883593, 0.9867682437850842, 0.9929544387036168, 0.9853528628495339, 0.9909692956050572, 0.9873808188446439, 0.9897656881228117, 0.9913569576490925, 0.9892106757524134, 0.9838565022421525, 0.9952881478796666, 0.985781990521327, 0.9866363377878874, 0.9794073329984933, 0.9840743198407432]",0.41965493670900855,20,"[0.393448275862069, 0.4208045977011494, 0.42233333333333334, 0.4342857142857143, 0.4146808510638298, 0.41414893617021276, 0.4107954545454545, 0.42411764705882354, 0.4139583333333333, 0.4344186046511628, 0.4119277108433735, 0.3975, 0.4260227272727273, 0.43633333333333335, 0.4255555555555556, 0.4177272727272727, 0.43146341463414634, 0.4290909090909091, 0.42341463414634145, 0.4110714285714286]",2.6836700439453125,2.287313222885132,0.01865863800048828,0.0,0.0,0.21551060676574707,1115755,ai08,success,
vit_b32_cifar100,CIFAR100,20,0.01,44,100,1.0,warmup_only_labelled,warmup_only,300,0.0,0.4062,0.07868,0.1162,0.8673,0.4062,-0.5890388480770828,0,20,"[-0.4762145748987854, -0.5442455242966752, -0.5255230125523013, -0.6527581329561527, -0.863416599516519, -0.6733275412684623, -0.35926449787835923, -0.47630238934586766, -0.3719639139486467, -0.5446516192345436, -0.5229232864275988, -0.7379263762242485, -0.9703819173811379, -0.656907593778591, -0.4807692307692307, -0.5439638111393836, -0.6145051804215791, -0.5086114101184069, -0.649632892804699, -0.6074874565804709]","[0.5045546558704453, 0.44578005115089514, 0.4665271966527197, 0.3415841584158416, 0.128928283642224, 0.31407471763683753, 0.6262376237623762, 0.5119467293380336, 0.5981956974323387, 0.450441609421001, 0.4711756695415343, 0.2573454913880446, 0.020265003897116135, 0.3311985361390668, 0.5129437869822485, 0.44416171897087925, 0.37799214005001786, 0.482508073196986, 0.3356828193832599, 0.3662678502508684]","[0.9807692307692307, 0.9900255754475703, 0.992050209205021, 0.9943422913719944, 0.9923448831587429, 0.9874022589052998, 0.9855021216407355, 0.9882491186839013, 0.9701596113809854, 0.9950932286555446, 0.994098955969133, 0.9952718676122931, 0.990646921278254, 0.9881061299176578, 0.9937130177514792, 0.9881255301102629, 0.992497320471597, 0.9911194833153929, 0.9853157121879589, 0.9737553068313393]",0.40897453407005707,20,"[0.41337078651685394, 0.40863636363636363, 0.40608695652173915, 0.40389473684210525, 0.42258426966292134, 0.40197802197802196, 0.4155813953488372, 0.4027777777777778, 0.38711111111111113, 0.4098936170212766, 0.40891304347826085, 0.4246153846153846, 0.4206593406593407, 0.3918390804597701, 0.4050574712643678, 0.41987654320987655, 0.41023529411764703, 0.40935897435897434, 0.39782051282051284, 0.4192]",2.692108154296875,2.294825792312622,0.01735997200012207,0.0,0.0,0.21753573417663574,1115755,ai08,success,
vit_b32_cifar100,CIFAR100,20,0.05,42,100,1.0,dp_avg_eps2_K20,dp_avg,100,6.449903898212313,0.089,0.18688,0.2945,0.8692,0.0429,-0.8895975744990725,0,20,"[-0.8252479228088985, -0.9213174748398902, -0.87125, -0.86591086786552, -0.8629395852119026, -0.8509865005192108, -0.916766706682673, -0.9183326244151425, -0.9337038507344184, -0.8533554266777134, -0.9124192390524049, -0.9003539341138035, -0.8957435344827586, -0.8399051289653128, -0.9088105726872246, -0.8621718377088305, -0.9290030211480362, -0.9268537074148298, -0.8985401459854014, -0.8983394086674767]","[0.1581345483784508, 0.05123513266239707, 0.10541666666666667, 0.10711493354182955, 0.1036970243462579, 0.1240913811007269, 0.056022408963585436, 0.06082518077413866, 0.048034934497816595, 0.10936205468102735, 0.05527638190954774, 0.08249387421726109, 0.08405172413793104, 0.13963830418025497, 0.06872246696035242, 0.10739856801909307, 0.0513595166163142, 0.052104208416833664, 0.08357664233576642, 0.056703118671526935]","[0.9833824711873492, 0.9725526075022873, 0.9766666666666667, 0.9730258014073495, 0.9666366095581606, 0.9750778816199377, 0.9727891156462585, 0.9791578051892812, 0.981738785232235, 0.9627174813587407, 0.9676956209619526, 0.9828478083310646, 0.9797952586206896, 0.9795434331455678, 0.9775330396475771, 0.9695704057279236, 0.9803625377643505, 0.9789579158316634, 0.9821167883211679, 0.9550425273390036]",0.08692556254742151,20,"[0.08869565217391304, 0.08567567567567567, 0.08835616438356164, 0.08402777777777778, 0.08465753424657534, 0.08953846153846154, 0.09716417910447761, 0.09575757575757576, 0.0954054054054054, 0.09241935483870968, 0.08792207792207792, 0.08794117647058823, 0.085, 0.08656716417910448, 0.0796, 0.07945205479452055, 0.08383561643835616, 0.08044776119402985, 0.09271428571428571, 0.07333333333333333]",4.7450172901153564,2.2845969200134277,0.1935288906097412,1.900547742843628,0.0006966590881347656,0.20328116416931152,1115755,ai08,success,
vit_b32_cifar100,CIFAR100,20,0.05,43,100,1.0,dp_avg_eps2_K20,dp_avg,100,6.442680879502149,0.0812,0.17743,0.2208,0.8683,0.0425,-0.8944802450597564,0,20,"[-0.8733140655105973, -0.9122857972698228, -0.8720426524491836, -0.9316208393632417, -0.9377208480565371, -0.878125, -0.875400641025641, -0.8891520606347703, -0.9045145825009988, -0.874350729656196, -0.8724870763928776, -0.9077868852459017, -0.9365541327124564, -0.8848009650180941, -0.9199272065514105, -0.9075757575757576, -0.9211635750421585, -0.7808258735200694, -0.9259783121169259, -0.8839779005524862]","[0.1069364161849711, 0.06796398489689225, 0.11329556814395202, 0.05101302460202605, 0.05079505300353357, 0.10848214285714286, 0.09334935897435898, 0.0885836096636665, 0.06632041550139832, 0.1157556270096463, 0.10798391728891442, 0.07274590163934426, 0.040162980209545986, 0.09348612786489746, 0.05368516833484986, 0.07727272727272727, 0.06155143338954469, 0.1544903263066705, 0.056105610561056105, 0.08632596685082873]","[0.9802504816955684, 0.9802497821667151, 0.9853382205931356, 0.9826338639652678, 0.9885159010600707, 0.9866071428571429, 0.96875, 0.9777356702984368, 0.9708349980023971, 0.9901063566658422, 0.980470993681792, 0.9805327868852459, 0.9767171129220024, 0.9782870928829915, 0.9736123748862603, 0.9848484848484849, 0.9827150084317032, 0.9353161998267399, 0.9820839226779821, 0.9703038674033149]",0.07826267061983969,20,"[0.07640625, 0.07930555555555556, 0.07549295774647888, 0.08654320987654321, 0.0895945945945946, 0.08029411764705882, 0.07304347826086957, 0.07101449275362319, 0.07884057971014492, 0.07391304347826087, 0.07323529411764707, 0.09, 0.08722222222222223, 0.08138888888888889, 0.08417910447761194, 0.07561643835616438, 0.08013513513513514, 0.06712328767123288, 0.07857142857142857, 0.06333333333333334]",4.765455484390259,2.3084652423858643,0.18371987342834473,1.9056196212768555,0.0006887912750244141,0.20500564575195312,1115755,ai08,success,
vit_b32_cifar100,CIFAR100,20,0.05,44,100,1.0,dp_avg_eps2_K20,dp_avg,100,6.44558801400764,0.1007,0.18280000000000002,0.2465,0.8673,0.0553,-0.8775559282994319,0,20,"[-0.8985319516407599, -0.8957732949087417, -0.914846470402026, -0.8999332888592395, -0.8517811704834606, -0.8113827070412258, -0.8417225950782998, -0.9314176245210728, -0.9047231270358306, -0.8518708354689903, -0.8708609271523179, -0.9291228070175438, -0.9014522821576764, -0.8688788659793814, -0.8665501165501165, -0.8443232523549826, -0.8909329829172142, -0.8179340419732897, -0.9049135577797999, -0.8541666666666666]","[0.08937823834196891, 0.06051873198847262, 0.06710984488762267, 0.0713809206137425, 0.1253180661577608, 0.1743889091572419, 0.0878076062639821, 0.0475095785440613, 0.08903365906623235, 0.1337775499743721, 0.1107997962302598, 0.0343859649122807, 0.0700207468879668, 0.11243556701030928, 0.11538461538461539, 0.13584531482399603, 0.09548839246605344, 0.17116380485145816, 0.07279344858962693, 0.125]","[0.9879101899827288, 0.9562920268972143, 0.9819563152896487, 0.971314209472982, 0.9770992366412213, 0.9857716161984678, 0.9295302013422819, 0.9789272030651341, 0.993756786102063, 0.9856483854433624, 0.9816607233825777, 0.9635087719298245, 0.9714730290456431, 0.9813144329896907, 0.9819347319347319, 0.9801685671789787, 0.9864213753832677, 0.9890978468247479, 0.9777070063694268, 0.9791666666666666]",0.09683264335780092,20,"[0.11352112676056338, 0.1052054794520548, 0.10676056338028168, 0.10757142857142857, 0.095, 0.08550724637681159, 0.08921875, 0.10428571428571429, 0.09027027027027026, 0.0846875, 0.08774647887323944, 0.1147945205479452, 0.10864864864864865, 0.09476923076923077, 0.09347222222222222, 0.08605633802816902, 0.10319444444444445, 0.08014925373134328, 0.10936507936507936, 0.07642857142857143]",4.763150215148926,2.299543857574463,0.1867692470550537,1.9080884456634521,0.0007030963897705078,0.20508623123168945,1115755,ai08,success,
vit_b32_cifar100,CIFAR100,20,0.05,42,100,1.0,dp_avg_eps8_K20,dp_avg,100,1.6124759745530783,0.1032,0.18688,0.2945,0.8692,0.0586,-0.8746075359288937,0,20,"[-0.7936210131332082, -0.9016468435498628, -0.86375, -0.8483189992181392, -0.8440036068530208, -0.8302180685358256, -0.9027611044417767, -0.894087622288388, -0.927352123858674, -0.8251864125932062, -0.9117013639626705, -0.8614211815954261, -0.8908943965517241, -0.8369404091313372, -0.8933920704845815, -0.8418854415274464, -0.9128902316213494, -0.9168336673346694, -0.8875912408759125, -0.9076549210206561]","[0.189761458054141, 0.07090576395242452, 0.11291666666666667, 0.12470680218921032, 0.12263300270513977, 0.14485981308411214, 0.0700280112044818, 0.08507018290089324, 0.054386661373560935, 0.1375310687655344, 0.05599425699928212, 0.12142662673563845, 0.08890086206896551, 0.14260302401423067, 0.0841409691629956, 0.1276849642004773, 0.06747230614300101, 0.06212424849699399, 0.09452554744525547, 0.04738760631834751]","[0.9833824711873492, 0.9725526075022873, 0.9766666666666667, 0.9730258014073495, 0.9666366095581606, 0.9750778816199377, 0.9727891156462585, 0.9791578051892812, 0.981738785232235, 0.9627174813587407, 0.9676956209619526, 0.9828478083310646, 0.9797952586206896, 0.9795434331455678, 0.9775330396475771, 0.9695704057279236, 0.9803625377643505, 0.9789579158316634, 0.9821167883211679, 0.9550425273390036]",0.10072436604080089,20,"[0.10289855072463767, 0.09837837837837837, 0.10082191780821918, 0.09972222222222223, 0.10191780821917808, 0.1056923076923077, 0.11402985074626866, 0.10939393939393939, 0.11216216216216217, 0.10467741935483871, 0.10467532467532467, 0.09838235294117648, 0.10211538461538462, 0.10223880597014925, 0.09386666666666667, 0.09082191780821917, 0.0989041095890411, 0.09283582089552239, 0.10928571428571429, 0.07166666666666667]",4.760688066482544,2.3039491176605225,0.19298720359802246,1.8979260921478271,0.0006878376007080078,0.2019040584564209,1115755,ai08,success,
vit_b32_cifar100,CIFAR100,20,0.05,43,100,1.0,dp_avg_eps8_K20,dp_avg,100,1.6106702198755372,0.0871,0.17743,0.2208,0.8683,0.0446,-0.8891102332265854,0,20,"[-0.8526011560693642, -0.9105431309904154, -0.8677107630789737, -0.9124457308248914, -0.9275618374558304, -0.8924107142857143, -0.8645833333333334, -0.8758882046423496, -0.895725129844187, -0.8758347761563197, -0.8719126938541067, -0.9072745901639344, -0.9342258440046566, -0.8854041013268998, -0.9144676979071884, -0.9143939393939394, -0.9089376053962901, -0.7790932717297141, -0.9061763319189061, -0.8850138121546961]","[0.12764932562620424, 0.06970665117629973, 0.11762745751416194, 0.07018813314037627, 0.060954063604240286, 0.09419642857142857, 0.10416666666666667, 0.10184746565608717, 0.07510986815821015, 0.11427158050952263, 0.10855829982768524, 0.07325819672131148, 0.042491268917345754, 0.09288299155609167, 0.059144676979071886, 0.07045454545454545, 0.07377740303541315, 0.1562229280970257, 0.07590759075907591, 0.08529005524861878]","[0.9802504816955684, 0.9802497821667151, 0.9853382205931356, 0.9826338639652678, 0.9885159010600707, 0.9866071428571429, 0.96875, 0.9777356702984368, 0.9708349980023971, 0.9901063566658422, 0.980470993681792, 0.9805327868852459, 0.9767171129220024, 0.9782870928829915, 0.9736123748862603, 0.9848484848484849, 0.9827150084317032, 0.9353161998267399, 0.9820839226779821, 0.9703038674033149]",0.08463398339080913,20,"[0.08453125, 0.08847222222222222, 0.08098591549295775, 0.09407407407407407, 0.09554054054054054, 0.09, 0.08043478260869565, 0.0736231884057971, 0.08855072463768116, 0.07782608695652174, 0.08029411764705882, 0.09616438356164383, 0.09541666666666666, 0.08625, 0.08955223880597014, 0.08191780821917809, 0.08472972972972972, 0.0741095890410959, 0.08242857142857143, 0.06777777777777778]",4.725962162017822,2.2737467288970947,0.18301057815551758,1.9015772342681885,0.0006866455078125,0.20514607429504395,1115755,ai08,success,
vit_b32_cifar100,CIFAR100,20,0.05,44,100,1.0,dp_avg_eps8_K20,dp_avg,100,1.61139700350191,0.1123,0.18280000000000002,0.2465,0.8673,0.0629,-0.8684801972110611,0,20,"[-0.9032815198618307, -0.8789625360230549, -0.8983855650522318, -0.914609739826551, -0.8352417302798982, -0.832907697920467, -0.8350111856823267, -0.9302681992337165, -0.8854505971769815, -0.8200922603792927, -0.8568517575140092, -0.9235087719298245, -0.8900414937759336, -0.8695231958762886, -0.8589743589743589, -0.8378780366881508, -0.8633377135348227, -0.802943581357318, -0.9017288444040037, -0.8306051587301587]","[0.0846286701208981, 0.07732949087415947, 0.0835707502374169, 0.05670446964643095, 0.14185750636132316, 0.15286391827800072, 0.09451901565995526, 0.04865900383141762, 0.10830618892508144, 0.16555612506406972, 0.12480896586856852, 0.04, 0.08143153526970955, 0.11179123711340207, 0.12296037296037296, 0.14229053049082796, 0.12308366184844503, 0.18615426546742983, 0.07597816196542312, 0.14856150793650794]","[0.9879101899827288, 0.9562920268972143, 0.9819563152896487, 0.971314209472982, 0.9770992366412213, 0.9857716161984678, 0.9295302013422819, 0.9789272030651341, 0.993756786102063, 0.9856483854433624, 0.9816607233825777, 0.9635087719298245, 0.9714730290456431, 0.9813144329896907, 0.9819347319347319, 0.9801685671789787, 0.9864213753832677, 0.9890978468247479, 0.9777070063694268, 0.9791666666666666]",0.11065446977753321,20,"[0.12845070422535212, 0.11575342465753424, 0.11746478873239437, 0.118, 0.10513888888888889, 0.10159420289855073, 0.100625, 0.11935064935064935, 0.10702702702702703, 0.10078125, 0.09830985915492958, 0.12547945205479452, 0.12310810810810811, 0.10938461538461539, 0.10541666666666667, 0.10070422535211268, 0.11375, 0.09417910447761194, 0.12142857142857143, 0.10714285714285714]",4.756465196609497,2.2976129055023193,0.18659758567810059,1.9041037559509277,0.0007004737854003906,0.204664945602417,1115755,ai08,success,
vit_b32_cifar100,CIFAR100,20,0.05,42,100,1.0,labelled_probe_warmup,labelled,300,0.0,0.4262,0.18688,0.2945,0.8692,0.3924,-0.5560364379888176,0,20,"[-0.4269632806218172, -0.453796889295517, -0.4175, -0.5371383893666928, -0.6023444544634806, -0.6305815160955348, -0.5678271308523409, -0.3947256486601447, -0.41087733227471224, -0.5691797845898923, -0.8506819813352476, -0.41001905799074334, -0.4954202586206896, -0.5861251111769938, -0.6493392070484582, -0.5268496420047732, -0.6379657603222557, -0.655811623246493, -0.6430656934306569, -0.6545159983799109]","[0.556419190565532, 0.5187557182067704, 0.5591666666666667, 0.4358874120406568, 0.3642921550946799, 0.3444963655244029, 0.40496198479391754, 0.5844321565291365, 0.5708614529575228, 0.39353769676884837, 0.11701363962670495, 0.5728287503403212, 0.484375, 0.39341832196857396, 0.32819383259911894, 0.44272076372315033, 0.3423967774420947, 0.32314629258517036, 0.33905109489051094, 0.30052652895909276]","[0.9833824711873492, 0.9725526075022873, 0.9766666666666667, 0.9730258014073495, 0.9666366095581606, 0.9750778816199377, 0.9727891156462585, 0.9791578051892812, 0.981738785232235, 0.9627174813587407, 0.9676956209619526, 0.9828478083310646, 0.9797952586206896, 0.9795434331455678, 0.9775330396475771, 0.9695704057279236, 0.9803625377643505, 0.9789579158316634, 0.9821167883211679, 0.9550425273390036]",0.43365779216617517,20,"[0.4449275362318841, 0.4297297297297297, 0.40205479452054793, 0.43972222222222224, 0.44095890410958904, 0.47323076923076923, 0.4135820895522388, 0.4168181818181818, 0.4458108108108108, 0.44951612903225807, 0.46974025974025974, 0.3839705882352941, 0.41596153846153844, 0.4282089552238806, 0.45426666666666665, 0.41178082191780824, 0.42246575342465753, 0.4217910447761194, 0.4702857142857143, 0.43833333333333335]",4.590743064880371,2.278012752532959,0.02166128158569336,1.914350986480713,0.0007011890411376953,0.21388483047485352,1115755,ai08,success,
vit_b32_cifar100,CIFAR100,20,0.05,43,100,1.0,labelled_probe_warmup,labelled,300,0.0,0.4658,0.17743,0.2208,0.8683,0.4211,-0.5107821465750342,0,20,"[-0.3434489402697495, -0.6006389776357828, -0.4648450516494501, -0.45332850940665703, -0.2725265017667845, -0.5066964285714286, -0.6999198717948718, -0.5675035528185695, -0.4622453056332402, -0.5216423447934702, -0.4572085008615737, -0.46465163934426235, -0.5040745052386496, -0.7189384800965017, -0.49818016378525937, -0.4696969696969697, -0.5636593591905565, -0.48830493791510254, -0.5483262611975483, -0.6098066298342542]","[0.6368015414258189, 0.3796108045309323, 0.5204931689436855, 0.5293053545586107, 0.7159893992932862, 0.4799107142857143, 0.2688301282051282, 0.4102321174798674, 0.508589692369157, 0.468464011872372, 0.5232624928202183, 0.5158811475409836, 0.47264260768335276, 0.25934861278648974, 0.4754322111010009, 0.5151515151515151, 0.4190556492411467, 0.4470112619116373, 0.43375766148043376, 0.36049723756906077]","[0.9802504816955684, 0.9802497821667151, 0.9853382205931356, 0.9826338639652678, 0.9885159010600707, 0.9866071428571429, 0.96875, 0.9777356702984368, 0.9708349980023971, 0.9901063566658422, 0.980470993681792, 0.9805327868852459, 0.9767171129220024, 0.9782870928829915, 0.9736123748862603, 0.9848484848484849, 0.9827150084317032, 0.9353161998267399, 0.9820839226779821, 0.9703038674033149]",0.46316422779678074,20,"[0.43046875, 0.48638888888888887, 0.47619718309859155, 0.4580246913580247, 0.43094594594594593, 0.48411764705882354, 0.49956521739130433, 0.4510144927536232, 0.45318840579710146, 0.4472463768115942, 0.4777941176470588, 0.45575342465753427, 0.4723611111111111, 0.4633333333333333, 0.4513432835820895, 0.48547945205479454, 0.46783783783783783, 0.456986301369863, 0.4585714285714286, 0.45666666666666667]",4.589198589324951,2.2864160537719727,0.02145695686340332,1.9103069305419922,0.0006921291351318359,0.20471692085266113,1115755,ai08,success,
vit_b32_cifar100,CIFAR100,20,0.05,44,100,1.0,labelled_probe_warmup,labelled,300,0.0,0.4465,0.18280000000000002,0.2465,0.8673,0.4062,-0.5370818719816299,0,20,"[-0.4473229706390328, -0.7680115273775217, -0.5004748338081673, -0.2821881254169446, -0.7010178117048346, -0.5191535935789858, -0.6991051454138703, -0.6517241379310346, -0.5502171552660152, -0.44848795489492577, -0.5305654610290372, -0.7249122807017544, -0.5145228215767634, -0.43105670103092775, -0.5815850815850816, -0.578582052553297, -0.4603591765221201, -0.4270918506405015, -0.41856232939035487, -0.5066964285714286]","[0.540587219343696, 0.1882804995196926, 0.48148148148148145, 0.6891260840560374, 0.27608142493638677, 0.46661802261948193, 0.23042505592841164, 0.32720306513409964, 0.44353963083604775, 0.5371604305484367, 0.45109526235354047, 0.23859649122807017, 0.45695020746887965, 0.5502577319587629, 0.40034965034965037, 0.4015865146256817, 0.5260621988611476, 0.5620059961842464, 0.5591446769790719, 0.4724702380952381]","[0.9879101899827288, 0.9562920268972143, 0.9819563152896487, 0.971314209472982, 0.9770992366412213, 0.9857716161984678, 0.9295302013422819, 0.9789272030651341, 0.993756786102063, 0.9856483854433624, 0.9816607233825777, 0.9635087719298245, 0.9714730290456431, 0.9813144329896907, 0.9819347319347319, 0.9801685671789787, 0.9864213753832677, 0.9890978468247479, 0.9777070063694268, 0.9791666666666666]",0.44169861512945696,20,"[0.4467605633802817, 0.4789041095890411, 0.4490140845070423, 0.417, 0.4751388888888889, 0.43724637681159423, 0.42390625, 0.47363636363636363, 0.4491891891891892, 0.44390625, 0.45098591549295775, 0.4617808219178082, 0.4266216216216216, 0.43138461538461537, 0.4826388888888889, 0.43802816901408453, 0.44458333333333333, 0.45761194029850744, 0.44492063492063494, 0.3007142857142857]",4.580553293228149,2.296198844909668,0.021543502807617188,1.8959686756134033,0.0006947517395019531,0.20459842681884766,1115755,ai08,success,
vit_b32_cifar100,CIFAR100,20,0.05,42,100,1.0,no_phase0,none,0,0.0,0.0243,0.18688,0.2945,0.8692,0.0121,-0.9516198556274142,0,20,"[-0.911551862771375, -0.9656907593778592, -0.94375, -0.9440969507427678, -0.9495040577096484, -0.9421079958463136, -0.9643857543017207, -0.968949383241174, -0.9761810242159588, -0.9262634631317316, -0.9475951184493898, -0.9602504764497686, -0.955010775862069, -0.9540468425733769, -0.9480176211453745, -0.9558472553699284, -0.974320241691843, -0.9609218436873748, -0.9543795620437956, -0.9295261239368166]","[0.07183060841597427, 0.006861848124428179, 0.032916666666666664, 0.028928850664581705, 0.017132551848512173, 0.03296988577362409, 0.008403361344537815, 0.010208421948107189, 0.0055577610162763, 0.03645401822700911, 0.020100502512562814, 0.022597331881295944, 0.02478448275862069, 0.02549659057219093, 0.029515418502202642, 0.013723150357995227, 0.006042296072507553, 0.018036072144288578, 0.027737226277372264, 0.02551640340218712]","[0.9833824711873492, 0.9725526075022873, 0.9766666666666667, 0.9730258014073495, 0.9666366095581606, 0.9750778816199377, 0.9727891156462585, 0.9791578051892812, 0.981738785232235, 0.9627174813587407, 0.9676956209619526, 0.9828478083310646, 0.9797952586206896, 0.9795434331455678, 0.9775330396475771, 0.9695704057279236, 0.9803625377643505, 0.9789579158316634, 0.9821167883211679, 0.9550425273390036]",0.02432574229772766,20,"[0.019130434782608695, 0.027432432432432433, 0.026575342465753424, 0.023333333333333334, 0.024383561643835615, 0.02276923076923077, 0.03, 0.027424242424242424, 0.029054054054054056, 0.03064516129032258, 0.026363636363636363, 0.026176470588235294, 0.020384615384615383, 0.029253731343283584, 0.0196, 0.025753424657534246, 0.024794520547945207, 0.018059701492537314, 0.028714285714285713, 0.006666666666666667]",4.525853633880615,2.262638568878174,0.0078122615814208984,1.8897557258605957,0.0007140636444091797,0.2032160758972168,1115755,ai08,success,
vit_b32_cifar100,CIFAR100,20,0.05,43,100,1.0,no_phase0,none,0,0.0,0.0219,0.17743,0.2208,0.8683,0.011,-0.9565989538332854,0,20,"[-0.9489402697495183, -0.9706651176299739, -0.9543485504831722, -0.9721418234442837, -0.9823321554770318, -0.9754464285714286, -0.9290865384615384, -0.9407863571766936, -0.9600479424690371, -0.9722977986643582, -0.95807007466973, -0.975922131147541, -0.9644935972060535, -0.9541616405307599, -0.9626933575978163, -0.9666666666666667, -0.9654300168634065, -0.8729425353739533, -0.9707685054219708, -0.9347375690607734]","[0.0313102119460501, 0.009584664536741214, 0.030989670109963344, 0.010492040520984082, 0.006183745583038869, 0.011160714285714286, 0.039663461538461536, 0.03694931312174325, 0.010787055533359968, 0.017808558001484048, 0.022400919012062034, 0.004610655737704918, 0.012223515715948778, 0.024125452352231604, 0.01091901728844404, 0.01818181818181818, 0.017284991568296795, 0.0623736644527866, 0.011315417256011316, 0.035566298342541436]","[0.9802504816955684, 0.9802497821667151, 0.9853382205931356, 0.9826338639652678, 0.9885159010600707, 0.9866071428571429, 0.96875, 0.9777356702984368, 0.9708349980023971, 0.9901063566658422, 0.980470993681792, 0.9805327868852459, 0.9767171129220024, 0.9782870928829915, 0.9736123748862603, 0.9848484848484849, 0.9827150084317032, 0.9353161998267399, 0.9820839226779821, 0.9703038674033149]",0.020772790498874868,20,"[0.02390625, 0.022916666666666665, 0.018309859154929577, 0.025185185185185185, 0.025405405405405406, 0.02176470588235294, 0.015942028985507246, 0.018115942028985508, 0.01855072463768116, 0.019130434782608695, 0.01838235294117647, 0.027534246575342466, 0.023055555555555555, 0.023333333333333334, 0.027313432835820897, 0.019315068493150685, 0.02054054054054054, 0.016849315068493152, 0.026571428571428572, 0.0033333333333333335]",4.5647172927856445,2.305567502975464,0.007611989974975586,1.883220911026001,0.0006859302520751953,0.20549917221069336,1115755,ai08,success,
vit_b32_cifar100,CIFAR100,20,0.05,44,100,1.0,no_phase0,none,0,0.0,0.0233,0.18280000000000002,0.2465,0.8673,0.0072,-0.9539213607138992,0,20,"[-0.9715025906735751, -0.9423631123919309, -0.971826527382083, -0.9659773182121414, -0.9179389312977099, -0.9500182415176943, -0.9155480984340045, -0.9720306513409962, -0.9671552660152009, -0.9390056381342902, -0.9592460519612838, -0.9614035087719298, -0.9595435684647303, -0.9552190721649484, -0.9527972027972028, -0.9459593455627169, -0.9693385895751205, -0.946852003270646, -0.9613284804367607, -0.9533730158730158]","[0.016407599309153715, 0.013928914505283382, 0.010129787907565685, 0.00533689126084056, 0.05916030534351145, 0.03575337468077344, 0.013982102908277404, 0.006896551724137931, 0.026601520086862108, 0.04664274730907227, 0.022414671421293938, 0.002105263157894737, 0.011929460580912862, 0.02609536082474227, 0.029137529137529136, 0.034209221616261776, 0.017082785808147174, 0.042245843554101936, 0.01637852593266606, 0.025793650793650792]","[0.9879101899827288, 0.9562920268972143, 0.9819563152896487, 0.971314209472982, 0.9770992366412213, 0.9857716161984678, 0.9295302013422819, 0.9789272030651341, 0.993756786102063, 0.9856483854433624, 0.9816607233825777, 0.9635087719298245, 0.9714730290456431, 0.9813144329896907, 0.9819347319347319, 0.9801685671789787, 0.9864213753832677, 0.9890978468247479, 0.9777070063694268, 0.9791666666666666]",0.023125471074021173,20,"[0.02732394366197183, 0.023698630136986303, 0.022676056338028168, 0.02542857142857143, 0.018333333333333333, 0.020869565217391306, 0.02140625, 0.025584415584415585, 0.022027027027027028, 0.0175, 0.02, 0.028904109589041094, 0.027702702702702704, 0.024, 0.02263888888888889, 0.017605633802816902, 0.022916666666666665, 0.014925373134328358, 0.02253968253968254, 0.03642857142857143]",4.548597574234009,2.2687723636627197,0.007889032363891602,1.904756784439087,0.0006935596466064453,0.20484352111816406,1115755,ai08,success,
vit_b32_cifar100,CIFAR100,20,0.05,42,100,1.0,raw_union_K20,raw_union,7857,0.0,0.833,0.18688,0.2945,0.8692,0.8307,-0.11575527249519453,0,20,"[-0.12731171267756636, -0.15873741994510526, -0.10458333333333336, -0.10906958561376079, -0.05861136158701541, -0.1303219106957425, -0.11964785914365739, -0.08421948107188437, -0.12822548630408892, -0.10521955260977633, -0.05958363244795406, -0.15573101007350942, -0.12176724137931028, -0.12066409724281058, -0.1823788546255507, -0.06801909307875897, -0.12134944612286003, -0.11372745490981973, -0.1394160583941606, -0.1065208586472256]","[0.8560707585097829, 0.8138151875571821, 0.8720833333333333, 0.8639562157935887, 0.9080252479711451, 0.8447559709241952, 0.8531412565026011, 0.8949383241173968, 0.8535132989281461, 0.8574979287489644, 0.9081119885139985, 0.8271167982575551, 0.8580280172413793, 0.8588793359027572, 0.7951541850220264, 0.9015513126491647, 0.8590130916414904, 0.8652304609218436, 0.8427007299270073, 0.848521668691778]","[0.9833824711873492, 0.9725526075022873, 0.9766666666666667, 0.9730258014073495, 0.9666366095581606, 0.9750778816199377, 0.9727891156462585, 0.9791578051892812, 0.981738785232235, 0.9627174813587407, 0.9676956209619526, 0.9828478083310646, 0.9797952586206896, 0.9795434331455678, 0.9775330396475771, 0.9695704057279236, 0.9803625377643505, 0.9789579158316634, 0.9821167883211679, 0.9550425273390036]",0.8354543690118692,20,"[0.8304347826086956, 0.827027027027027, 0.8404109589041096, 0.8309722222222222, 0.8235616438356165, 0.8229230769230769, 0.8401492537313433, 0.8407575757575757, 0.840945945945946, 0.8282258064516129, 0.834025974025974, 0.8375, 0.8296153846153846, 0.8294029850746268, 0.8382666666666667, 0.8197260273972603, 0.8384931506849315, 0.8240298507462687, 0.8242857142857143, 0.9083333333333333]",4.871550798416138,2.2957396507263184,0.29586315155029297,1.914980411529541,0.0006880760192871094,0.20246672630310059,1115755,ai08,success,
vit_b32_cifar100,CIFAR100,20,0.05,43,100,1.0,raw_union_K20,raw_union,7651,0.0,0.8257,0.17743,0.2208,0.8683,0.8222,-0.12326792871941061,0,20,"[-0.0761078998073218, -0.13941330235259952, -0.10596467844051982, -0.1765557163531114, -0.12720848056537104, -0.11026785714285714, -0.18469551282051277, -0.12126954050213168, -0.11146624051138632, -0.14222112292851852, -0.09592188397472712, -0.08913934426229508, -0.1175785797438883, -0.14837153196622432, -0.10964513193812564, -0.08787878787878789, -0.14755480607082638, -0.14322841466936187, -0.13625648279113622, -0.0946132596685082]","[0.9041425818882466, 0.8408364798141156, 0.8793735421526158, 0.8060781476121563, 0.8613074204946997, 0.8763392857142858, 0.7840544871794872, 0.8564661297963051, 0.8593687574910108, 0.8478852337373237, 0.8845491097070649, 0.8913934426229508, 0.8591385331781141, 0.8299155609167672, 0.8639672429481347, 0.896969696969697, 0.8351602023608768, 0.792087785157378, 0.8458274398868458, 0.8756906077348067]","[0.9802504816955684, 0.9802497821667151, 0.9853382205931356, 0.9826338639652678, 0.9885159010600707, 0.9866071428571429, 0.96875, 0.9777356702984368, 0.9708349980023971, 0.9901063566658422, 0.980470993681792, 0.9805327868852459, 0.9767171129220024, 0.9782870928829915, 0.9736123748862603, 0.9848484848484849, 0.9827150084317032, 0.9353161998267399, 0.9820839226779821, 0.9703038674033149]",0.8211115336900804,20,"[0.82, 0.82, 0.8190140845070423, 0.832716049382716, 0.8231081081081081, 0.8220588235294117, 0.8434782608695652, 0.8157971014492753, 0.8204347826086956, 0.8149275362318841, 0.8277941176470588, 0.819041095890411, 0.8227777777777778, 0.8230555555555555, 0.8235820895522388, 0.8165753424657535, 0.831081081081081, 0.8286301369863014, 0.8237142857142857, 0.7744444444444445]",4.855515480041504,2.2989792823791504,0.2844221591949463,1.9047431945800781,0.0006835460662841797,0.205108642578125,1115755,ai08,success,
vit_b32_cifar100,CIFAR100,20,0.05,44,100,1.0,raw_union_K20,raw_union,7621,0.0,0.8249,0.18280000000000002,0.2465,0.8673,0.8198,-0.13344945061026692,0,20,"[-0.12219343696027629, -0.13880883765609997, -0.20481164925609374, -0.07471647765176781, -0.18638676844783708, -0.14301349872309377, -0.22986577181208057, -0.1279693486590039, -0.15390879478827357, -0.10968733982573042, -0.14671421293937847, -0.09894736842105256, -0.10321576763485474, -0.10019329896907214, -0.26864801864801857, -0.08428358948934067, -0.09417433201927294, -0.09811937857726905, -0.08189262966333033, -0.10143849206349198]","[0.8657167530224525, 0.8174831892411143, 0.7771446660335549, 0.8965977318212142, 0.7907124681933843, 0.842758117475374, 0.6996644295302014, 0.8509578544061303, 0.8398479913137894, 0.875961045617632, 0.8349465104431992, 0.864561403508772, 0.8682572614107884, 0.8811211340206185, 0.7132867132867133, 0.895884977689638, 0.8922470433639947, 0.8909784682474788, 0.8958143767060964, 0.8777281746031746]","[0.9879101899827288, 0.9562920268972143, 0.9819563152896487, 0.971314209472982, 0.9770992366412213, 0.9857716161984678, 0.9295302013422819, 0.9789272030651341, 0.993756786102063, 0.9856483854433624, 0.9816607233825777, 0.9635087719298245, 0.9714730290456431, 0.9813144329896907, 0.9819347319347319, 0.9801685671789787, 0.9864213753832677, 0.9890978468247479, 0.9777070063694268, 0.9791666666666666]",0.8211322459997726,20,"[0.8171830985915493, 0.8273972602739726, 0.8226760563380282, 0.8192857142857143, 0.8233333333333334, 0.8157971014492753, 0.84421875, 0.8184415584415584, 0.8227027027027027, 0.81515625, 0.8185915492957746, 0.8202739726027397, 0.8240540540540541, 0.8166153846153846, 0.835, 0.8088732394366197, 0.8097222222222222, 0.8064179104477612, 0.8019047619047619, 0.855]",4.864476203918457,2.308478355407715,0.28429388999938965,1.904541015625,0.0006928443908691406,0.20473837852478027,1115755,ai08,success,
vit_b32_cifar100,CIFAR100,20,0.05,42,100,1.0,warmup_only_labelled,warmup_only,300,0.0,0.3924,0.18688,0.2945,0.8692,0.3924,-0.5920381356124548,0,20,"[-0.4714553738943983, -0.48993595608417206, -0.43166666666666664, -0.5492572322126661, -0.6429215509467989, -0.6892523364485981, -0.60984393757503, -0.44789451297320293, -0.4732036522429536, -0.6139188069594035, -0.8592964824120602, -0.4383337870950177, -0.5309806034482758, -0.6172546694337386, -0.66431718061674, -0.5536992840095465, -0.6435045317220544, -0.7284569138276553, -0.6901459854014599, -0.6954232482786553]","[0.5119270972929509, 0.48261665141811527, 0.545, 0.42376856919468336, 0.3237150586113616, 0.28582554517133957, 0.3629451780712285, 0.5312632922160783, 0.5085351329892814, 0.3487986743993372, 0.10839913854989232, 0.5445140212360469, 0.4488146551724138, 0.3622887637118292, 0.313215859030837, 0.4158711217183771, 0.3368580060422961, 0.250501002004008, 0.291970802919708, 0.2596192790603483]","[0.9833824711873492, 0.9725526075022873, 0.9766666666666667, 0.9730258014073495, 0.9666366095581606, 0.9750778816199377, 0.9727891156462585, 0.9791578051892812, 0.981738785232235, 0.9627174813587407, 0.9676956209619526, 0.9828478083310646, 0.9797952586206896, 0.9795434331455678, 0.9775330396475771, 0.9695704057279236, 0.9803625377643505, 0.9789579158316634, 0.9821167883211679, 0.9550425273390036]",0.40216403061849454,20,"[0.41855072463768117, 0.3974324324324324, 0.36904109589041095, 0.41055555555555556, 0.4043835616438356, 0.4472307692307692, 0.38044776119402984, 0.38242424242424244, 0.4193243243243243, 0.41596774193548386, 0.4396103896103896, 0.3552941176470588, 0.3925, 0.39417910447761195, 0.4202666666666667, 0.3802739726027397, 0.38, 0.39417910447761195, 0.4382857142857143, 0.4033333333333333]",2.6677122116088867,2.2844297885894775,0.017769813537597656,0.0,0.0,0.2022695541381836,1115755,ai08,success,
vit_b32_cifar100,CIFAR100,20,0.05,43,100,1.0,warmup_only_labelled,warmup_only,300,0.0,0.4211,0.17743,0.2208,0.8683,0.4211,-0.5538429635534775,0,20,"[-0.38776493256262046, -0.6444960790008714, -0.5314895034988336, -0.48010130246020266, -0.2795936395759717, -0.55, -0.7371794871794872, -0.6011369019422075, -0.4902117459049141, -0.5785307939648776, -0.5071797817346353, -0.5322745901639345, -0.5436554132712457, -0.758745476477684, -0.529572338489536, -0.5356060606060606, -0.615514333895447, -0.525555876407739, -0.6166902404526167, -0.631560773480663]","[0.5924855491329479, 0.33575370316584374, 0.4538487170943019, 0.5025325615050651, 0.708922261484099, 0.43660714285714286, 0.23157051282051283, 0.3765987683562293, 0.480623252097483, 0.4115755627009646, 0.4732912119471568, 0.44825819672131145, 0.4330616996507567, 0.2195416164053076, 0.4440400363967243, 0.4492424242424242, 0.3672006745362563, 0.40976032341900087, 0.3653936822253654, 0.33874309392265195]","[0.9802504816955684, 0.9802497821667151, 0.9853382205931356, 0.9826338639652678, 0.9885159010600707, 0.9866071428571429, 0.96875, 0.9777356702984368, 0.9708349980023971, 0.9901063566658422, 0.980470993681792, 0.9805327868852459, 0.9767171129220024, 0.9782870928829915, 0.9736123748862603, 0.9848484848484849, 0.9827150084317032, 0.9353161998267399, 0.9820839226779821, 0.9703038674033149]",0.4197329389521328,20,"[0.39109375, 0.44555555555555554, 0.4328169014084507, 0.41345679012345676, 0.3831081081081081, 0.4429411764705882, 0.45202898550724635, 0.4053623188405797, 0.4091304347826087, 0.4071014492753623, 0.43411764705882355, 0.4167123287671233, 0.42916666666666664, 0.42125, 0.40432835820895524, 0.43904109589041096, 0.4277027027027027, 0.4141095890410959, 0.41785714285714287, 0.4077777777777778]",2.675448179244995,2.2914230823516846,0.017255067825317383,0.0,0.0,0.20413446426391602,1115755,ai08,success,
vit_b32_cifar100,CIFAR100,20,0.05,44,100,1.0,warmup_only_labelled,warmup_only,300,0.0,0.4062,0.18280000000000002,0.2465,0.8673,0.4062,-0.5791273403417192,0,20,"[-0.4399827288428325, -0.7968299711815563, -0.5207344096232985, -0.3275517011340894, -0.7258269720101781, -0.5618387449835827, -0.7281879194630874, -0.7076628352490422, -0.6093919652551574, -0.4879548949256792, -0.5845644421803362, -0.7487719298245614, -0.5482365145228216, -0.4768041237113402, -0.6602564102564102, -0.6132870599900844, -0.49890494962768295, -0.4666121559007904, -0.4804367606915378, -0.5987103174603174]","[0.5479274611398963, 0.15946205571565802, 0.46122190566635013, 0.6437625083388926, 0.25127226463104324, 0.4239328712148851, 0.20134228187919462, 0.271264367816092, 0.38436482084690554, 0.49769349051768325, 0.39709628120224144, 0.21473684210526317, 0.42323651452282157, 0.5045103092783505, 0.32167832167832167, 0.3668815071888944, 0.48751642575558474, 0.5224856909239575, 0.49727024567788897, 0.3804563492063492]","[0.9879101899827288, 0.9562920268972143, 0.9819563152896487, 0.971314209472982, 0.9770992366412213, 0.9857716161984678, 0.9295302013422819, 0.9789272030651341, 0.993756786102063, 0.9856483854433624, 0.9816607233825777, 0.9635087719298245, 0.9714730290456431, 0.9813144329896907, 0.9819347319347319, 0.9801685671789787, 0.9864213753832677, 0.9890978468247479, 0.9777070063694268, 0.9791666666666666]",0.402064579927769,20,"[0.4043661971830986, 0.43383561643835616, 0.4076056338028169, 0.37957142857142856, 0.43444444444444447, 0.401304347826087, 0.37953125, 0.43415584415584413, 0.417972972972973, 0.40296875, 0.4123943661971831, 0.42041095890410957, 0.38472972972972974, 0.3946153846153846, 0.44125, 0.3991549295774648, 0.40194444444444444, 0.4211940298507463, 0.406984126984127, 0.26285714285714284]",2.685582399368286,2.3013267517089844,0.01713418960571289,0.0,0.0,0.20396208763122559,1115755,ai08,success,
vit_b32_cifar100,CIFAR100,20,0.1,42,100,1.0,dp_avg_eps2_K20,dp_avg,100,6.449903898212313,0.1099,0.274875,0.3397,0.8692,0.0513,-0.856010837405981,0,20,"[-0.7858823529411765, -0.8383971818582122, -0.8989800874210782, -0.9087420042643923, -0.852426069480333, -0.8396831384383252, -0.857736240913811, -0.8238702201622248, -0.8698746187732972, -0.8404938271604938, -0.8826291079812206, -0.882780554293503, -0.8768306421329328, -0.8306926210955183, -0.8438198658575534, -0.8462099125364432, -0.8691860465116279, -0.8169291338582677, -0.875751503006012, -0.8793016194331984]","[0.18541176470588236, 0.1457507705856451, 0.06847984458474989, 0.07036247334754797, 0.1111111111111111, 0.14107883817427386, 0.12045690550363447, 0.12630359212050984, 0.0975940359200271, 0.13925925925925925, 0.09423205902079142, 0.07269422989550205, 0.10138941043935411, 0.13037573562698054, 0.12743532417757905, 0.1271865889212828, 0.09302325581395349, 0.13976377952755906, 0.09519038076152304, 0.08653846153846154]","[0.9712941176470589, 0.9841479524438573, 0.967459932005828, 0.9791044776119403, 0.9635371805914441, 0.980761976612599, 0.9781931464174455, 0.9501738122827347, 0.9674686546933243, 0.9797530864197531, 0.9768611670020121, 0.955474784189005, 0.978220052572287, 0.9610683567224989, 0.9712551900351325, 0.9733965014577259, 0.9622093023255814, 0.9566929133858267, 0.9709418837675351, 0.96584008097166]",0.09838785539495881,20,"[0.10129032258064516, 0.07690909090909091, 0.11298245614035088, 0.12826923076923077, 0.09415094339622641, 0.11113207547169811, 0.1105, 0.11509803921568627, 0.0994, 0.0935, 0.10862745098039216, 0.1256140350877193, 0.10945454545454546, 0.09865384615384615, 0.09981132075471698, 0.08914893617021277, 0.09981481481481481, 0.0934, 0.1, 0.0]",4.837790012359619,2.3071389198303223,0.2607426643371582,1.9151928424835205,0.0006952285766601562,0.19171524047851562,1115755,ai08,success,
vit_b32_cifar100,CIFAR100,20,0.1,43,100,1.0,dp_avg_eps2_K20,dp_avg,100,6.442680879502149,0.0921,0.25311000000000006,0.3139,0.8683,0.0462,-0.8762565905956359,0,20,"[-0.8770710849812935, -0.8395543175487465, -0.8347211708301792, -0.8891352549889134, -0.8677811550151976, -0.8706467661691542, -0.9002398081534773, -0.8854440357330531, -0.900763358778626, -0.8867249602543721, -0.8371929824561403, -0.8876867594023699, -0.9225736095965104, -0.8480513073507646, -0.8811583301993231, -0.9065136685791428, -0.8667676003028009, -0.877135151333533, -0.9127882599580713, -0.8331822302810518]","[0.09139497594869055, 0.13481894150417828, 0.14155942467827404, 0.0837028824833703, 0.09523809523809523, 0.10486031381553769, 0.07002398081534772, 0.09800315291644772, 0.08687749909123955, 0.09181240063593005, 0.11929824561403508, 0.08706852138073158, 0.05234460196292257, 0.10952146028613714, 0.0989093644227153, 0.07526155923050962, 0.11355034065102196, 0.09229847168115074, 0.05157232704402516, 0.12118464792988819]","[0.968466060929984, 0.9743732590529248, 0.9762805955084531, 0.9728381374722838, 0.9630192502532928, 0.9755070799846919, 0.9702637889688249, 0.9834471886495008, 0.9876408578698656, 0.9785373608903021, 0.9564912280701754, 0.9747552807831015, 0.9749182115594329, 0.9575727676369018, 0.9800676946220384, 0.9817752278096524, 0.9803179409538229, 0.9694336230146838, 0.9643605870020965, 0.9543668782109399]",0.09326904892838472,20,"[0.08206896551724138, 0.08419354838709678, 0.09, 0.10678571428571429, 0.09285714285714286, 0.09824561403508772, 0.1044, 0.10452830188679245, 0.09277777777777778, 0.09333333333333334, 0.06894736842105263, 0.09551020408163265, 0.08913793103448275, 0.08533333333333333, 0.08925925925925926, 0.09458333333333334, 0.07421052631578948, 0.08927272727272727, 0.08326923076923078, 0.14666666666666667]",4.858417272567749,2.3308756351470947,0.2532830238342285,1.9194438457489014,0.0006916522979736328,0.19220662117004395,1115755,ai08,success,
vit_b32_cifar100,CIFAR100,20,0.1,44,100,1.0,dp_avg_eps2_K20,dp_avg,100,6.44558801400764,0.1146,0.25306999999999996,0.309,0.8673,0.0592,-0.859128629925673,0,20,"[-0.8217557251908397, -0.8438480306727083, -0.8482572115384615, -0.8782913984786425, -0.8767485822306238, -0.8848232848232849, -0.8380864765409384, -0.8617588274483677, -0.8745031232254401, -0.8952737164229854, -0.8877155931010208, -0.8758426966292134, -0.8568438677270825, -0.8582887700534759, -0.796014859844647, -0.8685407193054981, -0.8252512013979904, -0.87782340862423, -0.8433799784714747, -0.8695251267865376]","[0.166412213740458, 0.11606831648658068, 0.13161057692307693, 0.0965476887068461, 0.10699432892249527, 0.08274428274428275, 0.13201471941122356, 0.11492338441039307, 0.08801817149346962, 0.07650459027541652, 0.08447729672650475, 0.09662921348314607, 0.11720385098367518, 0.12261268143621085, 0.16818642350557245, 0.10789582472095907, 0.15334207077326342, 0.10506502395619438, 0.11733046286329386, 0.08575380359612725]","[0.9881679389312977, 0.959916347159289, 0.9798677884615384, 0.9748390871854886, 0.9837429111531191, 0.9675675675675676, 0.9701011959521619, 0.9766822118587608, 0.9625212947189097, 0.9717783066984019, 0.9721928898275255, 0.9724719101123596, 0.9740477187107577, 0.9809014514896868, 0.9642012833502195, 0.9764365440264572, 0.9785932721712538, 0.9828884325804244, 0.9607104413347686, 0.9552789303826649]",0.12455146368494079,20,"[0.08852941176470588, 0.11222222222222222, 0.09865384615384615, 0.11295081967213115, 0.11368421052631579, 0.11037037037037037, 0.1125, 0.1046, 0.11938461538461538, 0.1316, 0.12545454545454546, 0.1338181818181818, 0.11098039215686274, 0.11396226415094339, 0.10192307692307692, 0.1211864406779661, 0.1268421052631579, 0.12327586206896551, 0.10909090909090909, 0.32]",4.798787355422974,2.279670476913452,0.24814748764038086,1.9136266708374023,0.0006971359252929688,0.19357085227966309,1115755,ai08,success,
vit_b32_cifar100,CIFAR100,20,0.1,42,100,1.0,dp_avg_eps8_K20,dp_avg,100,1.6124759745530783,0.1164,0.274875,0.3397,0.8692,0.0574,-0.8491789418377923,0,20,"[-0.7755294117647059, -0.8339938353148393, -0.896551724137931, -0.8980810234541577, -0.8455354579385587, -0.8427008675971331, -0.8452751817237798, -0.8088064889918888, -0.8664859369705185, -0.8311111111111111, -0.8789403085177734, -0.8796001817355747, -0.8651896357491551, -0.8261656858306927, -0.8406259980836793, -0.826530612244898, -0.8575581395348838, -0.8169291338582677, -0.875751503006012, -0.8722165991902835]","[0.19576470588235295, 0.15015411712901805, 0.07090820786789703, 0.08102345415778252, 0.11800172265288544, 0.13806110901546587, 0.13291796469366562, 0.1413673232908459, 0.10098271772280583, 0.14864197530864198, 0.09792085848423876, 0.07587460245343026, 0.11303041682313181, 0.13490267089180624, 0.1306291919514532, 0.14686588921282798, 0.10465116279069768, 0.13976377952755906, 0.09519038076152304, 0.09362348178137651]","[0.9712941176470589, 0.9841479524438573, 0.967459932005828, 0.9791044776119403, 0.9635371805914441, 0.980761976612599, 0.9781931464174455, 0.9501738122827347, 0.9674686546933243, 0.9797530864197531, 0.9768611670020121, 0.955474784189005, 0.978220052572287, 0.9610683567224989, 0.9712551900351325, 0.9733965014577259, 0.9622093023255814, 0.9566929133858267, 0.9709418837675351, 0.96584008097166]",0.1063679711132618,20,"[0.10806451612903226, 0.08672727272727272, 0.1187719298245614, 0.1321153846153846, 0.10207547169811321, 0.11735849056603774, 0.11866666666666667, 0.12156862745098039, 0.103, 0.0955, 0.11490196078431372, 0.13701754385964912, 0.11672727272727272, 0.10865384615384616, 0.10415094339622641, 0.09574468085106383, 0.10648148148148148, 0.104, 0.10583333333333333, 0.03]",4.8391430377960205,2.3137154579162598,0.25940418243408203,1.9120266437530518,0.0007028579711914062,0.19167137145996094,1115755,ai08,success,
vit_b32_cifar100,CIFAR100,20,0.1,43,100,1.0,dp_avg_eps8_K20,dp_avg,100,1.6106702198755372,0.0967,0.25311000000000006,0.3139,0.8683,0.0454,-0.8705211243032493,0,20,"[-0.8711918760021379, -0.8261838440111421, -0.8241231390360837, -0.8885809312638581, -0.8743667679837893, -0.8794489092996556, -0.8781774580335732, -0.8857067787703625, -0.886223191566703, -0.8712241653418125, -0.8385964912280701, -0.8722308088614116, -0.9182115594329334, -0.8465712876171682, -0.8762692741632192, -0.9055011812352346, -0.8580620741862226, -0.8663470182798921, -0.909014675052411, -0.834391054699305]","[0.09727418492784608, 0.14818941504178273, 0.15215745647236942, 0.08425720620842572, 0.08865248226950355, 0.09605817068503636, 0.0920863309352518, 0.09774040987913821, 0.10141766630316248, 0.10731319554848967, 0.11789473684210526, 0.10252447192168986, 0.05670665212649945, 0.1110014800197336, 0.10379842045881911, 0.07627404657441782, 0.12225586676760031, 0.10308660473479173, 0.055345911949685536, 0.11997582351163494]","[0.968466060929984, 0.9743732590529248, 0.9762805955084531, 0.9728381374722838, 0.9630192502532928, 0.9755070799846919, 0.9702637889688249, 0.9834471886495008, 0.9876408578698656, 0.9785373608903021, 0.9564912280701754, 0.9747552807831015, 0.9749182115594329, 0.9575727676369018, 0.9800676946220384, 0.9817752278096524, 0.9803179409538229, 0.9694336230146838, 0.9643605870020965, 0.9543668782109399]",0.09801664582717852,20,"[0.09224137931034483, 0.08451612903225807, 0.09826086956521739, 0.11267857142857143, 0.09888888888888889, 0.10491228070175439, 0.1104, 0.11056603773584905, 0.09685185185185186, 0.0992982456140351, 0.07403508771929825, 0.09653061224489796, 0.09362068965517241, 0.088, 0.09148148148148148, 0.10083333333333333, 0.07719298245614035, 0.09290909090909091, 0.08711538461538462, 0.15]",4.801131963729858,2.2912957668304443,0.2544374465942383,1.8997199535369873,0.0006973743438720703,0.19246196746826172,1115755,ai08,success,
vit_b32_cifar100,CIFAR100,20,0.1,44,100,1.0,dp_avg_eps8_K20,dp_avg,100,1.61139700350191,0.1224,0.25306999999999996,0.309,0.8673,0.0642,-0.852770340174081,0,20,"[-0.8106870229007634, -0.8372255141164169, -0.8473557692307692, -0.877121123464014, -0.8718336483931947, -0.8769230769230769, -0.8394664213431463, -0.8401065956029313, -0.8671209540034072, -0.8908534512070725, -0.8753959873284055, -0.8657303370786517, -0.8668899120971119, -0.86707410236822, -0.7926376224248565, -0.8486978090119884, -0.8248143294014854, -0.8720054757015743, -0.8310010764262648, -0.8524665744582758]","[0.17748091603053434, 0.12269083304287208, 0.13251201923076922, 0.09771796372147455, 0.11190926275992438, 0.09064449064449065, 0.13063477460901565, 0.13657561625582945, 0.09540034071550256, 0.08092485549132948, 0.09679690249912003, 0.10674157303370786, 0.10715780661364588, 0.11382734912146678, 0.17156366092536304, 0.12773873501446878, 0.15377894276976845, 0.11088295687885011, 0.12970936490850377, 0.10281235592438911]","[0.9881679389312977, 0.959916347159289, 0.9798677884615384, 0.9748390871854886, 0.9837429111531191, 0.9675675675675676, 0.9701011959521619, 0.9766822118587608, 0.9625212947189097, 0.9717783066984019, 0.9721928898275255, 0.9724719101123596, 0.9740477187107577, 0.9809014514896868, 0.9642012833502195, 0.9764365440264572, 0.9785932721712538, 0.9828884325804244, 0.9607104413347686, 0.9552789303826649]",0.13225514659803178,20,"[0.09588235294117647, 0.12462962962962963, 0.11057692307692307, 0.12032786885245901, 0.12385964912280702, 0.11425925925925925, 0.12017857142857143, 0.1042, 0.122, 0.1408, 0.13472727272727272, 0.13818181818181818, 0.1192156862745098, 0.12547169811320755, 0.10884615384615384, 0.13, 0.13771929824561405, 0.12862068965517243, 0.1156060606060606, 0.33]",4.802002906799316,2.2883996963500977,0.24753212928771973,1.9058058261871338,0.0006952285766601562,0.19621777534484863,1115755,ai08,success,
vit_b32_cifar100,CIFAR100,20,0.1,42,100,1.0,labelled_probe_warmup,labelled,300,0.0,0.43,0.274875,0.3397,0.8692,0.3924,-0.5252922292940672,0,20,"[-0.5148235294117647, -0.601937472479084, -0.4720738222438076, -0.5833688699360341, -0.632213608957795, -0.5503583553376085, -0.4641744548286605, -0.5040556199304751, -0.5598102338190445, -0.43259259259259264, -0.5727699530516432, -0.6783280327124035, -0.32069095005632753, -0.6668175645088276, -0.6026828489300542, -0.4839650145772595, -0.5203488372093024, -0.4145669291338583, -0.3647294589178357, -0.5655364372469636]","[0.45647058823529413, 0.38221047996477325, 0.4953861097620204, 0.3957356076759062, 0.33132357163364917, 0.43040362127499054, 0.514018691588785, 0.4461181923522596, 0.4076584208742799, 0.5471604938271605, 0.4040912139503689, 0.27714675147660156, 0.6575291025159594, 0.29425079221367134, 0.36857234110507825, 0.48943148688046645, 0.4418604651162791, 0.5421259842519685, 0.6062124248496994, 0.40030364372469635]","[0.9712941176470589, 0.9841479524438573, 0.967459932005828, 0.9791044776119403, 0.9635371805914441, 0.980761976612599, 0.9781931464174455, 0.9501738122827347, 0.9674686546933243, 0.9797530864197531, 0.9768611670020121, 0.955474784189005, 0.978220052572287, 0.9610683567224989, 0.9712551900351325, 0.9733965014577259, 0.9622093023255814, 0.9566929133858267, 0.9709418837675351, 0.96584008097166]",0.40940078970393917,20,"[0.4453225806451613, 0.394, 0.40350877192982454, 0.4003846153846154, 0.4371698113207547, 0.41773584905660377, 0.4058333333333333, 0.4031372549019608, 0.408, 0.3665, 0.39450980392156865, 0.443859649122807, 0.37527272727272726, 0.49115384615384616, 0.4486792452830189, 0.41382978723404257, 0.4368518518518518, 0.3836, 0.42866666666666664, 0.29]",4.566791772842407,2.289177417755127,0.022057533264160156,1.9003162384033203,0.0006880760192871094,0.19223666191101074,1115755,ai08,success,
vit_b32_cifar100,CIFAR100,20,0.1,43,100,1.0,labelled_probe_warmup,labelled,300,0.0,0.4729,0.25311000000000006,0.3139,0.8683,0.4211,-0.49627865803646787,0,20,"[-0.4639230358097275, -0.5626740947075209, -0.5218268988140298, -0.466740576496674, -0.5628166160081054, -0.5468809797168006, -0.40335731414868103, -0.4986862848134524, -0.4569247546346783, -0.4666136724960255, -0.6091228070175438, -0.40597630087583714, -0.4422028353326063, -0.40355204736063144, -0.5340353516359533, -0.5403307458656768, -0.467448902346707, -0.5292178603536111, -0.5303983228511531, -0.5128437594439408]","[0.5045430251202565, 0.4116991643454039, 0.4544536966944234, 0.5060975609756098, 0.4002026342451874, 0.42862610026789133, 0.5669064748201439, 0.48476090383604836, 0.5307161032351873, 0.5119236883942766, 0.3473684210526316, 0.5687789799072643, 0.5327153762268266, 0.5540207202762704, 0.446032342986085, 0.4414444819439757, 0.5128690386071159, 0.4402157626610728, 0.4339622641509434, 0.44152311876699907]","[0.968466060929984, 0.9743732590529248, 0.9762805955084531, 0.9728381374722838, 0.9630192502532928, 0.9755070799846919, 0.9702637889688249, 0.9834471886495008, 0.9876408578698656, 0.9785373608903021, 0.9564912280701754, 0.9747552807831015, 0.9749182115594329, 0.9575727676369018, 0.9800676946220384, 0.9817752278096524, 0.9803179409538229, 0.9694336230146838, 0.9643605870020965, 0.9543668782109399]",0.46592239749232034,20,"[0.4824137931034483, 0.485, 0.4782608695652174, 0.48910714285714285, 0.4552380952380952, 0.49508771929824563, 0.4716, 0.48547169811320756, 0.43777777777777777, 0.4901754385964912, 0.46157894736842103, 0.45693877551020406, 0.4346551724137931, 0.449, 0.4464814814814815, 0.476875, 0.43280701754385964, 0.45036363636363635, 0.4696153846153846, 0.47]",4.57889723777771,2.3019654750823975,0.022022485733032227,1.9002082347869873,0.0007083415985107422,0.1923232078552246,1115755,ai08,success,
vit_b32_cifar100,CIFAR100,20,0.1,44,100,1.0,labelled_probe_warmup,labelled,300,0.0,0.4526,0.25306999999999996,0.309,0.8673,0.4062,-0.5177549122117634,0,20,"[-0.650381679389313, -0.5378180550714535, -0.5012019230769231, -0.6459918080748976, -0.39432892249527407, -0.44948024948024945, -0.5717571297148114, -0.3590939373750832, -0.6195343554798409, -0.6422985379122748, -0.49665610700457585, -0.5398876404494382, -0.5106739221431562, -0.49503437738731854, -0.5744680851063829, -0.41215378255477464, -0.45391000436872, -0.5420944558521561, -0.593649085037675, -0.3646841862609498]","[0.3377862595419847, 0.4220982920878355, 0.47866586538461536, 0.328847279110591, 0.589413988657845, 0.5180873180873181, 0.3983440662373505, 0.6175882744836776, 0.3429869392390687, 0.32947976878612717, 0.47553678282294964, 0.43258426966292135, 0.4633737965676015, 0.48586707410236823, 0.38973319824383656, 0.5642827614716825, 0.5246832678025338, 0.4407939767282683, 0.36706135629709363, 0.5905947441217151]","[0.9881679389312977, 0.959916347159289, 0.9798677884615384, 0.9748390871854886, 0.9837429111531191, 0.9675675675675676, 0.9701011959521619, 0.9766822118587608, 0.9625212947189097, 0.9717783066984019, 0.9721928898275255, 0.9724719101123596, 0.9740477187107577, 0.9809014514896868, 0.9642012833502195, 0.9764365440264572, 0.9785932721712538, 0.9828884325804244, 0.9607104413347686, 0.9552789303826649]",0.4464804277928449,20,"[0.4598529411764706, 0.4753703703703704, 0.4323076923076923, 0.46442622950819673, 0.41789473684210526, 0.44462962962962965, 0.475, 0.4174, 0.4676923076923077, 0.4586, 0.45690909090909093, 0.43254545454545457, 0.46784313725490195, 0.45358490566037735, 0.4721153846153846, 0.46491525423728813, 0.44666666666666666, 0.44655172413793104, 0.4553030303030303, 0.32]",4.560488700866699,2.2800397872924805,0.02201700210571289,1.901757001876831,0.0006959438323974609,0.1934802532196045,1115755,ai08,success,
vit_b32_cifar100,CIFAR100,20,0.1,42,100,1.0,no_phase0,none,0,0.0,0.0286,0.274875,0.3397,0.8692,0.0121,-0.938859254391683,0,20,"[-0.904, -0.924262439453985, -0.9519184069936862, -0.9522388059701492, -0.9345391903531438, -0.950207468879668, -0.9574247144340602, -0.9113557358053302, -0.9410369366316503, -0.9417283950617285, -0.9617706237424547, -0.9263970922308041, -0.9496808111152836, -0.9425079221367135, -0.9508144362823379, -0.9282069970845481, -0.9424418604651164, -0.9086614173228346, -0.9534068136272545, -0.944585020242915]","[0.06729411764705882, 0.059885512989872304, 0.015541525012141816, 0.026865671641791045, 0.028997990238300315, 0.03055450773293097, 0.020768431983385256, 0.0388180764774044, 0.02643171806167401, 0.03802469135802469, 0.015090543259557344, 0.029077691958200817, 0.02853924145700338, 0.018560434585785424, 0.020440753752794635, 0.04518950437317784, 0.019767441860465116, 0.048031496062992125, 0.01753507014028056, 0.02125506072874494]","[0.9712941176470589, 0.9841479524438573, 0.967459932005828, 0.9791044776119403, 0.9635371805914441, 0.980761976612599, 0.9781931464174455, 0.9501738122827347, 0.9674686546933243, 0.9797530864197531, 0.9768611670020121, 0.955474784189005, 0.978220052572287, 0.9610683567224989, 0.9712551900351325, 0.9733965014577259, 0.9622093023255814, 0.9566929133858267, 0.9709418837675351, 0.96584008097166]",0.025358497333734416,20,"[0.028064516129032258, 0.016, 0.034736842105263156, 0.02846153846153846, 0.02132075471698113, 0.029245283018867925, 0.029666666666666668, 0.02372549019607843, 0.027, 0.030666666666666665, 0.03588235294117647, 0.03666666666666667, 0.025818181818181817, 0.0275, 0.025660377358490565, 0.01702127659574468, 0.025, 0.0234, 0.021333333333333333, 0.0]",4.545678377151489,2.283726692199707,0.007966756820678711,1.899209976196289,0.0006921291351318359,0.19240260124206543,1115755,ai08,success,
vit_b32_cifar100,CIFAR100,20,0.1,43,100,1.0,no_phase0,none,0,0.0,0.0238,0.25311000000000006,0.3139,0.8683,0.011,-0.9491498418126365,0,20,"[-0.9551042223409941, -0.9303621169916435, -0.9283371183446884, -0.9567627494456762, -0.9437689969604863, -0.9567546880979716, -0.9601918465227818, -0.9682080924855491, -0.9632860777898946, -0.9666136724960255, -0.9284210526315789, -0.9505409582689335, -0.9514721919302072, -0.9314257523433646, -0.958631064309891, -0.9665879176510294, -0.9568508705526116, -0.948157027270003, -0.9542976939203355, -0.9072227258990632]","[0.013361838588989846, 0.04401114206128134, 0.047943477163764826, 0.01607538802660754, 0.019250253292806486, 0.018752391886720246, 0.010071942446043165, 0.015239096163951655, 0.024354780079970918, 0.01192368839427663, 0.028070175438596492, 0.024214322514167955, 0.023446019629225736, 0.026147015293537246, 0.021436630312147424, 0.015187310158623017, 0.023467070401211203, 0.02127659574468085, 0.010062893081761006, 0.0471441523118767]","[0.968466060929984, 0.9743732590529248, 0.9762805955084531, 0.9728381374722838, 0.9630192502532928, 0.9755070799846919, 0.9702637889688249, 0.9834471886495008, 0.9876408578698656, 0.9785373608903021, 0.9564912280701754, 0.9747552807831015, 0.9749182115594329, 0.9575727676369018, 0.9800676946220384, 0.9817752278096524, 0.9803179409538229, 0.9694336230146838, 0.9643605870020965, 0.9543668782109399]",0.022644271922014084,20,"[0.02482758620689655, 0.017096774193548388, 0.029130434782608697, 0.028214285714285713, 0.025555555555555557, 0.026842105263157896, 0.0316, 0.02943396226415094, 0.022962962962962963, 0.025614035087719297, 0.012982456140350877, 0.022448979591836733, 0.01706896551724138, 0.019666666666666666, 0.02537037037037037, 0.028333333333333332, 0.015438596491228071, 0.01927272727272727, 0.01769230769230769, 0.013333333333333334]",4.56338095664978,2.2899420261383057,0.007843732833862305,1.9055304527282715,0.000701904296875,0.19271540641784668,1115755,ai08,success,
vit_b32_cifar100,CIFAR100,20,0.1,44,100,1.0,no_phase0,none,0,0.0,0.0267,0.25306999999999996,0.309,0.8673,0.0072,-0.9446607109894509,0,20,"[-0.9484732824427481, -0.9344719414430115, -0.9573317307692307, -0.9373902867173786, -0.95765595463138, -0.9546777546777547, -0.9346826126954922, -0.941039307128581, -0.9381033503691084, -0.9364161849710982, -0.9556494192185849, -0.95, -0.9439095856006697, -0.9507257448433919, -0.9361702127659575, -0.9536998759818106, -0.9392747924858016, -0.9585900068446269, -0.9359526372443487, -0.9289995389580452]","[0.03969465648854962, 0.025444405716277447, 0.022536057692307692, 0.037448800468110006, 0.02608695652173913, 0.01288981288981289, 0.03541858325666973, 0.03564290473017988, 0.02441794434980125, 0.03536212172730364, 0.016543470608940514, 0.02247191011235955, 0.0301381331100879, 0.030175706646294882, 0.028031070584262074, 0.02273666804464655, 0.039318479685452164, 0.0242984257357974, 0.024757804090419805, 0.02627939142461964]","[0.9881679389312977, 0.959916347159289, 0.9798677884615384, 0.9748390871854886, 0.9837429111531191, 0.9675675675675676, 0.9701011959521619, 0.9766822118587608, 0.9625212947189097, 0.9717783066984019, 0.9721928898275255, 0.9724719101123596, 0.9740477187107577, 0.9809014514896868, 0.9642012833502195, 0.9764365440264572, 0.9785932721712538, 0.9828884325804244, 0.9607104413347686, 0.9552789303826649]",0.0327209405286314,20,"[0.020294117647058824, 0.02277777777777778, 0.025, 0.023114754098360654, 0.028771929824561403, 0.028148148148148148, 0.025, 0.0196, 0.025846153846153845, 0.0326, 0.03345454545454545, 0.03272727272727273, 0.0196078431372549, 0.023962264150943397, 0.026153846153846153, 0.03406779661016949, 0.030350877192982455, 0.025517241379310347, 0.027424242424242424, 0.15]",4.549375057220459,2.2820613384246826,0.007787466049194336,1.9034712314605713,0.0006918907165527344,0.19368600845336914,1115755,ai08,success,
vit_b32_cifar100,CIFAR100,20,0.1,42,100,1.0,raw_union_K20,raw_union,11656,0.0,0.8427,0.274875,0.3397,0.8692,0.8378,-0.10045055747845158,0,20,"[-0.09694117647058831, -0.0920299427564949, -0.10101991257892173, -0.07377398720682304, -0.10479471719781797, -0.13617502829121086, -0.09605399792315683, -0.08574739281575905, -0.09149440867502545, -0.09580246913580248, -0.09657947686116697, -0.16083598364379825, -0.10289147577919644, -0.09461294703485745, -0.10986905142127112, -0.08564139941690962, -0.1424418604651163, -0.06141732283464563, -0.10320641282565135, -0.07768218623481782]","[0.8743529411764706, 0.8921180096873624, 0.8664400194269063, 0.9053304904051173, 0.8587424633936261, 0.8445869483213881, 0.8821391484942886, 0.8644264194669756, 0.8759742460182989, 0.8839506172839506, 0.8802816901408451, 0.7946388005452067, 0.8753285767930905, 0.8664554096876415, 0.8613861386138614, 0.8877551020408163, 0.8197674418604651, 0.8952755905511811, 0.8677354709418837, 0.8881578947368421]","[0.9712941176470589, 0.9841479524438573, 0.967459932005828, 0.9791044776119403, 0.9635371805914441, 0.980761976612599, 0.9781931464174455, 0.9501738122827347, 0.9674686546933243, 0.9797530864197531, 0.9768611670020121, 0.955474784189005, 0.978220052572287, 0.9610683567224989, 0.9712551900351325, 0.9733965014577259, 0.9622093023255814, 0.9566929133858267, 0.9709418837675351, 0.96584008097166]",0.825265973371104,20,"[0.8366129032258065, 0.8501818181818181, 0.842280701754386, 0.8519230769230769, 0.8288679245283019, 0.8437735849056603, 0.8278333333333333, 0.8262745098039216, 0.8372, 0.8421666666666666, 0.8370588235294117, 0.8529824561403508, 0.8356363636363636, 0.8476923076923077, 0.8333962264150944, 0.8321276595744681, 0.8494444444444444, 0.8352, 0.8546666666666667, 0.54]",4.9731996059417725,2.287980556488037,0.42415833473205566,1.9058647155761719,0.0007026195526123047,0.19174695014953613,1115755,ai08,success,
vit_b32_cifar100,CIFAR100,20,0.1,43,100,1.0,raw_union_K20,raw_union,10690,0.0,0.8373,0.25311000000000006,0.3139,0.8683,0.8331,-0.10099954276184682,0,20,"[-0.09460181721004812, -0.07353760445682456, -0.1251577088064597, -0.08259423503325936, -0.14083080040526852, -0.10753922694221196, -0.08920863309352511, -0.09852863899106667, -0.08287895310796078, -0.1530206677265501, -0.03298245614035078, -0.07573415765069547, -0.09323882224645585, -0.10606808090774544, -0.08649868371568259, -0.11744853189335136, -0.0908402725208175, -0.1204674857656578, -0.12914046121593292, -0.11967361740707172]","[0.8738642437199359, 0.9008356545961003, 0.8511228867019934, 0.8902439024390244, 0.8221884498480243, 0.8679678530424799, 0.8810551558752998, 0.8849185496584341, 0.9047619047619048, 0.825516693163752, 0.9235087719298246, 0.899021123132406, 0.8816793893129771, 0.8515046867291564, 0.8935690109063558, 0.8643266959163011, 0.8894776684330054, 0.848966137249026, 0.8352201257861636, 0.8346932608038682]","[0.968466060929984, 0.9743732590529248, 0.9762805955084531, 0.9728381374722838, 0.9630192502532928, 0.9755070799846919, 0.9702637889688249, 0.9834471886495008, 0.9876408578698656, 0.9785373608903021, 0.9564912280701754, 0.9747552807831015, 0.9749182115594329, 0.9575727676369018, 0.9800676946220384, 0.9817752278096524, 0.9803179409538229, 0.9694336230146838, 0.9643605870020965, 0.9543668782109399]",0.8305580749147825,20,"[0.8425862068965517, 0.822741935483871, 0.8386956521739131, 0.8305357142857143, 0.8425396825396826, 0.838421052631579, 0.8248, 0.8313207547169811, 0.8118518518518518, 0.8454385964912281, 0.8359649122807018, 0.8151020408163265, 0.8382758620689655, 0.8441666666666666, 0.8196296296296296, 0.8404166666666667, 0.8235087719298245, 0.8449090909090909, 0.8569230769230769, 0.7633333333333333]",5.002978801727295,2.3428761959075928,0.3923194408416748,1.9124233722686768,0.0007007122039794922,0.19206452369689941,1115755,ai08,success,
vit_b32_cifar100,CIFAR100,20,0.1,44,100,1.0,raw_union_K20,raw_union,10715,0.0,0.8419,0.25306999999999996,0.309,0.8673,0.8402,-0.10059470098818579,0,20,"[-0.1095419847328244, -0.11223422795399096, -0.125, -0.07723815096547693, -0.09338374291115314, -0.09771309771309766, -0.0892364305427783, -0.06329113924050633, -0.16865417376490632, -0.14790887453247192, -0.15487504399859198, -0.07752808988764048, -0.061950606948514064, -0.09702062643239118, -0.12225599459642011, -0.08019842910293506, -0.0808213193534294, -0.1119096509240246, -0.08719052744886979, -0.053941908713692976]","[0.8786259541984733, 0.847682119205298, 0.8548677884615384, 0.8976009362200117, 0.8903591682419659, 0.8698544698544699, 0.8808647654093836, 0.9133910726182545, 0.7938671209540034, 0.82386943216593, 0.8173178458289335, 0.8949438202247191, 0.9120971117622436, 0.8838808250572956, 0.8419452887537994, 0.8962381149235221, 0.8977719528178244, 0.8709787816563997, 0.8735199138858988, 0.9013370216689719]","[0.9881679389312977, 0.959916347159289, 0.9798677884615384, 0.9748390871854886, 0.9837429111531191, 0.9675675675675676, 0.9701011959521619, 0.9766822118587608, 0.9625212947189097, 0.9717783066984019, 0.9721928898275255, 0.9724719101123596, 0.9740477187107577, 0.9809014514896868, 0.9642012833502195, 0.9764365440264572, 0.9785932721712538, 0.9828884325804244, 0.9607104413347686, 0.9552789303826649]",0.8450128547492095,20,"[0.8310294117647059, 0.85, 0.8305769230769231, 0.838688524590164, 0.8412280701754385, 0.8457407407407408, 0.8442857142857143, 0.8216, 0.8449230769230769, 0.8518, 0.8414545454545455, 0.8303636363636364, 0.836078431372549, 0.8294339622641509, 0.8453846153846154, 0.844406779661017, 0.8310526315789474, 0.8494827586206897, 0.8527272727272728, 0.94]",4.926482677459717,2.2761218547821045,0.38382744789123535,1.9108586311340332,0.0007114410400390625,0.19401001930236816,1115755,ai08,success,
vit_b32_cifar100,CIFAR100,20,0.1,42,100,1.0,warmup_only_labelled,warmup_only,300,0.0,0.3924,0.274875,0.3397,0.8692,0.3924,-0.5647898437207123,0,20,"[-0.5402352941176471, -0.6332012329370321, -0.5254978144730451, -0.6405117270788913, -0.6853287395923054, -0.5726141078838174, -0.48909657320872274, -0.5289687137891078, -0.6286004744154524, -0.47950617283950625, -0.620053655264923, -0.6915038618809632, -0.3435974464889223, -0.7206880941602536, -0.6413286489939316, -0.532069970845481, -0.5465116279069768, -0.4759842519685039, -0.375751503006012, -0.624746963562753]","[0.43105882352941177, 0.3509467195068252, 0.4419621175327829, 0.33859275053304905, 0.27820844099913866, 0.4081478687287816, 0.48909657320872274, 0.42120509849362686, 0.3388681802778719, 0.5002469135802469, 0.3568075117370892, 0.2639709223080418, 0.6346226060833646, 0.24038026256224537, 0.3299265410412009, 0.4413265306122449, 0.41569767441860467, 0.4807086614173228, 0.5951903807615231, 0.3410931174089069]","[0.9712941176470589, 0.9841479524438573, 0.967459932005828, 0.9791044776119403, 0.9635371805914441, 0.980761976612599, 0.9781931464174455, 0.9501738122827347, 0.9674686546933243, 0.9797530864197531, 0.9768611670020121, 0.955474784189005, 0.978220052572287, 0.9610683567224989, 0.9712551900351325, 0.9733965014577259, 0.9622093023255814, 0.9566929133858267, 0.9709418837675351, 0.96584008097166]",0.3730231898073639,20,"[0.40774193548387094, 0.3563636363636364, 0.37456140350877193, 0.3596153846153846, 0.39811320754716983, 0.37339622641509435, 0.38033333333333336, 0.3615686274509804, 0.385, 0.3353333333333333, 0.3601960784313725, 0.3980701754385965, 0.3336363636363636, 0.46615384615384614, 0.4190566037735849, 0.37446808510638296, 0.4072222222222222, 0.3478, 0.38183333333333336, 0.24]",2.665745973587036,2.296569347381592,0.01690196990966797,0.0,0.0,0.19044947624206543,1115755,ai08,success,
vit_b32_cifar100,CIFAR100,20,0.1,43,100,1.0,warmup_only_labelled,warmup_only,300,0.0,0.4211,0.25311000000000006,0.3139,0.8683,0.4211,-0.5475616453274178,0,20,"[-0.51309460181721, -0.6011142061281337, -0.5662376987130961, -0.5216186252771617, -0.6048632218844985, -0.6031381553769612, -0.48249400479616306, -0.5643720441408302, -0.49654671028716835, -0.5333863275039745, -0.6421052631578947, -0.45440494590417313, -0.4770992366412214, -0.43660582141095217, -0.5900714554343738, -0.5669929125885926, -0.528009084027252, -0.591848966137249, -0.5849056603773586, -0.5923239649440919]","[0.45537145911277394, 0.3732590529247911, 0.41004289679535705, 0.45121951219512196, 0.35815602836879434, 0.3723689246077306, 0.48776978417266187, 0.4190751445086705, 0.4910941475826972, 0.4451510333863275, 0.3143859649122807, 0.5203503348789283, 0.49781897491821153, 0.5209669462259496, 0.3899962391876645, 0.41478231522105974, 0.4523088569265708, 0.3775846568774348, 0.37945492662473795, 0.362042913266848]","[0.968466060929984, 0.9743732590529248, 0.9762805955084531, 0.9728381374722838, 0.9630192502532928, 0.9755070799846919, 0.9702637889688249, 0.9834471886495008, 0.9876408578698656, 0.9785373608903021, 0.9564912280701754, 0.9747552807831015, 0.9749182115594329, 0.9575727676369018, 0.9800676946220384, 0.9817752278096524, 0.9803179409538229, 0.9694336230146838, 0.9643605870020965, 0.9543668782109399]",0.41792111695465045,20,"[0.43982758620689655, 0.4375806451612903, 0.42282608695652174, 0.4380357142857143, 0.4026984126984127, 0.44333333333333336, 0.43, 0.44037735849056603, 0.3894444444444444, 0.4401754385964912, 0.41736842105263156, 0.40551020408163263, 0.3820689655172414, 0.4051666666666667, 0.4012962962962963, 0.41041666666666665, 0.3936842105263158, 0.4007272727272727, 0.4178846153846154, 0.44]",2.7021472454071045,2.3166282176971436,0.018987417221069336,0.0,0.0,0.2041940689086914,1115755,ai08,success,
vit_b32_cifar100,CIFAR100,20,0.1,44,100,1.0,warmup_only_labelled,warmup_only,300,0.0,0.4062,0.25306999999999996,0.309,0.8673,0.4062,-0.5685245662414479,0,20,"[-0.6851145038167938, -0.5939351690484489, -0.5631009615384615, -0.6641310708016384, -0.43289224952741023, -0.48316008316008313, -0.6577736890524379, -0.4320453031312458, -0.6416808631459398, -0.717443046582795, -0.5343189017951425, -0.598314606741573, -0.5864378401004604, -0.5397249809014515, -0.6322188449848024, -0.4477056634973129, -0.5085190039318479, -0.6023271731690623, -0.6388589881593111, -0.4107883817427387]","[0.30305343511450383, 0.36598117811084, 0.4167668269230769, 0.3107080163838502, 0.5508506616257088, 0.48440748440748443, 0.312327506899724, 0.544636908727515, 0.32084043157296993, 0.2543352601156069, 0.437873988032383, 0.3741573033707865, 0.3876098786102972, 0.4411764705882353, 0.3319824383654171, 0.5287308805291443, 0.47007426823940585, 0.3805612594113621, 0.3218514531754575, 0.5444905486399262]","[0.9881679389312977, 0.959916347159289, 0.9798677884615384, 0.9748390871854886, 0.9837429111531191, 0.9675675675675676, 0.9701011959521619, 0.9766822118587608, 0.9625212947189097, 0.9717783066984019, 0.9721928898275255, 0.9724719101123596, 0.9740477187107577, 0.9809014514896868, 0.9642012833502195, 0.9764365440264572, 0.9785932721712538, 0.9828884325804244, 0.9607104413347686, 0.9552789303826649]",0.39243256395281173,20,"[0.42308823529411765, 0.4305555555555556, 0.3798076923076923, 0.4063934426229508, 0.3636842105263158, 0.39944444444444444, 0.43875, 0.3764, 0.4203076923076923, 0.4086, 0.4132727272727273, 0.38672727272727275, 0.423921568627451, 0.4047169811320755, 0.41884615384615387, 0.4247457627118644, 0.40035087719298246, 0.39706896551724136, 0.411969696969697, 0.12]",2.671576976776123,2.29156756401062,0.017404556274414062,0.0,0.0,0.19312000274658203,1115755,ai08,success,
vit_b32_cifar100,CIFAR100,20,0.3,42,100,1.0,dp_avg_eps2_K20,dp_avg,100,6.449903898212313,0.1254,0.448265,0.5087,0.8692,0.0538,-0.8275524259396457,0,20,"[-0.8338934229476715, -0.8385214007782101, -0.8579031399680681, -0.8566891623660183, -0.8378378378378378, -0.8257930317212689, -0.825068870523416, -0.8304301457518664, -0.8414384961176952, -0.8079534432589718, -0.7901041666666666, -0.8207757467677218, -0.788056206088993, -0.8278346605991657, -0.8144481114778145, -0.8628841607565012, -0.8049674267100977, -0.8509601605044426, -0.8331432915241352, -0.8023456364263539]","[0.12962073931829093, 0.12607003891050583, 0.10377860564129857, 0.12187375942834458, 0.12995186967789707, 0.13208528341133646, 0.12258953168044077, 0.14077497333807323, 0.11279117286473232, 0.14161008729388944, 0.1671875, 0.12795363352652697, 0.12412177985948478, 0.13613955252180507, 0.14521452145214522, 0.10030395136778116, 0.15350162866449513, 0.11865864144453998, 0.12808817939946787, 0.15281131424629182]","[0.9635141622659625, 0.964591439688716, 0.9616817456093667, 0.9785629217943629, 0.9677897075157349, 0.9578783151326054, 0.9476584022038568, 0.9712051190899396, 0.9542296689824274, 0.9495635305528612, 0.9572916666666667, 0.9487293802942488, 0.9121779859484778, 0.9639742131209708, 0.9596626329299597, 0.9631881121242823, 0.9584690553745928, 0.9696188019489825, 0.9612314709236032, 0.9551569506726457]",0.1147066009225839,19,"[0.1209375, 0.09727272727272727, 0.1337037037037037, 0.1731818181818182, 0.0976, 0.132, 0.105, 0.13857142857142857, 0.10952380952380952, 0.0973076923076923, 0.089, 0.07411764705882352, 0.1124, 0.09375, 0.10818181818181818, 0.13541666666666666, 0.08272727272727273, 0.13833333333333334, 0.1404, null]",4.877304792404175,2.2743120193481445,0.3963468074798584,1.8839232921600342,0.0007011890411376953,0.16057443618774414,1115755,ai08,success,
vit_b32_cifar100,CIFAR100,20,0.3,43,100,1.0,dp_avg_eps2_K20,dp_avg,100,6.442680879502149,0.1049,0.44411000000000006,0.5281,0.8683,0.0427,-0.8493511327467255,0,20,"[-0.833692142088267, -0.846815834767642, -0.84027105517909, -0.8423984272608126, -0.8399687743950038, -0.8261245674740484, -0.8341654778887304, -0.8406317300789663, -0.8480340063761955, -0.885401096163428, -0.8552981390049373, -0.8891904115784712, -0.8524265434136679, -0.8337245696400626, -0.843530591775326, -0.8683446272991288, -0.8546332894158981, -0.8221024258760108, -0.8678541839270919, -0.8624147613317289]","[0.12970936490850377, 0.12117039586919105, 0.11471442400774444, 0.12844036697247707, 0.11787665886026542, 0.12932525951557095, 0.1369472182596291, 0.12706389088298636, 0.11335458731845555, 0.07922272047832586, 0.11090011393847322, 0.07055630936227951, 0.10234400792340706, 0.12363067292644757, 0.1240387830157138, 0.10019361084220717, 0.09837505489679403, 0.1353099730458221, 0.10066280033140017, 0.08824709185720016]","[0.9634015069967707, 0.9679862306368331, 0.9549854791868344, 0.9708387942332897, 0.9578454332552693, 0.9554498269896193, 0.9711126961483595, 0.9676956209619526, 0.9613885936946511, 0.9646238166417539, 0.9661982529434106, 0.9597467209407508, 0.9547705513370749, 0.9573552425665102, 0.9675693747910398, 0.9685382381413359, 0.9530083443126921, 0.9574123989218328, 0.9685169842584921, 0.950661853188929]",0.09351366906395893,19,"[0.095, 0.105, 0.10058823529411764, 0.10136363636363636, 0.066875, 0.05333333333333334, 0.06928571428571428, 0.09206896551724138, 0.108125, 0.11, 0.13153846153846155, 0.10545454545454545, 0.07590909090909091, 0.07388888888888889, 0.09739130434782609, 0.09407407407407407, 0.10611111111111111, 0.09454545454545454, 0.09620689655172414, null]",4.923036813735962,2.2958197593688965,0.4019012451171875,1.904134750366211,0.0006966590881347656,0.15881705284118652,1115755,ai08,success,
vit_b32_cifar100,CIFAR100,20,0.3,44,100,1.0,dp_avg_eps2_K20,dp_avg,100,6.44558801400764,0.1361,0.44032,0.5065,0.8673,0.0568,-0.8219218476451363,0,20,"[-0.8479327259985985, -0.817658349328215, -0.8346379647749511, -0.8075370121130552, -0.8414376321353065, -0.8253658536585365, -0.8020959290608626, -0.8258758237946584, -0.8776448942042319, -0.8744670772145903, -0.759685569904548, -0.8499404525605398, -0.7877094972067038, -0.8386970172684458, -0.8303571428571428, -0.8004640371229698, -0.8183381088825215, -0.805265546981389, -0.8126016260162601, -0.7807246918192007]","[0.12718990889978976, 0.12783109404990403, 0.12850619699934768, 0.1579183490354419, 0.12389006342494714, 0.11609756097560976, 0.14953647722692462, 0.14568158168574402, 0.08785648574057038, 0.0885836096636665, 0.1948343627175744, 0.10758237395791981, 0.1564245810055866, 0.12362637362637363, 0.11568322981366459, 0.16473317865429235, 0.14068767908309457, 0.16159782115297322, 0.15447154471544716, 0.1673515128875607]","[0.9751226348983882, 0.945489443378119, 0.9631441617742987, 0.9654553611484971, 0.9653276955602537, 0.9414634146341463, 0.9516324062877872, 0.9715574054804024, 0.9655013799448022, 0.9630506868782568, 0.9545199326221224, 0.9575228265184597, 0.9441340782122905, 0.9623233908948194, 0.9460403726708074, 0.9651972157772621, 0.959025787965616, 0.9668633681343622, 0.9670731707317073, 0.9480762047067613]",0.12307842190589721,19,"[0.151, 0.11956521739130435, 0.166875, 0.14285714285714285, 0.11875, 0.126, 0.068, 0.119375, 0.13310344827586207, 0.19038461538461537, 0.09111111111111111, 0.1326923076923077, 0.11242424242424243, 0.14083333333333334, 0.1223529411764706, 0.10045454545454545, 0.101, 0.08611111111111111, 0.1156, null]",4.922259569168091,2.286057949066162,0.3959810733795166,1.9185538291931152,0.0007119178771972656,0.16044378280639648,1115755,ai08,success,
vit_b32_cifar100,CIFAR100,20,0.3,42,100,1.0,dp_avg_eps8_K20,dp_avg,100,1.6124759745530783,0.1287,0.448265,0.5087,0.8692,0.0557,-0.8240836686300291,0,20,"[-0.8262121939510322, -0.8311284046692607, -0.8568387440127727, -0.8551012306470822, -0.8326545723805998, -0.8237129485179407, -0.8168044077134986, -0.8186988979736936, -0.8418471597874949, -0.8084384093113481, -0.7838541666666666, -0.8154257690592956, -0.7911787665886026, -0.8206295032233598, -0.8173817381738174, -0.8642350557244174, -0.7988599348534202, -0.8478073946689596, -0.8316229570505511, -0.7992411176267679]","[0.13730196831493038, 0.13346303501945525, 0.10484300159659393, 0.12346169114728067, 0.13513513513513514, 0.13416536661466458, 0.13085399449035812, 0.152506221116246, 0.11238250919493258, 0.1411251212415131, 0.1734375, 0.13330361123495318, 0.1209992193598751, 0.14334470989761092, 0.14228089475614228, 0.09895305639986492, 0.15960912052117263, 0.12181140728002293, 0.12960851387305208, 0.1559158330458779]","[0.9635141622659625, 0.964591439688716, 0.9616817456093667, 0.9785629217943629, 0.9677897075157349, 0.9578783151326054, 0.9476584022038568, 0.9712051190899396, 0.9542296689824274, 0.9495635305528612, 0.9572916666666667, 0.9487293802942488, 0.9121779859484778, 0.9639742131209708, 0.9596626329299597, 0.9631881121242823, 0.9584690553745928, 0.9696188019489825, 0.9612314709236032, 0.9551569506726457]",0.11719008090865675,19,"[0.12125, 0.095, 0.1451851851851852, 0.17136363636363636, 0.1004, 0.1305, 0.106875, 0.13476190476190475, 0.11428571428571428, 0.10538461538461538, 0.0905, 0.07529411764705882, 0.1144, 0.095625, 0.11818181818181818, 0.14708333333333334, 0.08545454545454545, 0.13666666666666666, 0.1384, null]",5.01547908782959,2.3375606536865234,0.3978111743927002,1.9363865852355957,0.0007009506225585938,0.1807699203491211,1115755,ai08,success,
vit_b32_cifar100,CIFAR100,20,0.3,43,100,1.0,dp_avg_eps8_K20,dp_avg,100,1.6106702198755372,0.1098,0.44411000000000006,0.5281,0.8683,0.0442,-0.8455541433785246,0,20,"[-0.8272335844994618, -0.8378657487091222, -0.8412391093901258, -0.8322411533420708, -0.8419203747072599, -0.8209342560553633, -0.8309557774607703, -0.8388370423546303, -0.8452001416932342, -0.8789237668161436, -0.8537789593619446, -0.8860244233378561, -0.8517662594915814, -0.8290297339593115, -0.839518555667001, -0.8635043562439496, -0.8533157663592446, -0.8161725067385444, -0.8670256835128417, -0.8555956678700362]","[0.13616792249730894, 0.13012048192771083, 0.11374636979670862, 0.13859764089121887, 0.11592505854800937, 0.13451557093425606, 0.14015691868758917, 0.12885857860732233, 0.11618845200141693, 0.08570004982561036, 0.112419293581466, 0.07372229760289462, 0.10300429184549356, 0.12832550860719874, 0.1280508191240388, 0.10503388189738626, 0.09969257795344752, 0.14123989218328842, 0.10149130074565037, 0.0950661853188929]","[0.9634015069967707, 0.9679862306368331, 0.9549854791868344, 0.9708387942332897, 0.9578454332552693, 0.9554498269896193, 0.9711126961483595, 0.9676956209619526, 0.9613885936946511, 0.9646238166417539, 0.9661982529434106, 0.9597467209407508, 0.9547705513370749, 0.9573552425665102, 0.9675693747910398, 0.9685382381413359, 0.9530083443126921, 0.9574123989218328, 0.9685169842584921, 0.950661853188929]",0.09806086754796134,19,"[0.09821428571428571, 0.10714285714285714, 0.10411764705882352, 0.10272727272727272, 0.075, 0.058888888888888886, 0.06857142857142857, 0.09655172413793103, 0.114375, 0.1136, 0.13576923076923078, 0.11045454545454546, 0.07772727272727273, 0.07833333333333334, 0.10869565217391304, 0.09851851851851852, 0.11888888888888889, 0.09454545454545454, 0.10103448275862069, null]",4.992473602294922,2.3318557739257812,0.4020371437072754,1.9306025505065918,0.0006945133209228516,0.15863418579101562,1115755,ai08,success,
vit_b32_cifar100,CIFAR100,20,0.3,44,100,1.0,dp_avg_eps8_K20,dp_avg,100,1.61139700350191,0.1407,0.44032,0.5065,0.8673,0.0614,-0.8176698100315469,0,20,"[-0.8479327259985985, -0.8126679462571977, -0.827136333985649, -0.8030506953790937, -0.8317124735729386, -0.8214634146341463, -0.7988714228133817, -0.8172043010752689, -0.8693652253909844, -0.8687825675035529, -0.755193711398091, -0.8451766574037316, -0.7846058348851644, -0.8324175824175823, -0.8315217391304348, -0.789526019224395, -0.8206303724928367, -0.7989105764866091, -0.8146341463414634, -0.7825924542398207]","[0.12718990889978976, 0.1328214971209213, 0.1360078277886497, 0.16240466576940332, 0.133615221987315, 0.12, 0.15276098347440548, 0.15435310440513353, 0.09613615455381785, 0.09426811937470393, 0.19932622122403143, 0.11234616911472807, 0.159528243327126, 0.12990580847723704, 0.11451863354037267, 0.1756711965528671, 0.13839541547277937, 0.16795279164775306, 0.1524390243902439, 0.1654837504669406]","[0.9751226348983882, 0.945489443378119, 0.9631441617742987, 0.9654553611484971, 0.9653276955602537, 0.9414634146341463, 0.9516324062877872, 0.9715574054804024, 0.9655013799448022, 0.9630506868782568, 0.9545199326221224, 0.9575228265184597, 0.9441340782122905, 0.9623233908948194, 0.9460403726708074, 0.9651972157772621, 0.959025787965616, 0.9668633681343622, 0.9670731707317073, 0.9480762047067613]",0.12546818453757058,19,"[0.15766666666666668, 0.12043478260869565, 0.15875, 0.14142857142857143, 0.11375, 0.1375, 0.0695, 0.11875, 0.12551724137931033, 0.19653846153846155, 0.08814814814814814, 0.13153846153846155, 0.12757575757575756, 0.14625, 0.13823529411764707, 0.09954545454545455, 0.1075, 0.09166666666666666, 0.1136, null]",4.927004814147949,2.2919037342071533,0.3952810764312744,1.9170055389404297,0.0006966590881347656,0.15978741645812988,1115755,ai08,success,
vit_b32_cifar100,CIFAR100,20,0.3,42,100,1.0,labelled_probe_warmup,labelled,300,0.0,0.4413,0.448265,0.5087,0.8692,0.3924,-0.5096842211280973,0,20,"[-0.5160825732117138, -0.417898832684825, -0.4715274081958489, -0.5776101627630013, -0.4924102184376157, -0.5735829433177327, -0.5408631772268135, -0.5047991468183435, -0.4997956681651001, -0.5548011639185256, -0.45052083333333337, -0.46455639768167634, -0.5398126463700235, -0.5255972696245733, -0.44334433443344334, -0.46099290780141844, -0.5834690553745928, -0.5081685296646603, -0.5511212466742683, -0.516729906864436]","[0.4474315890542487, 0.546692607003891, 0.4901543374135178, 0.4009527590313616, 0.4753794890781192, 0.3842953718148726, 0.4067952249770432, 0.46640597227159614, 0.4544340008173273, 0.3947623666343356, 0.5067708333333333, 0.48417298261257247, 0.37236533957845436, 0.43837694349639744, 0.5163182984965163, 0.5021952043228639, 0.375, 0.46145027228432217, 0.41011022424933485, 0.43842704380820974]","[0.9635141622659625, 0.964591439688716, 0.9616817456093667, 0.9785629217943629, 0.9677897075157349, 0.9578783151326054, 0.9476584022038568, 0.9712051190899396, 0.9542296689824274, 0.9495635305528612, 0.9572916666666667, 0.9487293802942488, 0.9121779859484778, 0.9639742131209708, 0.9596626329299597, 0.9631881121242823, 0.9584690553745928, 0.9696188019489825, 0.9612314709236032, 0.9551569506726457]",0.4328278896900027,19,"[0.5196875, 0.41, 0.3162962962962963, 0.45954545454545453, 0.3972, 0.4225, 0.5125, 0.44761904761904764, 0.49, 0.4796153846153846, 0.374, 0.38176470588235295, 0.452, 0.47875, 0.38954545454545453, 0.3179166666666667, 0.37227272727272726, 0.49291666666666667, 0.5096, null]",4.528280973434448,2.2858974933624268,0.021846294403076172,1.8950376510620117,0.0006811618804931641,0.16089463233947754,1115755,ai08,success,
vit_b32_cifar100,CIFAR100,20,0.3,43,100,1.0,labelled_probe_warmup,labelled,300,0.0,0.4849,0.44411000000000006,0.5281,0.8683,0.4211,-0.4786506006310599,0,20,"[-0.461248654467169, -0.500172117039587, -0.5169409486931267, -0.48361730013106163, -0.42740046838407486, -0.5077854671280276, -0.3505706134094151, -0.5068198133524766, -0.47219270279844144, -0.6058794220229198, -0.4390429168249146, -0.5165083672546359, -0.5387916804225816, -0.4460093896713615, -0.45336008024072216, -0.4399806389157792, -0.43961352657004826, -0.5466307277628032, -0.42626346313173147, -0.49418371440032094]","[0.5021528525296017, 0.4678141135972461, 0.4380445304937077, 0.48722149410222804, 0.5304449648711944, 0.4476643598615917, 0.6205420827389444, 0.46087580760947594, 0.4891958908962097, 0.35874439461883406, 0.527155336118496, 0.44323835368611486, 0.41597887091449326, 0.5113458528951487, 0.5142092945503176, 0.5285575992255567, 0.5133948177426438, 0.41078167115902964, 0.5422535211267606, 0.4564781387886081]","[0.9634015069967707, 0.9679862306368331, 0.9549854791868344, 0.9708387942332897, 0.9578454332552693, 0.9554498269896193, 0.9711126961483595, 0.9676956209619526, 0.9613885936946511, 0.9646238166417539, 0.9661982529434106, 0.9597467209407508, 0.9547705513370749, 0.9573552425665102, 0.9675693747910398, 0.9685382381413359, 0.9530083443126921, 0.9574123989218328, 0.9685169842584921, 0.950661853188929]",0.4909819681702023,19,"[0.5253571428571429, 0.6, 0.5335294117647059, 0.4177272727272727, 0.51, 0.4072222222222222, 0.40285714285714286, 0.3879310344827586, 0.50125, 0.5056, 0.5876923076923077, 0.5468181818181819, 0.4536363636363636, 0.585, 0.5204347826086957, 0.4444444444444444, 0.37777777777777777, 0.54, 0.48137931034482756, null]",4.539412498474121,2.2926928997039795,0.022281885147094727,1.9033095836639404,0.0006935596466064453,0.15847516059875488,1115755,ai08,success,
vit_b32_cifar100,CIFAR100,20,0.3,44,100,1.0,labelled_probe_warmup,labelled,300,0.0,0.4686,0.44032,0.5065,0.8673,0.4062,-0.4877944381757944,0,20,"[-0.4162578836720393, -0.45873320537428025, -0.5130463144161774, -0.4055630327501122, -0.49090909090909085, -0.45560975609756094, -0.5155179363160016, -0.5268817204301075, -0.5450781968721251, -0.4547607768829939, -0.4693992139247614, -0.47836443032949577, -0.5766604593420235, -0.5145211930926217, -0.5062111801242235, -0.4484587338415644, -0.4515759312320916, -0.5342714480254198, -0.44756097560975605, -0.5465072842734404]","[0.5588647512263489, 0.48675623800383877, 0.4500978473581213, 0.5598923283983849, 0.4744186046511628, 0.48585365853658535, 0.43611446997178555, 0.4446756850502948, 0.4204231830726771, 0.5082899099952629, 0.485120718697361, 0.4791583961889639, 0.3674736188702669, 0.4478021978021978, 0.43982919254658387, 0.5167384819356977, 0.5074498567335244, 0.4325919201089424, 0.5195121951219512, 0.4015689204333209]","[0.9751226348983882, 0.945489443378119, 0.9631441617742987, 0.9654553611484971, 0.9653276955602537, 0.9414634146341463, 0.9516324062877872, 0.9715574054804024, 0.9655013799448022, 0.9630506868782568, 0.9545199326221224, 0.9575228265184597, 0.9441340782122905, 0.9623233908948194, 0.9460403726708074, 0.9651972157772621, 0.959025787965616, 0.9668633681343622, 0.9670731707317073, 0.9480762047067613]",0.45867891793098725,19,"[0.45266666666666666, 0.40869565217391307, 0.51125, 0.39785714285714285, 0.44416666666666665, 0.6105, 0.519, 0.5125, 0.40379310344827585, 0.42923076923076925, 0.52, 0.44384615384615383, 0.4903030303030303, 0.4175, 0.42058823529411765, 0.4090909090909091, 0.428, 0.5011111111111111, 0.3948, null]",4.52846097946167,2.2880098819732666,0.021905183792114258,1.8964111804962158,0.000713348388671875,0.16004419326782227,1115755,ai08,success,
vit_b32_cifar100,CIFAR100,20,0.3,42,100,1.0,no_phase0,none,0,0.0,0.0319,0.448265,0.5087,0.8692,0.0121,-0.9242485578889672,0,20,"[-0.9241478636581852, -0.9346303501945525, -0.9441192123469931, -0.943231441048035, -0.9278045168456127, -0.9032761310452418, -0.9150596877869606, -0.9342339139708496, -0.938291785860237, -0.9146459747817652, -0.9078125, -0.9094962104324565, -0.8930523028883685, -0.9226393629124005, -0.9251925192519252, -0.9388720027017899, -0.9303745928338762, -0.9452565204929779, -0.9156214367160775, -0.9172128320110383]","[0.039366298607777246, 0.029961089494163425, 0.017562533262373604, 0.03533148074632791, 0.03998519067012218, 0.054602184087363496, 0.032598714416896234, 0.03697120511908994, 0.015937883122190438, 0.03491755577109602, 0.049479166666666664, 0.03923316986179224, 0.01912568306010929, 0.04133485020857035, 0.03447011367803447, 0.0243161094224924, 0.02809446254071661, 0.024362281456004584, 0.04561003420752566, 0.03794411866160745]","[0.9635141622659625, 0.964591439688716, 0.9616817456093667, 0.9785629217943629, 0.9677897075157349, 0.9578783151326054, 0.9476584022038568, 0.9712051190899396, 0.9542296689824274, 0.9495635305528612, 0.9572916666666667, 0.9487293802942488, 0.9121779859484778, 0.9639742131209708, 0.9596626329299597, 0.9631881121242823, 0.9584690553745928, 0.9696188019489825, 0.9612314709236032, 0.9551569506726457]",0.02806193257207189,19,"[0.024375, 0.019545454545454546, 0.04, 0.05045454545454545, 0.028, 0.0315, 0.016875, 0.027142857142857142, 0.0419047619047619, 0.025, 0.0155, 0.011764705882352941, 0.0236, 0.021875, 0.02727272727272727, 0.024583333333333332, 0.035, 0.04958333333333333, 0.0192, null]",4.5516722202301025,2.3090100288391113,0.00774693489074707,1.90413498878479,0.0006833076477050781,0.16055703163146973,1115755,ai08,success,
vit_b32_cifar100,CIFAR100,20,0.3,43,100,1.0,no_phase0,none,0,0.0,0.0295,0.44411000000000006,0.5281,0.8683,0.011,-0.9330609054139837,0,20,"[-0.9214208826695371, -0.9332185886402754, -0.9264278799612777, -0.9420052424639581, -0.9305230288836845, -0.9225778546712803, -0.931169757489301, -0.9310839913854989, -0.9245483528161531, -0.9471848530144494, -0.9434105582985188, -0.9484396200814111, -0.9224166391548365, -0.9233176838810642, -0.9404881310598462, -0.9506292352371732, -0.9301712779973649, -0.9072776280323449, -0.9502899751449876, -0.9346169273967109]","[0.04198062432723358, 0.03476764199655766, 0.028557599225556632, 0.028833551769331587, 0.0273224043715847, 0.0328719723183391, 0.039942938659058486, 0.0366116295764537, 0.03684024087849805, 0.017438963627304436, 0.02278769464489176, 0.011307100859339666, 0.03235391218223836, 0.03403755868544601, 0.02708124373119358, 0.017909002904162634, 0.022837066315327184, 0.05013477088948787, 0.018227009113504555, 0.016044925792218213]","[0.9634015069967707, 0.9679862306368331, 0.9549854791868344, 0.9708387942332897, 0.9578454332552693, 0.9554498269896193, 0.9711126961483595, 0.9676956209619526, 0.9613885936946511, 0.9646238166417539, 0.9661982529434106, 0.9597467209407508, 0.9547705513370749, 0.9573552425665102, 0.9675693747910398, 0.9685382381413359, 0.9530083443126921, 0.9574123989218328, 0.9685169842584921, 0.950661853188929]",0.025073642450084147,19,"[0.025, 0.023571428571428573, 0.03176470588235294, 0.04090909090909091, 0.025625, 0.008333333333333333, 0.011428571428571429, 0.02413793103448276, 0.02625, 0.0276, 0.03538461538461538, 0.03409090909090909, 0.012272727272727272, 0.012777777777777779, 0.017826086956521738, 0.03, 0.035555555555555556, 0.023181818181818182, 0.030689655172413795, null]",4.502861738204956,2.271526336669922,0.007660388946533203,1.9018683433532715,0.0006947517395019531,0.15847468376159668,1115755,ai08,success,
vit_b32_cifar100,CIFAR100,20,0.3,44,100,1.0,no_phase0,none,0,0.0,0.0348,0.44032,0.5065,0.8673,0.0072,-0.9218039584757097,0,20,"[-0.9491941135248774, -0.9155470249520153, -0.9295499021526419, -0.9214894571556752, -0.921353065539112, -0.9082926829268292, -0.909310761789601, -0.9278529309746791, -0.9415823367065318, -0.9384178114637612, -0.9000561482313307, -0.9344978165938864, -0.904407200496586, -0.9211145996860283, -0.9215838509316769, -0.9234338747099767, -0.9255014326647564, -0.917385383567862, -0.9211382113821138, -0.9043705640642511]","[0.02592852137351086, 0.029942418426103647, 0.03359425962165688, 0.043965903992821895, 0.04397463002114165, 0.033170731707317075, 0.04232164449818621, 0.043704474505723206, 0.02391904323827047, 0.0246328754144955, 0.05446378439079169, 0.023025009924573243, 0.03972687771570453, 0.04120879120879121, 0.024456521739130436, 0.04176334106728538, 0.0335243553008596, 0.049477984566500224, 0.0459349593495935, 0.04370564064251027]","[0.9751226348983882, 0.945489443378119, 0.9631441617742987, 0.9654553611484971, 0.9653276955602537, 0.9414634146341463, 0.9516324062877872, 0.9715574054804024, 0.9655013799448022, 0.9630506868782568, 0.9545199326221224, 0.9575228265184597, 0.9441340782122905, 0.9623233908948194, 0.9460403726708074, 0.9651972157772621, 0.959025787965616, 0.9668633681343622, 0.9670731707317073, 0.9480762047067613]",0.02868541317159176,19,"[0.044333333333333336, 0.022608695652173914, 0.028125, 0.03214285714285714, 0.0175, 0.033, 0.0095, 0.019375, 0.029655172413793104, 0.05615384615384615, 0.02666666666666667, 0.03076923076923077, 0.02484848484848485, 0.043333333333333335, 0.023529411764705882, 0.023181818181818182, 0.0285, 0.015, 0.0368, null]",4.490424394607544,2.26816987991333,0.007477521896362305,1.891477346420288,0.0006983280181884766,0.15979290008544922,1115755,ai08,success,
vit_b32_cifar100,CIFAR100,20,0.3,42,100,1.0,raw_union_K20,raw_union,19337,0.0,0.8557,0.448265,0.5087,0.8692,0.8514,-0.059057360868966645,0,20,"[-0.05376860297647623, -0.047081712062256864, -0.05428419372006388, -0.07304485907105995, -0.06145871899296551, -0.046801872074883066, -0.04866850321395777, -0.06505510131532166, -0.060482223130363666, -0.036857419980601325, -0.05364583333333328, -0.0592955862683906, -0.049960967993754934, -0.056503602578687806, -0.05500550055005504, -0.07125970955758187, -0.0785830618892508, -0.0696474634565778, -0.06385404789053595, -0.07588823732321492]","[0.9097455592894863, 0.9175097276264591, 0.9073975518893028, 0.9055180627233029, 0.9063309885227694, 0.9110764430577223, 0.898989898989899, 0.9061500177746179, 0.8937474458520638, 0.9127061105722599, 0.9036458333333334, 0.8894337940258582, 0.8622170179547228, 0.907470610542283, 0.9046571323799046, 0.8919284025667005, 0.879885993485342, 0.8999713384924047, 0.8973774230330672, 0.8792687133494308]","[0.9635141622659625, 0.964591439688716, 0.9616817456093667, 0.9785629217943629, 0.9677897075157349, 0.9578783151326054, 0.9476584022038568, 0.9712051190899396, 0.9542296689824274, 0.9495635305528612, 0.9572916666666667, 0.9487293802942488, 0.9121779859484778, 0.9639742131209708, 0.9596626329299597, 0.9631881121242823, 0.9584690553745928, 0.9696188019489825, 0.9612314709236032, 0.9551569506726457]",0.8477910511773515,19,"[0.854375, 0.8554545454545455, 0.8525925925925926, 0.8586363636363636, 0.858, 0.855, 0.851875, 0.8223809523809524, 0.86, 0.8396153846153847, 0.8165, 0.8864705882352941, 0.8792, 0.838125, 0.8477272727272728, 0.8425, 0.8177272727272727, 0.82625, 0.8456, null]",5.192851305007935,2.2838895320892334,0.6806812286376953,1.9048290252685547,0.0006961822509765625,0.16008472442626953,1115755,ai08,success,
vit_b32_cifar100,CIFAR100,20,0.3,43,100,1.0,raw_union_K20,raw_union,18900,0.0,0.8539,0.44411000000000006,0.5281,0.8683,0.85,-0.06273016968364302,0,20,"[-0.046286329386437064, -0.07228915662650603, -0.04985479186834452, -0.08093053735255573, -0.05386416861826693, -0.04930795847750857, -0.050641940085591974, -0.06783919597989951, -0.06340772228126113, -0.05231689088191338, -0.05507026205848842, -0.07462686567164178, -0.10069329811819072, -0.061424100156494466, -0.059846205282514164, -0.04307841239109389, -0.07026789635485287, -0.060377358490566024, -0.06586578293289147, -0.07661452065784202]","[0.9171151776103337, 0.895697074010327, 0.9051306873184899, 0.8899082568807339, 0.9039812646370023, 0.9061418685121108, 0.9204707560627675, 0.8998564249820531, 0.89798087141339, 0.9123069257598405, 0.9111279908849221, 0.885119855269109, 0.8540772532188842, 0.8959311424100157, 0.9077231695085256, 0.925459825750242, 0.8827404479578392, 0.8970350404312668, 0.9026512013256006, 0.874047332531087]","[0.9634015069967707, 0.9679862306368331, 0.9549854791868344, 0.9708387942332897, 0.9578454332552693, 0.9554498269896193, 0.9711126961483595, 0.9676956209619526, 0.9613885936946511, 0.9646238166417539, 0.9661982529434106, 0.9597467209407508, 0.9547705513370749, 0.9573552425665102, 0.9675693747910398, 0.9685382381413359, 0.9530083443126921, 0.9574123989218328, 0.9685169842584921, 0.950661853188929]",0.859079885986096,19,"[0.8407142857142857, 0.8821428571428571, 0.8805882352941177, 0.835, 0.854375, 0.8444444444444444, 0.835, 0.8451724137931035, 0.8525, 0.8824, 0.8892307692307693, 0.8686363636363637, 0.8759090909090909, 0.8761111111111111, 0.8382608695652174, 0.8588888888888889, 0.8694444444444445, 0.8481818181818181, 0.8455172413793104, null]",5.157668828964233,2.2830944061279297,0.666923999786377,1.8867859840393066,0.0006930828094482422,0.15806055068969727,1115755,ai08,success,
vit_b32_cifar100,CIFAR100,20,0.3,44,100,1.0,raw_union_K20,raw_union,18777,0.0,0.8511,0.44032,0.5065,0.8673,0.8483,-0.06131634018040523,0,20,"[-0.06552207428170986, -0.06372360844529756, -0.05120678408349644, -0.03454463885150294, -0.04524312896405913, -0.045853658536585296, -0.07980652962515122, -0.04509191814082558, -0.07773689052437904, -0.07342491710090004, -0.04379562043795626, -0.0786026200873362, -0.06331471135940403, -0.07182103610675039, -0.048913043478260865, -0.07623467020218755, -0.08022922636103147, -0.037675896504766215, -0.05243902439024384, -0.0911468061262608]","[0.9096005606166784, 0.8817658349328215, 0.9119373776908023, 0.9309107222969941, 0.9200845665961945, 0.895609756097561, 0.871825876662636, 0.9264654873395768, 0.8877644894204232, 0.8896257697773567, 0.9107243121841662, 0.8789202064311235, 0.8808193668528864, 0.890502354788069, 0.8971273291925466, 0.8889625455750746, 0.8787965616045845, 0.929187471629596, 0.9146341463414634, 0.8569293985805005]","[0.9751226348983882, 0.945489443378119, 0.9631441617742987, 0.9654553611484971, 0.9653276955602537, 0.9414634146341463, 0.9516324062877872, 0.9715574054804024, 0.9655013799448022, 0.9630506868782568, 0.9545199326221224, 0.9575228265184597, 0.9441340782122905, 0.9623233908948194, 0.9460403726708074, 0.9651972157772621, 0.959025787965616, 0.9668633681343622, 0.9670731707317073, 0.9480762047067613]",0.8423598673112347,19,"[0.859, 0.8226086956521739, 0.85, 0.8478571428571429, 0.8354166666666667, 0.869, 0.874, 0.865625, 0.8227586206896552, 0.8096153846153846, 0.8414814814814815, 0.818076923076923, 0.8406060606060606, 0.8525, 0.8376470588235294, 0.835, 0.833, 0.8294444444444444, 0.8612, null]",5.174608469009399,2.2858898639678955,0.6652560234069824,1.9013457298278809,0.0007069110870361328,0.15984845161437988,1115755,ai08,success,
vit_b32_cifar100,CIFAR100,20,0.3,42,100,1.0,warmup_only_labelled,warmup_only,300,0.0,0.3924,0.448265,0.5087,0.8692,0.3924,-0.5633512442344518,0,20,"[-0.6015362457993279, -0.44747081712062253, -0.5194252261841406, -0.628423977768956, -0.5401703072935949, -0.6666666666666667, -0.6056014692378329, -0.5606114468538926, -0.5451573355128729, -0.5969932104752667, -0.5088541666666666, -0.5060187249219795, -0.5952380952380952, -0.5741372772089495, -0.49211587825449216, -0.5079365079365079, -0.6392508143322475, -0.5588993981083406, -0.597491448118586, -0.5750258709899965]","[0.3619779164666347, 0.5171206225680934, 0.4422565194252262, 0.3501389440254069, 0.42761940022213996, 0.2912116484659386, 0.34205693296602385, 0.4105936722360469, 0.40907233346955457, 0.3525703200775946, 0.4484375, 0.4427106553722693, 0.31693989071038253, 0.38983693591202123, 0.4675467546754675, 0.4552516041877744, 0.31921824104234525, 0.41071940384064204, 0.3637400228050171, 0.3801310796826492]","[0.9635141622659625, 0.964591439688716, 0.9616817456093667, 0.9785629217943629, 0.9677897075157349, 0.9578783151326054, 0.9476584022038568, 0.9712051190899396, 0.9542296689824274, 0.9495635305528612, 0.9572916666666667, 0.9487293802942488, 0.9121779859484778, 0.9639742131209708, 0.9596626329299597, 0.9631881121242823, 0.9584690553745928, 0.9696188019489825, 0.9612314709236032, 0.9551569506726457]",0.3864957670869436,19,"[0.4625, 0.36818181818181817, 0.2474074074074074, 0.42863636363636365, 0.3348, 0.37, 0.48125, 0.4204761904761905, 0.42523809523809525, 0.43423076923076925, 0.3525, 0.31823529411764706, 0.4024, 0.4425, 0.355, 0.25958333333333333, 0.32136363636363635, 0.4579166666666667, 0.4612, null]",2.6024010181427,2.263319253921509,0.016861677169799805,0.0,0.0,0.15972495079040527,1115755,ai08,success,
vit_b32_cifar100,CIFAR100,20,0.3,43,100,1.0,warmup_only_labelled,warmup_only,300,0.0,0.4211,0.44411000000000006,0.5281,0.8683,0.4211,-0.5426804361497916,0,20,"[-0.5452099031216362, -0.5290877796901894, -0.5818005808325266, -0.5370249017038008, -0.4898516783762685, -0.5692041522491349, -0.41868758915834525, -0.5882986360373295, -0.538788522848034, -0.6537120079720977, -0.5244967717432587, -0.5825418362731796, -0.6183558930340045, -0.5015649452269171, -0.5202273487128051, -0.5091965150048403, -0.49407114624505927, -0.6210242587601078, -0.4676884838442419, -0.5627757721620538]","[0.41819160387513454, 0.4388984509466437, 0.37318489835430785, 0.4338138925294889, 0.4679937548790008, 0.38624567474048443, 0.5524251069900142, 0.3793969849246231, 0.42260007084661705, 0.3109118086696562, 0.4417014812001519, 0.37720488466757124, 0.3364146583030703, 0.4557902973395931, 0.4473420260782347, 0.4593417231364956, 0.45893719806763283, 0.3363881401617251, 0.5008285004142502, 0.3878860810268753]","[0.9634015069967707, 0.9679862306368331, 0.9549854791868344, 0.9708387942332897, 0.9578454332552693, 0.9554498269896193, 0.9711126961483595, 0.9676956209619526, 0.9613885936946511, 0.9646238166417539, 0.9661982529434106, 0.9597467209407508, 0.9547705513370749, 0.9573552425665102, 0.9675693747910398, 0.9685382381413359, 0.9530083443126921, 0.9574123989218328, 0.9685169842584921, 0.950661853188929]",0.42172171004037695,19,"[0.4967857142857143, 0.49714285714285716, 0.46352941176470586, 0.3522727272727273, 0.44375, 0.3377777777777778, 0.3985714285714286, 0.3120689655172414, 0.449375, 0.4208, 0.5165384615384615, 0.4722727272727273, 0.37681818181818183, 0.505, 0.42086956521739133, 0.3566666666666667, 0.2922222222222222, 0.48818181818181816, 0.41206896551724137, null]",2.620534896850586,2.2821884155273438,0.018487215042114258,0.0,0.0,0.15802764892578125,1115755,ai08,success,
vit_b32_cifar100,CIFAR100,20,0.3,44,100,1.0,warmup_only_labelled,warmup_only,300,0.0,0.4062,0.44032,0.5065,0.8673,0.4062,-0.5550620804913402,0,20,"[-0.475823405746321, -0.5239923224568138, -0.5864318330071754, -0.4867653656348138, -0.6, -0.5136585365853659, -0.5908907698508666, -0.5733610822060353, -0.5961361545538179, -0.5319753671245855, -0.5474452554744526, -0.5220325526002381, -0.6517690875232773, -0.5514128728414442, -0.5694875776397516, -0.5240304938680809, -0.5091690544412607, -0.6354970494779846, -0.48902439024390243, -0.6223384385506164]","[0.49929922915206726, 0.4214971209213052, 0.3767123287671233, 0.47868999551368324, 0.3653276955602537, 0.4278048780487805, 0.3607416364369206, 0.398196323274367, 0.3693652253909844, 0.43107531975367125, 0.40707467714766987, 0.43549027391822154, 0.29236499068901306, 0.4109105180533752, 0.3765527950310559, 0.4411667219091813, 0.4498567335243553, 0.33136631865637767, 0.47804878048780486, 0.3257377661561449]","[0.9751226348983882, 0.945489443378119, 0.9631441617742987, 0.9654553611484971, 0.9653276955602537, 0.9414634146341463, 0.9516324062877872, 0.9715574054804024, 0.9655013799448022, 0.9630506868782568, 0.9545199326221224, 0.9575228265184597, 0.9441340782122905, 0.9623233908948194, 0.9460403726708074, 0.9651972157772621, 0.959025787965616, 0.9668633681343622, 0.9670731707317073, 0.9480762047067613]",0.3956936495041598,19,"[0.38066666666666665, 0.35, 0.4675, 0.36, 0.38458333333333333, 0.545, 0.453, 0.45, 0.32448275862068965, 0.35615384615384615, 0.4751851851851852, 0.37538461538461537, 0.4287878787878788, 0.3358333333333333, 0.3411764705882353, 0.34363636363636363, 0.3805, 0.4538888888888889, 0.3124, null]",2.61841082572937,2.2796790599823,0.01706218719482422,0.0,0.0,0.15919709205627441,1115755,ai08,success,
vit_b32_cifar100,CIFAR100,20,1.0,42,100,1.0,dp_avg_eps2_K20,dp_avg,100,6.449903898212313,0.1331,0.6263949999999999,0.6728,0.8692,0.0547,-0.8158331653914473,0,20,"[-0.8241534067727458, -0.8282208588957055, -0.8226072607260726, -0.813004674883128, -0.7851819377466024, -0.8173719376391981, -0.8097578097578098, -0.8131487889273357, -0.8293015332197615, -0.8238993710691824, -0.7985363753766681, -0.803812180381218, -0.8507216494845361, -0.7977662544874352, -0.8380868802106186, -0.8135332564398308, -0.7906550618415025, -0.8129848917925684, -0.8434450572761986, -0.8004741209008297]","[0.13015095879232966, 0.12842535787321063, 0.12046204620462046, 0.14619634509137272, 0.17974572555896537, 0.14832962138084632, 0.14987714987714987, 0.14602076124567473, 0.13049403747870528, 0.141012909632572, 0.16013775290572535, 0.14830311483031147, 0.1109278350515464, 0.14878340646190666, 0.12066695919262835, 0.14417531718569782, 0.14796152084287678, 0.13597386688444263, 0.11115825201527366, 0.14500197550375346]","[0.9543043655650755, 0.9566462167689161, 0.943069306930693, 0.9592010199745007, 0.9649276633055678, 0.9657015590200445, 0.9596349596349596, 0.9591695501730104, 0.9597955706984668, 0.9649122807017544, 0.9586741282823935, 0.9521152952115295, 0.9616494845360825, 0.9465496609493419, 0.958753839403247, 0.9577085736255286, 0.9386165826843793, 0.9489587586770111, 0.9546033092914722, 0.9454760964045832]",0.14569444444444446,18,"[0.12333333333333334, 0.09666666666666666, 0.085, 0.105, 0.0875, 0.015, 0.29, 0.18, 0.285, 0.07, 0.29, 0.07, 0.07333333333333333, 0.325, 0.06666666666666667, 0.02, 0.26, 0.18, null, null]",4.999014377593994,2.2960429191589355,0.492586612701416,1.907883644104004,0.0006847381591796875,0.1401534080505371,1115755,ai08,success,
vit_b32_cifar100,CIFAR100,20,1.0,43,100,1.0,dp_avg_eps2_K20,dp_avg,100,6.442680879502149,0.1149,0.6285700000000001,0.6616,0.8683,0.0424,-0.83086335815535,0,20,"[-0.8364372469635628, -0.8405448717948718, -0.8097759674134419, -0.8264729620661824, -0.8257177517185604, -0.8221422861710632, -0.8435314685314685, -0.8428362573099416, -0.819038642789821, -0.8463050314465408, -0.8093612871769869, -0.8363636363636364, -0.8303872053872055, -0.832271762208068, -0.8343087051938551, -0.825168918918919, -0.819585534335636, -0.8431793770139635, -0.8352359208523592, -0.8386023294509151]","[0.12388663967611337, 0.11298076923076923, 0.1319755600814664, 0.1368038740920097, 0.12778002426202992, 0.12829736211031176, 0.11276223776223776, 0.11951754385964912, 0.1234684260131951, 0.1175314465408805, 0.12384202827888835, 0.11923890063424947, 0.11658249158249158, 0.11889596602972399, 0.12472567666422824, 0.11908783783783784, 0.14221861032100772, 0.10347296813462227, 0.12252663622526636, 0.1291181364392679]","[0.9603238866396762, 0.9535256410256411, 0.9417515274949083, 0.963276836158192, 0.9534977759805904, 0.950439648281375, 0.9562937062937062, 0.9623538011695907, 0.942507068803016, 0.9638364779874213, 0.9332033154558752, 0.9556025369978859, 0.946969696969697, 0.9511677282377919, 0.9590343818580834, 0.9442567567567568, 0.9618041446566437, 0.9466523451485858, 0.9577625570776256, 0.967720465890183]",0.12382407407407409,18,"[0.18666666666666668, 0.03, 0.03, 0.14, 0.25, 0.11333333333333333, 0.04, 0.07, 0.25, 0.13333333333333333, 0.185, 0.065, 0.15, 0.04, 0.138, 0.16, 0.19, 0.0575, null, null]",5.06310772895813,2.314480781555176,0.49170374870300293,1.939162015914917,0.0006902217864990234,0.155012845993042,1115755,ai08,success,
vit_b32_cifar100,CIFAR100,20,1.0,44,100,1.0,dp_avg_eps2_K20,dp_avg,100,6.44558801400764,0.1508,0.63097,0.6876,0.8673,0.0648,-0.8031869724631072,0,20,"[-0.7836538461538463, -0.8115830115830116, -0.8135261923377639, -0.8090537780803269, -0.7939090529828954, -0.7810880829015544, -0.8010674429888404, -0.7857508969759098, -0.8192071086807928, -0.8166791885800151, -0.8001841620626151, -0.8029029793735676, -0.7853174603174603, -0.8348214285714286, -0.8044315992292871, -0.8219530102790015, -0.8095794392523364, -0.8093777388255916, -0.7889182058047494, -0.7907348242811502]","[0.17147435897435898, 0.15212355212355214, 0.1473807662236122, 0.14227365554799182, 0.164372131831456, 0.16493955094991364, 0.15283842794759825, 0.15889287544848796, 0.12611073137388926, 0.14838467317806162, 0.16206261510128914, 0.1638655462184874, 0.16587301587301587, 0.12648809523809523, 0.14450867052023122, 0.1299559471365639, 0.1499221183800623, 0.14899211218229624, 0.159442140972484, 0.15215654952076677]","[0.9551282051282052, 0.9637065637065637, 0.9609069585613761, 0.9513274336283186, 0.9582811848143513, 0.946027633851468, 0.9539058709364386, 0.9446437724243978, 0.9453178400546821, 0.9650638617580767, 0.9622467771639043, 0.966768525592055, 0.9511904761904761, 0.9613095238095238, 0.9489402697495183, 0.9519089574155654, 0.9595015576323987, 0.9583698510078879, 0.9483603467772334, 0.9428913738019169]",0.20405208333333336,16,"[0.084, 0.085, 0.48, 0.06, 0.1575, null, null, 0.2, 0.30666666666666664, 0.18, 0.17333333333333334, 0.48, 0.155, 0.32, 0.2, 0.08, 0.16, 0.14333333333333334, null, null]",5.042701244354248,2.3272011280059814,0.49497270584106445,1.911250352859497,0.0006773471832275391,0.13932156562805176,1115755,ai08,success,
vit_b32_cifar100,CIFAR100,20,1.0,42,100,1.0,dp_avg_eps8_K20,dp_avg,100,1.6124759745530783,0.1348,0.6263949999999999,0.6728,0.8692,0.0566,-0.8129246685798697,0,20,"[-0.8266013871889024, -0.8249488752556238, -0.8139438943894389, -0.8108797280067999, -0.7799210872424376, -0.8142538975501113, -0.8083538083538083, -0.8121107266435986, -0.8272572402044293, -0.8179410791128765, -0.7925096857511839, -0.7996280799628079, -0.8470103092783505, -0.7953729557239729, -0.836331724440544, -0.8116109188773548, -0.7915712322491983, -0.8072682727643936, -0.8408994484514213, -0.8000790201501383]","[0.127702978376173, 0.13169734151329243, 0.12912541254125412, 0.1483212919677008, 0.1850065760631302, 0.1514476614699332, 0.15128115128115127, 0.14705882352941177, 0.1325383304940375, 0.14697120158887786, 0.16616444253120966, 0.15248721524872152, 0.11463917525773196, 0.15117670522536897, 0.12242211496270294, 0.14609765474817377, 0.14704535043518094, 0.1416904859126174, 0.11370386084005091, 0.1453970762544449]","[0.9543043655650755, 0.9566462167689161, 0.943069306930693, 0.9592010199745007, 0.9649276633055678, 0.9657015590200445, 0.9596349596349596, 0.9591695501730104, 0.9597955706984668, 0.9649122807017544, 0.9586741282823935, 0.9521152952115295, 0.9616494845360825, 0.9465496609493419, 0.958753839403247, 0.9577085736255286, 0.9386165826843793, 0.9489587586770111, 0.9546033092914722, 0.9454760964045832]",0.15398148148148147,18,"[0.13333333333333333, 0.10666666666666667, 0.09, 0.095, 0.085, 0.015, 0.35, 0.18, 0.285, 0.1, 0.3, 0.07, 0.06333333333333334, 0.325, 0.07333333333333333, 0.02, 0.27, 0.21, null, null]",5.0263895988464355,2.31650710105896,0.489229679107666,1.918198823928833,0.0006952285766601562,0.14061522483825684,1115755,ai08,success,
vit_b32_cifar100,CIFAR100,20,1.0,43,100,1.0,dp_avg_eps8_K20,dp_avg,100,1.6106702198755372,0.1179,0.6285700000000001,0.6616,0.8683,0.0442,-0.827021947073367,0,20,"[-0.8352226720647774, -0.8369391025641026, -0.8040733197556008, -0.820823244552058, -0.8216740800646988, -0.8205435651478817, -0.8387237762237761, -0.8380847953216375, -0.8176248821866164, -0.8439465408805031, -0.8054607508532423, -0.8346723044397464, -0.8240740740740742, -0.824203821656051, -0.8306510607168983, -0.8222128378378379, -0.8159284843559529, -0.8428213390619406, -0.8291476407914764, -0.8336106489184691]","[0.12510121457489878, 0.11658653846153846, 0.13767820773930753, 0.14245359160613397, 0.13182369591589163, 0.1298960831334932, 0.11756993006993006, 0.12426900584795321, 0.12488218661639962, 0.11988993710691824, 0.12774256460263286, 0.12093023255813953, 0.12289562289562289, 0.12696390658174098, 0.12838332114118509, 0.12204391891891891, 0.14587566030069077, 0.10383100608664518, 0.12861491628614916, 0.1341098169717138]","[0.9603238866396762, 0.9535256410256411, 0.9417515274949083, 0.963276836158192, 0.9534977759805904, 0.950439648281375, 0.9562937062937062, 0.9623538011695907, 0.942507068803016, 0.9638364779874213, 0.9332033154558752, 0.9556025369978859, 0.946969696969697, 0.9511677282377919, 0.9590343818580834, 0.9442567567567568, 0.9618041446566437, 0.9466523451485858, 0.9577625570776256, 0.967720465890183]",0.12812962962962962,18,"[0.18333333333333332, 0.03, 0.0275, 0.17, 0.26, 0.12333333333333334, 0.05, 0.04, 0.23333333333333334, 0.15333333333333332, 0.19, 0.085, 0.145, 0.04, 0.138, 0.185, 0.19, 0.0625, null, null]",5.0844340324401855,2.3395769596099854,0.4898679256439209,1.951962947845459,0.0006871223449707031,0.1403367519378662,1115755,ai08,success,
vit_b32_cifar100,CIFAR100,20,1.0,44,100,1.0,dp_avg_eps8_K20,dp_avg,100,1.61139700350191,0.1523,0.63097,0.6876,0.8673,0.0642,-0.8047277695696383,0,20,"[-0.7860576923076923, -0.8127413127413128, -0.8084440969507428, -0.807351940095303, -0.8022528160200251, -0.7862694300518135, -0.8030082484230956, -0.7883136852895951, -0.8157894736842105, -0.8174305033809166, -0.8061694290976059, -0.8029029793735676, -0.7825396825396824, -0.8381696428571429, -0.8078034682080925, -0.8226872246696035, -0.8115264797507789, -0.8120070113935145, -0.79155672823219, -0.7915335463258786]","[0.16907051282051283, 0.15096525096525096, 0.1524628616106333, 0.14397549353301567, 0.15602836879432624, 0.15975820379965458, 0.15089762251334304, 0.15633008713480268, 0.12952836637047163, 0.14763335837716002, 0.15607734806629833, 0.1638655462184874, 0.16865079365079366, 0.12313988095238096, 0.14113680154142583, 0.12922173274596183, 0.14797507788161993, 0.14636283961437335, 0.15680361854504335, 0.15135782747603835]","[0.9551282051282052, 0.9637065637065637, 0.9609069585613761, 0.9513274336283186, 0.9582811848143513, 0.946027633851468, 0.9539058709364386, 0.9446437724243978, 0.9453178400546821, 0.9650638617580767, 0.9622467771639043, 0.966768525592055, 0.9511904761904761, 0.9613095238095238, 0.9489402697495183, 0.9519089574155654, 0.9595015576323987, 0.9583698510078879, 0.9483603467772334, 0.9428913738019169]",0.20346875,16,"[0.082, 0.085, 0.49, 0.11, 0.1575, null, null, 0.206, 0.31666666666666665, 0.175, 0.17666666666666667, 0.455, 0.18, 0.31, 0.17, 0.05, 0.135, 0.15666666666666668, null, null]",5.077093124389648,2.3469510078430176,0.49339962005615234,1.93160080909729,0.0006856918334960938,0.14160704612731934,1115755,ai08,success,
vit_b32_cifar100,CIFAR100,20,1.0,42,100,1.0,labelled_probe_warmup,labelled,300,0.0,0.4484,0.6263949999999999,0.6728,0.8692,0.3924,-0.498110713613568,0,20,"[-0.496532027743778, -0.5627811860940695, -0.533003300330033, -0.47641308967275825, -0.5146865409907936, -0.5167037861915367, -0.44963144963144963, -0.5155709342560554, -0.5410562180579217, -0.5815954981794108, -0.4718037021093414, -0.4709437470943747, -0.40701030927835047, -0.49820502592740334, -0.5252303641948222, -0.473279507881584, -0.43380668804397615, -0.4222131482237649, -0.5608824777259227, -0.5108652706440142]","[0.45777233782129745, 0.39386503067484663, 0.41006600660066006, 0.48278793030174244, 0.4502411223147742, 0.4489977728285078, 0.51000351000351, 0.44359861591695504, 0.4187393526405451, 0.3833167825223436, 0.4868704261730521, 0.4811715481171548, 0.554639175257732, 0.44834463502193855, 0.43352347520842477, 0.4844290657439446, 0.5048098946404032, 0.5267456104532462, 0.39372083156554943, 0.4346108257605689]","[0.9543043655650755, 0.9566462167689161, 0.943069306930693, 0.9592010199745007, 0.9649276633055678, 0.9657015590200445, 0.9596349596349596, 0.9591695501730104, 0.9597955706984668, 0.9649122807017544, 0.9586741282823935, 0.9521152952115295, 0.9616494845360825, 0.9465496609493419, 0.958753839403247, 0.9577085736255286, 0.9386165826843793, 0.9489587586770111, 0.9546033092914722, 0.9454760964045832]",0.5062962962962962,18,"[0.6166666666666667, 0.34, 0.595, 0.25, 0.58, 0.51, 0.4, 0.575, 0.77, 0.38, 0.6, 0.39, 0.5833333333333334, 0.52, 0.44333333333333336, 0.91, 0.07, 0.58, null, null]",4.544933795928955,2.316646099090576,0.021979570388793945,1.9037225246429443,0.0006978511810302734,0.13999390602111816,1115755,ai08,success,
vit_b32_cifar100,CIFAR100,20,1.0,43,100,1.0,labelled_probe_warmup,labelled,300,0.0,0.4967,0.6285700000000001,0.6616,0.8683,0.4211,-0.45710368922927014,0,20,"[-0.42348178137651826, -0.48918269230769235, -0.4578411405295315, -0.4842615012106537, -0.47432268499797814, -0.4292565947242206, -0.4912587412587412, -0.46345029239766083, -0.45475966069745527, -0.40605345911949686, -0.43881033642125794, -0.4921775898520085, -0.4427609427609428, -0.44118895966029725, -0.43416239941477697, -0.43792229729729737, -0.47541649735879726, -0.502327246688149, -0.4398782343987824, -0.46356073211314475]","[0.5368421052631579, 0.46434294871794873, 0.4839103869653768, 0.47901533494753834, 0.47917509098261224, 0.5211830535571543, 0.46503496503496505, 0.49890350877192985, 0.4877474081055608, 0.5577830188679245, 0.49439297903461726, 0.4634249471458774, 0.5042087542087542, 0.5099787685774947, 0.5248719824433065, 0.5063344594594594, 0.4863876472978464, 0.44432509846043683, 0.5178843226788432, 0.5041597337770383]","[0.9603238866396762, 0.9535256410256411, 0.9417515274949083, 0.963276836158192, 0.9534977759805904, 0.950439648281375, 0.9562937062937062, 0.9623538011695907, 0.942507068803016, 0.9638364779874213, 0.9332033154558752, 0.9556025369978859, 0.946969696969697, 0.9511677282377919, 0.9590343818580834, 0.9442567567567568, 0.9618041446566437, 0.9466523451485858, 0.9577625570776256, 0.967720465890183]",0.4677592592592592,18,"[0.6033333333333334, 0.28, 0.3675, 0.53, 0.48, 0.6533333333333333, 0.23, 0.67, 0.6366666666666667, 0.21333333333333335, 0.805, 0.62, 0.35, 0.0, 0.408, 0.625, 0.455, 0.4925, null, null]",4.561053276062012,2.320167064666748,0.022274255752563477,1.917665719985962,0.0007205009460449219,0.13994741439819336,1115755,ai08,success,
vit_b32_cifar100,CIFAR100,20,1.0,44,100,1.0,labelled_probe_warmup,labelled,300,0.0,0.4785,0.63097,0.6876,0.8673,0.4062,-0.46956524029197555,0,20,"[-0.43028846153846156, -0.450965250965251, -0.4491790461297889, -0.46119809394145683, -0.4997914059240718, -0.4753886010362694, -0.43862202814167883, -0.45668887749871867, -0.5006835269993164, -0.4879789631855748, -0.4631675874769798, -0.5019098548510312, -0.4619047619047619, -0.5055803571428572, -0.5052986512524085, -0.4838472834067548, -0.48014018691588783, -0.41498685363716037, -0.4368639276290992, -0.4868210862619808]","[0.5248397435897436, 0.5127413127413127, 0.5117279124315872, 0.4901293396868618, 0.45848977889027953, 0.47063903281519864, 0.5152838427947598, 0.4879548949256791, 0.44463431305536566, 0.47708489857250186, 0.4990791896869245, 0.46485867074102366, 0.48928571428571427, 0.4557291666666667, 0.4436416184971098, 0.46806167400881055, 0.4793613707165109, 0.5433829973707275, 0.5114964191481342, 0.4560702875399361]","[0.9551282051282052, 0.9637065637065637, 0.9609069585613761, 0.9513274336283186, 0.9582811848143513, 0.946027633851468, 0.9539058709364386, 0.9446437724243978, 0.9453178400546821, 0.9650638617580767, 0.9622467771639043, 0.966768525592055, 0.9511904761904761, 0.9613095238095238, 0.9489402697495183, 0.9519089574155654, 0.9595015576323987, 0.9583698510078879, 0.9483603467772334, 0.9428913738019169]",0.5144791666666667,16,"[0.238, 0.515, 0.82, 0.53, 0.655, null, null, 0.512, 0.58, 0.445, 0.32666666666666666, 0.87, 0.195, 0.36, 0.26, 0.7, 0.575, 0.65, null, null]",4.554993152618408,2.318254232406616,0.021985530853271484,1.9127309322357178,0.0006947517395019531,0.13960671424865723,1115755,ai08,success,
vit_b32_cifar100,CIFAR100,20,1.0,42,100,1.0,no_phase0,none,0,0.0,0.0351,0.6263949999999999,0.6728,0.8692,0.0121,-0.918299968161897,0,20,"[-0.9237046103631171, -0.9100204498977505, -0.9088283828382838, -0.92435189120272, -0.9131959666812802, -0.9309576837416481, -0.9203229203229203, -0.9207612456747405, -0.920954003407155, -0.9304865938430983, -0.9177787343951787, -0.8907484890748488, -0.9311340206185567, -0.9118468288791385, -0.9232119350592365, -0.9242599000384467, -0.901969766376546, -0.9183340138832177, -0.9308442935935511, -0.9122876333465034]","[0.030599755201958383, 0.046625766871165646, 0.03424092409240924, 0.03484912877178071, 0.051731696624287594, 0.03474387527839644, 0.03931203931203931, 0.038408304498269895, 0.03884156729131175, 0.034425686858656074, 0.04089539388721481, 0.061366806136680614, 0.030515463917525774, 0.03470283207020343, 0.03554190434401053, 0.03344867358708189, 0.03664681630783326, 0.030624744793793384, 0.023759015697921087, 0.03318846305807981]","[0.9543043655650755, 0.9566462167689161, 0.943069306930693, 0.9592010199745007, 0.9649276633055678, 0.9657015590200445, 0.9596349596349596, 0.9591695501730104, 0.9597955706984668, 0.9649122807017544, 0.9586741282823935, 0.9521152952115295, 0.9616494845360825, 0.9465496609493419, 0.958753839403247, 0.9577085736255286, 0.9386165826843793, 0.9489587586770111, 0.9546033092914722, 0.9454760964045832]",0.03796296296296297,18,"[0.023333333333333334, 0.013333333333333334, 0.0, 0.02, 0.015, 0.01, 0.1, 0.1, 0.085, 0.01, 0.08, 0.005, 0.0033333333333333335, 0.06, 0.013333333333333334, 0.0, 0.09, 0.055, null, null]",4.506381988525391,2.291350841522217,0.007779359817504883,1.9040913581848145,0.0006926059722900391,0.1402113437652588,1115755,ai08,success,
vit_b32_cifar100,CIFAR100,20,1.0,43,100,1.0,no_phase0,none,0,0.0,0.0314,0.6285700000000001,0.6616,0.8683,0.011,-0.9225590197622233,0,20,"[-0.9364372469635628, -0.9350961538461539, -0.9022403258655805, -0.9285714285714285, -0.9300444803881924, -0.9132693844924061, -0.9261363636363635, -0.9331140350877194, -0.9142318567389256, -0.933569182389937, -0.9063871282301317, -0.9272727272727274, -0.9141414141414141, -0.9163481953290871, -0.921360643745428, -0.9197635135135136, -0.9167005282405526, -0.9194414607948442, -0.921613394216134, -0.935440931780366]","[0.02388663967611336, 0.01842948717948718, 0.039511201629327905, 0.03470540758676352, 0.023453295592397897, 0.03717026378896882, 0.030157342657342656, 0.029239766081871343, 0.02827521206409048, 0.030267295597484277, 0.02681618722574354, 0.028329809725158563, 0.03282828282828283, 0.03481953290870488, 0.03767373811265545, 0.024493243243243243, 0.04510361641609102, 0.027210884353741496, 0.03614916286149163, 0.032279534109816974]","[0.9603238866396762, 0.9535256410256411, 0.9417515274949083, 0.963276836158192, 0.9534977759805904, 0.950439648281375, 0.9562937062937062, 0.9623538011695907, 0.942507068803016, 0.9638364779874213, 0.9332033154558752, 0.9556025369978859, 0.946969696969697, 0.9511677282377919, 0.9590343818580834, 0.9442567567567568, 0.9618041446566437, 0.9466523451485858, 0.9577625570776256, 0.967720465890183]",0.04380555555555555,18,"[0.09, 0.03, 0.0, 0.03, 0.18, 0.0033333333333333335, 0.0, 0.0, 0.11666666666666667, 0.03, 0.02, 0.01, 0.075, 0.01, 0.086, 0.07, 0.015, 0.0225, null, null]",4.497279405593872,2.2786388397216797,0.007746219635009766,1.9089725017547607,0.0006926059722900391,0.1400449275970459,1115755,ai08,success,
vit_b32_cifar100,CIFAR100,20,1.0,44,100,1.0,no_phase0,none,0,0.0,0.0372,0.63097,0.6876,0.8673,0.0072,-0.9144236062433828,0,20,"[-0.9102564102564104, -0.9204633204633205, -0.9253322908522283, -0.904356705241661, -0.9119732999582812, -0.9019861830742659, -0.9136341581756429, -0.902614044079959, -0.911825017088175, -0.9256198347107438, -0.9240331491712708, -0.9178762414056532, -0.9027777777777777, -0.9311755952380952, -0.907514450867052, -0.9148311306901615, -0.9248442367601246, -0.9268185801928134, -0.9087825103656239, -0.9017571884984025]","[0.04487179487179487, 0.043243243243243246, 0.03557466770914777, 0.04697072838665759, 0.04630788485607009, 0.04404145077720207, 0.04027171276079573, 0.04202972834443875, 0.03349282296650718, 0.03944402704733283, 0.03821362799263352, 0.04889228418640183, 0.048412698412698414, 0.030133928571428572, 0.041425818882466284, 0.037077826725403815, 0.03465732087227414, 0.03155127081507449, 0.0395778364116095, 0.04113418530351438]","[0.9551282051282052, 0.9637065637065637, 0.9609069585613761, 0.9513274336283186, 0.9582811848143513, 0.946027633851468, 0.9539058709364386, 0.9446437724243978, 0.9453178400546821, 0.9650638617580767, 0.9622467771639043, 0.966768525592055, 0.9511904761904761, 0.9613095238095238, 0.9489402697495183, 0.9519089574155654, 0.9595015576323987, 0.9583698510078879, 0.9483603467772334, 0.9428913738019169]",0.04952083333333334,16,"[0.012, 0.005, 0.16, 0.03, 0.02, null, null, 0.032, 0.07, 0.04, 0.03666666666666667, 0.085, 0.07, 0.15, 0.04, 0.01, 0.025, 0.006666666666666667, null, null]",4.530795574188232,2.3077757358551025,0.007955551147460938,1.913832426071167,0.0007178783416748047,0.1391458511352539,1115755,ai08,success,
vit_b32_cifar100,CIFAR100,20,1.0,42,100,1.0,raw_union_K20,raw_union,27488,0.0,0.8582,0.6263949999999999,0.6728,0.8692,0.8557,-0.03724361008562543,0,20,"[-0.03427172582619342, -0.048261758691206524, -0.03052805280528048, -0.031024224394390232, -0.03507233669443233, -0.04097995545657007, -0.0315900315900316, -0.0439446366782007, -0.05553662691652472, -0.05163853028798415, -0.03831252690486442, -0.04323570432357038, -0.04041237113402063, -0.038691663342640625, -0.047827994734532586, -0.029988465974625123, -0.010077874484654137, -0.027358105349122086, -0.03648705982180733, -0.029632556301857016]","[0.920032639738882, 0.9083844580777096, 0.9125412541254125, 0.9281767955801105, 0.9298553266111355, 0.9247216035634744, 0.928044928044928, 0.9152249134948097, 0.904258943781942, 0.9132737504137702, 0.9203616013775291, 0.9088795908879591, 0.9212371134020618, 0.9078579976067013, 0.9109258446687144, 0.9277201076509035, 0.9285387081997252, 0.921600653327889, 0.9181162494696649, 0.9158435401027262]","[0.9543043655650755, 0.9566462167689161, 0.943069306930693, 0.9592010199745007, 0.9649276633055678, 0.9657015590200445, 0.9596349596349596, 0.9591695501730104, 0.9597955706984668, 0.9649122807017544, 0.9586741282823935, 0.9521152952115295, 0.9616494845360825, 0.9465496609493419, 0.958753839403247, 0.9577085736255286, 0.9386165826843793, 0.9489587586770111, 0.9546033092914722, 0.9454760964045832]",0.8556018518518518,18,"[0.87, 0.87, 0.94, 0.74, 0.9075, 0.845, 0.79, 0.91, 0.735, 0.91, 0.96, 0.875, 0.8466666666666667, 0.895, 0.7966666666666666, 0.85, 0.84, 0.82, null, null]",5.453314781188965,2.3060765266418457,0.9405009746551514,1.9049906730651855,0.0007026195526123047,0.139603853225708,1115755,ai08,success,
vit_b32_cifar100,CIFAR100,20,1.0,43,100,1.0,raw_union_K20,raw_union,27797,0.0,0.8627,0.6285700000000001,0.6616,0.8683,0.861,-0.03478048877819952,0,20,"[-0.04129554655870449, -0.028445512820512886, -0.03584521384928718, -0.042776432606941084, -0.03396684189243837, -0.035571542765787445, -0.042395104895104896, -0.05519005847953218, -0.011781338360037696, -0.047169811320754707, -0.010238907849829393, -0.03382663847780132, -0.027356902356902357, -0.026326963906581735, -0.03547915142648139, -0.03209459459459463, -0.030069077610727413, -0.03938417472252065, -0.03082191780821919, -0.055574043261231276]","[0.9190283400809717, 0.9250801282051282, 0.9059063136456211, 0.920500403551251, 0.919530934088152, 0.9148681055155875, 0.9138986013986014, 0.9071637426900585, 0.9307257304429783, 0.9166666666666666, 0.9229644076060458, 0.9217758985200846, 0.9196127946127947, 0.9248407643312102, 0.923555230431602, 0.9121621621621622, 0.9317350670459162, 0.9072681704260651, 0.9269406392694064, 0.9121464226289517]","[0.9603238866396762, 0.9535256410256411, 0.9417515274949083, 0.963276836158192, 0.9534977759805904, 0.950439648281375, 0.9562937062937062, 0.9623538011695907, 0.942507068803016, 0.9638364779874213, 0.9332033154558752, 0.9556025369978859, 0.946969696969697, 0.9511677282377919, 0.9590343818580834, 0.9442567567567568, 0.9618041446566437, 0.9466523451485858, 0.9577625570776256, 0.967720465890183]",0.8530925925925925,18,"[0.865, 0.72, 0.8675, 0.79, 0.6, 0.8966666666666666, 0.97, 0.91, 0.8566666666666667, 0.8333333333333334, 0.955, 0.83, 0.815, 0.94, 0.834, 0.925, 0.93, 0.8175, null, null]",5.450520992279053,2.298299789428711,0.9446465969085693,1.9045188426971436,0.0006902217864990234,0.13991641998291016,1115755,ai08,success,
vit_b32_cifar100,CIFAR100,20,1.0,44,100,1.0,raw_union_K20,raw_union,27821,0.0,0.8613,0.63097,0.6876,0.8673,0.8587,-0.03384998687297029,0,20,"[-0.03245192307692313, -0.027799227799227832, -0.035574667709147745, -0.043567052416609964, -0.041301627033792254, -0.01727115716753025, -0.02911208151382827, -0.023065094823167653, -0.03349282296650713, -0.03493613824192343, -0.0303867403314918, -0.05271199388846437, -0.03293650793650793, -0.03757440476190477, -0.018786127167630062, -0.043318649045521296, -0.04478193146417442, -0.0262927256792288, -0.03769317753486623, -0.03394568690095845]","[0.922676282051282, 0.9359073359073359, 0.9253322908522283, 0.9077603812117087, 0.9169795577805591, 0.9287564766839378, 0.9247937894226104, 0.9215786776012301, 0.911825017088175, 0.9301277235161532, 0.9318600368324125, 0.9140565317035906, 0.9182539682539682, 0.9237351190476191, 0.9301541425818882, 0.9085903083700441, 0.9147196261682243, 0.932077125328659, 0.9106671692423671, 0.9089456869009584]","[0.9551282051282052, 0.9637065637065637, 0.9609069585613761, 0.9513274336283186, 0.9582811848143513, 0.946027633851468, 0.9539058709364386, 0.9446437724243978, 0.9453178400546821, 0.9650638617580767, 0.9622467771639043, 0.966768525592055, 0.9511904761904761, 0.9613095238095238, 0.9489402697495183, 0.9519089574155654, 0.9595015576323987, 0.9583698510078879, 0.9483603467772334, 0.9428913738019169]",0.8687395833333333,16,"[0.806, 0.845, 0.9, 0.92, 0.8975, null, null, 0.878, 0.8266666666666667, 0.82, 0.7933333333333333, 0.92, 0.93, 0.93, 0.87, 0.82, 0.88, 0.8633333333333333, null, null]",5.474020957946777,2.310553550720215,0.9477810859680176,1.9136614799499512,0.0007064342498779297,0.13962292671203613,1115755,ai08,success,
vit_b32_cifar100,CIFAR100,20,1.0,42,100,1.0,warmup_only_labelled,warmup_only,300,0.0,0.3924,0.6263949999999999,0.6728,0.8692,0.3924,-0.557357725932041,0,20,"[-0.5463076295389637, -0.6126789366053169, -0.5763201320132012, -0.5308117297067574, -0.5747479175800088, -0.576391982182628, -0.5057915057915057, -0.5743944636678201, -0.5952299829642249, -0.6507778881165177, -0.5226000860955662, -0.5541608554160855, -0.4659793814432989, -0.5616274431591544, -0.5660377358490565, -0.5544021530180699, -0.5089326614750344, -0.4801959983666803, -0.6224013576580398, -0.5673646779928883]","[0.4079967360261118, 0.3439672801635992, 0.36674917491749176, 0.4283892902677433, 0.39017974572555897, 0.38930957683741646, 0.45384345384345387, 0.3847750865051903, 0.3645655877342419, 0.3141343925852367, 0.4360740421868274, 0.397954439795444, 0.49567010309278353, 0.3849222177901875, 0.39271610355419045, 0.4033064206074587, 0.42968392120934495, 0.46876276031033076, 0.3322019516334323, 0.378111418411695]","[0.9543043655650755, 0.9566462167689161, 0.943069306930693, 0.9592010199745007, 0.9649276633055678, 0.9657015590200445, 0.9596349596349596, 0.9591695501730104, 0.9597955706984668, 0.9649122807017544, 0.9586741282823935, 0.9521152952115295, 0.9616494845360825, 0.9465496609493419, 0.958753839403247, 0.9577085736255286, 0.9386165826843793, 0.9489587586770111, 0.9546033092914722, 0.9454760964045832]",0.4355092592592593,18,"[0.6433333333333333, 0.25333333333333335, 0.46, 0.325, 0.4825, 0.495, 0.15, 0.5, 0.865, 0.23, 0.505, 0.44, 0.39666666666666667, 0.44, 0.3333333333333333, 0.88, 0.0, 0.44, null, null]",2.6316707134246826,2.3126180171966553,0.017423152923583984,0.0,0.0,0.1389319896697998,1115755,ai08,success,
vit_b32_cifar100,CIFAR100,20,1.0,43,100,1.0,warmup_only_labelled,warmup_only,300,0.0,0.4211,0.6285700000000001,0.6616,0.8683,0.4211,-0.5318090000688935,0,20,"[-0.5036437246963563, -0.5580929487179488, -0.5144602851323828, -0.5645682001614205, -0.5661140315406389, -0.5099920063948842, -0.5729895104895104, -0.5226608187134503, -0.5197926484448634, -0.4697327044025157, -0.5202340321794248, -0.5708245243128964, -0.5075757575757576, -0.5159235668789809, -0.5193855157278713, -0.5147804054054055, -0.5554652580251931, -0.5932688865019693, -0.49657534246575347, -0.5400998336106488]","[0.45668016194331984, 0.3954326923076923, 0.42729124236252547, 0.3987086359967716, 0.3873837444399515, 0.4404476418864908, 0.3833041958041958, 0.43969298245614036, 0.4227144203581527, 0.49410377358490565, 0.4129692832764505, 0.38477801268498946, 0.4393939393939394, 0.43524416135881105, 0.43964886613021215, 0.42947635135135137, 0.4063388866314506, 0.3533834586466165, 0.4611872146118721, 0.4276206322795341]","[0.9603238866396762, 0.9535256410256411, 0.9417515274949083, 0.963276836158192, 0.9534977759805904, 0.950439648281375, 0.9562937062937062, 0.9623538011695907, 0.942507068803016, 0.9638364779874213, 0.9332033154558752, 0.9556025369978859, 0.946969696969697, 0.9511677282377919, 0.9590343818580834, 0.9442567567567568, 0.9618041446566437, 0.9466523451485858, 0.9577625570776256, 0.967720465890183]",0.37793518518518515,18,"[0.4683333333333333, 0.44, 0.28, 0.32, 0.71, 0.5133333333333333, 0.05, 0.52, 0.5233333333333333, 0.06333333333333334, 0.715, 0.53, 0.31, 0.0, 0.292, 0.405, 0.255, 0.4075, null, null]",2.6325948238372803,2.3139028549194336,0.01693248748779297,0.0,0.0,0.13881325721740723,1115755,ai08,success,
vit_b32_cifar100,CIFAR100,20,1.0,44,100,1.0,warmup_only_labelled,warmup_only,300,0.0,0.4062,0.63097,0.6876,0.8673,0.4062,-0.5473932696348089,0,20,"[-0.5192307692307693, -0.5517374517374518, -0.5301016419077405, -0.5394826412525529, -0.5657071339173968, -0.5531088082901554, -0.5254730713245997, -0.5330599692465403, -0.5700615174299384, -0.5619834710743803, -0.5520257826887662, -0.5710466004583651, -0.5384920634920635, -0.5877976190476191, -0.5857418111753372, -0.5422173274596183, -0.558411214953271, -0.48510078878177043, -0.5032039200904637, -0.5738817891373802]","[0.4358974358974359, 0.41196911196911196, 0.43080531665363564, 0.4118447923757658, 0.3925740508969545, 0.39291882556131263, 0.4284327996118389, 0.41158380317785753, 0.3752563226247437, 0.40308039068369644, 0.4102209944751381, 0.39572192513368987, 0.4126984126984127, 0.37351190476190477, 0.3631984585741811, 0.40969162995594716, 0.40109034267912774, 0.4732690622261174, 0.4451564266867697, 0.36900958466453676]","[0.9551282051282052, 0.9637065637065637, 0.9609069585613761, 0.9513274336283186, 0.9582811848143513, 0.946027633851468, 0.9539058709364386, 0.9446437724243978, 0.9453178400546821, 0.9650638617580767, 0.9622467771639043, 0.966768525592055, 0.9511904761904761, 0.9613095238095238, 0.9489402697495183, 0.9519089574155654, 0.9595015576323987, 0.9583698510078879, 0.9483603467772334, 0.9428913738019169]",0.3879791666666667,16,"[0.242, 0.485, 0.59, 0.53, 0.5, null, null, 0.424, 0.43666666666666665, 0.34, 0.28, 0.87, 0.045, 0.12, 0.025, 0.52, 0.33, 0.47, null, null]",2.6378731727600098,2.319504499435425,0.017713069915771484,0.0,0.0,0.1386551856994629,1115755,ai08,success,
vit_b32_cifar100,CIFAR100,50,0.01,42,100,1.0,dp_avg_eps2_K20,dp_avg,100,6.449903898212313,0.0668,0.04848399999999999,0.1127,0.8692,0.046,-0.9022347731177557,0,50,"[-0.8849206349206349, -0.9274896741624599, -0.905, -0.8504347826086956, -0.9508816120906801, -0.8469991546914624, -0.9050279329608939, -0.8653733098177543, -0.94185303514377, -0.9694811800610377, -0.8997772828507795, -0.9362186788154898, -0.9025229357798165, -0.9068825910931173, -0.8907563025210083, -0.8426435877261998, -0.942080378250591, -0.8808373590982287, -0.949438202247191, -0.8711453744493391, -0.9354413702239789, -0.9219219219219219, -0.916030534351145, -0.9798149705634988, -0.9649122807017544, -0.8601694915254238, -0.9879194630872483, -0.6615384615384616, -0.9556451612903226, -0.9432314410480349, -0.8756855575868373, -0.9521392313270486, -0.9149999999999999, -0.9700598802395209, -0.9711055276381909, -0.9565537555228276, -0.9431578947368421, -0.88422247446084, -0.8798185941043084, -0.8063958513396716, -0.7964721845318861, -0.9069444444444444, -0.9365671641791045, -0.9798301486199575, -0.7777777777777778, -0.9142538975501113, -0.9376278118609407, -0.8257456828885401, -0.8651982378854626, -0.8207934336525308]","[0.06613756613756613, 0.06287287746672786, 0.085, 0.12347826086956522, 0.031486146095717885, 0.147083685545224, 0.061452513966480445, 0.12463256907701352, 0.0536741214057508, 0.023397761953204477, 0.09755011135857461, 0.05011389521640091, 0.08027522935779817, 0.0708502024291498, 0.08590102707749767, 0.13296616837136113, 0.04373522458628842, 0.10466988727858294, 0.018726591760299626, 0.09801762114537445, 0.03820816864295125, 0.06156156156156156, 0.07463952502120441, 0.01345668629100084, 0.019005847953216373, 0.08898305084745763, 0.008053691275167786, 0.26153846153846155, 0.01478494623655914, 0.033478893740902474, 0.09872029250457039, 0.030456852791878174, 0.025, 0.011976047904191617, 0.016959798994974875, 0.020618556701030927, 0.017894736842105262, 0.09761634506242906, 0.10034013605442177, 0.18668971477960242, 0.17503392130257803, 0.05277777777777778, 0.046019900497512436, 0.010615711252653927, 0.030303030303030304, 0.0757238307349666, 0.05214723926380368, 0.061224489795918366, 0.11101321585903083, 0.10533515731874145]","[0.951058201058201, 0.9903625516291877, 0.99, 0.9739130434782609, 0.982367758186398, 0.9940828402366864, 0.9664804469273743, 0.9900058788947678, 0.9955271565495207, 0.9928789420142421, 0.9973273942093541, 0.9863325740318907, 0.9827981651376146, 0.9777327935222672, 0.976657329598506, 0.975609756097561, 0.9858156028368794, 0.9855072463768116, 0.9681647940074907, 0.9691629955947136, 0.9736495388669302, 0.9834834834834835, 0.9906700593723494, 0.9932716568544996, 0.9839181286549707, 0.9491525423728814, 0.9959731543624161, 0.9230769230769231, 0.9704301075268817, 0.9767103347889374, 0.9744058500914077, 0.9825960841189267, 0.94, 0.9820359281437125, 0.9880653266331658, 0.9771723122238586, 0.9610526315789474, 0.981838819523269, 0.9801587301587301, 0.993085566119274, 0.9715061058344641, 0.9597222222222223, 0.9825870646766169, 0.9904458598726115, 0.8080808080808081, 0.9899777282850779, 0.9897750511247444, 0.8869701726844584, 0.9762114537444934, 0.9261285909712722]",0.06571471713639489,50,"[0.06494623655913978, 0.0644186046511628, 0.06408602150537634, 0.06297872340425532, 0.07, 0.06410526315789473, 0.06827956989247312, 0.057362637362637366, 0.06319148936170213, 0.0678125, 0.06054945054945055, 0.06630434782608696, 0.06802197802197803, 0.06795698924731183, 0.06516483516483516, 0.06151162790697674, 0.06373626373626373, 0.06458333333333334, 0.07191011235955057, 0.06534090909090909, 0.07077777777777777, 0.06714285714285714, 0.06633333333333333, 0.06723404255319149, 0.06776595744680851, 0.06712765957446809, 0.064375, 0.06357894736842105, 0.0635483870967742, 0.06865168539325843, 0.0641304347826087, 0.06755813953488372, 0.06872340425531914, 0.06923913043478261, 0.06752808988764045, 0.06782608695652174, 0.07068181818181818, 0.0648421052631579, 0.06413793103448276, 0.05460674157303371, 0.06387096774193549, 0.07032608695652173, 0.06011111111111111, 0.06505263157894736, 0.06913978494623656, 0.06382978723404255, 0.06820224719101124, 0.06592105263157895, 0.06941176470588235, 0.0618]",7.915985345840454,2.4981491565704346,0.1514298915863037,4.736127614974976,0.001651763916015625,0.3555786609649658,1115755,ai08,success,
vit_b32_cifar100,CIFAR100,50,0.01,43,100,1.0,dp_avg_eps2_K20,dp_avg,100,6.442680879502149,0.0555,0.046891999999999996,0.1023,0.8683,0.0369,-0.9182545039553766,0,50,"[-0.9614373356704644, -0.8518518518518519, -0.9493487698986975, -0.7267441860465116, -0.9509316770186336, -0.9430962343096235, -0.9715165511932256, -0.9587000677048071, -0.9684343434343435, -0.8793402777777778, -0.9441201000834029, -0.787878787878788, -0.9339449541284404, -0.9325931800158604, -0.9469026548672566, -0.9612403100775193, -0.9078549848942599, -0.903125, -0.9643564356435643, -0.9552549427679501, -0.9406844106463879, -0.7897160399079048, -0.9349206349206349, -0.8875283446712018, -0.9482758620689655, -0.9533468559837729, -0.9268436578171091, -0.9413265306122448, -0.907514450867052, -0.9388888888888889, -0.9616901408450704, -0.9299123904881101, -0.9168900804289544, -0.9538690476190476, -0.9461805555555555, -0.9628942486085342, -0.9144079885877319, -0.9183505154639175, -0.7668097281831188, -0.975, -0.9761904761904763, -0.7774158523344191, -0.9372900335946249, -0.9074333800841515, -0.948559670781893, -0.9615384615384616, -0.8975644699140402, -0.9099590723055935, -0.9203747072599532, -0.8626760563380282]","[0.03067484662576687, 0.09027777777777778, 0.029667149059334298, 0.18604651162790697, 0.0391304347826087, 0.052719665271966525, 0.007698229407236336, 0.02234258632362898, 0.017676767676767676, 0.11024305555555555, 0.030025020850708923, 0.030303030303030304, 0.0, 0.04440919904837431, 0.022123893805309734, 0.031007751937984496, 0.07401812688821752, 0.081875, 0.01782178217821782, 0.01768990634755463, 0.053231939163498096, 0.1918649270913277, 0.05555555555555555, 0.10929705215419501, 0.03605015673981191, 0.034482758620689655, 0.05191740412979351, 0.04081632653061224, 0.05202312138728324, 0.003703703703703704, 0.028169014084507043, 0.0425531914893617, 0.05227882037533512, 0.02976190476190476, 0.017361111111111112, 0.00927643784786642, 0.052781740370898715, 0.07051546391752578, 0.1759656652360515, 0.007894736842105263, 0.012531328320802004, 0.16395222584147665, 0.032474804031354984, 0.07784011220196353, 0.03189300411522634, 0.009615384615384616, 0.08810888252148998, 0.06002728512960437, 0.02576112412177986, 0.035211267605633804]","[0.9921121822962313, 0.9421296296296297, 0.9790159189580319, 0.9127906976744186, 0.9900621118012423, 0.99581589958159, 0.9792147806004619, 0.981042654028436, 0.9861111111111112, 0.9895833333333334, 0.9741451209341118, 0.8181818181818182, 0.9339449541284404, 0.9770023790642347, 0.9690265486725663, 0.9922480620155039, 0.9818731117824774, 0.985, 0.9821782178217822, 0.9729448491155047, 0.993916349809886, 0.9815809669992326, 0.9904761904761905, 0.9968253968253968, 0.9843260188087775, 0.9878296146044625, 0.9787610619469026, 0.9821428571428571, 0.9595375722543352, 0.9425925925925925, 0.9898591549295774, 0.9724655819774718, 0.9691689008042895, 0.9836309523809523, 0.9635416666666666, 0.9721706864564007, 0.9671897289586305, 0.9888659793814433, 0.9427753934191703, 0.9828947368421053, 0.9887218045112782, 0.9413680781758957, 0.9697648376259799, 0.985273492286115, 0.9804526748971193, 0.9711538461538461, 0.9856733524355301, 0.9699863574351978, 0.9461358313817331, 0.897887323943662]",0.055186425951340386,50,"[0.054838709677419356, 0.052127659574468084, 0.056818181818181816, 0.05064516129032258, 0.058555555555555555, 0.0556989247311828, 0.05473118279569893, 0.056, 0.056736842105263155, 0.051182795698924734, 0.05613636363636364, 0.059021739130434785, 0.057717391304347825, 0.057, 0.05450549450549451, 0.0575531914893617, 0.050795454545454546, 0.05287234042553191, 0.057578947368421056, 0.058695652173913045, 0.05849462365591398, 0.04817204301075269, 0.057045454545454545, 0.0483695652173913, 0.056, 0.056, 0.055053763440860215, 0.056082474226804124, 0.05574468085106383, 0.05361702127659575, 0.05731182795698925, 0.05413793103448276, 0.05662921348314607, 0.052526315789473685, 0.05483516483516483, 0.05627659574468085, 0.05577777777777778, 0.052873563218390804, 0.051279069767441864, 0.05677083333333333, 0.05382978723404255, 0.053085106382978725, 0.057526881720430106, 0.05559139784946236, 0.057045454545454545, 0.060337078651685395, 0.0530952380952381, 0.053953488372093024, 0.0524390243902439, 0.060208333333333336]",7.945345401763916,2.5144946575164795,0.14945316314697266,4.742980718612671,0.0016372203826904297,0.36271119117736816,1115755,ai08,success,
vit_b32_cifar100,CIFAR100,50,0.01,44,100,1.0,dp_avg_eps2_K20,dp_avg,100,6.44558801400764,0.0705,0.049756,0.1107,0.8673,0.0501,-0.8948969374393013,0,50,"[-0.9595902105862265, -0.7865853658536586, -0.8821767348976535, -0.9221685453569511, -0.8734096692111959, -0.9828767123287672, -0.7786116322701688, -0.941972920696325, -0.9427558257345492, -0.8802612481857766, -0.8356940509915014, -0.8863636363636364, -0.8099489795918368, -0.8356039963669392, -0.9228915662650602, -0.9541284403669725, -0.8918083462132922, -0.96160409556314, -0.9090909090909091, -0.9667916443492234, -0.8679479231246126, -0.9686746987951808, -0.9416666666666668, -0.9075630252100841, -0.9404761904761905, -0.8290451686678102, -0.9124087591240876, -0.9404686510449652, -0.9326923076923077, -0.8152424942263279, -0.8785656071719641, -0.9086651053864168, -0.9176114890400605, -0.8900862068965518, -0.9576612903225806, -0.7262658227848101, -0.9732858414959928, -0.9068627450980392, -0.7030303030303031, -0.8803088803088803, -0.9520697167755992, -0.8860759493670886, -0.956997084548105, -0.7612903225806451, -0.944359756097561, -0.9189189189189189, -0.8559919436052367, -0.8764805414551607, -0.9263698630136986, -0.9434290687554395]","[0.03471826977803073, 0.12804878048780488, 0.10833749375936096, 0.06977992485238863, 0.11704834605597965, 0.008561643835616438, 0.1726078799249531, 0.039651837524177946, 0.04964539007092199, 0.09506531204644413, 0.10198300283286119, 0.09090909090909091, 0.17729591836734693, 0.1539509536784741, 0.007228915662650603, 0.015012510425354461, 0.09119010819165378, 0.02303754266211604, 0.05422647527910686, 0.02785216925549009, 0.11469311841289523, 0.007228915662650603, 0.014583333333333334, 0.07983193277310924, 0.031746031746031744, 0.16638078902229847, 0.06569343065693431, 0.04053198226725776, 0.023076923076923078, 0.12933025404157045, 0.11165444172779136, 0.04137392661982826, 0.05744520030234316, 0.07543103448275862, 0.016129032258064516, 0.25, 0.01157613535173642, 0.04411764705882353, 0.21818181818181817, 0.10038610038610038, 0.015250544662309368, 0.06329113924050633, 0.027696793002915453, 0.20967741935483872, 0.04725609756097561, 0.049786628733997154, 0.09063444108761329, 0.08798646362098139, 0.025684931506849314, 0.026544821583986074]","[0.9943084803642572, 0.9146341463414634, 0.9905142286570144, 0.9919484702093397, 0.9904580152671756, 0.9914383561643836, 0.9512195121951219, 0.9816247582205029, 0.9924012158054711, 0.9753265602322206, 0.9376770538243626, 0.9772727272727273, 0.9872448979591837, 0.9895549500454133, 0.9301204819277108, 0.969140950792327, 0.9829984544049459, 0.984641638225256, 0.9633173843700159, 0.9946438136047134, 0.9826410415375078, 0.9759036144578314, 0.95625, 0.9873949579831933, 0.9722222222222222, 0.9954259576901087, 0.9781021897810219, 0.981000633312223, 0.9557692307692308, 0.9445727482678984, 0.9902200488997555, 0.9500390320062451, 0.9750566893424036, 0.9655172413793104, 0.9737903225806451, 0.9762658227848101, 0.9848619768477292, 0.9509803921568627, 0.9212121212121213, 0.9806949806949807, 0.9673202614379085, 0.9493670886075949, 0.9846938775510204, 0.9709677419354839, 0.9916158536585366, 0.968705547652916, 0.94662638469285, 0.9644670050761421, 0.952054794520548, 0.9699738903394256]",0.0698588122040997,50,"[0.07263736263736263, 0.0678021978021978, 0.06582417582417582, 0.07406593406593406, 0.06966666666666667, 0.07216494845360824, 0.06863636363636363, 0.06936170212765957, 0.06912087912087912, 0.0651685393258427, 0.07141304347826087, 0.06755555555555555, 0.06875, 0.06802325581395349, 0.07182795698924731, 0.07550561797752808, 0.07222222222222222, 0.07234042553191489, 0.06788888888888889, 0.07239130434782609, 0.06621951219512195, 0.07114583333333334, 0.06866666666666667, 0.06863157894736842, 0.07033333333333333, 0.06766666666666667, 0.07021739130434783, 0.07055555555555555, 0.07054347826086957, 0.06597826086956522, 0.06903225806451613, 0.06989583333333334, 0.06903225806451613, 0.06956989247311827, 0.07206521739130435, 0.06913043478260869, 0.07408602150537634, 0.06936170212765957, 0.06641304347826087, 0.06904255319148936, 0.07423913043478261, 0.06543478260869565, 0.06764044943820224, 0.0675531914893617, 0.074, 0.07625, 0.07164835164835165, 0.07069767441860465, 0.06674698795180722, 0.06877551020408164]",7.900329351425171,2.503547430038452,0.15266084671020508,4.713946342468262,0.0016584396362304688,0.35485172271728516,1115755,ai08,success,
vit_b32_cifar100,CIFAR100,50,0.01,42,100,1.0,dp_avg_eps8_K20,dp_avg,100,1.6124759745530783,0.0783,0.04848399999999999,0.1127,0.8692,0.0569,-0.8853223851702658,0,50,"[-0.8783068783068783, -0.9325378614043139, -0.845, -0.8121739130434783, -0.9345088161209067, -0.8520710059171597, -0.8854748603351956, -0.8612580834803056, -0.94185303514377, -0.9684638860630722, -0.8592427616926503, -0.9202733485193622, -0.875, -0.9129554655870444, -0.8711484593837535, -0.8835562549173879, -0.933806146572104, -0.8615136876006442, -0.8913857677902622, -0.8403083700440528, -0.9150197628458498, -0.9181681681681682, -0.912637828668363, -0.9806560134566863, -0.9517543859649122, -0.8347457627118644, -0.9825503355704698, -0.5692307692307692, -0.9287634408602151, -0.9410480349344978, -0.8464351005484461, -0.8970268310369833, -0.815, -0.968063872255489, -0.9510050251256281, -0.946980854197349, -0.9210526315789473, -0.9001135073779796, -0.8894557823129251, -0.8098530682800346, -0.8005427408412483, -0.9361111111111111, -0.9303482587064676, -0.9777070063694268, -0.7474747474747474, -0.9198218262806236, -0.8220858895705522, -0.8273155416012559, -0.8722466960352423, -0.7920656634746922]","[0.07275132275132275, 0.0578246902248738, 0.145, 0.1617391304347826, 0.04785894206549118, 0.14201183431952663, 0.08100558659217877, 0.12874779541446207, 0.0536741214057508, 0.024415055951169887, 0.13808463251670378, 0.06605922551252848, 0.10779816513761468, 0.06477732793522267, 0.10550887021475257, 0.0920535011801731, 0.05200945626477541, 0.12399355877616747, 0.07677902621722846, 0.1288546255506608, 0.05862977602108037, 0.06531531531531531, 0.07803223070398643, 0.012615643397813289, 0.03216374269005848, 0.11440677966101695, 0.013422818791946308, 0.35384615384615387, 0.041666666666666664, 0.03566229985443959, 0.12797074954296161, 0.08556925308194344, 0.125, 0.013972055888223553, 0.03706030150753769, 0.030191458026509573, 0.04, 0.08172531214528944, 0.09070294784580499, 0.18323249783923942, 0.17096336499321574, 0.02361111111111111, 0.05223880597014925, 0.012738853503184714, 0.06060606060606061, 0.07015590200445435, 0.16768916155419222, 0.059654631083202514, 0.10396475770925111, 0.13406292749658003]","[0.951058201058201, 0.9903625516291877, 0.99, 0.9739130434782609, 0.982367758186398, 0.9940828402366864, 0.9664804469273743, 0.9900058788947678, 0.9955271565495207, 0.9928789420142421, 0.9973273942093541, 0.9863325740318907, 0.9827981651376146, 0.9777327935222672, 0.976657329598506, 0.975609756097561, 0.9858156028368794, 0.9855072463768116, 0.9681647940074907, 0.9691629955947136, 0.9736495388669302, 0.9834834834834835, 0.9906700593723494, 0.9932716568544996, 0.9839181286549707, 0.9491525423728814, 0.9959731543624161, 0.9230769230769231, 0.9704301075268817, 0.9767103347889374, 0.9744058500914077, 0.9825960841189267, 0.94, 0.9820359281437125, 0.9880653266331658, 0.9771723122238586, 0.9610526315789474, 0.981838819523269, 0.9801587301587301, 0.993085566119274, 0.9715061058344641, 0.9597222222222223, 0.9825870646766169, 0.9904458598726115, 0.8080808080808081, 0.9899777282850779, 0.9897750511247444, 0.8869701726844584, 0.9762114537444934, 0.9261285909712722]",0.07750343268168233,50,"[0.07838709677419355, 0.07697674418604651, 0.07376344086021505, 0.0726595744680851, 0.08228260869565217, 0.07694736842105263, 0.07795698924731183, 0.07043956043956044, 0.07414893617021276, 0.07864583333333333, 0.0701098901098901, 0.07793478260869566, 0.079010989010989, 0.08043010752688172, 0.07736263736263736, 0.07674418604651163, 0.07703296703296704, 0.0753125, 0.08157303370786517, 0.07625, 0.084, 0.07923076923076923, 0.07777777777777778, 0.07851063829787235, 0.07787234042553191, 0.0775531914893617, 0.07739583333333333, 0.07547368421052632, 0.07817204301075269, 0.08191011235955056, 0.07597826086956522, 0.07837209302325582, 0.0797872340425532, 0.08108695652173913, 0.07910112359550561, 0.08, 0.08181818181818182, 0.07757894736842105, 0.07735632183908046, 0.06449438202247192, 0.07397849462365591, 0.08369565217391305, 0.074, 0.07621052631578948, 0.08021505376344086, 0.07702127659574468, 0.07696629213483146, 0.08131578947368422, 0.08152941176470588, 0.0728]",7.92542028427124,2.499312400817871,0.15031933784484863,4.731791257858276,0.0016489028930664062,0.3688619136810303,1115755,ai08,success,
vit_b32_cifar100,CIFAR100,50,0.01,43,100,1.0,dp_avg_eps8_K20,dp_avg,100,1.6106702198755372,0.0633,0.046891999999999996,0.1023,0.8683,0.0445,-0.9078618238103886,0,50,"[-0.9588080631025416, -0.8310185185185186, -0.9464544138929089, -0.7093023255813953, -0.9354037267080746, -0.9422594142259415, -0.9638183217859891, -0.953960731211916, -0.9482323232323233, -0.8880208333333334, -0.9349457881567973, -0.787878787878788, -0.9321100917431193, -0.9540047581284694, -0.943952802359882, -0.962532299741602, -0.9070996978851964, -0.884375, -0.9485148514851485, -0.9573361082206036, -0.9277566539923955, -0.7735993860322333, -0.8682539682539683, -0.8276643990929705, -0.9373040752351097, -0.9371196754563895, -0.9008849557522123, -0.9081632653061225, -0.8901734104046243, -0.9333333333333332, -0.9256338028169013, -0.9267834793491865, -0.9316353887399463, -0.9494047619047619, -0.9409722222222222, -0.9536178107606679, -0.905848787446505, -0.9265979381443299, -0.7446351931330473, -0.9723684210526315, -0.9699248120300752, -0.7991313789359391, -0.9328107502799552, -0.8863955119214587, -0.9403292181069959, -0.9455128205128205, -0.8717765042979944, -0.9058663028649385, -0.9156908665105387, -0.8538732394366197]","[0.033304119193689745, 0.1111111111111111, 0.03256150506512301, 0.20348837209302326, 0.0546583850931677, 0.05355648535564853, 0.015396458814472672, 0.027081922816519974, 0.03787878787878788, 0.1015625, 0.03919933277731443, 0.030303030303030304, 0.001834862385321101, 0.022997620935765267, 0.025073746312684365, 0.029715762273901807, 0.07477341389728097, 0.100625, 0.033663366336633666, 0.015608740894901144, 0.0661596958174905, 0.20798158096699923, 0.12222222222222222, 0.1691609977324263, 0.047021943573667714, 0.05070993914807302, 0.07787610619469026, 0.07397959183673469, 0.06936416184971098, 0.009259259259259259, 0.06422535211267606, 0.045682102628285357, 0.03753351206434316, 0.03422619047619048, 0.022569444444444444, 0.01855287569573284, 0.06134094151212553, 0.0622680412371134, 0.19814020028612303, 0.010526315789473684, 0.018796992481203006, 0.14223669923995658, 0.036954087346024636, 0.09887798036465638, 0.040123456790123455, 0.02564102564102564, 0.11389684813753581, 0.06412005457025921, 0.03044496487119438, 0.04401408450704225]","[0.9921121822962313, 0.9421296296296297, 0.9790159189580319, 0.9127906976744186, 0.9900621118012423, 0.99581589958159, 0.9792147806004619, 0.981042654028436, 0.9861111111111112, 0.9895833333333334, 0.9741451209341118, 0.8181818181818182, 0.9339449541284404, 0.9770023790642347, 0.9690265486725663, 0.9922480620155039, 0.9818731117824774, 0.985, 0.9821782178217822, 0.9729448491155047, 0.993916349809886, 0.9815809669992326, 0.9904761904761905, 0.9968253968253968, 0.9843260188087775, 0.9878296146044625, 0.9787610619469026, 0.9821428571428571, 0.9595375722543352, 0.9425925925925925, 0.9898591549295774, 0.9724655819774718, 0.9691689008042895, 0.9836309523809523, 0.9635416666666666, 0.9721706864564007, 0.9671897289586305, 0.9888659793814433, 0.9427753934191703, 0.9828947368421053, 0.9887218045112782, 0.9413680781758957, 0.9697648376259799, 0.985273492286115, 0.9804526748971193, 0.9711538461538461, 0.9856733524355301, 0.9699863574351978, 0.9461358313817331, 0.897887323943662]",0.06317404840970114,50,"[0.06268817204301075, 0.059574468085106386, 0.06613636363636363, 0.05956989247311828, 0.06588888888888889, 0.06451612903225806, 0.06225806451612903, 0.06422222222222222, 0.06463157894736841, 0.06043010752688172, 0.065, 0.0667391304347826, 0.06597826086956522, 0.06688888888888889, 0.06428571428571428, 0.06553191489361702, 0.06, 0.0601063829787234, 0.06547368421052631, 0.06717391304347826, 0.06655913978494624, 0.05440860215053763, 0.06409090909090909, 0.05402173913043478, 0.06336842105263157, 0.06273684210526316, 0.06247311827956989, 0.06391752577319587, 0.06351063829787235, 0.06202127659574468, 0.06462365591397849, 0.06229885057471264, 0.06550561797752809, 0.06094736842105263, 0.0632967032967033, 0.06287234042553191, 0.06344444444444444, 0.06206896551724138, 0.059534883720930236, 0.06479166666666666, 0.06138297872340426, 0.06180851063829787, 0.06376344086021506, 0.06365591397849463, 0.06568181818181819, 0.06662921348314607, 0.06, 0.062209302325581396, 0.060609756097560974, 0.069375]",7.960252046585083,2.500159978866577,0.14914894104003906,4.769813776016235,0.0016231536865234375,0.365647554397583,1115755,ai08,success,
vit_b32_cifar100,CIFAR100,50,0.01,44,100,1.0,dp_avg_eps8_K20,dp_avg,100,1.61139700350191,0.0845,0.049756,0.1107,0.8673,0.0613,-0.8825069518092115,0,50,"[-0.9521912350597609, -0.6951219512195123, -0.8851722416375436, -0.9076757917337627, -0.8721374045801527, -0.976027397260274, -0.8292682926829268, -0.9400386847195358, -0.9133738601823709, -0.8730043541364296, -0.8158640226628895, -0.9, -0.7091836734693877, -0.7783832879200727, -0.9156626506024096, -0.9374478732276897, -0.8547140649149922, -0.9590443686006825, -0.9250398724082934, -0.9196572040707016, -0.8443893366398016, -0.9590361445783133, -0.9354166666666667, -0.8879551820728292, -0.9373015873015873, -0.8141795311606632, -0.8925964546402503, -0.9189360354654845, -0.9153846153846155, -0.8545034642032332, -0.8533007334963325, -0.9141295862607337, -0.909297052154195, -0.8771551724137931, -0.9536290322580645, -0.8354430379746836, -0.93766696349065, -0.9019607843137254, -0.7272727272727273, -0.8494208494208495, -0.8976034858387799, -0.8417721518987341, -0.9446064139941691, -0.7548387096774194, -0.9580792682926829, -0.89900426742532, -0.851963746223565, -0.8798646362098139, -0.9075342465753425, -0.9120974760661444]","[0.0421172453044963, 0.21951219512195122, 0.1053419870194708, 0.08427267847557703, 0.1183206106870229, 0.015410958904109588, 0.12195121951219512, 0.041586073500967116, 0.0790273556231003, 0.102322206095791, 0.12181303116147309, 0.07727272727272727, 0.2780612244897959, 0.2111716621253406, 0.014457831325301205, 0.0316930775646372, 0.12828438948995363, 0.025597269624573378, 0.03827751196172249, 0.07498660953401179, 0.13825170489770613, 0.016867469879518072, 0.020833333333333332, 0.09943977591036414, 0.03492063492063492, 0.1812464265294454, 0.08550573514077164, 0.06206459784673844, 0.04038461538461539, 0.09006928406466513, 0.13691931540342298, 0.03590944574551132, 0.06575963718820861, 0.08836206896551724, 0.020161290322580645, 0.14082278481012658, 0.04719501335707925, 0.049019607843137254, 0.19393939393939394, 0.13127413127413126, 0.06971677559912855, 0.10759493670886076, 0.04008746355685131, 0.2161290322580645, 0.03353658536585366, 0.06970128022759602, 0.094662638469285, 0.08460236886632826, 0.04452054794520548, 0.057876414273281114]","[0.9943084803642572, 0.9146341463414634, 0.9905142286570144, 0.9919484702093397, 0.9904580152671756, 0.9914383561643836, 0.9512195121951219, 0.9816247582205029, 0.9924012158054711, 0.9753265602322206, 0.9376770538243626, 0.9772727272727273, 0.9872448979591837, 0.9895549500454133, 0.9301204819277108, 0.969140950792327, 0.9829984544049459, 0.984641638225256, 0.9633173843700159, 0.9946438136047134, 0.9826410415375078, 0.9759036144578314, 0.95625, 0.9873949579831933, 0.9722222222222222, 0.9954259576901087, 0.9781021897810219, 0.981000633312223, 0.9557692307692308, 0.9445727482678984, 0.9902200488997555, 0.9500390320062451, 0.9750566893424036, 0.9655172413793104, 0.9737903225806451, 0.9762658227848101, 0.9848619768477292, 0.9509803921568627, 0.9212121212121213, 0.9806949806949807, 0.9673202614379085, 0.9493670886075949, 0.9846938775510204, 0.9709677419354839, 0.9916158536585366, 0.968705547652916, 0.94662638469285, 0.9644670050761421, 0.952054794520548, 0.9699738903394256]",0.08420810640836585,50,"[0.08681318681318681, 0.08098901098901098, 0.08043956043956044, 0.08923076923076922, 0.08622222222222223, 0.08505154639175258, 0.08636363636363636, 0.08436170212765957, 0.08175824175824176, 0.08089887640449438, 0.08652173913043479, 0.08222222222222222, 0.08104166666666666, 0.08116279069767442, 0.08688172043010753, 0.08786516853932584, 0.08611111111111111, 0.08638297872340425, 0.08355555555555555, 0.0825, 0.07719512195121951, 0.08458333333333333, 0.08055555555555556, 0.08157894736842106, 0.086, 0.08233333333333333, 0.08130434782608696, 0.08511111111111111, 0.08576086956521739, 0.08141304347826087, 0.08376344086021506, 0.08479166666666667, 0.08419354838709678, 0.0846236559139785, 0.08586956521739131, 0.08695652173913043, 0.08827956989247311, 0.085, 0.08423913043478261, 0.08404255319148936, 0.08902173913043478, 0.08206521739130435, 0.08202247191011236, 0.08223404255319149, 0.08622222222222223, 0.08693181818181818, 0.08461538461538462, 0.08465116279069768, 0.08132530120481928, 0.08734693877551021]",7.956686496734619,2.508627414703369,0.15102648735046387,4.7581398487091064,0.0016264915466308594,0.36110472679138184,1115755,ai08,success,
vit_b32_cifar100,CIFAR100,50,0.01,42,100,1.0,labelled_probe_warmup,labelled,300,0.0,0.4077,0.04848399999999999,0.1127,0.8692,0.3924,-0.570211886684245,0,50,"[-0.7380952380952381, -0.4892152363469482, -0.7521428571428571, -0.27826086956521745, -0.8041561712846348, -0.6568047337278107, -0.43854748603351956, -0.33686067019400356, -0.6146964856230032, -0.6785350966429298, -0.35456570155902, -0.3758542141230069, -0.5286697247706422, -0.6477732793522266, -0.519140989729225, -0.5633359559402045, -0.6122931442080378, -0.14492753623188415, -0.8651685393258427, -0.5848017621145374, -0.5559947299077734, -0.8588588588588588, -0.5224766751484309, -0.6005046257359126, -0.6491228070175439, -0.2033898305084746, -0.9785234899328858, -0.8615384615384616, -0.4946236559139785, -0.7430858806404659, -0.9323583180987203, -0.33067440174039153, -0.7899999999999999, -0.217564870259481, -0.4484924623115578, -0.7282768777614138, -0.4273684210526316, -0.8762769580022701, -0.6893424036281179, -0.5496974935177182, -0.4654002713704206, -0.5763888888888888, -0.7935323383084577, -0.5615711252653928, -0.7777777777777778, -0.4732739420935411, -0.17791411042944782, -0.4285714285714286, -0.6308370044052863, -0.1833105335157319]","[0.21296296296296297, 0.5011473152822395, 0.23785714285714285, 0.6956521739130435, 0.17821158690176322, 0.33727810650887574, 0.5279329608938548, 0.6531452087007642, 0.38083067092651757, 0.3143438453713123, 0.6427616926503341, 0.6104783599088838, 0.4541284403669725, 0.3299595141700405, 0.45751633986928103, 0.41227380015735643, 0.3735224586288416, 0.8405797101449275, 0.10299625468164794, 0.3843612334801762, 0.4176548089591568, 0.12462462462462462, 0.4681933842239186, 0.3927670311185871, 0.3347953216374269, 0.7457627118644068, 0.0174496644295302, 0.06153846153846154, 0.47580645161290325, 0.2336244541484716, 0.04204753199268738, 0.6519216823785352, 0.15, 0.7644710578842315, 0.539572864321608, 0.24889543446244478, 0.5336842105263158, 0.10556186152099886, 0.29081632653061223, 0.44338807260155577, 0.5061058344640434, 0.38333333333333336, 0.1890547263681592, 0.4288747346072187, 0.030303030303030304, 0.5167037861915368, 0.8118609406952966, 0.45839874411302983, 0.345374449339207, 0.7428180574555403]","[0.951058201058201, 0.9903625516291877, 0.99, 0.9739130434782609, 0.982367758186398, 0.9940828402366864, 0.9664804469273743, 0.9900058788947678, 0.9955271565495207, 0.9928789420142421, 0.9973273942093541, 0.9863325740318907, 0.9827981651376146, 0.9777327935222672, 0.976657329598506, 0.975609756097561, 0.9858156028368794, 0.9855072463768116, 0.9681647940074907, 0.9691629955947136, 0.9736495388669302, 0.9834834834834835, 0.9906700593723494, 0.9932716568544996, 0.9839181286549707, 0.9491525423728814, 0.9959731543624161, 0.9230769230769231, 0.9704301075268817, 0.9767103347889374, 0.9744058500914077, 0.9825960841189267, 0.94, 0.9820359281437125, 0.9880653266331658, 0.9771723122238586, 0.9610526315789474, 0.981838819523269, 0.9801587301587301, 0.993085566119274, 0.9715061058344641, 0.9597222222222223, 0.9825870646766169, 0.9904458598726115, 0.8080808080808081, 0.9899777282850779, 0.9897750511247444, 0.8869701726844584, 0.9762114537444934, 0.9261285909712722]",0.4068636974682265,50,"[0.408494623655914, 0.3963953488372093, 0.4098924731182796, 0.40085106382978725, 0.4102173913043478, 0.41968421052631577, 0.4052688172043011, 0.3891208791208791, 0.4025531914893617, 0.4071875, 0.3974725274725275, 0.4016304347826087, 0.40087912087912086, 0.40161290322580645, 0.4158241758241758, 0.4029069767441861, 0.3954945054945055, 0.40447916666666667, 0.428314606741573, 0.40875, 0.42433333333333334, 0.4106593406593407, 0.40155555555555555, 0.4073404255319149, 0.40180851063829787, 0.39797872340425533, 0.415625, 0.41610526315789476, 0.4104301075268817, 0.4176404494382022, 0.42467391304347823, 0.4112790697674419, 0.40797872340425534, 0.39652173913043476, 0.39157303370786517, 0.40945652173913044, 0.4125, 0.41642105263157897, 0.42091954022988504, 0.4047191011235955, 0.39881720430107526, 0.38804347826086955, 0.4281111111111111, 0.4010526315789474, 0.3979569892473118, 0.3924468085106383, 0.4061797752808989, 0.4038157894736842, 0.4254117647058824, 0.3948]",7.790214538574219,2.509685516357422,0.02243781089782715,4.720501661300659,0.0016467571258544922,0.36295580863952637,1115755,ai08,success,
vit_b32_cifar100,CIFAR100,50,0.01,43,100,1.0,labelled_probe_warmup,labelled,300,0.0,0.4446,0.046891999999999996,0.1023,0.8683,0.4211,-0.5192222376848832,0,50,"[-0.7432077125328659, -0.35416666666666674, -0.47756874095513746, -0.34883720930232553, -0.2950310559006212, -0.7213389121338913, -0.5211701308698999, -0.7278266756939743, -0.6464646464646465, -0.29600694444444453, -0.6939115929941618, -0.28787878787878796, -0.21467889908256876, -0.7232355273592387, -0.7949852507374631, -0.4095607235142119, -0.5083081570996979, -0.650625, -0.6237623762376238, -0.4568158168574402, -0.6722433460076046, -0.5372217958557176, -0.3373015873015873, -0.3954648526077098, -0.390282131661442, -0.4036511156186613, -0.4761061946902654, -0.8035714285714285, -0.5867052023121386, -0.3481481481481481, -0.548169014084507, -0.8986232790988735, -0.532171581769437, -0.32886904761904756, -0.5659722222222222, -0.5658627087198516, -0.5406562054208274, -0.5496907216494845, -0.6502145922746781, -0.7342105263157894, -0.37468671679197996, -0.4603691639522258, -0.3650615901455767, -0.5392706872370268, -0.29423868312757195, -0.7243589743589743, -0.417621776504298, -0.45020463847203274, -0.7423887587822015, -0.23239436619718312]","[0.24890446976336547, 0.5879629629629629, 0.5014471780028944, 0.563953488372093, 0.6950310559006211, 0.2744769874476987, 0.45804464973056197, 0.25321597833446174, 0.33964646464646464, 0.6935763888888888, 0.28023352793994993, 0.5303030303030303, 0.7192660550458716, 0.253766851704996, 0.17404129793510326, 0.582687338501292, 0.4735649546827795, 0.334375, 0.3584158415841584, 0.5161290322580645, 0.32167300380228137, 0.444359171143515, 0.6531746031746032, 0.601360544217687, 0.5940438871473355, 0.5841784989858012, 0.5026548672566372, 0.17857142857142858, 0.37283236994219654, 0.5944444444444444, 0.4416901408450704, 0.07384230287859825, 0.43699731903485256, 0.6547619047619048, 0.3975694444444444, 0.40630797773654914, 0.42653352353780316, 0.43917525773195876, 0.2925608011444921, 0.24868421052631579, 0.6140350877192983, 0.4809989142236699, 0.6047032474804032, 0.44600280504908835, 0.6862139917695473, 0.2467948717948718, 0.5680515759312321, 0.519781718963165, 0.20374707259953162, 0.6654929577464789]","[0.9921121822962313, 0.9421296296296297, 0.9790159189580319, 0.9127906976744186, 0.9900621118012423, 0.99581589958159, 0.9792147806004619, 0.981042654028436, 0.9861111111111112, 0.9895833333333334, 0.9741451209341118, 0.8181818181818182, 0.9339449541284404, 0.9770023790642347, 0.9690265486725663, 0.9922480620155039, 0.9818731117824774, 0.985, 0.9821782178217822, 0.9729448491155047, 0.993916349809886, 0.9815809669992326, 0.9904761904761905, 0.9968253968253968, 0.9843260188087775, 0.9878296146044625, 0.9787610619469026, 0.9821428571428571, 0.9595375722543352, 0.9425925925925925, 0.9898591549295774, 0.9724655819774718, 0.9691689008042895, 0.9836309523809523, 0.9635416666666666, 0.9721706864564007, 0.9671897289586305, 0.9888659793814433, 0.9427753934191703, 0.9828947368421053, 0.9887218045112782, 0.9413680781758957, 0.9697648376259799, 0.985273492286115, 0.9804526748971193, 0.9711538461538461, 0.9856733524355301, 0.9699863574351978, 0.9461358313817331, 0.897887323943662]",0.4446549412993329,50,"[0.4605376344086021, 0.4379787234042553, 0.4455681818181818, 0.4449462365591398, 0.438, 0.45763440860215054, 0.4464516129032258, 0.4633333333333333, 0.45252631578947367, 0.4410752688172043, 0.45284090909090907, 0.45217391304347826, 0.4434782608695652, 0.4623333333333333, 0.447032967032967, 0.44351063829787235, 0.4476136363636364, 0.44063829787234043, 0.44473684210526315, 0.4359782608695652, 0.443010752688172, 0.44516129032258067, 0.4290909090909091, 0.4365217391304348, 0.43536842105263157, 0.44294736842105265, 0.44150537634408604, 0.44670103092783503, 0.4478723404255319, 0.4403191489361702, 0.45505376344086024, 0.45839080459770115, 0.4433707865168539, 0.4503157894736842, 0.43274725274725273, 0.44574468085106383, 0.43344444444444447, 0.4477011494252874, 0.455, 0.44927083333333334, 0.43882978723404253, 0.4425531914893617, 0.43913978494623657, 0.44967741935483874, 0.455, 0.4497752808988764, 0.41273809523809524, 0.4483720930232558, 0.460609756097561, 0.398125]",7.739037990570068,2.470123767852783,0.02403736114501953,4.711171388626099,0.001634359359741211,0.3596165180206299,1115755,ai08,success,
vit_b32_cifar100,CIFAR100,50,0.01,44,100,1.0,labelled_probe_warmup,labelled,300,0.0,0.4298,0.049756,0.1107,0.8673,0.4062,-0.5269318595978931,0,50,"[-0.381900967558338, -0.6951219512195123, -0.4523215177234149, -0.512614063338701, -0.6265903307888041, -0.892123287671233, -0.3020637898686679, -0.59284332688588, -0.3743667679837893, -0.7917271407837446, -0.6118980169971672, -0.6534090909090909, -0.9068877551020408, -0.5090826521344233, -0.5686746987951807, -0.4620517097581318, -0.6684698608964452, -0.7184300341296928, -0.36363636363636365, -0.5372254954472415, -0.5375077495350279, -0.13012048192771086, -0.15208333333333335, -0.5406162464985995, -0.8007936507936508, -0.6723842195540308, -0.5547445255474452, -0.5256491450284991, -0.651923076923077, -0.8267898383371824, -0.5101874490627547, -0.7330210772833723, -0.4096749811035525, -0.10129310344827591, -0.4818548387096774, -0.7990506329113924, -0.47105966162065893, -0.1838235294117646, -0.3212121212121213, -0.5057915057915059, -0.18082788671023964, -0.28481012658227844, -0.5983965014577259, -0.6709677419354838, -0.42759146341463417, -0.6543385490753912, -0.6183282980866063, -0.2368866328257191, -0.5633561643835616, -0.5800696257615318]","[0.6124075128059192, 0.21951219512195122, 0.5381927109335995, 0.4793344068706388, 0.3638676844783715, 0.09931506849315068, 0.649155722326454, 0.38878143133462284, 0.6180344478216818, 0.18359941944847605, 0.32577903682719545, 0.32386363636363635, 0.08035714285714286, 0.48047229791099, 0.3614457831325301, 0.5070892410341952, 0.31452859350850076, 0.26621160409556316, 0.5996810207336523, 0.45741831815747186, 0.44513329200247986, 0.8457831325301205, 0.8041666666666667, 0.44677871148459386, 0.17142857142857143, 0.3230417381360778, 0.4233576642335766, 0.45535148828372385, 0.3038461538461538, 0.11778290993071594, 0.4800325998370008, 0.21701795472287275, 0.5653817082388511, 0.8642241379310345, 0.49193548387096775, 0.17721518987341772, 0.5138023152270703, 0.7671568627450981, 0.6, 0.4749034749034749, 0.7864923747276689, 0.6645569620253164, 0.38629737609329445, 0.3, 0.5640243902439024, 0.31436699857752487, 0.3282980866062437, 0.727580372250423, 0.3886986301369863, 0.38990426457789384]","[0.9943084803642572, 0.9146341463414634, 0.9905142286570144, 0.9919484702093397, 0.9904580152671756, 0.9914383561643836, 0.9512195121951219, 0.9816247582205029, 0.9924012158054711, 0.9753265602322206, 0.9376770538243626, 0.9772727272727273, 0.9872448979591837, 0.9895549500454133, 0.9301204819277108, 0.969140950792327, 0.9829984544049459, 0.984641638225256, 0.9633173843700159, 0.9946438136047134, 0.9826410415375078, 0.9759036144578314, 0.95625, 0.9873949579831933, 0.9722222222222222, 0.9954259576901087, 0.9781021897810219, 0.981000633312223, 0.9557692307692308, 0.9445727482678984, 0.9902200488997555, 0.9500390320062451, 0.9750566893424036, 0.9655172413793104, 0.9737903225806451, 0.9762658227848101, 0.9848619768477292, 0.9509803921568627, 0.9212121212121213, 0.9806949806949807, 0.9673202614379085, 0.9493670886075949, 0.9846938775510204, 0.9709677419354839, 0.9916158536585366, 0.968705547652916, 0.94662638469285, 0.9644670050761421, 0.952054794520548, 0.9699738903394256]",0.42965775623419133,50,"[0.4268131868131868, 0.4478021978021978, 0.4291208791208791, 0.42318681318681317, 0.4318888888888889, 0.43041237113402064, 0.4314772727272727, 0.43382978723404253, 0.42230769230769233, 0.44426966292134834, 0.44565217391304346, 0.43666666666666665, 0.443125, 0.4463953488372093, 0.4306451612903226, 0.42651685393258426, 0.4408888888888889, 0.44170212765957445, 0.42188888888888887, 0.42130434782608694, 0.4504878048780488, 0.42104166666666665, 0.42033333333333334, 0.4261052631578947, 0.4461111111111111, 0.42233333333333334, 0.43032608695652175, 0.42333333333333334, 0.42641304347826087, 0.4348913043478261, 0.4264516129032258, 0.43833333333333335, 0.4286021505376344, 0.4167741935483871, 0.41934782608695653, 0.44065217391304345, 0.4232258064516129, 0.42148936170212764, 0.4258695652173913, 0.42617021276595746, 0.41141304347826085, 0.42445652173913045, 0.41685393258426967, 0.42446808510638295, 0.426, 0.44136363636363635, 0.4346153846153846, 0.4444186046511628, 0.4193975903614458, 0.39571428571428574]",7.77431321144104,2.478987455368042,0.021823644638061523,4.738238096237183,0.0016245841979980469,0.3532238006591797,1115755,ai08,success,
vit_b32_cifar100,CIFAR100,50,0.01,42,100,1.0,no_phase0,none,0,0.0,0.0169,0.04848399999999999,0.1127,0.8692,0.0121,-0.9553624112385498,0,50,"[-0.9484126984126984, -0.987150068838917, -0.9871428571428571, -0.9634782608695652, -0.971662468513854, -0.8909551986475063, -0.9636871508379888, -0.9535567313345091, -0.9936102236421724, -0.982706002034588, -0.9804008908685968, -0.979498861047836, -0.9736238532110091, -0.97165991902834, -0.9645191409897292, -0.9386309992132179, -0.9574468085106382, -0.9694041867954912, -0.9625468164794008, -0.9207048458149779, -0.9538866930171278, -0.9812312312312312, -0.9770992366412213, -0.9915895710681245, -0.9517543859649122, -0.9449152542372882, -0.9946308724832215, -0.8769230769230769, -0.9663978494623656, -0.9759825327510917, -0.9104204753199269, -0.9789702683103698, -0.9299999999999999, -0.9780439121756487, -0.9868090452261307, -0.9720176730486009, -0.9568421052631579, -0.9307604994324631, -0.9665532879818594, -0.9706136560069145, -0.9118046132971507, -0.9555555555555556, -0.9751243781094527, -0.9904458598726115, -0.8080808080808081, -0.9721603563474387, -0.958077709611452, -0.8681318681318682, -0.9559471365638766, -0.9165526675786594]","[0.0026455026455026454, 0.0032124827902707664, 0.002857142857142857, 0.010434782608695653, 0.010705289672544081, 0.10312764158918004, 0.002793296089385475, 0.036449147560258674, 0.0019169329073482429, 0.01017293997965412, 0.016926503340757237, 0.00683371298405467, 0.009174311926605505, 0.006072874493927126, 0.012138188608776844, 0.03697875688434304, 0.028368794326241134, 0.01610305958132045, 0.0056179775280898875, 0.048458149779735685, 0.019762845849802372, 0.0022522522522522522, 0.013570822731128074, 0.001682085786375105, 0.03216374269005848, 0.00423728813559322, 0.0013422818791946308, 0.046153846153846156, 0.004032258064516129, 0.000727802037845706, 0.06398537477148081, 0.0036258158085569255, 0.01, 0.003992015968063872, 0.001256281407035176, 0.005154639175257732, 0.004210526315789474, 0.0510783200908059, 0.013605442176870748, 0.02247191011235955, 0.05970149253731343, 0.004166666666666667, 0.007462686567164179, 0.0, 0.0, 0.017817371937639197, 0.03169734151329243, 0.018838304552590265, 0.02026431718061674, 0.009575923392612859]","[0.951058201058201, 0.9903625516291877, 0.99, 0.9739130434782609, 0.982367758186398, 0.9940828402366864, 0.9664804469273743, 0.9900058788947678, 0.9955271565495207, 0.9928789420142421, 0.9973273942093541, 0.9863325740318907, 0.9827981651376146, 0.9777327935222672, 0.976657329598506, 0.975609756097561, 0.9858156028368794, 0.9855072463768116, 0.9681647940074907, 0.9691629955947136, 0.9736495388669302, 0.9834834834834835, 0.9906700593723494, 0.9932716568544996, 0.9839181286549707, 0.9491525423728814, 0.9959731543624161, 0.9230769230769231, 0.9704301075268817, 0.9767103347889374, 0.9744058500914077, 0.9825960841189267, 0.94, 0.9820359281437125, 0.9880653266331658, 0.9771723122238586, 0.9610526315789474, 0.981838819523269, 0.9801587301587301, 0.993085566119274, 0.9715061058344641, 0.9597222222222223, 0.9825870646766169, 0.9904458598726115, 0.8080808080808081, 0.9899777282850779, 0.9897750511247444, 0.8869701726844584, 0.9762114537444934, 0.9261285909712722]",0.016686177702683328,50,"[0.016559139784946237, 0.017674418604651163, 0.017956989247311827, 0.01776595744680851, 0.018043478260869564, 0.013789473684210527, 0.017956989247311827, 0.011868131868131869, 0.017659574468085106, 0.0171875, 0.016153846153846154, 0.018152173913043478, 0.017802197802197803, 0.016666666666666666, 0.015494505494505494, 0.013604651162790698, 0.014065934065934066, 0.01625, 0.016741573033707866, 0.016363636363636365, 0.017777777777777778, 0.017802197802197803, 0.017, 0.017553191489361703, 0.016914893617021278, 0.017872340425531916, 0.013854166666666667, 0.017368421052631578, 0.013655913978494624, 0.018764044943820224, 0.016630434782608696, 0.01802325581395349, 0.01776595744680851, 0.018260869565217393, 0.017191011235955057, 0.01652173913043478, 0.018977272727272728, 0.013894736842105264, 0.01850574712643678, 0.014831460674157304, 0.015376344086021506, 0.018369565217391304, 0.017666666666666667, 0.016421052631578947, 0.017956989247311827, 0.015957446808510637, 0.01640449438202247, 0.019210526315789473, 0.016823529411764706, 0.0132]",7.844137191772461,2.557037353515625,0.007835865020751953,4.7488861083984375,0.0016260147094726562,0.3545806407928467,1115755,ai08,success,
vit_b32_cifar100,CIFAR100,50,0.01,43,100,1.0,no_phase0,none,0,0.0,0.0167,0.046891999999999996,0.1023,0.8683,0.011,-0.9559665081868234,0,50,"[-0.9868536371603855, -0.9236111111111112, -0.9761215629522432, -0.883720930232558, -0.9881987577639751, -0.9815899581589959, -0.9753656658968437, -0.974272173324306, -0.9848484848484849, -0.9600694444444445, -0.9641367806505421, -0.8181818181818182, -0.9339449541284404, -0.9714512291831879, -0.967551622418879, -0.9883720930232558, -0.9614803625377644, -0.983125, -0.9801980198019802, -0.967741935483871, -0.9931558935361217, -0.9079048349961627, -0.9841269841269842, -0.9414965986394558, -0.9811912225705329, -0.9878296146044625, -0.9716814159292035, -0.9668367346938775, -0.9335260115606936, -0.9425925925925925, -0.9504225352112676, -0.9568210262828535, -0.9624664879356568, -0.9836309523809523, -0.9600694444444444, -0.9703153988868274, -0.9600570613409415, -0.9575257731958763, -0.899856938483548, -0.9828947368421053, -0.9887218045112782, -0.8751357220412594, -0.9596864501679732, -0.9502103786816269, -0.9444444444444444, -0.9711538461538461, -0.9720630372492837, -0.9399727148703956, -0.9461358313817331, -0.8855633802816901]","[0.0052585451358457495, 0.018518518518518517, 0.002894356005788712, 0.029069767441860465, 0.0018633540372670807, 0.014225941422594143, 0.003849114703618168, 0.006770480704129994, 0.0012626262626262627, 0.029513888888888888, 0.010008340283569641, 0.0, 0.0, 0.0055511498810467885, 0.0014749262536873156, 0.003875968992248062, 0.02039274924471299, 0.001875, 0.0019801980198019802, 0.005202913631633715, 0.0007604562737642585, 0.07367613200306984, 0.006349206349206349, 0.055328798185941046, 0.003134796238244514, 0.0, 0.007079646017699115, 0.015306122448979591, 0.02601156069364162, 0.0, 0.03943661971830986, 0.015644555694618274, 0.006702412868632708, 0.0, 0.003472222222222222, 0.0018552875695732839, 0.007132667617689016, 0.03134020618556701, 0.04291845493562232, 0.0, 0.0, 0.06623235613463627, 0.010078387458006719, 0.03506311360448808, 0.0360082304526749, 0.0, 0.013610315186246419, 0.030013642564802184, 0.0, 0.01232394366197183]","[0.9921121822962313, 0.9421296296296297, 0.9790159189580319, 0.9127906976744186, 0.9900621118012423, 0.99581589958159, 0.9792147806004619, 0.981042654028436, 0.9861111111111112, 0.9895833333333334, 0.9741451209341118, 0.8181818181818182, 0.9339449541284404, 0.9770023790642347, 0.9690265486725663, 0.9922480620155039, 0.9818731117824774, 0.985, 0.9821782178217822, 0.9729448491155047, 0.993916349809886, 0.9815809669992326, 0.9904761904761905, 0.9968253968253968, 0.9843260188087775, 0.9878296146044625, 0.9787610619469026, 0.9821428571428571, 0.9595375722543352, 0.9425925925925925, 0.9898591549295774, 0.9724655819774718, 0.9691689008042895, 0.9836309523809523, 0.9635416666666666, 0.9721706864564007, 0.9671897289586305, 0.9888659793814433, 0.9427753934191703, 0.9828947368421053, 0.9887218045112782, 0.9413680781758957, 0.9697648376259799, 0.985273492286115, 0.9804526748971193, 0.9711538461538461, 0.9856733524355301, 0.9699863574351978, 0.9461358313817331, 0.897887323943662]",0.016243800992742183,50,"[0.015591397849462365, 0.01574468085106383, 0.015568181818181818, 0.015483870967741935, 0.016444444444444446, 0.016559139784946237, 0.015913978494623657, 0.015666666666666666, 0.017157894736842105, 0.014086021505376344, 0.014545454545454545, 0.016304347826086956, 0.01608695652173913, 0.017222222222222222, 0.01736263736263736, 0.017553191489361703, 0.014431818181818181, 0.01776595744680851, 0.01757894736842105, 0.017717391304347827, 0.017956989247311827, 0.013440860215053764, 0.015681818181818182, 0.011739130434782608, 0.01757894736842105, 0.017473684210526315, 0.016774193548387096, 0.01711340206185567, 0.01446808510638298, 0.01776595744680851, 0.015913978494623657, 0.017816091954022988, 0.016292134831460674, 0.017368421052631578, 0.016813186813186814, 0.016914893617021278, 0.01611111111111111, 0.012988505747126436, 0.01674418604651163, 0.017291666666666667, 0.01723404255319149, 0.016063829787234044, 0.017204301075268817, 0.015483870967741935, 0.013522727272727273, 0.018651685393258427, 0.017738095238095237, 0.01441860465116279, 0.018048780487804877, 0.014791666666666667]",7.845242738723755,2.5262649059295654,0.007631063461303711,4.767473936080933,0.0016324520111083984,0.36713147163391113,1115755,ai08,success,
vit_b32_cifar100,CIFAR100,50,0.01,44,100,1.0,no_phase0,none,0,0.0,0.0144,0.049756,0.1107,0.8673,0.0072,-0.9568685377429292,0,50,"[-0.9886169607285145, -0.8963414634146342, -0.9700449326010984, -0.9849704777241008, -0.9675572519083969, -0.9897260273972603, -0.9118198874296435, -0.9767891682785299, -0.9817629179331308, -0.9542815674891147, -0.9263456090651558, -0.9590909090909091, -0.9528061224489797, -0.9618528610354223, -0.9301204819277108, -0.9658048373644704, -0.9389489953632149, -0.9795221843003413, -0.960127591706539, -0.9866095340117836, -0.9758214507129572, -0.9759036144578314, -0.95625, -0.9803921568627452, -0.9539682539682539, -0.9445397369925672, -0.9687174139728885, -0.9759341355288158, -0.9423076923076924, -0.9376443418013857, -0.9788101059494702, -0.9484777517564402, -0.962962962962963, -0.9267241379310345, -0.971774193548387, -0.9145569620253164, -0.9848619768477292, -0.9509803921568627, -0.8818181818181818, -0.972972972972973, -0.9455337690631809, -0.9430379746835442, -0.9803206997084548, -0.9451612903225807, -0.9847560975609756, -0.9530583214793741, -0.9335347432024169, -0.9543147208121827, -0.9469178082191781, -0.9682332463011314]","[0.005691519635742743, 0.018292682926829267, 0.020469296055916127, 0.006977992485238862, 0.022900763358778626, 0.0017123287671232876, 0.039399624765478425, 0.004835589941972921, 0.010638297872340425, 0.02104499274310595, 0.0113314447592068, 0.01818181818181818, 0.03443877551020408, 0.027702089009990917, 0.0, 0.003336113427856547, 0.04404945904173107, 0.005119453924914676, 0.003189792663476874, 0.008034279592929834, 0.006819590824550527, 0.0, 0.0, 0.0070028011204481795, 0.018253968253968255, 0.05088622069754145, 0.009384775808133473, 0.00506649778340722, 0.013461538461538462, 0.006928406466512702, 0.011409942950285249, 0.00156128024980484, 0.012093726379440665, 0.03879310344827586, 0.0020161290322580645, 0.061708860759493674, 0.0, 0.0, 0.03939393939393939, 0.007722007722007722, 0.02178649237472767, 0.006329113924050633, 0.004373177842565598, 0.025806451612903226, 0.006859756097560976, 0.015647226173541962, 0.013091641490433032, 0.01015228426395939, 0.005136986301369863, 0.0017406440382941688]","[0.9943084803642572, 0.9146341463414634, 0.9905142286570144, 0.9919484702093397, 0.9904580152671756, 0.9914383561643836, 0.9512195121951219, 0.9816247582205029, 0.9924012158054711, 0.9753265602322206, 0.9376770538243626, 0.9772727272727273, 0.9872448979591837, 0.9895549500454133, 0.9301204819277108, 0.969140950792327, 0.9829984544049459, 0.984641638225256, 0.9633173843700159, 0.9946438136047134, 0.9826410415375078, 0.9759036144578314, 0.95625, 0.9873949579831933, 0.9722222222222222, 0.9954259576901087, 0.9781021897810219, 0.981000633312223, 0.9557692307692308, 0.9445727482678984, 0.9902200488997555, 0.9500390320062451, 0.9750566893424036, 0.9655172413793104, 0.9737903225806451, 0.9762658227848101, 0.9848619768477292, 0.9509803921568627, 0.9212121212121213, 0.9806949806949807, 0.9673202614379085, 0.9493670886075949, 0.9846938775510204, 0.9709677419354839, 0.9916158536585366, 0.968705547652916, 0.94662638469285, 0.9644670050761421, 0.952054794520548, 0.9699738903394256]",0.014434497098181585,50,"[0.014505494505494506, 0.012967032967032967, 0.013186813186813187, 0.015494505494505494, 0.014222222222222223, 0.014845360824742268, 0.014090909090909091, 0.01425531914893617, 0.013846153846153847, 0.014157303370786517, 0.014673913043478261, 0.013666666666666667, 0.013541666666666667, 0.014883720930232559, 0.014516129032258065, 0.0150561797752809, 0.013444444444444445, 0.014893617021276596, 0.015, 0.014673913043478261, 0.01597560975609756, 0.01375, 0.014666666666666666, 0.01431578947368421, 0.014888888888888889, 0.013, 0.014130434782608696, 0.014666666666666666, 0.014891304347826087, 0.015543478260869565, 0.014516129032258065, 0.014270833333333333, 0.014301075268817205, 0.014193548387096775, 0.014565217391304348, 0.014239130434782608, 0.015376344086021506, 0.014787234042553192, 0.01358695652173913, 0.014893617021276596, 0.015543478260869565, 0.013369565217391305, 0.014606741573033709, 0.014148936170212767, 0.014222222222222223, 0.015681818181818182, 0.014395604395604396, 0.013372093023255814, 0.013373493975903615, 0.01653061224489796]",7.777119398117065,2.5027434825897217,0.007630109786987305,4.729123592376709,0.0016489028930664062,0.36163878440856934,1115755,ai08,success,
vit_b32_cifar100,CIFAR100,50,0.01,42,100,1.0,raw_union_K20,raw_union,5332,0.0,0.8097,0.04848399999999999,0.1127,0.8692,0.8078,-0.13580938882519797,3,50,"[-0.35317460317460314, -0.09270307480495643, -0.1328571428571429, -0.0608695652173914, -0.22607052896725444, -0.10481825866441252, -0.04748603351955316, -0.12874779541446202, -0.18466453674121397, -0.11393692777212616, -0.12962138084632513, -0.05239179954441919, -0.2339449541284403, -0.3097165991902834, -0.1531279178338002, -0.10857592446892206, -0.07801418439716312, -0.1626409017713366, -0.1629213483146068, -0.14977973568281933, -0.14229249011857703, -0.1493993993993994, -0.17896522476675147, -0.3044575273338941, -0.14327485380116955, 0.012711864406779627, -0.15704697986577176, 0.07692307692307687, -0.2674731182795699, -0.21906841339155747, -0.05301645338208405, -0.10659898477157359, -0.06499999999999995, -0.08582834331337319, -0.13505025125628145, -0.1612665684830633, -0.1673684210526316, -0.14301929625425658, -0.1785714285714285, -0.1305099394987036, -0.2075983717774763, -0.12916666666666665, -0.23383084577114432, -0.1146496815286624, 0.11111111111111116, -0.09465478841870822, -0.11042944785276076, -0.08163265306122458, -0.1656387665198238, -0.07934336525307795]","[0.5978835978835979, 0.8976594768242313, 0.8571428571428571, 0.9130434782608695, 0.7562972292191436, 0.8892645815722738, 0.9189944134078212, 0.8612580834803057, 0.8108626198083068, 0.8789420142421159, 0.867706013363029, 0.9339407744874715, 0.7488532110091743, 0.6680161943319838, 0.8235294117647058, 0.8670338316286389, 0.9078014184397163, 0.822866344605475, 0.8052434456928839, 0.8193832599118943, 0.8313570487483531, 0.8340840840840841, 0.811704834605598, 0.6888141295206055, 0.8406432748538012, 0.961864406779661, 0.8389261744966443, 1.0, 0.7029569892473119, 0.75764192139738, 0.9213893967093236, 0.8759970993473531, 0.875, 0.8962075848303394, 0.8530150753768844, 0.8159057437407953, 0.7936842105263158, 0.8388195232690124, 0.8015873015873016, 0.8625756266205704, 0.7639077340569878, 0.8305555555555556, 0.7487562189054726, 0.8757961783439491, 0.9191919191919192, 0.8953229398663697, 0.8793456032719836, 0.8053375196232339, 0.8105726872246696, 0.8467852257181943]","[0.951058201058201, 0.9903625516291877, 0.99, 0.9739130434782609, 0.982367758186398, 0.9940828402366864, 0.9664804469273743, 0.9900058788947678, 0.9955271565495207, 0.9928789420142421, 0.9973273942093541, 0.9863325740318907, 0.9827981651376146, 0.9777327935222672, 0.976657329598506, 0.975609756097561, 0.9858156028368794, 0.9855072463768116, 0.9681647940074907, 0.9691629955947136, 0.9736495388669302, 0.9834834834834835, 0.9906700593723494, 0.9932716568544996, 0.9839181286549707, 0.9491525423728814, 0.9959731543624161, 0.9230769230769231, 0.9704301075268817, 0.9767103347889374, 0.9744058500914077, 0.9825960841189267, 0.94, 0.9820359281437125, 0.9880653266331658, 0.9771723122238586, 0.9610526315789474, 0.981838819523269, 0.9801587301587301, 0.993085566119274, 0.9715061058344641, 0.9597222222222223, 0.9825870646766169, 0.9904458598726115, 0.8080808080808081, 0.9899777282850779, 0.9897750511247444, 0.8869701726844584, 0.9762114537444934, 0.9261285909712722]",0.8079343003045055,50,"[0.8180645161290323, 0.8038372093023256, 0.8052688172043011, 0.8063829787234043, 0.81, 0.8087368421052632, 0.8125806451612904, 0.807032967032967, 0.8098936170212766, 0.80625, 0.804945054945055, 0.8065217391304348, 0.8097802197802197, 0.8101075268817204, 0.8045054945054945, 0.8132558139534883, 0.8032967032967033, 0.8078125, 0.811123595505618, 0.8114772727272728, 0.803, 0.8080219780219781, 0.8035555555555556, 0.8112765957446808, 0.8072340425531915, 0.8070212765957446, 0.8080208333333333, 0.8056842105263158, 0.8090322580645162, 0.8075280898876405, 0.8028260869565217, 0.8123255813953488, 0.8071276595744681, 0.8085869565217392, 0.8062921348314607, 0.8104347826086956, 0.8144318181818182, 0.8062105263157895, 0.8040229885057472, 0.8030337078651686, 0.8113978494623656, 0.811304347826087, 0.8142222222222222, 0.8054736842105263, 0.8098924731182796, 0.8074468085106383, 0.8148314606741573, 0.8160526315789474, 0.8143529411764706, 0.7752]",7.992059707641602,2.514662265777588,0.21727633476257324,4.730268716812134,0.0016262531280517578,0.3544504642486572,1115755,ai08,success,
vit_b32_cifar100,CIFAR100,50,0.01,43,100,1.0,raw_union_K20,raw_union,5237,0.0,0.8144,0.046891999999999996,0.1023,0.8683,0.8113,-0.1351234902581889,2,50,"[-0.24539877300613488, -0.07638888888888895, -0.07814761215629529, -0.0174418604651162, -0.12236024844720494, -0.18661087866108794, -0.11162432640492681, -0.28436018957345977, -0.21717171717171724, -0.06857638888888895, -0.21100917431192656, 0.09090909090909083, -0.02752293577981646, -0.12767644726407612, -0.1681415929203539, -0.07493540051679581, -0.095166163141994, -0.265625, -0.10297029702970295, -0.33610822060353807, -0.12623574144486693, -0.13200306983883348, -0.13015873015873014, -0.1569160997732426, -0.0642633228840126, -0.19269776876267752, -0.17109144542772858, -0.012755102040816313, -0.11271676300578026, -0.37037037037037035, -0.18478873239436622, -0.17897371714643295, -0.19705093833780163, -0.15029761904761896, -0.11111111111111105, -0.09461966604823746, -0.12696148359486448, -0.1484536082474227, -0.18240343347639487, -0.19605263157894737, -0.20175438596491235, -0.12920738327904446, -0.07838745800671898, -0.08204768583450217, -0.16872427983539084, -0.08012820512820507, -0.07449856733524363, -0.1377899045020463, -0.07259953161592514, 0.035211267605633756]","[0.7467134092900964, 0.8657407407407407, 0.9008683068017366, 0.8953488372093024, 0.8677018633540373, 0.8092050209205021, 0.867590454195535, 0.6966824644549763, 0.7689393939393939, 0.9210069444444444, 0.7631359466221852, 0.9090909090909091, 0.9064220183486239, 0.8493259318001586, 0.8008849557522124, 0.917312661498708, 0.8867069486404834, 0.719375, 0.8792079207920792, 0.6368366285119667, 0.867680608365019, 0.8495778971603991, 0.8603174603174604, 0.8399092970521542, 0.9200626959247649, 0.795131845841785, 0.807669616519174, 0.9693877551020408, 0.846820809248555, 0.5722222222222222, 0.8050704225352112, 0.7934918648310388, 0.7721179624664879, 0.8333333333333334, 0.8524305555555556, 0.8775510204081632, 0.8402282453637661, 0.8404123711340206, 0.7603719599427754, 0.7868421052631579, 0.7869674185463659, 0.8121606948968513, 0.8913773796192609, 0.9032258064516129, 0.8117283950617284, 0.8910256410256411, 0.9111747851002865, 0.8321964529331515, 0.8735362997658079, 0.9330985915492958]","[0.9921121822962313, 0.9421296296296297, 0.9790159189580319, 0.9127906976744186, 0.9900621118012423, 0.99581589958159, 0.9792147806004619, 0.981042654028436, 0.9861111111111112, 0.9895833333333334, 0.9741451209341118, 0.8181818181818182, 0.9339449541284404, 0.9770023790642347, 0.9690265486725663, 0.9922480620155039, 0.9818731117824774, 0.985, 0.9821782178217822, 0.9729448491155047, 0.993916349809886, 0.9815809669992326, 0.9904761904761905, 0.9968253968253968, 0.9843260188087775, 0.9878296146044625, 0.9787610619469026, 0.9821428571428571, 0.9595375722543352, 0.9425925925925925, 0.9898591549295774, 0.9724655819774718, 0.9691689008042895, 0.9836309523809523, 0.9635416666666666, 0.9721706864564007, 0.9671897289586305, 0.9888659793814433, 0.9427753934191703, 0.9828947368421053, 0.9887218045112782, 0.9413680781758957, 0.9697648376259799, 0.985273492286115, 0.9804526748971193, 0.9711538461538461, 0.9856733524355301, 0.9699863574351978, 0.9461358313817331, 0.897887323943662]",0.8138078388458677,50,"[0.8094623655913978, 0.816595744680851, 0.81625, 0.8068817204301075, 0.8103333333333333, 0.8129032258064516, 0.8126881720430108, 0.8218888888888889, 0.8148421052631579, 0.8113978494623656, 0.8171590909090909, 0.8168478260869565, 0.8151086956521739, 0.8155555555555556, 0.8086813186813187, 0.8106382978723404, 0.8060227272727273, 0.8177659574468085, 0.8121052631578948, 0.8176086956521739, 0.8125806451612904, 0.8081720430107527, 0.8113636363636364, 0.8152173913043478, 0.8124210526315789, 0.8147368421052632, 0.8160215053763441, 0.8121649484536082, 0.8174468085106383, 0.821063829787234, 0.8187096774193549, 0.8158620689655173, 0.8150561797752809, 0.8178947368421052, 0.8112087912087912, 0.813936170212766, 0.8103333333333333, 0.8156321839080459, 0.8168604651162791, 0.813125, 0.8125531914893617, 0.8156382978723404, 0.816236559139785, 0.8113978494623656, 0.8092045454545455, 0.8151685393258427, 0.8064285714285714, 0.8182558139534883, 0.8147560975609756, 0.8102083333333333]",7.98307991027832,2.503479480743408,0.2103888988494873,4.7380051612854,0.0016336441040039062,0.35608458518981934,1115755,ai08,success,
vit_b32_cifar100,CIFAR100,50,0.01,44,100,1.0,raw_union_K20,raw_union,5492,0.0,0.8147,0.049756,0.1107,0.8673,0.8109,-0.1264583445442357,2,50,"[-0.17416050085372792, 0.024390243902438935, -0.11932101847229148, -0.14439076757917335, -0.13740458015267176, -0.23630136986301375, -0.030018761726078758, -0.2040618955512572, -0.1327254305977711, -0.3809869375907112, -0.031161473087818692, -0.12045454545454548, -0.06760204081632659, -0.12988192552225253, -0.18795180722891558, -0.1534612176814012, -0.15533230293663058, -0.1416382252559727, -0.09728867623604465, -0.15800749866095343, -0.09733415995040295, -0.04337349397590362, 0.0, -0.16106442577030822, -0.12380952380952381, -0.13093196112064043, -0.3336809176225235, -0.09689677010766318, -0.125, 0.02771362586605075, -0.12550937245313765, -0.29508196721311475, -0.17082388510959945, -0.07327586206896552, -0.11895161290322576, -0.064873417721519, -0.1433659839715048, -0.10784313725490191, -0.039393939393939426, -0.06563706563706573, -0.05228758169934644, -0.025316455696202445, -0.08746355685131202, -0.1064516129032258, -0.16539634146341464, -0.15362731152204834, -0.2255790533736154, -0.07106598984771573, -0.1952054794520548, -0.17362924281984338]","[0.8201479795105293, 0.9390243902439024, 0.871193210184723, 0.8475577026301664, 0.8530534351145038, 0.7551369863013698, 0.9212007504690432, 0.7775628626692457, 0.8596757852077, 0.5943396226415094, 0.9065155807365439, 0.8568181818181818, 0.9196428571428571, 0.8596730245231607, 0.7421686746987952, 0.8156797331109258, 0.8276661514683153, 0.8430034129692833, 0.8660287081339713, 0.83663631494376, 0.8853068815871048, 0.9325301204819277, 0.95625, 0.8263305322128851, 0.8484126984126984, 0.8644939965694682, 0.6444212721584984, 0.8841038632045598, 0.8307692307692308, 0.9722863741339491, 0.8647106764466178, 0.6549570647931303, 0.8042328042328042, 0.8922413793103449, 0.8548387096774194, 0.9113924050632911, 0.8414959928762245, 0.8431372549019608, 0.8818181818181818, 0.915057915057915, 0.9150326797385621, 0.9240506329113924, 0.8972303206997084, 0.864516129032258, 0.8262195121951219, 0.8150782361308677, 0.7210473313192346, 0.8934010152284264, 0.7568493150684932, 0.7963446475195822]","[0.9943084803642572, 0.9146341463414634, 0.9905142286570144, 0.9919484702093397, 0.9904580152671756, 0.9914383561643836, 0.9512195121951219, 0.9816247582205029, 0.9924012158054711, 0.9753265602322206, 0.9376770538243626, 0.9772727272727273, 0.9872448979591837, 0.9895549500454133, 0.9301204819277108, 0.969140950792327, 0.9829984544049459, 0.984641638225256, 0.9633173843700159, 0.9946438136047134, 0.9826410415375078, 0.9759036144578314, 0.95625, 0.9873949579831933, 0.9722222222222222, 0.9954259576901087, 0.9781021897810219, 0.981000633312223, 0.9557692307692308, 0.9445727482678984, 0.9902200488997555, 0.9500390320062451, 0.9750566893424036, 0.9655172413793104, 0.9737903225806451, 0.9762658227848101, 0.9848619768477292, 0.9509803921568627, 0.9212121212121213, 0.9806949806949807, 0.9673202614379085, 0.9493670886075949, 0.9846938775510204, 0.9709677419354839, 0.9916158536585366, 0.968705547652916, 0.94662638469285, 0.9644670050761421, 0.952054794520548, 0.9699738903394256]",0.8126974169350624,50,"[0.8167032967032967, 0.8115384615384615, 0.8117582417582417, 0.8106593406593406, 0.811, 0.8170103092783505, 0.8076136363636364, 0.8171276595744681, 0.8094505494505495, 0.8198876404494382, 0.8105434782608696, 0.8132222222222222, 0.8104166666666667, 0.8126744186046512, 0.8131182795698925, 0.812247191011236, 0.8185555555555556, 0.8126595744680851, 0.8107777777777778, 0.8152173913043478, 0.8081707317073171, 0.81375, 0.8091111111111111, 0.8150526315789474, 0.8125555555555556, 0.812, 0.8170652173913043, 0.8094444444444444, 0.8095652173913044, 0.813695652173913, 0.8113978494623656, 0.816875, 0.8148387096774193, 0.8120430107526881, 0.8147826086956522, 0.8141304347826087, 0.8126881720430108, 0.8091489361702128, 0.8078260869565217, 0.8125531914893617, 0.8126086956521739, 0.8104347826086956, 0.8096629213483146, 0.8086170212765957, 0.8085555555555556, 0.8126136363636364, 0.8185714285714286, 0.8193023255813954, 0.8227710843373494, 0.8028571428571428]",8.043607711791992,2.5360794067382812,0.22223877906799316,4.7513909339904785,0.0016551017761230469,0.3588249683380127,1115755,ai08,success,
vit_b32_cifar100,CIFAR100,50,0.01,42,100,1.0,warmup_only_labelled,warmup_only,300,0.0,0.3924,0.04848399999999999,0.1127,0.8692,0.3924,-0.5874863343905461,0,50,"[-0.7407407407407407, -0.5259293253786141, -0.7571428571428571, -0.26086956521739135, -0.801007556675063, -0.6787827557058326, -0.5195530726256984, -0.3744855967078189, -0.6421725239616614, -0.6927772126144456, -0.36971046770601335, -0.41230068337129844, -0.5860091743119266, -0.6599190283400809, -0.5434173669467787, -0.5806451612903225, -0.6087470449172576, -0.15136876006441224, -0.8923220973782772, -0.6068281938325991, -0.5731225296442688, -0.8963963963963963, -0.5173876166242578, -0.6198486122792262, -0.6359649122807017, -0.24152542372881358, -0.9785234899328858, -0.9076923076923078, -0.4852150537634409, -0.7583697234352256, -0.9360146252285192, -0.3546047860768673, -0.815, -0.24650698602794407, -0.4428391959798995, -0.7577319587628866, -0.4442105263157895, -0.9046538024971623, -0.719954648526077, -0.5626620570440796, -0.48982360922659435, -0.5347222222222223, -0.8134328358208955, -0.5817409766454352, -0.7777777777777778, -0.5011135857461024, -0.17586912065439675, -0.44427001569858715, -0.6651982378854625, -0.18741450068399446]","[0.21031746031746032, 0.46443322625057365, 0.23285714285714285, 0.7130434782608696, 0.181360201511335, 0.3153000845308538, 0.44692737430167595, 0.6155202821869489, 0.35335463258785943, 0.30010172939979657, 0.6276169265033408, 0.5740318906605922, 0.3967889908256881, 0.31781376518218624, 0.4332399626517274, 0.3949645948072384, 0.37706855791962174, 0.8341384863123994, 0.07584269662921349, 0.3623348017621145, 0.4005270092226614, 0.08708708708708708, 0.4732824427480916, 0.37342304457527337, 0.347953216374269, 0.7076271186440678, 0.0174496644295302, 0.015384615384615385, 0.4852150537634409, 0.2183406113537118, 0.038391224862888484, 0.6279912980420594, 0.125, 0.7355289421157685, 0.5452261306532663, 0.21944035346097202, 0.5168421052631579, 0.0771850170261067, 0.2602040816326531, 0.43042350907519444, 0.4816824966078697, 0.425, 0.1691542288557214, 0.40870488322717624, 0.030303030303030304, 0.4888641425389755, 0.8139059304703476, 0.4427001569858713, 0.31101321585903086, 0.7387140902872777]","[0.951058201058201, 0.9903625516291877, 0.99, 0.9739130434782609, 0.982367758186398, 0.9940828402366864, 0.9664804469273743, 0.9900058788947678, 0.9955271565495207, 0.9928789420142421, 0.9973273942093541, 0.9863325740318907, 0.9827981651376146, 0.9777327935222672, 0.976657329598506, 0.975609756097561, 0.9858156028368794, 0.9855072463768116, 0.9681647940074907, 0.9691629955947136, 0.9736495388669302, 0.9834834834834835, 0.9906700593723494, 0.9932716568544996, 0.9839181286549707, 0.9491525423728814, 0.9959731543624161, 0.9230769230769231, 0.9704301075268817, 0.9767103347889374, 0.9744058500914077, 0.9825960841189267, 0.94, 0.9820359281437125, 0.9880653266331658, 0.9771723122238586, 0.9610526315789474, 0.981838819523269, 0.9801587301587301, 0.993085566119274, 0.9715061058344641, 0.9597222222222223, 0.9825870646766169, 0.9904458598726115, 0.8080808080808081, 0.9899777282850779, 0.9897750511247444, 0.8869701726844584, 0.9762114537444934, 0.9261285909712722]",0.39174122874475265,50,"[0.3927956989247312, 0.3834883720930233, 0.39376344086021503, 0.38351063829787235, 0.39402173913043476, 0.40410526315789475, 0.3917204301075269, 0.3749450549450549, 0.38765957446808513, 0.3927083333333333, 0.38186813186813184, 0.3847826086956522, 0.38670329670329673, 0.38548387096774195, 0.4023076923076923, 0.38802325581395347, 0.38, 0.38927083333333334, 0.41235955056179774, 0.395, 0.40944444444444444, 0.39802197802197803, 0.38711111111111113, 0.3925531914893617, 0.38382978723404254, 0.38393617021276594, 0.3996875, 0.4014736842105263, 0.39440860215053763, 0.40393258426966294, 0.41, 0.3987209302325581, 0.3930851063829787, 0.38315217391304346, 0.3752808988764045, 0.3953260869565217, 0.39852272727272725, 0.40073684210526317, 0.4071264367816092, 0.3875280898876404, 0.38365591397849463, 0.3691304347826087, 0.41244444444444445, 0.38694736842105265, 0.3817204301075269, 0.3770212765957447, 0.3903370786516854, 0.3890789473684211, 0.41152941176470587, 0.3768]",3.05661940574646,2.512666940689087,0.01778888702392578,0.0,0.0,0.3530426025390625,1115755,ai08,success,
vit_b32_cifar100,CIFAR100,50,0.01,43,100,1.0,warmup_only_labelled,warmup_only,300,0.0,0.4211,0.046891999999999996,0.1023,0.8683,0.4211,-0.540156243874546,0,50,"[-0.7291849255039439, -0.3564814814814815, -0.49565846599131697, -0.40116279069767435, -0.331055900621118, -0.7355648535564854, -0.6043110084680523, -0.7488151658767772, -0.6578282828282829, -0.31076388888888895, -0.7164303586321935, -0.28787878787878796, -0.20550458715596331, -0.7573354480570975, -0.8067846607669615, -0.4664082687338501, -0.5302114803625377, -0.684375, -0.6376237623762376, -0.5098855359001041, -0.6980988593155895, -0.5863392171910975, -0.3753968253968254, -0.39682539682539686, -0.4043887147335423, -0.460446247464503, -0.5351032448377581, -0.8316326530612245, -0.6184971098265896, -0.2592592592592592, -0.5707042253521126, -0.909261576971214, -0.5388739946380696, -0.3169642857142857, -0.5833333333333333, -0.6029684601113172, -0.5563480741797433, -0.591340206185567, -0.6738197424892705, -0.7421052631578947, -0.36967418546365916, -0.511400651465798, -0.3784994400895857, -0.5596072931276298, -0.2788065843621399, -0.7083333333333333, -0.4484240687679083, -0.4583901773533424, -0.8056206088992974, -0.2640845070422535]","[0.26292725679228746, 0.5856481481481481, 0.4833574529667149, 0.5116279069767442, 0.6590062111801243, 0.2602510460251046, 0.37490377213240955, 0.23222748815165878, 0.3282828282828283, 0.6788194444444444, 0.25771476230191825, 0.5303030303030303, 0.728440366972477, 0.2196669310071372, 0.16224188790560473, 0.5258397932816538, 0.4516616314199396, 0.300625, 0.3445544554455445, 0.4630593132154006, 0.29581749049429656, 0.3952417498081351, 0.6150793650793651, 0.6, 0.5799373040752351, 0.5273833671399595, 0.44365781710914454, 0.15051020408163265, 0.34104046242774566, 0.6833333333333333, 0.4191549295774648, 0.06320400500625782, 0.43029490616621985, 0.6666666666666666, 0.3802083333333333, 0.3692022263450835, 0.4108416547788873, 0.3975257731958763, 0.26895565092989987, 0.24078947368421053, 0.6190476190476191, 0.42996742671009774, 0.5912653975363942, 0.42566619915848525, 0.7016460905349794, 0.26282051282051283, 0.5372492836676218, 0.5115961800818554, 0.1405152224824356, 0.6338028169014085]","[0.9921121822962313, 0.9421296296296297, 0.9790159189580319, 0.9127906976744186, 0.9900621118012423, 0.99581589958159, 0.9792147806004619, 0.981042654028436, 0.9861111111111112, 0.9895833333333334, 0.9741451209341118, 0.8181818181818182, 0.9339449541284404, 0.9770023790642347, 0.9690265486725663, 0.9922480620155039, 0.9818731117824774, 0.985, 0.9821782178217822, 0.9729448491155047, 0.993916349809886, 0.9815809669992326, 0.9904761904761905, 0.9968253968253968, 0.9843260188087775, 0.9878296146044625, 0.9787610619469026, 0.9821428571428571, 0.9595375722543352, 0.9425925925925925, 0.9898591549295774, 0.9724655819774718, 0.9691689008042895, 0.9836309523809523, 0.9635416666666666, 0.9721706864564007, 0.9671897289586305, 0.9888659793814433, 0.9427753934191703, 0.9828947368421053, 0.9887218045112782, 0.9413680781758957, 0.9697648376259799, 0.985273492286115, 0.9804526748971193, 0.9711538461538461, 0.9856733524355301, 0.9699863574351978, 0.9461358313817331, 0.897887323943662]",0.42117728345070915,50,"[0.43666666666666665, 0.41393617021276596, 0.42056818181818184, 0.4218279569892473, 0.4161111111111111, 0.4343010752688172, 0.4256989247311828, 0.43877777777777777, 0.4285263157894737, 0.4180645161290323, 0.4298863636363636, 0.4282608695652174, 0.41978260869565215, 0.43944444444444447, 0.4230769230769231, 0.42148936170212764, 0.4254545454545455, 0.41723404255319146, 0.420421052631579, 0.413695652173913, 0.4203225806451613, 0.422258064516129, 0.40704545454545454, 0.411195652173913, 0.41221052631578947, 0.41957894736842105, 0.4203225806451613, 0.4229896907216495, 0.4246808510638298, 0.41702127659574467, 0.4306451612903226, 0.4359770114942529, 0.42, 0.426, 0.4098901098901099, 0.4221276595744681, 0.41, 0.42724137931034484, 0.428953488372093, 0.42572916666666666, 0.4153191489361702, 0.42, 0.4146236559139785, 0.4258064516129032, 0.43079545454545454, 0.4248314606741573, 0.3894047619047619, 0.4273255813953488, 0.4379268292682927, 0.36541666666666667]",3.0632591247558594,2.520272970199585,0.017542123794555664,0.0,0.0,0.3515756130218506,1115755,ai08,success,
vit_b32_cifar100,CIFAR100,50,0.01,44,100,1.0,warmup_only_labelled,warmup_only,300,0.0,0.4062,0.049756,0.1107,0.8673,0.4062,-0.5504043641924915,0,50,"[-0.40922026180990323, -0.7804878048780488, -0.48327508736894653, -0.5673644659151905, -0.6774809160305344, -0.886986301369863, -0.3302063789868668, -0.6218568665377175, -0.40476190476190477, -0.8004354136429608, -0.6572237960339944, -0.6772727272727272, -0.9438775510204082, -0.5631244323342416, -0.580722891566265, -0.481234361968307, -0.7109737248840804, -0.7491467576791808, -0.35566188197767146, -0.5452597750401713, -0.5598264104153751, -0.1397590361445783, -0.15416666666666667, -0.5882352941176471, -0.8214285714285714, -0.7198399085191538, -0.553701772679875, -0.5674477517416087, -0.6788461538461539, -0.8475750577367206, -0.530562347188264, -0.7775175644028103, -0.44520030234315955, -0.10991379310344829, -0.5120967741935484, -0.8022151898734177, -0.46304541406945676, -0.16176470588235292, -0.32424242424242433, -0.5444015444015444, -0.20697167755991286, -0.2911392405063291, -0.6428571428571429, -0.6774193548387097, -0.4649390243902438, -0.6856330014224751, -0.622356495468278, -0.24365482233502533, -0.565068493150685, -0.5918189730200174]","[0.585088218554354, 0.13414634146341464, 0.5072391412880679, 0.4245840042941492, 0.31297709923664124, 0.10445205479452055, 0.6210131332082551, 0.3597678916827853, 0.5876393110435664, 0.1748911465892598, 0.2804532577903683, 0.3, 0.04336734693877551, 0.4264305177111717, 0.3493975903614458, 0.48790658882402, 0.27202472952086554, 0.2354948805460751, 0.6076555023923444, 0.44938403856454207, 0.4228146311221327, 0.8361445783132531, 0.8020833333333334, 0.39915966386554624, 0.15079365079365079, 0.2755860491709548, 0.424400417101147, 0.4135528815706143, 0.27692307692307694, 0.09699769053117784, 0.45965770171149145, 0.1725214676034348, 0.5298563869992441, 0.8556034482758621, 0.46169354838709675, 0.17405063291139242, 0.5218165627782725, 0.7892156862745098, 0.5969696969696969, 0.4362934362934363, 0.7603485838779956, 0.6582278481012658, 0.34183673469387754, 0.29354838709677417, 0.5266768292682927, 0.283072546230441, 0.324269889224572, 0.7208121827411168, 0.386986301369863, 0.3781549173194082]","[0.9943084803642572, 0.9146341463414634, 0.9905142286570144, 0.9919484702093397, 0.9904580152671756, 0.9914383561643836, 0.9512195121951219, 0.9816247582205029, 0.9924012158054711, 0.9753265602322206, 0.9376770538243626, 0.9772727272727273, 0.9872448979591837, 0.9895549500454133, 0.9301204819277108, 0.969140950792327, 0.9829984544049459, 0.984641638225256, 0.9633173843700159, 0.9946438136047134, 0.9826410415375078, 0.9759036144578314, 0.95625, 0.9873949579831933, 0.9722222222222222, 0.9954259576901087, 0.9781021897810219, 0.981000633312223, 0.9557692307692308, 0.9445727482678984, 0.9902200488997555, 0.9500390320062451, 0.9750566893424036, 0.9655172413793104, 0.9737903225806451, 0.9762658227848101, 0.9848619768477292, 0.9509803921568627, 0.9212121212121213, 0.9806949806949807, 0.9673202614379085, 0.9493670886075949, 0.9846938775510204, 0.9709677419354839, 0.9916158536585366, 0.968705547652916, 0.94662638469285, 0.9644670050761421, 0.952054794520548, 0.9699738903394256]",0.4064111133347911,50,"[0.4043956043956044, 0.42714285714285716, 0.40824175824175823, 0.4023076923076923, 0.40844444444444444, 0.4054639175257732, 0.40647727272727274, 0.41127659574468084, 0.39989010989010987, 0.4196629213483146, 0.42206521739130437, 0.4146666666666667, 0.42, 0.4240697674418605, 0.40591397849462363, 0.40348314606741575, 0.41755555555555557, 0.41925531914893616, 0.3967777777777778, 0.39717391304347827, 0.42548780487804877, 0.39625, 0.4, 0.40378947368421053, 0.4225555555555556, 0.4003333333333333, 0.40597826086956523, 0.40155555555555555, 0.40380434782608693, 0.4126086956521739, 0.40376344086021504, 0.415625, 0.4053763440860215, 0.3929032258064516, 0.39510869565217394, 0.41695652173913045, 0.3987096774193548, 0.39670212765957447, 0.40119565217391306, 0.4025531914893617, 0.38858695652173914, 0.40141304347826084, 0.3956179775280899, 0.4001063829787234, 0.4028888888888889, 0.4156818181818182, 0.40912087912087913, 0.4204651162790698, 0.3968674698795181, 0.3742857142857143]",3.087097644805908,2.5361881256103516,0.017284870147705078,0.0,0.0,0.35993027687072754,1115755,ai08,success,
vit_b32_cifar100,CIFAR100,50,0.05,42,100,1.0,dp_avg_eps2_K20,dp_avg,100,6.449903898212313,0.0954,0.12767599999999998,0.2057,0.8692,0.0565,-0.8435562869308569,0,50,"[-0.8067729083665338, -0.872277810476751, -0.8613333333333333, -0.8421052631578948, -0.7612208258527827, -0.9155172413793103, -0.9021645021645022, -0.9131652661064426, -0.8847926267281107, -0.7801980198019802, -0.7566433566433567, -0.8242924528301887, -0.8681177976952624, -0.8370253164556962, -0.8121645796064401, -0.8119891008174387, -0.7182320441988951, -0.8971906754333533, -0.7572886297376094, -0.9076154806491885, -0.8597449908925319, -0.8372395833333334, -0.8582278481012658, -0.7512820512820513, -0.9177403369672944, -0.8189017951425555, -0.8656429942418427, -0.8946322067594433, -0.7425925925925926, -0.8911465892597968, -0.8387850467289719, -0.9216018048505358, -0.9196428571428572, -0.8054298642533937, -0.8434559452523523, -0.8297872340425532, -0.8545150501672241, -0.8836748182419035, -0.797768479776848, -0.8352272727272728, -0.9009009009009009, -0.7381656804733727, -0.832425068119891, -0.8563162970106075, -0.8492462311557789, -0.9242325277596343, -0.8648310387984982, -0.8527724665391969, -0.8265107212475633, -0.8352668213457077]","[0.17231075697211157, 0.1053560918187169, 0.09333333333333334, 0.08289473684210526, 0.1651705565529623, 0.03793103448275862, 0.05800865800865801, 0.04948646125116713, 0.053763440860215055, 0.11287128712871287, 0.16783216783216784, 0.14622641509433962, 0.07042253521126761, 0.08860759493670886, 0.14937388193202147, 0.11171662125340599, 0.0861878453038674, 0.07650926479378362, 0.20408163265306123, 0.04244694132334582, 0.04553734061930783, 0.09765625, 0.11772151898734177, 0.1717948717948718, 0.035678889990089196, 0.13938753959873285, 0.10812539987204095, 0.05666003976143141, 0.18333333333333332, 0.0420899854862119, 0.1277258566978193, 0.05527354765933446, 0.029017857142857144, 0.14027149321266968, 0.11633875106929, 0.0851063829787234, 0.061872909698996656, 0.08526107072042301, 0.13668061366806136, 0.041666666666666664, 0.056056056056056056, 0.20118343195266272, 0.09400544959128065, 0.10028929604628736, 0.07035175879396985, 0.036577400391900716, 0.08385481852315395, 0.13001912045889102, 0.10526315789473684, 0.0951276102088167]","[0.9790836653386454, 0.9776339022954679, 0.9546666666666667, 0.925, 0.926391382405745, 0.9534482758620689, 0.9601731601731601, 0.9626517273576097, 0.9385560675883257, 0.8930693069306931, 0.9244755244755245, 0.9705188679245284, 0.93854033290653, 0.9256329113924051, 0.9615384615384616, 0.9237057220708447, 0.8044198895027624, 0.9736999402271369, 0.9613702623906706, 0.9500624219725343, 0.9052823315118397, 0.9348958333333334, 0.9759493670886076, 0.9230769230769231, 0.9534192269573836, 0.9582893347412883, 0.9737683941138836, 0.9512922465208747, 0.9259259259259259, 0.9332365747460087, 0.9665109034267912, 0.9768753525098702, 0.9486607142857143, 0.9457013574660633, 0.9597946963216424, 0.9148936170212766, 0.9163879598662207, 0.9689358889623265, 0.9344490934449093, 0.8768939393939394, 0.9569569569569569, 0.9393491124260355, 0.9264305177111717, 0.9566055930568949, 0.9195979899497487, 0.960809928151535, 0.9486858573216521, 0.982791586998088, 0.9317738791423001, 0.9303944315545244]",0.09408872318759835,50,"[0.08683544303797468, 0.09430555555555556, 0.09026666666666666, 0.09694444444444444, 0.07513157894736842, 0.09805555555555556, 0.09662162162162162, 0.09432432432432432, 0.101875, 0.08986301369863013, 0.092375, 0.08506172839506172, 0.10013888888888889, 0.10012820512820512, 0.08589041095890411, 0.09202898550724638, 0.09, 0.09756756756756757, 0.0852112676056338, 0.10415584415584415, 0.09, 0.09887323943661971, 0.09589743589743589, 0.08757142857142858, 0.10012820512820512, 0.08791666666666667, 0.09157142857142857, 0.09614285714285714, 0.09702380952380953, 0.10108108108108108, 0.08763888888888889, 0.09623188405797102, 0.099875, 0.07842857142857143, 0.09813333333333334, 0.10126582278481013, 0.10166666666666667, 0.08561643835616438, 0.08608108108108108, 0.09054054054054055, 0.10438356164383561, 0.07575342465753425, 0.10039473684210526, 0.08824324324324324, 0.09680555555555556, 0.09782608695652174, 0.10413333333333333, 0.08606060606060606, 0.08987012987012986, 0.1325]",8.129835844039917,2.532223701477051,0.34645581245422363,4.7454798221588135,0.0016052722930908203,0.33165597915649414,1115755,ai08,success,
vit_b32_cifar100,CIFAR100,50,0.05,43,100,1.0,dp_avg_eps2_K20,dp_avg,100,6.442680879502149,0.0799,0.130212,0.2195,0.8683,0.042,-0.8606127366148881,0,50,"[-0.877319587628866, -0.8192771084337349, -0.7535410764872521, -0.859504132231405, -0.9058380414312618, -0.9385733157199471, -0.8892763731473409, -0.8817365269461078, -0.8614609571788414, -0.8134146341463415, -0.8364928909952607, -0.8786816269284712, -0.9087301587301587, -0.8933333333333333, -0.9047353760445682, -0.9077069457659372, -0.8476027397260274, -0.8555815768930523, -0.8907242693773825, -0.8516209476309228, -0.8406504065040651, -0.864476386036961, -0.7887323943661972, -0.9188458070333634, -0.8307426597582038, -0.8395904436860069, -0.863593603010348, -0.831858407079646, -0.8804123711340206, -0.8729857819905213, -0.8551282051282051, -0.8240343347639485, -0.9332285938727416, -0.8056818181818182, -0.8548009367681499, -0.8155737704918034, -0.8722358722358722, -0.8842592592592593, -0.8953191489361703, -0.8754163890739507, -0.8965740142210731, -0.8967136150234741, -0.8638985005767013, -0.7941483803552769, -0.8329466357308585, -0.7789291882556131, -0.8905547226386806, -0.8612244897959184, -0.9053428691628103, -0.7875862068965517]","[0.07216494845360824, 0.14096385542168674, 0.13031161473087818, 0.10743801652892562, 0.054613935969868174, 0.028401585204755615, 0.06364428945074106, 0.08383233532934131, 0.11418975650713686, 0.12073170731707317, 0.10426540284360189, 0.09256661991584852, 0.06481481481481481, 0.07809523809523809, 0.07186629526462396, 0.06945765937202664, 0.0821917808219178, 0.039032006245121, 0.048284625158831, 0.1084788029925187, 0.061788617886178863, 0.10574948665297741, 0.12206572769953052, 0.029756537421100092, 0.08635578583765112, 0.09328782707622298, 0.07431796801505174, 0.12035398230088495, 0.060824742268041236, 0.0966824644549763, 0.09358974358974359, 0.0944206008583691, 0.03927729772191673, 0.15, 0.08430913348946135, 0.12807377049180327, 0.09664209664209664, 0.041666666666666664, 0.059574468085106386, 0.10326449033977349, 0.07433742727860375, 0.025821596244131457, 0.06920415224913495, 0.15673981191222572, 0.03944315545243619, 0.13644214162348878, 0.026986506746626688, 0.10816326530612246, 0.0715187210769878, 0.06896551724137931]","[0.9494845360824742, 0.9602409638554217, 0.8838526912181303, 0.9669421487603306, 0.96045197740113, 0.9669749009247027, 0.952920662598082, 0.9655688622754491, 0.9756507136859782, 0.9341463414634147, 0.9407582938388626, 0.9712482468443198, 0.9735449735449735, 0.9714285714285714, 0.9766016713091922, 0.9771646051379639, 0.9297945205479452, 0.8946135831381733, 0.9390088945362135, 0.9600997506234414, 0.9024390243902439, 0.9702258726899384, 0.9107981220657277, 0.9486023444544635, 0.917098445595855, 0.9328782707622298, 0.9379115710253998, 0.952212389380531, 0.9412371134020618, 0.9696682464454977, 0.9487179487179487, 0.9184549356223176, 0.9725058915946583, 0.9556818181818182, 0.9391100702576113, 0.9436475409836066, 0.9688779688779688, 0.9259259259259259, 0.9548936170212766, 0.9786808794137242, 0.9709114414996768, 0.9225352112676056, 0.9331026528258363, 0.9508881922675027, 0.8723897911832946, 0.9153713298791019, 0.9175412293853074, 0.9693877551020408, 0.976861590239798, 0.856551724137931]",0.07932139194490291,50,"[0.08367088607594937, 0.07780821917808219, 0.07807692307692307, 0.07507246376811594, 0.08, 0.0812987012987013, 0.08347222222222223, 0.076, 0.07555555555555556, 0.08027397260273973, 0.07826666666666666, 0.0768918918918919, 0.07561643835616438, 0.0768918918918919, 0.0747887323943662, 0.086, 0.0906578947368421, 0.082, 0.08189189189189189, 0.07771084337349397, 0.07643835616438356, 0.0784, 0.07512820512820513, 0.08371428571428571, 0.08155844155844155, 0.08392405063291139, 0.07173333333333333, 0.08037037037037037, 0.0868421052631579, 0.0854320987654321, 0.08243589743589744, 0.07871794871794872, 0.0747945205479452, 0.07945205479452055, 0.08373333333333334, 0.07532467532467532, 0.0816, 0.07676056338028169, 0.08159420289855072, 0.07527777777777778, 0.07380281690140846, 0.08325, 0.08338235294117648, 0.0772, 0.08540540540540541, 0.0681081081081081, 0.08012345679012346, 0.07714285714285714, 0.08016949152542373, 0.07230769230769231]",8.117412567138672,2.5244853496551514,0.3399181365966797,4.748830318450928,0.0016446113586425781,0.32724976539611816,1115755,ai08,success,
vit_b32_cifar100,CIFAR100,50,0.05,44,100,1.0,dp_avg_eps2_K20,dp_avg,100,6.44558801400764,0.1101,0.132434,0.2203,0.8673,0.0638,-0.834078832458845,0,50,"[-0.8138222849083215, -0.8463414634146341, -0.8479228486646885, -0.8757244043786221, -0.86731843575419, -0.8636363636363636, -0.8844647519582245, -0.8200212992545262, -0.8155339805825242, -0.8232118758434548, -0.726605504587156, -0.7634408602150538, -0.8753894080996886, -0.7617148554336989, -0.7467948717948718, -0.9007832898172323, -0.8599827139152982, -0.8593508500772797, -0.7921810699588477, -0.8711111111111111, -0.743073047858942, -0.6916299559471366, -0.8617788461538461, -0.9030402629416598, -0.8475609756097561, -0.905849582172702, -0.9107835531419706, -0.7599206349206349, -0.8207885304659498, -0.9095074455899198, -0.8528301886792453, -0.853183520599251, -0.8287752675386445, -0.8255813953488372, -0.8768577494692145, -0.779788838612368, -0.8787541713014461, -0.7945578231292516, -0.8293216630196937, -0.8788898233809924, -0.8792359827479975, -0.7504000000000001, -0.8308219178082192, -0.8331360946745562, -0.759656652360515, -0.8605150214592274, -0.8002496878901374, -0.89171974522293, -0.9020771513353116, -0.8283038501560873]","[0.12693935119887165, 0.1073170731707317, 0.1201780415430267, 0.09401159047005796, 0.07541899441340782, 0.09090909090909091, 0.07963446475195822, 0.12460063897763578, 0.15318230852211434, 0.10256410256410256, 0.21743119266055047, 0.06451612903225806, 0.06697819314641744, 0.1794616151545364, 0.21794871794871795, 0.0731070496083551, 0.09766637856525497, 0.04791344667697063, 0.1574074074074074, 0.09066666666666667, 0.17380352644836272, 0.24082232011747431, 0.0889423076923077, 0.07395234182415776, 0.06300813008130081, 0.06350974930362117, 0.051978277734678044, 0.1597222222222222, 0.1460573476702509, 0.025200458190148912, 0.09685534591194969, 0.1198501872659176, 0.09274673008323424, 0.11129568106312292, 0.03821656050955414, 0.167420814479638, 0.06674082313681869, 0.14965986394557823, 0.11816192560175055, 0.095878889823381, 0.09426987060998152, 0.1232, 0.1363013698630137, 0.08875739644970414, 0.16523605150214593, 0.11587982832618025, 0.12609238451935081, 0.07537154989384288, 0.04747774480712166, 0.07180020811654526]","[0.9407616361071932, 0.9536585365853658, 0.9681008902077152, 0.96973599484868, 0.9427374301675978, 0.9545454545454546, 0.9640992167101827, 0.9446219382321619, 0.9687162891046386, 0.9257759784075573, 0.9440366972477064, 0.8279569892473119, 0.942367601246106, 0.9411764705882353, 0.9647435897435898, 0.9738903394255874, 0.9576490924805532, 0.9072642967542504, 0.9495884773662552, 0.9617777777777777, 0.9168765743073047, 0.9324522760646109, 0.9507211538461539, 0.9769926047658176, 0.9105691056910569, 0.9693593314763231, 0.9627618308766486, 0.9196428571428571, 0.9668458781362007, 0.9347079037800687, 0.949685534591195, 0.9730337078651685, 0.9215219976218787, 0.9368770764119602, 0.9150743099787686, 0.947209653092006, 0.9454949944382648, 0.9442176870748299, 0.9474835886214442, 0.9747687132043734, 0.973505853357979, 0.8736, 0.9671232876712329, 0.9218934911242603, 0.924892703862661, 0.9763948497854077, 0.9263420724094882, 0.9670912951167728, 0.9495548961424333, 0.9001040582726326]",0.10745785143799438,50,"[0.10105263157894737, 0.10546666666666667, 0.10705128205128205, 0.1076056338028169, 0.11205128205128205, 0.10278481012658228, 0.10108108108108108, 0.10605633802816901, 0.10189873417721519, 0.11103896103896103, 0.10945945945945947, 0.12907894736842104, 0.1117391304347826, 0.11561643835616438, 0.11558441558441558, 0.10506849315068494, 0.09814285714285714, 0.11859375, 0.09722222222222222, 0.11246753246753247, 0.09813333333333334, 0.10753246753246753, 0.117, 0.10763157894736843, 0.10824324324324325, 0.11415384615384615, 0.10844155844155844, 0.09732394366197183, 0.11652173913043479, 0.11881578947368421, 0.10929577464788733, 0.10375, 0.09767123287671232, 0.11473684210526315, 0.121, 0.108, 0.11652777777777777, 0.10026315789473685, 0.09771084337349398, 0.10907894736842105, 0.10644736842105264, 0.10208955223880598, 0.09890625, 0.11347222222222222, 0.10569767441860466, 0.11135135135135135, 0.10236111111111111, 0.11092105263157895, 0.12257142857142857, 0.05818181818181818]",8.151617527008057,2.550063133239746,0.3482198715209961,4.751798152923584,0.0016455650329589844,0.32468509674072266,1115755,ai08,success,
vit_b32_cifar100,CIFAR100,50,0.05,42,100,1.0,dp_avg_eps8_K20,dp_avg,100,1.6124759745530783,0.1002,0.12767599999999998,0.2057,0.8692,0.0577,-0.8390312355748455,0,50,"[-0.8067729083665338, -0.8663919952913478, -0.8666666666666667, -0.8342105263157895, -0.7576301615798923, -0.9077586206896552, -0.8952380952380952, -0.9159663865546219, -0.8847926267281107, -0.7702970297029703, -0.7594405594405594, -0.8172169811320755, -0.8617157490396927, -0.8306962025316456, -0.817531305903399, -0.8038147138964578, -0.7160220994475138, -0.8971906754333533, -0.7572886297376094, -0.8976279650436954, -0.848816029143898, -0.8294270833333334, -0.839873417721519, -0.7423076923076923, -0.9187314172447969, -0.8162618796198522, -0.8637236084452975, -0.8976143141153081, -0.7351851851851852, -0.8940493468795356, -0.8473520249221184, -0.9142695995487873, -0.9129464285714286, -0.8009049773755655, -0.8349016253207869, -0.8416075650118203, -0.8494983277591973, -0.8889623265036352, -0.804741980474198, -0.8162878787878789, -0.8958958958958959, -0.7233727810650887, -0.8079019073569482, -0.8524590163934426, -0.8257956448911222, -0.9242325277596343, -0.8598247809762203, -0.8580305927342257, -0.8109161793372319, -0.831399845320959]","[0.17231075697211157, 0.11124190700412007, 0.088, 0.09078947368421053, 0.1687612208258528, 0.045689655172413794, 0.06493506493506493, 0.04668534080298786, 0.053763440860215055, 0.12277227722772277, 0.16503496503496504, 0.15330188679245282, 0.07682458386683738, 0.0949367088607595, 0.1440071556350626, 0.11989100817438691, 0.08839779005524862, 0.07650926479378362, 0.20408163265306123, 0.052434456928838954, 0.056466302367941715, 0.10546875, 0.1360759493670886, 0.18076923076923077, 0.03468780971258672, 0.1420274551214361, 0.11004478566858605, 0.0536779324055666, 0.19074074074074074, 0.03918722786647315, 0.1191588785046729, 0.06260575296108291, 0.03571428571428571, 0.14479638009049775, 0.12489307100085544, 0.07328605200945626, 0.06688963210702341, 0.07997356245869135, 0.1297071129707113, 0.06060606060606061, 0.06106106106106106, 0.21597633136094674, 0.11852861035422343, 0.10414657666345227, 0.09380234505862646, 0.036577400391900716, 0.08886107634543179, 0.12476099426386233, 0.12085769980506822, 0.09899458623356536]","[0.9790836653386454, 0.9776339022954679, 0.9546666666666667, 0.925, 0.926391382405745, 0.9534482758620689, 0.9601731601731601, 0.9626517273576097, 0.9385560675883257, 0.8930693069306931, 0.9244755244755245, 0.9705188679245284, 0.93854033290653, 0.9256329113924051, 0.9615384615384616, 0.9237057220708447, 0.8044198895027624, 0.9736999402271369, 0.9613702623906706, 0.9500624219725343, 0.9052823315118397, 0.9348958333333334, 0.9759493670886076, 0.9230769230769231, 0.9534192269573836, 0.9582893347412883, 0.9737683941138836, 0.9512922465208747, 0.9259259259259259, 0.9332365747460087, 0.9665109034267912, 0.9768753525098702, 0.9486607142857143, 0.9457013574660633, 0.9597946963216424, 0.9148936170212766, 0.9163879598662207, 0.9689358889623265, 0.9344490934449093, 0.8768939393939394, 0.9569569569569569, 0.9393491124260355, 0.9264305177111717, 0.9566055930568949, 0.9195979899497487, 0.960809928151535, 0.9486858573216521, 0.982791586998088, 0.9317738791423001, 0.9303944315545244]",0.09878835941765113,50,"[0.09316455696202532, 0.09805555555555556, 0.09306666666666667, 0.10430555555555555, 0.07842105263157895, 0.10208333333333333, 0.10162162162162162, 0.09959459459459459, 0.1075, 0.09561643835616439, 0.09525, 0.09160493827160494, 0.10736111111111112, 0.1041025641025641, 0.09246575342465753, 0.09681159420289855, 0.09445945945945947, 0.1045945945945946, 0.09112676056338029, 0.10818181818181818, 0.09328947368421053, 0.10352112676056338, 0.09948717948717949, 0.09285714285714286, 0.10307692307692308, 0.09319444444444444, 0.09542857142857143, 0.10214285714285715, 0.10261904761904762, 0.10716216216216216, 0.09416666666666666, 0.09942028985507247, 0.10525, 0.08257142857142857, 0.10466666666666667, 0.10468354430379746, 0.10564102564102563, 0.08863013698630137, 0.09094594594594595, 0.09256756756756757, 0.10821917808219178, 0.08164383561643836, 0.10394736842105264, 0.09040540540540541, 0.10138888888888889, 0.10318840579710145, 0.1088, 0.09393939393939393, 0.09467532467532468, 0.1325]",8.128046035766602,2.518866777420044,0.34545159339904785,4.745505094528198,0.00164794921875,0.34185791015625,1115755,ai08,success,
vit_b32_cifar100,CIFAR100,50,0.05,43,100,1.0,dp_avg_eps8_K20,dp_avg,100,1.6106702198755372,0.0801,0.130212,0.2195,0.8683,0.0452,-0.8572902615577896,0,50,"[-0.8752577319587629, -0.810843373493976, -0.773371104815864, -0.8662659654395192, -0.8992467043314502, -0.9365918097754293, -0.8840453356582388, -0.8862275449101796, -0.8497061293031067, -0.7914634146341464, -0.8388625592417062, -0.8709677419354839, -0.9054232804232804, -0.8790476190476191, -0.8913649025069638, -0.9200761179828735, -0.8304794520547946, -0.8555815768930523, -0.8932655654383737, -0.8428927680798005, -0.8292682926829269, -0.8593429158110883, -0.8051643192488264, -0.9170423805229937, -0.8290155440414508, -0.8282138794084187, -0.8278457196613358, -0.8407079646017699, -0.8876288659793814, -0.8625592417061612, -0.8435897435897436, -0.8283261802575107, -0.9214454045561665, -0.7920454545454545, -0.8477751756440282, -0.8145491803278688, -0.8730548730548731, -0.8726851851851852, -0.8919148936170213, -0.882744836775483, -0.8881706528765352, -0.8990610328638498, -0.8662053056516725, -0.7972831765935214, -0.8352668213457076, -0.7789291882556131, -0.889055472263868, -0.8704081632653061, -0.9049221708035338, -0.7793103448275862]","[0.07422680412371134, 0.1493975903614458, 0.11048158640226628, 0.10067618332081142, 0.06120527306967985, 0.03038309114927345, 0.06887532693984307, 0.07934131736526946, 0.12594458438287154, 0.14268292682926828, 0.1018957345971564, 0.1002805049088359, 0.06812169312169312, 0.09238095238095238, 0.08523676880222841, 0.05708848715509039, 0.09931506849315068, 0.039032006245121, 0.045743329097839895, 0.1172069825436409, 0.07317073170731707, 0.11088295687885011, 0.1056338028169014, 0.031559963931469794, 0.08808290155440414, 0.10466439135381114, 0.11006585136406397, 0.11150442477876106, 0.05360824742268041, 0.10710900473933649, 0.10512820512820513, 0.09012875536480687, 0.05106048703849175, 0.16363636363636364, 0.09133489461358314, 0.1290983606557377, 0.09582309582309582, 0.05324074074074074, 0.06297872340425532, 0.09593604263824117, 0.08274078862314156, 0.023474178403755867, 0.06689734717416378, 0.1536050156739812, 0.037122969837587005, 0.13644214162348878, 0.02848575712143928, 0.09897959183673469, 0.0719394194362642, 0.07724137931034483]","[0.9494845360824742, 0.9602409638554217, 0.8838526912181303, 0.9669421487603306, 0.96045197740113, 0.9669749009247027, 0.952920662598082, 0.9655688622754491, 0.9756507136859782, 0.9341463414634147, 0.9407582938388626, 0.9712482468443198, 0.9735449735449735, 0.9714285714285714, 0.9766016713091922, 0.9771646051379639, 0.9297945205479452, 0.8946135831381733, 0.9390088945362135, 0.9600997506234414, 0.9024390243902439, 0.9702258726899384, 0.9107981220657277, 0.9486023444544635, 0.917098445595855, 0.9328782707622298, 0.9379115710253998, 0.952212389380531, 0.9412371134020618, 0.9696682464454977, 0.9487179487179487, 0.9184549356223176, 0.9725058915946583, 0.9556818181818182, 0.9391100702576113, 0.9436475409836066, 0.9688779688779688, 0.9259259259259259, 0.9548936170212766, 0.9786808794137242, 0.9709114414996768, 0.9225352112676056, 0.9331026528258363, 0.9508881922675027, 0.8723897911832946, 0.9153713298791019, 0.9175412293853074, 0.9693877551020408, 0.976861590239798, 0.856551724137931]",0.07957981883863312,50,"[0.08455696202531646, 0.07849315068493151, 0.08166666666666667, 0.07333333333333333, 0.07871428571428571, 0.08467532467532468, 0.08333333333333333, 0.07586666666666667, 0.0745679012345679, 0.07821917808219178, 0.07866666666666666, 0.07878378378378378, 0.07520547945205479, 0.0768918918918919, 0.07464788732394366, 0.0855, 0.08934210526315789, 0.082, 0.08486486486486486, 0.07879518072289157, 0.0773972602739726, 0.0792, 0.07846153846153846, 0.085, 0.0812987012987013, 0.08316455696202532, 0.06866666666666667, 0.08160493827160493, 0.08802631578947369, 0.08456790123456791, 0.08269230769230769, 0.08064102564102564, 0.07438356164383561, 0.07767123287671233, 0.08333333333333333, 0.07532467532467532, 0.08093333333333333, 0.07605633802816901, 0.08159420289855072, 0.07736111111111112, 0.07507042253521126, 0.0825, 0.08676470588235294, 0.07626666666666666, 0.08459459459459459, 0.06756756756756757, 0.0808641975308642, 0.07935064935064935, 0.08050847457627118, 0.07]",8.116222381591797,2.516409397125244,0.3403143882751465,4.749923467636108,0.0016105175018310547,0.3280661106109619,1115755,ai08,success,
vit_b32_cifar100,CIFAR100,50,0.05,44,100,1.0,dp_avg_eps8_K20,dp_avg,100,1.61139700350191,0.1113,0.132434,0.2203,0.8673,0.0641,-0.8330369036307367,0,50,"[-0.8265162200282087, -0.848780487804878, -0.8531157270029674, -0.8776561493882807, -0.8701117318435755, -0.86489898989899, -0.8909921671018276, -0.8040468583599574, -0.8101402373247033, -0.8245614035087719, -0.7357798165137615, -0.7715053763440861, -0.8800623052959502, -0.7507477567298105, -0.7232905982905983, -0.902088772845953, -0.853932584269663, -0.8516228748068005, -0.8004115226337449, -0.8675555555555555, -0.7329974811083123, -0.6813509544787077, -0.8569711538461539, -0.9071487263763353, -0.8495934959349594, -0.9047353760445682, -0.9100077579519007, -0.7648809523809523, -0.8127240143369175, -0.9106529209621993, -0.8528301886792453, -0.846441947565543, -0.8240190249702735, -0.8172757475083057, -0.8726114649681529, -0.808446455505279, -0.8765294771968855, -0.7931972789115646, -0.824945295404814, -0.8746846089150546, -0.8724584103512014, -0.7312000000000001, -0.8410958904109589, -0.829585798816568, -0.7660944206008584, -0.8669527896995708, -0.8039950062421973, -0.8885350318471338, -0.8968842729970327, -0.8251821019771072]","[0.11424541607898449, 0.1048780487804878, 0.11498516320474778, 0.09207984546039923, 0.07262569832402235, 0.08964646464646464, 0.0731070496083551, 0.14057507987220447, 0.15857605177993528, 0.10121457489878542, 0.20825688073394497, 0.056451612903225805, 0.06230529595015576, 0.19042871385842472, 0.24145299145299146, 0.07180156657963446, 0.10371650821089023, 0.05564142194744977, 0.14917695473251028, 0.09422222222222222, 0.18387909319899245, 0.2511013215859031, 0.09375, 0.06984387838948233, 0.06097560975609756, 0.06462395543175488, 0.05275407292474787, 0.15476190476190477, 0.15412186379928317, 0.024054982817869417, 0.09685534591194969, 0.12659176029962546, 0.09750297265160524, 0.11960132890365449, 0.04246284501061571, 0.138763197586727, 0.06896551724137931, 0.1510204081632653, 0.12253829321663019, 0.10008410428931876, 0.10104744300677758, 0.1424, 0.12602739726027398, 0.09230769230769231, 0.15879828326180256, 0.10944206008583691, 0.12234706616729088, 0.07855626326963906, 0.052670623145400594, 0.07492195629552549]","[0.9407616361071932, 0.9536585365853658, 0.9681008902077152, 0.96973599484868, 0.9427374301675978, 0.9545454545454546, 0.9640992167101827, 0.9446219382321619, 0.9687162891046386, 0.9257759784075573, 0.9440366972477064, 0.8279569892473119, 0.942367601246106, 0.9411764705882353, 0.9647435897435898, 0.9738903394255874, 0.9576490924805532, 0.9072642967542504, 0.9495884773662552, 0.9617777777777777, 0.9168765743073047, 0.9324522760646109, 0.9507211538461539, 0.9769926047658176, 0.9105691056910569, 0.9693593314763231, 0.9627618308766486, 0.9196428571428571, 0.9668458781362007, 0.9347079037800687, 0.949685534591195, 0.9730337078651685, 0.9215219976218787, 0.9368770764119602, 0.9150743099787686, 0.947209653092006, 0.9454949944382648, 0.9442176870748299, 0.9474835886214442, 0.9747687132043734, 0.973505853357979, 0.8736, 0.9671232876712329, 0.9218934911242603, 0.924892703862661, 0.9763948497854077, 0.9263420724094882, 0.9670912951167728, 0.9495548961424333, 0.9001040582726326]",0.10897247603401825,50,"[0.10473684210526316, 0.10653333333333333, 0.10884615384615384, 0.1115492957746479, 0.11333333333333333, 0.10544303797468355, 0.10472972972972973, 0.10690140845070423, 0.10164556962025316, 0.11181818181818182, 0.11054054054054054, 0.13013157894736843, 0.11652173913043479, 0.1178082191780822, 0.11571428571428571, 0.10945205479452055, 0.1, 0.12, 0.10027777777777777, 0.11285714285714285, 0.098, 0.10896103896103897, 0.118875, 0.10894736842105263, 0.1095945945945946, 0.11507692307692308, 0.11090909090909092, 0.09816901408450704, 0.11608695652173913, 0.1181578947368421, 0.10985915492957747, 0.10291666666666667, 0.09671232876712328, 0.11671052631578947, 0.122, 0.1104, 0.11638888888888889, 0.1006578947368421, 0.09939759036144578, 0.11092105263157895, 0.10697368421052632, 0.10432835820895522, 0.10140625, 0.11416666666666667, 0.10744186046511628, 0.11378378378378379, 0.10583333333333333, 0.11328947368421052, 0.122, 0.06181818181818182]",8.038292407989502,2.5137200355529785,0.34668874740600586,4.670170545578003,0.0016524791717529297,0.3329606056213379,1115755,ai08,success,
vit_b32_cifar100,CIFAR100,50,0.05,42,100,1.0,labelled_probe_warmup,labelled,300,0.0,0.4201,0.12767599999999998,0.2057,0.8692,0.3924,-0.5039034304557412,0,50,"[-0.37649402390438247, -0.5874043555032371, -0.4097777777777778, -0.39473684210526316, -0.37701974865350085, -0.7137931034482758, -0.7619047619047619, -0.35854341736694684, -0.3548387096774194, -0.2950495049504951, -0.3832167832167832, -0.4422169811320755, -0.7119078104993597, -0.6677215189873418, -0.4275491949910555, -0.31335149863760214, -0.5314917127071823, -0.45965331739390325, -0.4336734693877551, -0.6853932584269663, -0.30965391621129323, -0.40625, -0.49303797468354427, -0.4333333333333334, -0.4241823587710605, -0.559662090813094, -0.3851567498400512, -0.6829025844930418, -0.2518518518518519, -0.39042089985486217, -0.4299065420560747, -0.505922165820643, -0.78125, -0.6447963800904977, -0.60393498716852, -0.48226950354609927, -0.717391304347826, -0.44216787838731, -0.601115760111576, -0.5530303030303031, -0.8258258258258258, -0.3520710059171598, -0.3978201634877384, -0.6055930568948891, -0.5561139028475712, -0.7354670150228609, -0.2991239048811014, -0.7748565965583174, -0.3879142300194931, -0.4764114462490333]","[0.602589641434263, 0.3902295467922307, 0.5448888888888889, 0.5302631578947369, 0.5493716337522442, 0.2396551724137931, 0.19826839826839826, 0.6041083099906629, 0.5837173579109063, 0.598019801980198, 0.5412587412587413, 0.5283018867924528, 0.2266325224071703, 0.2579113924050633, 0.5339892665474061, 0.6103542234332425, 0.2729281767955801, 0.5140466228332337, 0.5276967930029155, 0.264669163545568, 0.5956284153005464, 0.5286458333333334, 0.4829113924050633, 0.4897435897435897, 0.5292368681863231, 0.3986272439281943, 0.5886116442738324, 0.268389662027833, 0.674074074074074, 0.5428156748911466, 0.5366043613707165, 0.4709531866892273, 0.16741071428571427, 0.3009049773755656, 0.3558597091531223, 0.4326241134751773, 0.19899665551839466, 0.5267680105750165, 0.3333333333333333, 0.32386363636363635, 0.13113113113113112, 0.5872781065088757, 0.5286103542234333, 0.3510125361620058, 0.36348408710217756, 0.22534291312867408, 0.6495619524405507, 0.20793499043977057, 0.543859649122807, 0.4539829853054911]","[0.9790836653386454, 0.9776339022954679, 0.9546666666666667, 0.925, 0.926391382405745, 0.9534482758620689, 0.9601731601731601, 0.9626517273576097, 0.9385560675883257, 0.8930693069306931, 0.9244755244755245, 0.9705188679245284, 0.93854033290653, 0.9256329113924051, 0.9615384615384616, 0.9237057220708447, 0.8044198895027624, 0.9736999402271369, 0.9613702623906706, 0.9500624219725343, 0.9052823315118397, 0.9348958333333334, 0.9759493670886076, 0.9230769230769231, 0.9534192269573836, 0.9582893347412883, 0.9737683941138836, 0.9512922465208747, 0.9259259259259259, 0.9332365747460087, 0.9665109034267912, 0.9768753525098702, 0.9486607142857143, 0.9457013574660633, 0.9597946963216424, 0.9148936170212766, 0.9163879598662207, 0.9689358889623265, 0.9344490934449093, 0.8768939393939394, 0.9569569569569569, 0.9393491124260355, 0.9264305177111717, 0.9566055930568949, 0.9195979899497487, 0.960809928151535, 0.9486858573216521, 0.982791586998088, 0.9317738791423001, 0.9303944315545244]",0.41928576785475635,50,"[0.3843037974683544, 0.40055555555555555, 0.388, 0.40819444444444447, 0.41789473684210526, 0.4477777777777778, 0.45716216216216216, 0.42067567567567565, 0.4095, 0.41506849315068495, 0.402875, 0.3887654320987654, 0.41694444444444445, 0.4346153846153846, 0.45136986301369864, 0.4073913043478261, 0.43729729729729727, 0.36283783783783785, 0.4208450704225352, 0.4419480519480519, 0.4031578947368421, 0.4085915492957746, 0.4238461538461539, 0.388, 0.40512820512820513, 0.42777777777777776, 0.40914285714285714, 0.4087142857142857, 0.3861904761904762, 0.40094594594594596, 0.40944444444444444, 0.44130434782608696, 0.427625, 0.4157142857142857, 0.4408, 0.4159493670886076, 0.4288461538461538, 0.4178082191780822, 0.4263513513513513, 0.4487837837837838, 0.4636986301369863, 0.3923287671232877, 0.41486842105263155, 0.43824324324324326, 0.44, 0.4547826086956522, 0.39826666666666666, 0.468030303030303, 0.3946753246753247, 0.45125]",7.821646451950073,2.53353214263916,0.022295713424682617,4.755096673965454,0.0016207695007324219,0.33524155616760254,1115755,ai08,success,
vit_b32_cifar100,CIFAR100,50,0.05,43,100,1.0,labelled_probe_warmup,labelled,300,0.0,0.4603,0.130212,0.2195,0.8683,0.4211,-0.4855800704806183,0,50,"[-0.39587628865979374, -0.28072289156626506, -0.43342776203966, -0.3546205860255447, -0.5301318267419963, -0.2807133421400264, -0.3653007846556233, -0.562874251497006, -0.46431570109151976, -0.425609756097561, -0.6184834123222749, -0.5028050490883591, -0.5628306878306878, -0.2819047619047619, -0.4763231197771588, -0.5290199809705043, -0.3955479452054794, -0.43559718969555034, -0.5730622617534944, -0.6670822942643392, -0.5008130081300813, -0.6098562628336757, -0.4342723004694836, -0.5680793507664562, -0.41796200345423146, -0.4584755403868032, -0.4148635936030103, -0.38053097345132747, -0.7453608247422681, -0.395260663507109, -0.48589743589743584, -0.3805436337625179, -0.6276512175962294, -0.4943181818181818, -0.3372365339578455, -0.6454918032786885, -0.40950040950040945, -0.45949074074074076, -0.5787234042553191, -0.5962691538974016, -0.4938590820943762, -0.3755868544600939, -0.6262975778546713, -0.5381400208986415, -0.5104408352668213, -0.5509499136442142, -0.41679160419790107, -0.5867346938775511, -0.5405973916701725, -0.5627586206896551]","[0.5536082474226804, 0.6795180722891566, 0.45042492917847027, 0.6123215627347859, 0.4303201506591337, 0.6862615587846763, 0.5876198779424586, 0.4026946107784431, 0.5113350125944585, 0.5085365853658537, 0.3222748815165877, 0.4684431977559607, 0.4107142857142857, 0.6895238095238095, 0.5002785515320334, 0.44814462416745954, 0.5342465753424658, 0.45901639344262296, 0.36594663278271916, 0.29301745635910226, 0.4016260162601626, 0.3603696098562628, 0.4765258215962441, 0.38052299368800724, 0.4991364421416235, 0.47440273037542663, 0.5230479774223895, 0.5716814159292035, 0.1958762886597938, 0.5744075829383887, 0.46282051282051284, 0.5379113018597997, 0.3448546739984289, 0.46136363636363636, 0.6018735362997658, 0.29815573770491804, 0.5593775593775594, 0.4664351851851852, 0.37617021276595747, 0.38241172551632246, 0.4770523594053006, 0.5469483568075117, 0.30680507497116494, 0.41274817136886105, 0.3619489559164733, 0.3644214162348877, 0.5007496251874063, 0.3826530612244898, 0.43626419856962556, 0.29379310344827586]","[0.9494845360824742, 0.9602409638554217, 0.8838526912181303, 0.9669421487603306, 0.96045197740113, 0.9669749009247027, 0.952920662598082, 0.9655688622754491, 0.9756507136859782, 0.9341463414634147, 0.9407582938388626, 0.9712482468443198, 0.9735449735449735, 0.9714285714285714, 0.9766016713091922, 0.9771646051379639, 0.9297945205479452, 0.8946135831381733, 0.9390088945362135, 0.9600997506234414, 0.9024390243902439, 0.9702258726899384, 0.9107981220657277, 0.9486023444544635, 0.917098445595855, 0.9328782707622298, 0.9379115710253998, 0.952212389380531, 0.9412371134020618, 0.9696682464454977, 0.9487179487179487, 0.9184549356223176, 0.9725058915946583, 0.9556818181818182, 0.9391100702576113, 0.9436475409836066, 0.9688779688779688, 0.9259259259259259, 0.9548936170212766, 0.9786808794137242, 0.9709114414996768, 0.9225352112676056, 0.9331026528258363, 0.9508881922675027, 0.8723897911832946, 0.9153713298791019, 0.9175412293853074, 0.9693877551020408, 0.976861590239798, 0.856551724137931]",0.45683743191812626,50,"[0.450253164556962, 0.4486301369863014, 0.4807692307692308, 0.45753623188405795, 0.44642857142857145, 0.4623376623376623, 0.4583333333333333, 0.4745333333333333, 0.42962962962962964, 0.45438356164383564, 0.44706666666666667, 0.4693243243243243, 0.4383561643835616, 0.4295945945945946, 0.4287323943661972, 0.4785, 0.4602631578947368, 0.42293333333333333, 0.46216216216216216, 0.4744578313253012, 0.46465753424657535, 0.47986666666666666, 0.4880769230769231, 0.4501428571428571, 0.4566233766233766, 0.4422784810126582, 0.43106666666666665, 0.4737037037037037, 0.4722368421052632, 0.44666666666666666, 0.4617948717948718, 0.47217948717948716, 0.45958904109589044, 0.45493150684931505, 0.4692, 0.47545454545454546, 0.4281333333333333, 0.4795774647887324, 0.44115942028985505, 0.49236111111111114, 0.47507042253521126, 0.43875, 0.47, 0.4532, 0.45554054054054055, 0.43094594594594593, 0.44753086419753085, 0.4438961038961039, 0.4576271186440678, 0.4553846153846154]",7.867460012435913,2.5353410243988037,0.02198171615600586,4.799106121063232,0.0016498565673828125,0.33533358573913574,1115755,ai08,success,
vit_b32_cifar100,CIFAR100,50,0.05,44,100,1.0,labelled_probe_warmup,labelled,300,0.0,0.4406,0.132434,0.2203,0.8673,0.4062,-0.49885053863391604,0,50,"[-0.43723554301833567, -0.6593495934959349, -0.3857566765578635, -0.39793947198969737, -0.4650837988826816, -0.595959595959596, -0.4497389033942558, -0.4462193823216188, -0.6461704422869471, -0.46288798920377866, -0.41651376146789, -0.43279569892473124, -0.5257009345794392, -0.48255234297108673, -0.38888888888888895, -0.5052219321148825, -0.5842696629213484, -0.3554868624420402, -0.5421810699588478, -0.6817777777777777, -0.5843828715365239, -0.41850220264317184, -0.4675480769230769, -0.647493837304848, -0.30081300813008127, -0.5832869080779944, -0.6423584173778123, -0.45734126984126977, -0.3521505376344086, -0.7457044673539519, -0.4779874213836478, -0.6764044943820224, -0.6135552913198573, -0.4352159468438539, -0.7070063694267517, -0.5595776772247361, -0.3337041156840935, -0.45578231292517, -0.2647702407002188, -0.663582842724979, -0.40788662969808986, -0.40800000000000003, -0.47876712328767124, -0.6272189349112426, -0.47424892703862664, -0.3047210300429184, -0.5230961298377029, -0.46602972399150744, -0.6446587537091988, -0.3590010405827263]","[0.5035260930888575, 0.2943089430894309, 0.5823442136498517, 0.5717965228589826, 0.4776536312849162, 0.35858585858585856, 0.5143603133159269, 0.4984025559105431, 0.3225458468176915, 0.46288798920377866, 0.5275229357798165, 0.3951612903225806, 0.4166666666666667, 0.45862412761714855, 0.5758547008547008, 0.46866840731070497, 0.37337942955920483, 0.5517774343122102, 0.4074074074074074, 0.28, 0.33249370277078083, 0.5139500734214391, 0.4831730769230769, 0.3294987674609696, 0.6097560975609756, 0.3860724233983287, 0.32040341349883633, 0.4623015873015873, 0.6146953405017921, 0.18900343642611683, 0.4716981132075472, 0.2966292134831461, 0.3079667063020214, 0.5016611295681063, 0.208067940552017, 0.38763197586727, 0.6117908787541713, 0.4884353741496599, 0.6827133479212254, 0.31118587047939444, 0.5656192236598891, 0.4656, 0.48835616438356166, 0.29467455621301775, 0.45064377682403434, 0.6716738197424893, 0.40324594257178525, 0.5010615711252654, 0.30489614243323443, 0.5411030176899063]","[0.9407616361071932, 0.9536585365853658, 0.9681008902077152, 0.96973599484868, 0.9427374301675978, 0.9545454545454546, 0.9640992167101827, 0.9446219382321619, 0.9687162891046386, 0.9257759784075573, 0.9440366972477064, 0.8279569892473119, 0.942367601246106, 0.9411764705882353, 0.9647435897435898, 0.9738903394255874, 0.9576490924805532, 0.9072642967542504, 0.9495884773662552, 0.9617777777777777, 0.9168765743073047, 0.9324522760646109, 0.9507211538461539, 0.9769926047658176, 0.9105691056910569, 0.9693593314763231, 0.9627618308766486, 0.9196428571428571, 0.9668458781362007, 0.9347079037800687, 0.949685534591195, 0.9730337078651685, 0.9215219976218787, 0.9368770764119602, 0.9150743099787686, 0.947209653092006, 0.9454949944382648, 0.9442176870748299, 0.9474835886214442, 0.9747687132043734, 0.973505853357979, 0.8736, 0.9671232876712329, 0.9218934911242603, 0.924892703862661, 0.9763948497854077, 0.9263420724094882, 0.9670912951167728, 0.9495548961424333, 0.9001040582726326]",0.43204086545574605,50,"[0.4461842105263158, 0.4458666666666667, 0.44294871794871793, 0.40943661971830986, 0.43743589743589745, 0.4181012658227848, 0.41162162162162164, 0.45028169014084507, 0.44, 0.41948051948051945, 0.4239189189189189, 0.4561842105263158, 0.4439130434782609, 0.4641095890410959, 0.43103896103896105, 0.43424657534246575, 0.43785714285714283, 0.42109375, 0.45666666666666667, 0.45311688311688314, 0.4468, 0.43662337662337664, 0.437125, 0.4568421052631579, 0.4514864864864865, 0.44969230769230767, 0.4387012987012987, 0.45380281690140845, 0.39695652173913043, 0.4213157894736842, 0.42225352112676057, 0.42347222222222225, 0.43643835616438353, 0.41960526315789476, 0.463875, 0.41586666666666666, 0.41597222222222224, 0.40828947368421054, 0.41493975903614455, 0.45460526315789473, 0.4213157894736842, 0.43283582089552236, 0.42890625, 0.4436111111111111, 0.44569767441860464, 0.42027027027027025, 0.45611111111111113, 0.420921052631579, 0.4605714285714286, 0.2636363636363636]",7.817490339279175,2.5369153022766113,0.022272109985351562,4.750978231430054,0.0016601085662841797,0.3247370719909668,1115755,ai08,success,
vit_b32_cifar100,CIFAR100,50,0.05,42,100,1.0,no_phase0,none,0,0.0,0.0223,0.12767599999999998,0.2057,0.8692,0.0121,-0.9189757482748115,0,50,"[-0.9601593625498008, -0.9582107121836374, -0.9493333333333334, -0.9026315789473685, -0.8815080789946139, -0.9327586206896551, -0.9419913419913419, -0.9430438842203548, -0.9339477726574501, -0.8871287128712871, -0.8797202797202798, -0.9398584905660378, -0.9180537772087067, -0.9066455696202532, -0.9105545617173525, -0.8991825613079019, -0.7955801104972375, -0.9515839808726838, -0.8760932944606414, -0.9413233458177278, -0.877959927140255, -0.9114583333333334, -0.9367088607594937, -0.8935897435897436, -0.9514370664023786, -0.9371700105596621, -0.9488163787587972, -0.94831013916501, -0.8814814814814815, -0.9114658925979681, -0.9517133956386292, -0.9627749576988155, -0.9464285714285714, -0.917420814479638, -0.9426860564585116, -0.8865248226950354, -0.8929765886287625, -0.9636483807005949, -0.8521617852161785, -0.8693181818181819, -0.934934934934935, -0.9215976331360947, -0.885558583106267, -0.9479267116682738, -0.9078726968174204, -0.9510124101894187, -0.9198998748435545, -0.9493307839388145, -0.9161793372319688, -0.9211136890951277]","[0.018924302788844622, 0.01942319011183049, 0.005333333333333333, 0.02236842105263158, 0.04488330341113106, 0.020689655172413793, 0.01818181818181818, 0.0196078431372549, 0.004608294930875576, 0.005940594059405941, 0.044755244755244755, 0.030660377358490566, 0.020486555697823303, 0.0189873417721519, 0.050983899821109124, 0.02452316076294278, 0.008839779005524863, 0.02211595935445308, 0.08527696793002916, 0.008739076154806492, 0.0273224043715847, 0.0234375, 0.039240506329113925, 0.029487179487179487, 0.0019821605550049554, 0.021119324181626188, 0.02495201535508637, 0.002982107355864811, 0.044444444444444446, 0.02177068214804064, 0.014797507788161994, 0.01410039481105471, 0.002232142857142857, 0.02828054298642534, 0.01710863986313088, 0.028368794326241134, 0.023411371237458192, 0.005287508261731659, 0.08228730822873083, 0.007575757575757576, 0.022022022022022022, 0.01775147928994083, 0.04087193460490463, 0.008678881388621022, 0.011725293132328308, 0.009797517962116264, 0.028785982478097622, 0.033460803059273424, 0.015594541910331383, 0.009280742459396751]","[0.9790836653386454, 0.9776339022954679, 0.9546666666666667, 0.925, 0.926391382405745, 0.9534482758620689, 0.9601731601731601, 0.9626517273576097, 0.9385560675883257, 0.8930693069306931, 0.9244755244755245, 0.9705188679245284, 0.93854033290653, 0.9256329113924051, 0.9615384615384616, 0.9237057220708447, 0.8044198895027624, 0.9736999402271369, 0.9613702623906706, 0.9500624219725343, 0.9052823315118397, 0.9348958333333334, 0.9759493670886076, 0.9230769230769231, 0.9534192269573836, 0.9582893347412883, 0.9737683941138836, 0.9512922465208747, 0.9259259259259259, 0.9332365747460087, 0.9665109034267912, 0.9768753525098702, 0.9486607142857143, 0.9457013574660633, 0.9597946963216424, 0.9148936170212766, 0.9163879598662207, 0.9689358889623265, 0.9344490934449093, 0.8768939393939394, 0.9569569569569569, 0.9393491124260355, 0.9264305177111717, 0.9566055930568949, 0.9195979899497487, 0.960809928151535, 0.9486858573216521, 0.982791586998088, 0.9317738791423001, 0.9303944315545244]",0.02283002967897372,50,"[0.023164556962025316, 0.024444444444444446, 0.02493333333333333, 0.020555555555555556, 0.016578947368421054, 0.01972222222222222, 0.025675675675675677, 0.022837837837837837, 0.025375, 0.02671232876712329, 0.022, 0.020246913580246915, 0.021111111111111112, 0.023205128205128205, 0.019452054794520546, 0.022608695652173914, 0.022702702702702703, 0.024054054054054055, 0.019295774647887325, 0.025584415584415585, 0.020921052631578948, 0.020845070422535212, 0.023717948717948717, 0.024428571428571428, 0.02358974358974359, 0.02347222222222222, 0.017142857142857144, 0.027285714285714285, 0.023214285714285715, 0.022837837837837837, 0.016527777777777777, 0.02217391304347826, 0.0265, 0.020714285714285713, 0.022133333333333335, 0.024430379746835443, 0.018205128205128204, 0.023424657534246576, 0.015675675675675675, 0.023513513513513513, 0.023424657534246576, 0.021506849315068494, 0.022763157894736843, 0.017162162162162164, 0.02375, 0.026231884057971014, 0.024533333333333334, 0.020303030303030302, 0.01831168831168831, 0.0525]",7.869432210922241,2.594820499420166,0.0077152252197265625,4.762477874755859,0.0016324520111083984,0.3283851146697998,1115755,ai08,success,
vit_b32_cifar100,CIFAR100,50,0.05,43,100,1.0,no_phase0,none,0,0.0,0.0197,0.130212,0.2195,0.8683,0.011,-0.9240400689554449,0,50,"[-0.9360824742268041, -0.9265060240963855, -0.8640226628895183, -0.9504132231404958, -0.9463276836158192, -0.9610303830911492, -0.9354838709677419, -0.9423652694610779, -0.9412258606213266, -0.9024390243902439, -0.9277251184834123, -0.9481065918653576, -0.9642857142857142, -0.9628571428571429, -0.9610027855153203, -0.9495718363463369, -0.9041095890410958, -0.8938329430132709, -0.9351969504447268, -0.9401496259351622, -0.8926829268292683, -0.9630390143737166, -0.9061032863849766, -0.9413886384129846, -0.9101899827288429, -0.9192263936291241, -0.8918156161806209, -0.9256637168141593, -0.9185567010309278, -0.9241706161137441, -0.8974358974358974, -0.8841201716738197, -0.9607227022780832, -0.9022727272727273, -0.9227166276346604, -0.9016393442622951, -0.9565929565929565, -0.9027777777777778, -0.948936170212766, -0.9680213191205863, -0.945054945054945, -0.92018779342723, -0.8985005767012688, -0.9331243469174504, -0.8700696055684455, -0.849740932642487, -0.9145427286356822, -0.9622448979591837, -0.9625578460244004, -0.8151724137931035]","[0.013402061855670102, 0.033734939759036145, 0.019830028328611898, 0.01652892561983471, 0.014124293785310734, 0.0059445178335535, 0.017436791630340016, 0.023203592814371257, 0.03442485306465155, 0.03170731707317073, 0.013033175355450236, 0.02314165497896213, 0.009259259259259259, 0.008571428571428572, 0.015598885793871866, 0.02759276879162702, 0.025684931506849314, 0.00078064012490242, 0.0038119440914866584, 0.0199501246882793, 0.00975609756097561, 0.007186858316221766, 0.004694835680751174, 0.007213706041478809, 0.0069084628670120895, 0.013651877133105802, 0.04609595484477893, 0.02654867256637168, 0.02268041237113402, 0.04549763033175355, 0.05128205128205128, 0.034334763948497854, 0.01178318931657502, 0.053409090909090906, 0.01639344262295082, 0.042008196721311473, 0.012285012285012284, 0.023148148148148147, 0.005957446808510639, 0.010659560293137908, 0.025856496444731737, 0.002347417840375587, 0.03460207612456748, 0.017763845350052248, 0.002320185614849188, 0.06563039723661486, 0.0029985007496251873, 0.007142857142857143, 0.01430374421539756, 0.041379310344827586]","[0.9494845360824742, 0.9602409638554217, 0.8838526912181303, 0.9669421487603306, 0.96045197740113, 0.9669749009247027, 0.952920662598082, 0.9655688622754491, 0.9756507136859782, 0.9341463414634147, 0.9407582938388626, 0.9712482468443198, 0.9735449735449735, 0.9714285714285714, 0.9766016713091922, 0.9771646051379639, 0.9297945205479452, 0.8946135831381733, 0.9390088945362135, 0.9600997506234414, 0.9024390243902439, 0.9702258726899384, 0.9107981220657277, 0.9486023444544635, 0.917098445595855, 0.9328782707622298, 0.9379115710253998, 0.952212389380531, 0.9412371134020618, 0.9696682464454977, 0.9487179487179487, 0.9184549356223176, 0.9725058915946583, 0.9556818181818182, 0.9391100702576113, 0.9436475409836066, 0.9688779688779688, 0.9259259259259259, 0.9548936170212766, 0.9786808794137242, 0.9709114414996768, 0.9225352112676056, 0.9331026528258363, 0.9508881922675027, 0.8723897911832946, 0.9153713298791019, 0.9175412293853074, 0.9693877551020408, 0.976861590239798, 0.856551724137931]",0.019634014104856948,50,"[0.021139240506329114, 0.02095890410958904, 0.020256410256410257, 0.01391304347826087, 0.021857142857142856, 0.01805194805194805, 0.01638888888888889, 0.0184, 0.015679012345679012, 0.019315068493150685, 0.021466666666666665, 0.018378378378378378, 0.0163013698630137, 0.02108108108108108, 0.01323943661971831, 0.019625, 0.0225, 0.022933333333333333, 0.02081081081081081, 0.020240963855421686, 0.020136986301369862, 0.022, 0.017051282051282052, 0.018571428571428572, 0.022337662337662337, 0.021139240506329114, 0.0152, 0.022222222222222223, 0.01868421052631579, 0.019876543209876543, 0.020128205128205127, 0.0208974358974359, 0.018356164383561645, 0.01863013698630137, 0.020266666666666665, 0.018441558441558443, 0.02, 0.02140845070422535, 0.023768115942028985, 0.01972222222222222, 0.014225352112676056, 0.020375, 0.02235294117647059, 0.021333333333333333, 0.020945945945945947, 0.01972972972972973, 0.019753086419753086, 0.021688311688311687, 0.019152542372881356, 0.02076923076923077]",7.76620626449585,2.5223333835601807,0.008959054946899414,4.727114915847778,0.001653909683227539,0.3326115608215332,1115755,ai08,success,
vit_b32_cifar100,CIFAR100,50,0.05,44,100,1.0,no_phase0,none,0,0.0,0.0228,0.132434,0.2203,0.8673,0.0072,-0.9208694261917999,0,50,"[-0.9040902679830747, -0.9439024390243902, -0.9295252225519288, -0.9536381197681907, -0.9371508379888268, -0.9381313131313131, -0.9360313315926893, -0.9243876464323749, -0.9374325782092772, -0.8974358974358974, -0.9, -0.8198924731182796, -0.9361370716510904, -0.8733798604187437, -0.9391025641025641, -0.956266318537859, -0.9334485738980122, -0.9026275115919629, -0.9218106995884774, -0.9368888888888889, -0.889168765743073, -0.882525697503671, -0.9230769230769231, -0.952341824157765, -0.896341463414634, -0.9554317548746518, -0.9557796741660202, -0.8898809523809523, -0.9471326164874552, -0.9278350515463918, -0.9345911949685535, -0.9310861423220973, -0.896551724137931, -0.9119601328903655, -0.9065817409766455, -0.889894419306184, -0.9276974416017798, -0.9251700680272108, -0.9277899343544858, -0.9596299411269975, -0.9513247073321011, -0.8544, -0.9500000000000001, -0.9171597633136095, -0.8776824034334765, -0.9599427753934191, -0.9013732833957554, -0.9564755838641189, -0.9399109792284867, -0.8834547346514048]","[0.036671368124118475, 0.00975609756097561, 0.03857566765578635, 0.016097875080489377, 0.00558659217877095, 0.016414141414141416, 0.028067885117493474, 0.02023429179978701, 0.03128371089536138, 0.02834008097165992, 0.044036697247706424, 0.008064516129032258, 0.006230529595015576, 0.06779661016949153, 0.02564102564102564, 0.01762402088772846, 0.024200518582541054, 0.00463678516228748, 0.027777777777777776, 0.024888888888888887, 0.027707808564231738, 0.049926578560939794, 0.027644230769230768, 0.024650780608052588, 0.014227642276422764, 0.013927576601671309, 0.0069821567106283944, 0.02976190476190476, 0.01971326164874552, 0.006872852233676976, 0.01509433962264151, 0.041947565543071164, 0.02497027348394768, 0.024916943521594685, 0.008492569002123142, 0.05731523378582202, 0.017797552836484983, 0.01904761904761905, 0.019693654266958426, 0.015138772077375946, 0.022181146025878003, 0.0192, 0.017123287671232876, 0.004733727810650888, 0.04721030042918455, 0.016452074391988557, 0.024968789013732832, 0.010615711252653927, 0.009643916913946587, 0.01664932362122789]","[0.9407616361071932, 0.9536585365853658, 0.9681008902077152, 0.96973599484868, 0.9427374301675978, 0.9545454545454546, 0.9640992167101827, 0.9446219382321619, 0.9687162891046386, 0.9257759784075573, 0.9440366972477064, 0.8279569892473119, 0.942367601246106, 0.9411764705882353, 0.9647435897435898, 0.9738903394255874, 0.9576490924805532, 0.9072642967542504, 0.9495884773662552, 0.9617777777777777, 0.9168765743073047, 0.9324522760646109, 0.9507211538461539, 0.9769926047658176, 0.9105691056910569, 0.9693593314763231, 0.9627618308766486, 0.9196428571428571, 0.9668458781362007, 0.9347079037800687, 0.949685534591195, 0.9730337078651685, 0.9215219976218787, 0.9368770764119602, 0.9150743099787686, 0.947209653092006, 0.9454949944382648, 0.9442176870748299, 0.9474835886214442, 0.9747687132043734, 0.973505853357979, 0.8736, 0.9671232876712329, 0.9218934911242603, 0.924892703862661, 0.9763948497854077, 0.9263420724094882, 0.9670912951167728, 0.9495548961424333, 0.9001040582726326]",0.02252070308786689,50,"[0.018026315789473685, 0.023733333333333332, 0.021025641025641025, 0.023098591549295774, 0.02346153846153846, 0.021139240506329114, 0.02108108108108108, 0.02112676056338028, 0.021139240506329114, 0.021038961038961038, 0.023783783783783784, 0.027236842105263157, 0.023043478260869565, 0.02410958904109589, 0.026623376623376622, 0.018493150684931507, 0.018714285714285715, 0.0259375, 0.02013888888888889, 0.021558441558441558, 0.022933333333333333, 0.02181818181818182, 0.024875, 0.021710526315789475, 0.02364864864864865, 0.02246153846153846, 0.023116883116883116, 0.019859154929577464, 0.025652173913043478, 0.025, 0.023098591549295774, 0.021805555555555557, 0.021917808219178082, 0.02526315789473684, 0.023, 0.024533333333333334, 0.02361111111111111, 0.019473684210526317, 0.021445783132530122, 0.024473684210526314, 0.024473684210526314, 0.022238805970149253, 0.0221875, 0.02361111111111111, 0.021046511627906977, 0.02554054054054054, 0.02125, 0.024868421052631578, 0.028428571428571428, 0.008181818181818182]",7.764403820037842,2.5095670223236084,0.007712364196777344,4.738450765609741,0.00164031982421875,0.3333601951599121,1115755,ai08,success,
vit_b32_cifar100,CIFAR100,50,0.05,42,100,1.0,raw_union_K20,raw_union,13492,0.0,0.8406,0.12767599999999998,0.2057,0.8692,0.8377,-0.05778398027366036,6,50,"[-0.055776892430278946, -0.08240141259564449, -0.08711111111111114, -0.010526315789473717, -0.016157989228007152, -0.11293103448275854, -0.061471861471861455, -0.06069094304388423, -0.027649769585253448, 0.00990099009900991, -0.04055944055944061, -0.07193396226415094, -0.2074263764404609, -0.020569620253164556, -0.05635062611806796, -0.04223433242506813, -0.0022099447513812542, -0.10579796772265393, -0.06413994169096215, -0.13982521847690388, -0.041894353369763215, -0.02734375, -0.1259493670886076, -0.010256410256410331, -0.03666997026759167, -0.10665258711721226, -0.10428662827895074, -0.10238568588469188, -0.0018518518518518823, 0.020319303338171224, -0.11915887850467288, -0.15341229554427516, -0.1037946428571429, -0.014705882352941124, -0.07784431137724546, 0.014184397163120588, -0.06688963210702337, -0.09054857898215463, -0.012552301255230103, 0.0359848484848484, -0.055055055055055035, 0.010355029585798814, -0.017711171662125325, -0.08968177434908386, 0.008375209380234505, -0.11626387981711306, -0.09511889862327916, -0.07552581261950286, -0.005847953216374213, -0.07115235885537508]","[0.9233067729083665, 0.8952324896998234, 0.8675555555555555, 0.9144736842105263, 0.9102333931777379, 0.8405172413793104, 0.8987012987012987, 0.9019607843137255, 0.9109062980030722, 0.902970297029703, 0.8839160839160839, 0.8985849056603774, 0.7311139564660691, 0.9050632911392406, 0.9051878354203936, 0.8814713896457765, 0.8022099447513812, 0.867901972504483, 0.8972303206997084, 0.8102372034956304, 0.8633879781420765, 0.9075520833333334, 0.85, 0.9128205128205128, 0.9167492566897919, 0.851636747624076, 0.8694817658349329, 0.8489065606361829, 0.924074074074074, 0.95355587808418, 0.8473520249221184, 0.8234630569655951, 0.8448660714285714, 0.9309954751131222, 0.8819503849443969, 0.9290780141843972, 0.8494983277591973, 0.8783873099801719, 0.9218967921896792, 0.9128787878787878, 0.9019019019019019, 0.9497041420118343, 0.9087193460490464, 0.866923818707811, 0.9279731993299832, 0.8445460483344219, 0.853566958698373, 0.9072657743785851, 0.9259259259259259, 0.8592420726991493]","[0.9790836653386454, 0.9776339022954679, 0.9546666666666667, 0.925, 0.926391382405745, 0.9534482758620689, 0.9601731601731601, 0.9626517273576097, 0.9385560675883257, 0.8930693069306931, 0.9244755244755245, 0.9705188679245284, 0.93854033290653, 0.9256329113924051, 0.9615384615384616, 0.9237057220708447, 0.8044198895027624, 0.9736999402271369, 0.9613702623906706, 0.9500624219725343, 0.9052823315118397, 0.9348958333333334, 0.9759493670886076, 0.9230769230769231, 0.9534192269573836, 0.9582893347412883, 0.9737683941138836, 0.9512922465208747, 0.9259259259259259, 0.9332365747460087, 0.9665109034267912, 0.9768753525098702, 0.9486607142857143, 0.9457013574660633, 0.9597946963216424, 0.9148936170212766, 0.9163879598662207, 0.9689358889623265, 0.9344490934449093, 0.8768939393939394, 0.9569569569569569, 0.9393491124260355, 0.9264305177111717, 0.9566055930568949, 0.9195979899497487, 0.960809928151535, 0.9486858573216521, 0.982791586998088, 0.9317738791423001, 0.9303944315545244]",0.8382002777380657,50,"[0.8322784810126582, 0.8413888888888889, 0.8421333333333333, 0.8341666666666666, 0.8464473684210526, 0.8433333333333334, 0.8291891891891892, 0.8327027027027027, 0.84, 0.8468493150684931, 0.831125, 0.8362962962962963, 0.8448611111111111, 0.8491025641025641, 0.8327397260273972, 0.8471014492753624, 0.8367567567567568, 0.8394594594594594, 0.8336619718309859, 0.8367532467532468, 0.8439473684210527, 0.846338028169014, 0.8364102564102565, 0.8287142857142857, 0.8393589743589743, 0.83375, 0.8435714285714285, 0.841, 0.8398809523809524, 0.8328378378378378, 0.8347222222222223, 0.8498550724637681, 0.843375, 0.8255714285714286, 0.836, 0.8422784810126582, 0.8462820512820513, 0.8357534246575342, 0.841081081081081, 0.8432432432432433, 0.8356164383561644, 0.8386301369863014, 0.8423684210526315, 0.8440540540540541, 0.84125, 0.8333333333333334, 0.8425333333333334, 0.8275757575757576, 0.8355844155844155, 0.80875]",8.316023349761963,2.581674337387085,0.507439136505127,4.717284202575684,0.0016369819641113281,0.3339266777038574,1115755,ai08,success,
vit_b32_cifar100,CIFAR100,50,0.05,43,100,1.0,raw_union_K20,raw_union,13583,0.0,0.8385,0.130212,0.2195,0.8683,0.8371,-0.05900587374948674,4,50,"[-0.0958762886597938, -0.013253012048192736, 0.07082152974504252, -0.03155522163786628, -0.06497175141242939, -0.0647291941875825, -0.053182214472537015, -0.09655688622754499, -0.0864819479429052, -0.03780487804878052, -0.009478672985781977, -0.11570827489481061, -0.10383597883597884, -0.03142857142857147, -0.07743732590529251, -0.06660323501427212, -0.03082191780821919, -0.040593286494925884, -0.055908513341804356, -0.028678304239401542, -0.047154471544715526, -0.06981519507186862, -0.0023474178403756207, -0.12984670874661852, -0.024179620034542326, -0.0693970420932879, -0.13170272812793982, -0.07079646017699115, -0.07628865979381438, -0.09952606635071093, -0.08333333333333326, -0.05722460658082973, -0.27022780832678706, -0.07954545454545459, -0.031615925058548044, -0.09528688524590168, -0.11711711711711703, -0.00694444444444442, -0.05872340425531919, -0.07395069953364419, -0.09631544925662572, 0.016431924882629123, -0.03690888119953872, -0.06165099268547547, 0.0, 0.005181347150259086, -0.013493253373313308, -0.04999999999999993, -0.1354648716870004, 0.05103448275862066]","[0.8536082474226804, 0.946987951807229, 0.9546742209631728, 0.9353869271224643, 0.8954802259887006, 0.9022457067371202, 0.8997384481255449, 0.8690119760479041, 0.889168765743073, 0.8963414634146342, 0.9312796208530806, 0.8555399719495091, 0.8697089947089947, 0.94, 0.8991643454038997, 0.9105613701236918, 0.898972602739726, 0.8540202966432474, 0.8831003811944091, 0.9314214463840399, 0.8552845528455284, 0.9004106776180698, 0.9084507042253521, 0.8187556357078449, 0.8929188255613126, 0.863481228668942, 0.80620884289746, 0.8814159292035398, 0.8649484536082475, 0.8701421800947867, 0.8653846153846154, 0.8612303290414879, 0.7022780832678712, 0.8761363636363636, 0.9074941451990632, 0.8483606557377049, 0.8517608517608518, 0.9189814814814815, 0.8961702127659574, 0.90473017988008, 0.8745959922430511, 0.9389671361502347, 0.8961937716262975, 0.8892371995820272, 0.8723897911832946, 0.9205526770293609, 0.904047976011994, 0.9193877551020408, 0.8413967185527976, 0.9075862068965517]","[0.9494845360824742, 0.9602409638554217, 0.8838526912181303, 0.9669421487603306, 0.96045197740113, 0.9669749009247027, 0.952920662598082, 0.9655688622754491, 0.9756507136859782, 0.9341463414634147, 0.9407582938388626, 0.9712482468443198, 0.9735449735449735, 0.9714285714285714, 0.9766016713091922, 0.9771646051379639, 0.9297945205479452, 0.8946135831381733, 0.9390088945362135, 0.9600997506234414, 0.9024390243902439, 0.9702258726899384, 0.9107981220657277, 0.9486023444544635, 0.917098445595855, 0.9328782707622298, 0.9379115710253998, 0.952212389380531, 0.9412371134020618, 0.9696682464454977, 0.9487179487179487, 0.9184549356223176, 0.9725058915946583, 0.9556818181818182, 0.9391100702576113, 0.9436475409836066, 0.9688779688779688, 0.9259259259259259, 0.9548936170212766, 0.9786808794137242, 0.9709114414996768, 0.9225352112676056, 0.9331026528258363, 0.9508881922675027, 0.8723897911832946, 0.9153713298791019, 0.9175412293853074, 0.9693877551020408, 0.976861590239798, 0.856551724137931]",0.8380634916599337,50,"[0.8369620253164557, 0.8332876712328767, 0.8371794871794872, 0.8479710144927536, 0.8431428571428572, 0.8327272727272728, 0.8390277777777778, 0.8394666666666667, 0.8293827160493827, 0.8441095890410959, 0.8362666666666667, 0.8337837837837838, 0.8421917808219178, 0.8333783783783784, 0.8340845070422536, 0.832375, 0.8352631578947368, 0.8293333333333334, 0.8337837837837838, 0.833855421686747, 0.83, 0.838, 0.8415384615384616, 0.844, 0.8371428571428572, 0.8416455696202532, 0.8361333333333333, 0.8419753086419753, 0.8460526315789474, 0.84, 0.8396153846153847, 0.8423076923076923, 0.8397260273972603, 0.836986301369863, 0.8458666666666667, 0.8383116883116883, 0.8426666666666667, 0.836056338028169, 0.8320289855072464, 0.8393055555555555, 0.8388732394366197, 0.830875, 0.8414705882352941, 0.8330666666666666, 0.8433783783783784, 0.8341891891891892, 0.8339506172839506, 0.8445454545454546, 0.8605084745762712, 0.8253846153846154]",8.239759683609009,2.5077857971191406,0.4902822971343994,4.737757682800293,0.0016522407531738281,0.3289759159088135,1115755,ai08,success,
vit_b32_cifar100,CIFAR100,50,0.05,44,100,1.0,raw_union_K20,raw_union,14145,0.0,0.8471,0.132434,0.2203,0.8673,0.8455,-0.0536911130284796,7,50,"[-0.014104372355430161, -0.07235772357723569, -0.05118694362017806, -0.056664520283322584, -0.04748603351955316, -0.1527777777777778, -0.09595300261096606, -0.13791267305644306, -0.0604099244875943, -0.0026990553306341925, -0.013761467889908285, 0.040322580645161255, -0.09735202492211847, -0.011964107676969093, -0.05128205128205132, -0.118798955613577, -0.07260155574762317, 0.004636785162287493, -0.06069958847736634, -0.09511111111111104, -0.02015113350125941, 0.001468428781204123, -0.034855769230769273, -0.08216926869350871, 0.04065040650406504, -0.10027855153203347, -0.0853374709076804, -0.03968253968253965, -0.05197132616487454, -0.12829324169530354, -0.05786163522012577, -0.0883895131086142, -0.04399524375743158, -0.06810631229235886, 0.03609341825902335, -0.02714932126696834, -0.025583982202447175, -0.05578231292517, -0.004376367614879695, -0.1000841042893188, -0.13123844731977818, 0.03359999999999996, -0.07534246575342474, -0.053254437869822424, 0.006437768240343256, -0.05150214592274671, -0.10861423220973787, -0.02123142250530785, -0.17210682492581608, -0.007284079084287187]","[0.926657263751763, 0.8813008130081301, 0.9169139465875371, 0.9130714745653574, 0.8952513966480447, 0.8017676767676768, 0.8681462140992167, 0.8067092651757188, 0.9083063646170443, 0.9230769230769231, 0.9302752293577982, 0.8682795698924731, 0.8450155763239875, 0.9292123629112662, 0.9134615384615384, 0.8550913838120104, 0.88504753673293, 0.9119010819165378, 0.8888888888888888, 0.8666666666666667, 0.8967254408060453, 0.933920704845815, 0.9158653846153846, 0.8948233360723089, 0.9512195121951219, 0.8690807799442897, 0.8774243599689682, 0.8799603174603174, 0.9148745519713262, 0.8064146620847652, 0.8918238993710692, 0.8846441947565543, 0.8775267538644471, 0.8687707641196013, 0.9511677282377919, 0.9200603318250377, 0.9199110122358176, 0.8884353741496599, 0.9431072210065645, 0.8746846089150546, 0.8422674060382008, 0.9072, 0.8917808219178082, 0.8686390532544379, 0.9313304721030042, 0.924892703862661, 0.8177278401997503, 0.945859872611465, 0.7774480712166172, 0.8928199791883454]","[0.9407616361071932, 0.9536585365853658, 0.9681008902077152, 0.96973599484868, 0.9427374301675978, 0.9545454545454546, 0.9640992167101827, 0.9446219382321619, 0.9687162891046386, 0.9257759784075573, 0.9440366972477064, 0.8279569892473119, 0.942367601246106, 0.9411764705882353, 0.9647435897435898, 0.9738903394255874, 0.9576490924805532, 0.9072642967542504, 0.9495884773662552, 0.9617777777777777, 0.9168765743073047, 0.9324522760646109, 0.9507211538461539, 0.9769926047658176, 0.9105691056910569, 0.9693593314763231, 0.9627618308766486, 0.9196428571428571, 0.9668458781362007, 0.9347079037800687, 0.949685534591195, 0.9730337078651685, 0.9215219976218787, 0.9368770764119602, 0.9150743099787686, 0.947209653092006, 0.9454949944382648, 0.9442176870748299, 0.9474835886214442, 0.9747687132043734, 0.973505853357979, 0.8736, 0.9671232876712329, 0.9218934911242603, 0.924892703862661, 0.9763948497854077, 0.9263420724094882, 0.9670912951167728, 0.9495548961424333, 0.9001040582726326]",0.8464209283114451,50,"[0.8467105263157895, 0.8490666666666666, 0.8485897435897436, 0.8370422535211267, 0.8521794871794872, 0.8475949367088608, 0.8529729729729729, 0.8516901408450704, 0.8482278481012658, 0.8384415584415584, 0.8463513513513513, 0.8485526315789473, 0.8534782608695652, 0.8495890410958904, 0.8437662337662337, 0.8484931506849315, 0.8454285714285714, 0.85796875, 0.8477777777777777, 0.8437662337662337, 0.8421333333333333, 0.8409090909090909, 0.852125, 0.8451315789473685, 0.8481081081081081, 0.8447692307692307, 0.850909090909091, 0.8470422535211267, 0.8334782608695652, 0.845657894736842, 0.8367605633802817, 0.8406944444444444, 0.8505479452054795, 0.8492105263157895, 0.844125, 0.8353333333333334, 0.8451388888888889, 0.8451315789473685, 0.8449397590361446, 0.8393421052631579, 0.8465789473684211, 0.8474626865671642, 0.85453125, 0.8433333333333334, 0.8461627906976744, 0.8436486486486486, 0.8473611111111111, 0.8439473684210527, 0.8515714285714285, 0.8572727272727273]",8.245021104812622,2.5056633949279785,0.5099647045135498,4.728775978088379,0.0016627311706542969,0.3248140811920166,1115755,ai08,success,
vit_b32_cifar100,CIFAR100,50,0.05,42,100,1.0,warmup_only_labelled,warmup_only,300,0.0,0.3924,0.12767599999999998,0.2057,0.8692,0.3924,-0.5337306724871328,0,50,"[-0.39243027888446214, -0.6068275456150676, -0.4542222222222222, -0.443421052631579, -0.3734290843806104, -0.7474137931034482, -0.7956709956709956, -0.3884220354808591, -0.4039938556067588, -0.35445544554455444, -0.41118881118881123, -0.46698113207547176, -0.7195902688860435, -0.7325949367088608, -0.4418604651162791, -0.35286103542234326, -0.574585635359116, -0.5014943215780037, -0.4613702623906706, -0.7066167290886392, -0.3114754098360656, -0.4296875, -0.5379746835443038, -0.4782051282051283, -0.48364717542120916, -0.5897571277719114, -0.4235444657709534, -0.7246520874751491, -0.2759259259259259, -0.41944847605224966, -0.49688473520249216, -0.5217146080090242, -0.7868303571428572, -0.7002262443438914, -0.621043627031651, -0.4940898345153664, -0.7274247491638796, -0.4732319894249835, -0.6485355648535565, -0.5662878787878789, -0.8428428428428428, -0.3772189349112426, -0.39373297002724794, -0.6210221793635486, -0.5728643216080402, -0.7805355976485957, -0.297872340425532, -0.8279158699808795, -0.4035087719298245, -0.5290023201856149]","[0.5866533864541833, 0.37080635668040024, 0.5004444444444445, 0.48157894736842105, 0.5529622980251346, 0.20603448275862069, 0.1645021645021645, 0.5742296918767507, 0.5345622119815668, 0.5386138613861386, 0.5132867132867133, 0.5035377358490566, 0.21895006402048656, 0.1930379746835443, 0.5196779964221825, 0.5708446866485014, 0.22983425414364642, 0.4722056186491333, 0.5, 0.24344569288389514, 0.5938069216757741, 0.5052083333333334, 0.4379746835443038, 0.44487179487179485, 0.4697720515361744, 0.368532206969377, 0.5502239283429302, 0.22664015904572565, 0.65, 0.5137880986937591, 0.4696261682242991, 0.45516074450084604, 0.16183035714285715, 0.24547511312217193, 0.33875106928999144, 0.42080378250591016, 0.18896321070234115, 0.495703899537343, 0.2859135285913529, 0.3106060606060606, 0.11411411411411411, 0.5621301775147929, 0.5326975476839237, 0.3355834136933462, 0.34673366834170855, 0.18027433050293926, 0.6508135168961201, 0.15487571701720843, 0.5282651072124757, 0.4013921113689095]","[0.9790836653386454, 0.9776339022954679, 0.9546666666666667, 0.925, 0.926391382405745, 0.9534482758620689, 0.9601731601731601, 0.9626517273576097, 0.9385560675883257, 0.8930693069306931, 0.9244755244755245, 0.9705188679245284, 0.93854033290653, 0.9256329113924051, 0.9615384615384616, 0.9237057220708447, 0.8044198895027624, 0.9736999402271369, 0.9613702623906706, 0.9500624219725343, 0.9052823315118397, 0.9348958333333334, 0.9759493670886076, 0.9230769230769231, 0.9534192269573836, 0.9582893347412883, 0.9737683941138836, 0.9512922465208747, 0.9259259259259259, 0.9332365747460087, 0.9665109034267912, 0.9768753525098702, 0.9486607142857143, 0.9457013574660633, 0.9597946963216424, 0.9148936170212766, 0.9163879598662207, 0.9689358889623265, 0.9344490934449093, 0.8768939393939394, 0.9569569569569569, 0.9393491124260355, 0.9264305177111717, 0.9566055930568949, 0.9195979899497487, 0.960809928151535, 0.9486858573216521, 0.982791586998088, 0.9317738791423001, 0.9303944315545244]",0.39249472019074744,50,"[0.35670886075949365, 0.3659722222222222, 0.36293333333333333, 0.38319444444444445, 0.3865789473684211, 0.42, 0.43108108108108106, 0.3964864864864865, 0.377625, 0.3908219178082192, 0.375, 0.3603703703703704, 0.39013888888888887, 0.41115384615384615, 0.4282191780821918, 0.3779710144927536, 0.4110810810810811, 0.33594594594594596, 0.3928169014084507, 0.4153246753246753, 0.3718421052631579, 0.3749295774647887, 0.39897435897435896, 0.3637142857142857, 0.378974358974359, 0.4018055555555556, 0.384, 0.384, 0.35595238095238096, 0.3737837837837838, 0.38861111111111113, 0.4088405797101449, 0.3985, 0.393, 0.41346666666666665, 0.38316455696202534, 0.39897435897435896, 0.39657534246575343, 0.4022972972972973, 0.41743243243243244, 0.4345205479452055, 0.3631506849315069, 0.38052631578947366, 0.40540540540540543, 0.4111111111111111, 0.4334782608695652, 0.36693333333333333, 0.4431818181818182, 0.3644155844155844, 0.46375]",3.0422091484069824,2.5176913738250732,0.01735687255859375,0.0,0.0,0.32808351516723633,1115755,ai08,success,
vit_b32_cifar100,CIFAR100,50,0.05,43,100,1.0,warmup_only_labelled,warmup_only,300,0.0,0.4211,0.130212,0.2195,0.8683,0.4211,-0.5251709220504571,0,50,"[-0.44329896907216493, -0.31445783132530125, -0.5014164305949008, -0.4042073628850489, -0.551789077212806, -0.3361955085865257, -0.4019180470793374, -0.6002994011976048, -0.49454240134340893, -0.4731707317073171, -0.6540284360189573, -0.5399719495091164, -0.6144179894179893, -0.31999999999999995, -0.5359331476323119, -0.543292102759277, -0.476027397260274, -0.4605776736924278, -0.6289707750952986, -0.7281795511221946, -0.5040650406504066, -0.6611909650924025, -0.45539906103286387, -0.611361587015329, -0.4352331606217617, -0.5164960182025029, -0.4506114769520226, -0.40884955752212393, -0.7628865979381443, -0.4085308056872038, -0.49871794871794867, -0.41344778254649506, -0.5883739198743126, -0.5488636363636363, -0.37822014051522257, -0.7336065573770492, -0.44963144963144963, -0.4965277777777778, -0.6314893617021277, -0.6222518321119254, -0.5184227537168713, -0.4248826291079812, -0.6574394463667821, -0.6102403343782654, -0.5290023201856149, -0.5889464594127807, -0.48125937031484256, -0.6693877551020408, -0.5860328144720235, -0.5944827586206896]","[0.5061855670103093, 0.6457831325301204, 0.38243626062322944, 0.5627347858752817, 0.4086629001883239, 0.630779392338177, 0.5510026155187445, 0.3652694610778443, 0.4811083123425693, 0.4609756097560976, 0.28672985781990523, 0.43127629733520334, 0.35912698412698413, 0.6514285714285715, 0.4406685236768802, 0.43387250237868696, 0.4537671232876712, 0.4340359094457455, 0.31003811944091486, 0.23192019950124687, 0.3983739837398374, 0.30903490759753593, 0.45539906103286387, 0.33724075743913434, 0.48186528497409326, 0.41638225255972694, 0.4873000940733772, 0.5433628318584071, 0.17835051546391753, 0.5611374407582939, 0.45, 0.5050071530758226, 0.38413197172034563, 0.4068181818181818, 0.5608899297423887, 0.21004098360655737, 0.5192465192465192, 0.42939814814814814, 0.32340425531914896, 0.3564290473017988, 0.45248868778280543, 0.49765258215962443, 0.27566320645905423, 0.3406478578892372, 0.3433874709976798, 0.32642487046632124, 0.4362818590704648, 0.3, 0.39082877576777453, 0.2620689655172414]","[0.9494845360824742, 0.9602409638554217, 0.8838526912181303, 0.9669421487603306, 0.96045197740113, 0.9669749009247027, 0.952920662598082, 0.9655688622754491, 0.9756507136859782, 0.9341463414634147, 0.9407582938388626, 0.9712482468443198, 0.9735449735449735, 0.9714285714285714, 0.9766016713091922, 0.9771646051379639, 0.9297945205479452, 0.8946135831381733, 0.9390088945362135, 0.9600997506234414, 0.9024390243902439, 0.9702258726899384, 0.9107981220657277, 0.9486023444544635, 0.917098445595855, 0.9328782707622298, 0.9379115710253998, 0.952212389380531, 0.9412371134020618, 0.9696682464454977, 0.9487179487179487, 0.9184549356223176, 0.9725058915946583, 0.9556818181818182, 0.9391100702576113, 0.9436475409836066, 0.9688779688779688, 0.9259259259259259, 0.9548936170212766, 0.9786808794137242, 0.9709114414996768, 0.9225352112676056, 0.9331026528258363, 0.9508881922675027, 0.8723897911832946, 0.9153713298791019, 0.9175412293853074, 0.9693877551020408, 0.976861590239798, 0.856551724137931]",0.418436029400623,50,"[0.41037974683544304, 0.4054794520547945, 0.4376923076923077, 0.4156521739130435, 0.4062857142857143, 0.42558441558441557, 0.41791666666666666, 0.4338666666666667, 0.394320987654321, 0.4143835616438356, 0.41146666666666665, 0.43567567567567567, 0.39616438356164385, 0.3914864864864865, 0.39042253521126763, 0.4395, 0.4259210526315789, 0.38453333333333334, 0.4258108108108108, 0.43698795180722894, 0.42534246575342466, 0.44626666666666664, 0.44743589743589746, 0.4114285714285714, 0.4166233766233766, 0.40810126582278483, 0.39693333333333336, 0.43296296296296294, 0.42986842105263157, 0.4012345679012346, 0.42538461538461536, 0.4298717948717949, 0.423013698630137, 0.42041095890410957, 0.4305333333333333, 0.4422077922077922, 0.38453333333333334, 0.437887323943662, 0.4081159420289855, 0.4504166666666667, 0.43408450704225354, 0.402125, 0.42705882352941177, 0.4192, 0.4141891891891892, 0.3972972972972973, 0.4096296296296296, 0.40766233766233767, 0.42322033898305084, 0.41923076923076924]",3.04309344291687,2.525132656097412,0.01722121238708496,0.0,0.0,0.324984073638916,1115755,ai08,success,
vit_b32_cifar100,CIFAR100,50,0.05,44,100,1.0,warmup_only_labelled,warmup_only,300,0.0,0.4062,0.132434,0.2203,0.8673,0.4062,-0.5380733347547914,0,50,"[-0.48377997179125526, -0.7276422764227641, -0.4443620178041543, -0.44558918222794597, -0.45530726256983245, -0.6515151515151516, -0.47976501305483027, -0.44355697550585726, -0.7087378640776698, -0.5020242914979757, -0.4504587155963303, -0.4865591397849463, -0.5615264797507789, -0.5333998005982054, -0.42307692307692313, -0.5274151436031331, -0.6188418323249785, -0.3941267387944358, -0.5905349794238683, -0.7093333333333333, -0.6272040302267001, -0.4346549192364171, -0.5024038461538461, -0.705012325390304, -0.315040650406504, -0.6256267409470753, -0.6982156710628394, -0.4841269841269841, -0.39336917562724016, -0.7777777777777778, -0.5371069182389937, -0.696629213483146, -0.6634958382877527, -0.4817275747508306, -0.7367303609341826, -0.6003016591251885, -0.35817575083426034, -0.5360544217687074, -0.2778993435448578, -0.7056349873843566, -0.425754775107825, -0.45120000000000005, -0.5753424657534247, -0.6650887573964497, -0.4957081545064378, -0.34549356223175964, -0.5530586766541823, -0.5169851380042463, -0.6817507418397626, -0.3985431841831425]","[0.45698166431593795, 0.22601626016260162, 0.5237388724035609, 0.524146812620734, 0.48743016759776536, 0.30303030303030304, 0.48433420365535246, 0.5010649627263046, 0.2599784250269687, 0.42375168690958165, 0.4935779816513762, 0.34139784946236557, 0.3808411214953271, 0.4077766699900299, 0.5416666666666666, 0.4464751958224543, 0.3388072601555748, 0.5131375579598145, 0.35905349794238683, 0.25244444444444447, 0.28967254408060455, 0.4977973568281938, 0.4483173076923077, 0.27198027937551356, 0.5955284552845529, 0.34373259052924793, 0.26454615981380913, 0.435515873015873, 0.5734767025089605, 0.15693012600229095, 0.4125786163522013, 0.27640449438202247, 0.25802615933412604, 0.45514950166112955, 0.17834394904458598, 0.3469079939668175, 0.5873192436040044, 0.40816326530612246, 0.6695842450765864, 0.2691337258200168, 0.547751078250154, 0.4224, 0.3917808219178082, 0.25680473372781065, 0.4291845493562232, 0.630901287553648, 0.3732833957553059, 0.45010615711252655, 0.2678041543026706, 0.5015608740894901]","[0.9407616361071932, 0.9536585365853658, 0.9681008902077152, 0.96973599484868, 0.9427374301675978, 0.9545454545454546, 0.9640992167101827, 0.9446219382321619, 0.9687162891046386, 0.9257759784075573, 0.9440366972477064, 0.8279569892473119, 0.942367601246106, 0.9411764705882353, 0.9647435897435898, 0.9738903394255874, 0.9576490924805532, 0.9072642967542504, 0.9495884773662552, 0.9617777777777777, 0.9168765743073047, 0.9324522760646109, 0.9507211538461539, 0.9769926047658176, 0.9105691056910569, 0.9693593314763231, 0.9627618308766486, 0.9196428571428571, 0.9668458781362007, 0.9347079037800687, 0.949685534591195, 0.9730337078651685, 0.9215219976218787, 0.9368770764119602, 0.9150743099787686, 0.947209653092006, 0.9454949944382648, 0.9442176870748299, 0.9474835886214442, 0.9747687132043734, 0.973505853357979, 0.8736, 0.9671232876712329, 0.9218934911242603, 0.924892703862661, 0.9763948497854077, 0.9263420724094882, 0.9670912951167728, 0.9495548961424333, 0.9001040582726326]",0.39789593667015455,50,"[0.4113157894736842, 0.4073333333333333, 0.40807692307692306, 0.376056338028169, 0.4042307692307692, 0.38316455696202534, 0.37932432432432434, 0.41281690140845073, 0.40253164556962023, 0.3848051948051948, 0.38364864864864867, 0.42223684210526313, 0.4115942028985507, 0.43246575342465754, 0.39896103896103896, 0.3967123287671233, 0.4032857142857143, 0.38765625, 0.4255555555555556, 0.417012987012987, 0.4145333333333333, 0.39961038961038964, 0.403625, 0.42539473684210527, 0.40797297297297297, 0.4187692307692308, 0.40285714285714286, 0.41676056338028167, 0.36246376811594205, 0.37934210526315787, 0.3907042253521127, 0.38930555555555557, 0.4023287671232877, 0.3794736842105263, 0.431125, 0.38293333333333335, 0.37930555555555556, 0.36986842105263157, 0.3827710843373494, 0.4213157894736842, 0.38802631578947366, 0.4028358208955224, 0.395625, 0.40958333333333335, 0.4104651162790698, 0.3831081081081081, 0.425, 0.3898684210526316, 0.4228571428571429, 0.2581818181818182]",3.06636118888855,2.5423097610473633,0.017918109893798828,0.0,0.0,0.33203721046447754,1115755,ai08,success,
vit_b32_cifar100,CIFAR100,50,0.1,42,100,1.0,dp_avg_eps2_K20,dp_avg,100,6.449903898212313,0.1038,0.19784399999999994,0.2834,0.8692,0.0545,-0.8214619600354713,0,50,"[-0.7768860353130016, -0.801556420233463, -0.7848324514991181, -0.8275862068965517, -0.7985166872682324, -0.8398926654740608, -0.804416403785489, -0.8217687074829932, -0.7433264887063655, -0.798670465337132, -0.8843031123139378, -0.8147086914995225, -0.831858407079646, -0.8816303740926856, -0.867247007616975, -0.7878151260504201, -0.888646288209607, -0.7475728155339807, -0.7734553775743707, -0.876078431372549, -0.8489761092150171, -0.7855973813420623, -0.8552412645590682, -0.8258602711157456, -0.8201342281879195, -0.8789808917197451, -0.8369987063389392, -0.8091247672253259, -0.8740818467995803, -0.8473782771535581, -0.8733790999237223, -0.816267942583732, -0.7854195323246218, -0.8980852378011118, -0.8492063492063493, -0.7777777777777777, -0.8276762402088773, -0.8327841845140033, -0.8026172300981461, -0.7776510832383123, -0.8142857142857143, -0.7137870855148343, -0.7954545454545454, -0.8289623717217788, -0.8453947368421052, -0.7937853107344633, -0.846531184302733, -0.8482446206115516, -0.8387096774193549, -0.773936170212766]","[0.14446227929373998, 0.08754863813229571, 0.12522045855379188, 0.11556383970177074, 0.12484548825710753, 0.11001788908765653, 0.10410094637223975, 0.09795918367346938, 0.11704312114989733, 0.14909781576448244, 0.07577807848443843, 0.1251193887297039, 0.09955752212389381, 0.08040201005025126, 0.08378672470076169, 0.15756302521008403, 0.06768558951965066, 0.13106796116504854, 0.13958810068649885, 0.04862745098039216, 0.08191126279863481, 0.09328968903436989, 0.10732113144758736, 0.10531803962460896, 0.08456375838926175, 0.07734303912647862, 0.12419146183699871, 0.13500931098696461, 0.0776495278069255, 0.10018726591760299, 0.09839816933638444, 0.13492822966507176, 0.1155433287482806, 0.0759728227300803, 0.06481481481481481, 0.143184421534937, 0.1122715404699739, 0.12108731466227347, 0.15485278080697928, 0.15621436716077536, 0.11764705882352941, 0.21291448516579406, 0.12424242424242424, 0.08779931584948689, 0.06798245614035088, 0.13559322033898305, 0.1156271899088998, 0.08493771234428087, 0.0785413744740533, 0.09175531914893617]","[0.9213483146067416, 0.8891050583657587, 0.91005291005291, 0.9431500465983225, 0.92336217552534, 0.9499105545617174, 0.9085173501577287, 0.9197278911564626, 0.8603696098562629, 0.9477682811016145, 0.9600811907983762, 0.9398280802292264, 0.9314159292035398, 0.9620323841429369, 0.9510337323177367, 0.9453781512605042, 0.9563318777292577, 0.8786407766990292, 0.9130434782608695, 0.9247058823529412, 0.9308873720136519, 0.8788870703764321, 0.9625623960066556, 0.9311783107403545, 0.9046979865771813, 0.9563239308462238, 0.9611901681759379, 0.9441340782122905, 0.9517313746065058, 0.947565543071161, 0.9717772692601068, 0.9511961722488038, 0.9009628610729024, 0.9740580605311921, 0.9140211640211641, 0.9209621993127147, 0.9399477806788512, 0.9538714991762768, 0.9574700109051254, 0.9338654503990877, 0.9319327731092437, 0.9267015706806283, 0.9196969696969697, 0.9167616875712656, 0.9133771929824561, 0.9293785310734464, 0.9621583742116327, 0.9331823329558324, 0.9172510518934082, 0.8656914893617021]",0.10043614158098241,50,"[0.10552238805970149, 0.10016949152542373, 0.10338461538461538, 0.11066666666666666, 0.10176470588235294, 0.10709677419354839, 0.09746031746031746, 0.09689655172413793, 0.09893939393939394, 0.10074626865671642, 0.10438596491228071, 0.0995, 0.08393939393939394, 0.11263157894736842, 0.10553571428571429, 0.10968253968253969, 0.10103448275862069, 0.10166666666666667, 0.08235294117647059, 0.10950819672131147, 0.10754098360655738, 0.09689655172413793, 0.09212121212121212, 0.115, 0.09105263157894737, 0.10428571428571429, 0.11068965517241379, 0.08826923076923077, 0.0953623188405797, 0.09224489795918367, 0.10491525423728813, 0.07965517241379311, 0.09392857142857143, 0.11533333333333333, 0.124375, 0.11, 0.09288461538461538, 0.0881967213114754, 0.09202898550724638, 0.10573770491803279, 0.10814814814814815, 0.09265625, 0.09215384615384616, 0.09586206896551724, 0.10112903225806452, 0.09292307692307693, 0.09634615384615385, 0.10524590163934426, 0.11393939393939394, 0.09]",8.178603172302246,2.510362148284912,0.4932374954223633,4.698728561401367,0.0016562938690185547,0.3007960319519043,1115755,ai08,success,
vit_b32_cifar100,CIFAR100,50,0.1,43,100,1.0,dp_avg_eps2_K20,dp_avg,100,6.442680879502149,0.0862,0.192708,0.2825,0.8683,0.0423,-0.8385487915424907,0,50,"[-0.8645833333333333, -0.8576642335766423, -0.8007761966364813, -0.8820754716981132, -0.8055964653902798, -0.8798882681564246, -0.8318872017353579, -0.870940170940171, -0.8988833746898264, -0.8928939237899074, -0.8416578108395324, -0.8214804063860668, -0.9077954735959766, -0.8706720977596741, -0.8640510948905109, -0.8008620689655173, -0.8694638694638694, -0.7710027100271002, -0.8853868194842407, -0.8021442495126706, -0.882798833819242, -0.9044540229885057, -0.8514522821576763, -0.8452012383900929, -0.8895622895622896, -0.7753378378378379, -0.7940780619111709, -0.8692628650904034, -0.8215223097112861, -0.8183306055646481, -0.8389923329682366, -0.868362831858407, -0.8278041074249605, -0.8169856459330143, -0.8909740840035746, -0.775599128540305, -0.850887573964497, -0.7597254004576659, -0.872093023255814, -0.8523890784982935, -0.76103500761035, -0.8042049934296978, -0.8014796547472257, -0.845372460496614, -0.8568464730290456, -0.7836065573770492, -0.8181019332161688, -0.7636152954808807, -0.8302752293577982, -0.8373831775700935]","[0.08333333333333333, 0.09197080291970802, 0.11772315653298836, 0.06886792452830189, 0.11045655375552282, 0.05772811918063315, 0.10845986984815618, 0.07179487179487179, 0.07320099255583126, 0.05046343975283213, 0.10414452709883103, 0.05660377358490566, 0.057837384744341996, 0.07230142566191446, 0.0812043795620438, 0.1353448275862069, 0.07226107226107226, 0.16395663956639567, 0.05348615090735435, 0.08187134502923976, 0.08279883381924198, 0.05603448275862069, 0.11950207468879669, 0.11377708978328173, 0.05387205387205387, 0.09797297297297297, 0.13458950201884254, 0.059805285118219746, 0.10761154855643044, 0.10147299509001637, 0.0832420591456736, 0.059734513274336286, 0.1287519747235387, 0.1076555023923445, 0.058981233243967826, 0.0915032679738562, 0.09822485207100591, 0.10068649885583524, 0.0626118067978533, 0.09982935153583618, 0.1156773211567732, 0.11695137976346912, 0.12330456226880394, 0.06772009029345373, 0.0912863070539419, 0.15655737704918032, 0.1282952548330404, 0.14600231749710313, 0.10703363914373089, 0.06448598130841121]","[0.9479166666666666, 0.9496350364963504, 0.9184993531694696, 0.9509433962264151, 0.9160530191458026, 0.9376163873370578, 0.940347071583514, 0.9427350427350427, 0.9720843672456576, 0.9433573635427395, 0.9458023379383634, 0.8780841799709724, 0.9656328583403185, 0.9429735234215886, 0.9452554744525548, 0.9362068965517242, 0.9417249417249417, 0.9349593495934959, 0.938872970391595, 0.8840155945419104, 0.965597667638484, 0.9604885057471264, 0.970954356846473, 0.9589783281733746, 0.9434343434343434, 0.8733108108108109, 0.9286675639300135, 0.9290681502086231, 0.9291338582677166, 0.9198036006546645, 0.9222343921139102, 0.9280973451327433, 0.9565560821484992, 0.9246411483253588, 0.9499553172475425, 0.8671023965141612, 0.9491124260355029, 0.8604118993135011, 0.9347048300536672, 0.9522184300341296, 0.8767123287671232, 0.9211563731931669, 0.9247842170160296, 0.9130925507900677, 0.9481327800829875, 0.9401639344262295, 0.9463971880492091, 0.9096176129779838, 0.9373088685015291, 0.9018691588785047]",0.08496605272896918,50,"[0.07423728813559322, 0.0928813559322034, 0.08656716417910448, 0.0853125, 0.09419354838709677, 0.09362068965517241, 0.06927536231884059, 0.0903921568627451, 0.09285714285714286, 0.08846153846153847, 0.07416666666666667, 0.0936231884057971, 0.09507936507936508, 0.10362068965517242, 0.08924528301886793, 0.07114754098360655, 0.08579710144927537, 0.08317460317460318, 0.07578125, 0.10116666666666667, 0.07673076923076923, 0.08924242424242425, 0.08986486486486486, 0.07733333333333334, 0.09980392156862745, 0.09016129032258065, 0.07666666666666666, 0.08903225806451613, 0.07953125, 0.08049180327868853, 0.082, 0.09117647058823529, 0.06640625, 0.08714285714285715, 0.09129629629629629, 0.084, 0.07868852459016394, 0.0926865671641791, 0.09125, 0.08584905660377358, 0.0711864406779661, 0.07982142857142857, 0.077, 0.08036363636363636, 0.08949152542372882, 0.08953125, 0.07448275862068965, 0.062280701754385964, 0.0741891891891892, 0.11]",8.236636400222778,2.510653018951416,0.49721837043762207,4.752979278564453,0.001638174057006836,0.3011016845703125,1115755,ai08,success,
vit_b32_cifar100,CIFAR100,50,0.1,44,100,1.0,dp_avg_eps2_K20,dp_avg,100,6.44558801400764,0.1203,0.193604,0.2772,0.8673,0.0658,-0.8138995129349844,0,50,"[-0.7629482071713147, -0.8293768545994066, -0.8547189819724285, -0.7866004962779156, -0.7815656565656566, -0.7961290322580645, -0.7766911165444174, -0.8062992125984252, -0.7897042716319825, -0.7677053824362606, -0.8007220216606499, -0.8133216476774758, -0.8126009693053312, -0.8439542483660132, -0.8607681755829905, -0.8720682302771855, -0.8316183348924228, -0.778751369112815, -0.809199318568995, -0.7709637046307884, -0.7710982658959538, -0.7876370887337986, -0.8861087144089732, -0.8508341511285573, -0.8150765606595995, -0.7615176151761518, -0.7813578826237054, -0.7695364238410596, -0.8061224489795917, -0.8461538461538461, -0.8701201201201201, -0.83675799086758, -0.8247311827956989, -0.8273809523809524, -0.8307543520309478, -0.8557235421166307, -0.7758444216990787, -0.8456501403180543, -0.8252516010978957, -0.8296812749003983, -0.8131539611360239, -0.8303664921465969, -0.8608695652173912, -0.8462151394422311, -0.8023407022106632, -0.7249417249417249, -0.8219013237063778, -0.8742574257425743, -0.7904903417533433, -0.7873931623931624]","[0.09561752988047809, 0.13427299703264095, 0.07741251325556733, 0.11786600496277916, 0.1388888888888889, 0.1135483870967742, 0.18418907905460472, 0.08503937007874016, 0.12924424972617743, 0.16619452313503305, 0.16028880866425993, 0.12620508326029797, 0.1518578352180937, 0.11029411764705882, 0.10699588477366255, 0.07995735607675906, 0.11693171188026193, 0.15005476451259583, 0.15076660988074958, 0.15644555694618273, 0.1606936416184971, 0.1575274177467597, 0.06298533218291631, 0.08537782139352307, 0.0895170789163722, 0.1842818428184282, 0.14499424626006904, 0.1509933774834437, 0.1145124716553288, 0.09722222222222222, 0.08558558558558559, 0.0730593607305936, 0.0967741935483871, 0.075, 0.10444874274661509, 0.09546436285097193, 0.1750255885363357, 0.11412535079513564, 0.11070448307410796, 0.10059760956175298, 0.12705530642750373, 0.1256544502617801, 0.06739130434782609, 0.10119521912350597, 0.06892067620286085, 0.12354312354312354, 0.09265944645006016, 0.05643564356435644, 0.13967310549777118, 0.10042735042735043]","[0.8585657370517928, 0.9636498516320475, 0.9321314952279958, 0.9044665012406948, 0.9204545454545454, 0.9096774193548387, 0.960880195599022, 0.8913385826771654, 0.91894852135816, 0.9338999055712937, 0.9610108303249097, 0.9395267309377738, 0.9644588045234249, 0.954248366013072, 0.967764060356653, 0.9520255863539445, 0.9485500467726847, 0.9288061336254108, 0.9599659284497445, 0.9274092615769712, 0.9317919075144508, 0.9451645064805583, 0.9490940465918896, 0.9362119725220804, 0.9045936395759717, 0.94579945799458, 0.9263521288837745, 0.9205298013245033, 0.9206349206349206, 0.9433760683760684, 0.9557057057057057, 0.9098173515981736, 0.921505376344086, 0.9023809523809524, 0.9352030947775629, 0.9511879049676026, 0.9508700102354145, 0.9597754911131899, 0.9359560841720037, 0.9302788844621513, 0.9402092675635276, 0.956020942408377, 0.9282608695652174, 0.9474103585657371, 0.871261378413524, 0.8484848484848485, 0.914560770156438, 0.9306930693069307, 0.9301634472511144, 0.8878205128205128]",0.12048465624648726,49,"[0.11788732394366197, 0.1176923076923077, 0.12859649122807018, 0.12283018867924528, 0.12786885245901639, 0.110625, 0.11267857142857143, 0.11868852459016394, 0.11610169491525424, 0.12120689655172413, 0.12, 0.10928571428571429, 0.10934426229508197, 0.10727272727272727, 0.12872727272727272, 0.10448275862068966, 0.11854838709677419, 0.10345454545454545, 0.1221311475409836, 0.1253448275862069, 0.1160655737704918, 0.11323529411764706, 0.1288888888888889, 0.13655737704918033, 0.1207843137254902, 0.1025, 0.12796875, 0.10035087719298245, 0.12271186440677966, 0.1153968253968254, 0.13898305084745763, 0.13852459016393442, 0.122, 0.13517857142857143, 0.12350877192982457, 0.13122448979591836, 0.126875, 0.12786885245901639, 0.11612903225806452, 0.1137704918032787, 0.10838235294117647, 0.116, 0.13412698412698412, 0.12262295081967213, 0.13125, 0.10652173913043478, 0.12507936507936507, 0.14290322580645162, 0.11557142857142857, null]",8.174217700958252,2.5034501552581787,0.49883604049682617,4.699333429336548,0.001636505126953125,0.29744696617126465,1115755,ai08,success,
vit_b32_cifar100,CIFAR100,50,0.1,42,100,1.0,dp_avg_eps8_K20,dp_avg,100,1.6124759745530783,0.1067,0.19784399999999994,0.2834,0.8692,0.0559,-0.8187626242193439,0,50,"[-0.7736757624398074, -0.7928015564202334, -0.781305114638448, -0.8359739049394221, -0.8022249690976514, -0.8389982110912344, -0.793901156677182, -0.8217687074829932, -0.7351129363449692, -0.792022792022792, -0.8897158322056833, -0.8089780324737345, -0.8196902654867256, -0.8860971524288107, -0.8661588683351469, -0.7846638655462185, -0.8879184861717613, -0.7339805825242719, -0.7723112128146452, -0.8776470588235294, -0.848122866894198, -0.7774140752864157, -0.8569051580698835, -0.8258602711157456, -0.8093959731543625, -0.8753412192902639, -0.8421733505821475, -0.8100558659217877, -0.8751311647429172, -0.8342696629213483, -0.8634630053394355, -0.8191387559808612, -0.7799174690508941, -0.8925262507720816, -0.835978835978836, -0.7869415807560137, -0.8328981723237598, -0.8344316309719935, -0.8037077426390403, -0.7662485746864309, -0.8151260504201681, -0.7137870855148343, -0.8, -0.8209806157354618, -0.8432017543859649, -0.7951977401129944, -0.8542396636299929, -0.8369195922989807, -0.8345021037868163, -0.7593085106382979]","[0.1476725521669342, 0.0963035019455253, 0.12874779541446207, 0.10717614165890028, 0.1211372064276885, 0.11091234347048301, 0.11461619348054679, 0.09795918367346938, 0.12525667351129363, 0.1557454890788224, 0.07036535859269283, 0.1308500477554919, 0.11172566371681415, 0.07593523171412618, 0.08487486398258977, 0.16071428571428573, 0.06841339155749636, 0.14466019417475728, 0.14073226544622425, 0.047058823529411764, 0.08276450511945392, 0.10147299509001637, 0.10565723793677205, 0.10531803962460896, 0.0953020134228188, 0.08098271155595996, 0.11901681759379043, 0.1340782122905028, 0.07660020986358866, 0.11329588014981273, 0.10831426392067124, 0.1320574162679426, 0.12104539202200826, 0.08153180975911056, 0.07804232804232804, 0.13402061855670103, 0.10704960835509138, 0.11943986820428336, 0.15376226826608505, 0.1676168757126568, 0.11680672268907563, 0.21291448516579406, 0.11969696969696969, 0.09578107183580388, 0.07017543859649122, 0.134180790960452, 0.1079187105816398, 0.09626274065685164, 0.08274894810659186, 0.10638297872340426]","[0.9213483146067416, 0.8891050583657587, 0.91005291005291, 0.9431500465983225, 0.92336217552534, 0.9499105545617174, 0.9085173501577287, 0.9197278911564626, 0.8603696098562629, 0.9477682811016145, 0.9600811907983762, 0.9398280802292264, 0.9314159292035398, 0.9620323841429369, 0.9510337323177367, 0.9453781512605042, 0.9563318777292577, 0.8786407766990292, 0.9130434782608695, 0.9247058823529412, 0.9308873720136519, 0.8788870703764321, 0.9625623960066556, 0.9311783107403545, 0.9046979865771813, 0.9563239308462238, 0.9611901681759379, 0.9441340782122905, 0.9517313746065058, 0.947565543071161, 0.9717772692601068, 0.9511961722488038, 0.9009628610729024, 0.9740580605311921, 0.9140211640211641, 0.9209621993127147, 0.9399477806788512, 0.9538714991762768, 0.9574700109051254, 0.9338654503990877, 0.9319327731092437, 0.9267015706806283, 0.9196969696969697, 0.9167616875712656, 0.9133771929824561, 0.9293785310734464, 0.9621583742116327, 0.9331823329558324, 0.9172510518934082, 0.8656914893617021]",0.10333691185699917,50,"[0.1071641791044776, 0.10440677966101695, 0.10753846153846154, 0.1145, 0.10602941176470589, 0.10887096774193548, 0.09841269841269841, 0.09568965517241379, 0.10196969696969697, 0.10522388059701493, 0.10929824561403509, 0.10216666666666667, 0.08515151515151514, 0.1168421052631579, 0.11, 0.11507936507936507, 0.10362068965517242, 0.1015, 0.08647058823529412, 0.11295081967213115, 0.10983606557377049, 0.1, 0.0959090909090909, 0.11816666666666667, 0.09280701754385964, 0.10682539682539682, 0.1156896551724138, 0.09134615384615384, 0.09652173913043478, 0.09081632653061225, 0.10694915254237287, 0.08413793103448276, 0.09767857142857143, 0.11783333333333333, 0.12765625, 0.11338461538461539, 0.09615384615384616, 0.0919672131147541, 0.0953623188405797, 0.10819672131147541, 0.1112962962962963, 0.0940625, 0.09461538461538462, 0.09896551724137931, 0.10387096774193548, 0.09276923076923077, 0.09942307692307692, 0.10868852459016394, 0.11803030303030303, 0.095]",8.208438396453857,2.516160011291504,0.508904218673706,4.7074949741363525,0.001634359359741211,0.3007807731628418,1115755,ai08,success,
vit_b32_cifar100,CIFAR100,50,0.1,43,100,1.0,dp_avg_eps8_K20,dp_avg,100,1.6106702198755372,0.0891,0.192708,0.2825,0.8683,0.0438,-0.8356507966515523,0,50,"[-0.8525641025641025, -0.8627737226277372, -0.7994825355756792, -0.879245283018868, -0.8070692194403535, -0.8733705772811918, -0.8275488069414316, -0.8683760683760684, -0.9001240694789082, -0.8949536560247168, -0.8352816153028693, -0.8258345428156749, -0.90360435875943, -0.8564154786150713, -0.8622262773722628, -0.7974137931034483, -0.8659673659673659, -0.7669376693766937, -0.8882521489971347, -0.7933723196881092, -0.880466472303207, -0.9015804597701149, -0.845643153526971, -0.8413312693498451, -0.8882154882154882, -0.7685810810810811, -0.784656796769852, -0.8678720445062587, -0.8215223097112861, -0.8052373158756138, -0.8313253012048193, -0.870575221238938, -0.8270142180094786, -0.7966507177033493, -0.8990169794459338, -0.7843137254901961, -0.8449704142011835, -0.7597254004576659, -0.8649373881932021, -0.8626279863481228, -0.7549467275494672, -0.7936925098554534, -0.8051787916152898, -0.8419864559819412, -0.8547717842323651, -0.7860655737704918, -0.8181019332161688, -0.7740440324449595, -0.8195718654434251, -0.8271028037383178]","[0.0953525641025641, 0.08686131386861314, 0.11901681759379043, 0.07169811320754717, 0.10898379970544919, 0.06424581005586592, 0.11279826464208242, 0.07435897435897436, 0.07196029776674938, 0.04840370751802266, 0.11052072263549416, 0.05224963715529753, 0.06202849958088852, 0.08655804480651731, 0.08302919708029197, 0.13879310344827586, 0.07575757575757576, 0.16802168021680217, 0.050620821394460364, 0.09064327485380116, 0.08513119533527697, 0.05890804597701149, 0.12531120331950207, 0.11764705882352941, 0.055218855218855216, 0.10472972972972973, 0.1440107671601615, 0.061196105702364396, 0.10761154855643044, 0.11456628477905073, 0.09090909090909091, 0.05752212389380531, 0.12954186413902052, 0.12799043062200957, 0.05093833780160858, 0.08278867102396514, 0.10414201183431952, 0.10068649885583524, 0.06976744186046512, 0.08959044368600683, 0.121765601217656, 0.12746386333771353, 0.11960542540073983, 0.07110609480812641, 0.09336099585062241, 0.1540983606557377, 0.1282952548330404, 0.13557358053302435, 0.11773700305810397, 0.07476635514018691]","[0.9479166666666666, 0.9496350364963504, 0.9184993531694696, 0.9509433962264151, 0.9160530191458026, 0.9376163873370578, 0.940347071583514, 0.9427350427350427, 0.9720843672456576, 0.9433573635427395, 0.9458023379383634, 0.8780841799709724, 0.9656328583403185, 0.9429735234215886, 0.9452554744525548, 0.9362068965517242, 0.9417249417249417, 0.9349593495934959, 0.938872970391595, 0.8840155945419104, 0.965597667638484, 0.9604885057471264, 0.970954356846473, 0.9589783281733746, 0.9434343434343434, 0.8733108108108109, 0.9286675639300135, 0.9290681502086231, 0.9291338582677166, 0.9198036006546645, 0.9222343921139102, 0.9280973451327433, 0.9565560821484992, 0.9246411483253588, 0.9499553172475425, 0.8671023965141612, 0.9491124260355029, 0.8604118993135011, 0.9347048300536672, 0.9522184300341296, 0.8767123287671232, 0.9211563731931669, 0.9247842170160296, 0.9130925507900677, 0.9481327800829875, 0.9401639344262295, 0.9463971880492091, 0.9096176129779838, 0.9373088685015291, 0.9018691588785047]",0.08837389307469212,50,"[0.0764406779661017, 0.09779661016949152, 0.08835820895522388, 0.08953125, 0.09806451612903226, 0.09413793103448276, 0.07434782608695652, 0.09490196078431372, 0.09714285714285714, 0.09046153846153847, 0.07583333333333334, 0.09782608695652174, 0.09825396825396826, 0.10724137931034483, 0.09339622641509433, 0.07459016393442623, 0.08695652173913043, 0.08555555555555555, 0.07796875, 0.102, 0.0798076923076923, 0.09196969696969697, 0.09148648648648648, 0.08233333333333333, 0.10215686274509804, 0.09419354838709677, 0.07733333333333334, 0.09290322580645162, 0.0821875, 0.08245901639344262, 0.08783333333333333, 0.09509803921568627, 0.06859375, 0.08535714285714285, 0.09796296296296296, 0.08723076923076924, 0.08032786885245902, 0.09388059701492538, 0.0975, 0.09094339622641509, 0.07406779661016949, 0.08410714285714285, 0.08, 0.084, 0.09389830508474577, 0.0959375, 0.08051724137931035, 0.06596491228070175, 0.07783783783783783, 0.12]",8.174695014953613,2.5118558406829834,0.49785447120666504,4.679387807846069,0.001622915267944336,0.30356717109680176,1115755,ai08,success,
vit_b32_cifar100,CIFAR100,50,0.1,44,100,1.0,dp_avg_eps8_K20,dp_avg,100,1.61139700350191,0.1191,0.193604,0.2772,0.8673,0.0648,-0.8133384631754887,0,50,"[-0.7569721115537849, -0.8330860534124629, -0.8536585365853658, -0.7915632754342432, -0.773989898989899, -0.7974193548387096, -0.7693561532192339, -0.804724409448819, -0.7897042716319825, -0.7686496694995278, -0.8064981949458484, -0.8168273444347064, -0.8012924071082391, -0.8390522875816994, -0.8621399176954733, -0.8720682302771855, -0.8297474275023387, -0.7842278203723987, -0.8185689948892675, -0.7772215269086358, -0.7791907514450866, -0.7906281156530408, -0.8861087144089732, -0.8488714425907753, -0.8268551236749117, -0.7597109304426378, -0.7675489067894131, -0.7721854304635762, -0.800453514739229, -0.8514957264957265, -0.8761261261261261, -0.8333333333333334, -0.8129032258064516, -0.8226190476190476, -0.8278529980657641, -0.8475161987041038, -0.7707267144319345, -0.842843779232928, -0.8307410795974383, -0.8266932270916334, -0.8221225710014948, -0.837696335078534, -0.8478260869565217, -0.8454183266932271, -0.8062418725617685, -0.710955710955711, -0.8182912154031288, -0.8772277227722772, -0.7979197622585439, -0.782051282051282]","[0.10159362549800798, 0.13056379821958458, 0.0784729586426299, 0.11290322580645161, 0.14646464646464646, 0.11225806451612903, 0.1915240423797881, 0.08661417322834646, 0.12924424972617743, 0.1652502360717658, 0.15451263537906137, 0.12269938650306748, 0.1631663974151858, 0.11519607843137254, 0.1056241426611797, 0.07995735607675906, 0.11880261927034612, 0.14457831325301204, 0.141396933560477, 0.15018773466833543, 0.15260115606936417, 0.15453639082751744, 0.06298533218291631, 0.0873405299313052, 0.07773851590106007, 0.1860885275519422, 0.15880322209436135, 0.14834437086092717, 0.12018140589569161, 0.09188034188034189, 0.07957957957957958, 0.07648401826484018, 0.1086021505376344, 0.07976190476190476, 0.10735009671179883, 0.10367170626349892, 0.18014329580348004, 0.11693171188026193, 0.10521500457456541, 0.10358565737051793, 0.11808669656203288, 0.11832460732984293, 0.08043478260869565, 0.10199203187250996, 0.06501950585175553, 0.13752913752913754, 0.09626955475330927, 0.053465346534653464, 0.13224368499257058, 0.10576923076923077]","[0.8585657370517928, 0.9636498516320475, 0.9321314952279958, 0.9044665012406948, 0.9204545454545454, 0.9096774193548387, 0.960880195599022, 0.8913385826771654, 0.91894852135816, 0.9338999055712937, 0.9610108303249097, 0.9395267309377738, 0.9644588045234249, 0.954248366013072, 0.967764060356653, 0.9520255863539445, 0.9485500467726847, 0.9288061336254108, 0.9599659284497445, 0.9274092615769712, 0.9317919075144508, 0.9451645064805583, 0.9490940465918896, 0.9362119725220804, 0.9045936395759717, 0.94579945799458, 0.9263521288837745, 0.9205298013245033, 0.9206349206349206, 0.9433760683760684, 0.9557057057057057, 0.9098173515981736, 0.921505376344086, 0.9023809523809524, 0.9352030947775629, 0.9511879049676026, 0.9508700102354145, 0.9597754911131899, 0.9359560841720037, 0.9302788844621513, 0.9402092675635276, 0.956020942408377, 0.9282608695652174, 0.9474103585657371, 0.871261378413524, 0.8484848484848485, 0.914560770156438, 0.9306930693069307, 0.9301634472511144, 0.8878205128205128]",0.11923149147711132,49,"[0.11676056338028169, 0.11661538461538462, 0.12596491228070175, 0.12150943396226416, 0.1260655737704918, 0.1090625, 0.11, 0.11737704918032787, 0.11796610169491525, 0.12051724137931034, 0.119, 0.10732142857142857, 0.10754098360655738, 0.10763636363636364, 0.13, 0.10448275862068966, 0.11967741935483871, 0.10418181818181818, 0.12180327868852459, 0.12241379310344827, 0.1160655737704918, 0.11426470588235293, 0.1259259259259259, 0.1359016393442623, 0.12, 0.10233333333333333, 0.12328125, 0.10105263157894737, 0.12169491525423728, 0.11507936507936507, 0.14016949152542374, 0.13704918032786886, 0.11854545454545455, 0.135, 0.1187719298245614, 0.12836734693877552, 0.1240625, 0.1260655737704918, 0.11370967741935484, 0.11344262295081967, 0.10970588235294118, 0.11661538461538462, 0.13, 0.1221311475409836, 0.12535714285714286, 0.10492753623188406, 0.12, 0.1393548387096774, 0.11757142857142858, null]",8.173145055770874,2.499753952026367,0.49855685234069824,4.701225519180298,0.0016362667083740234,0.29924440383911133,1115755,ai08,success,
vit_b32_cifar100,CIFAR100,50,0.1,42,100,1.0,labelled_probe_warmup,labelled,300,0.0,0.4293,0.19784399999999994,0.2834,0.8692,0.3924,-0.4988447628792055,0,50,"[-0.5634028892455859, -0.6381322957198443, -0.49559082892416223, -0.6001863932898416, -0.4227441285537701, -0.7710196779964222, -0.5057833859095688, -0.6476190476190475, -0.4353182751540041, -0.4833808167141501, -0.5730717185385656, -0.5004775549188156, -0.38053097345132736, -0.4511446119486321, -0.3873775843307944, -0.5105042016806722, -0.522561863173217, -0.39708737864077676, -0.6281464530892448, -0.5262745098039215, -0.5093856655290103, -0.42716857610474634, -0.5141430948419301, -0.47966631908237745, -0.6241610738255035, -0.5195632393084622, -0.45860284605433377, -0.5586592178770949, -0.6558237145855195, -0.5290262172284643, -0.41876430205949655, -0.4181818181818182, -0.49793672627235214, -0.48486720197652877, -0.511904761904762, -0.6609392898052691, -0.45691906005221933, -0.4555189456342669, -0.43293347873500543, -0.5518814139110604, -0.42352941176470593, -0.36300174520069817, -0.3606060606060606, -0.540478905359179, -0.5614035087719298, -0.44774011299435035, -0.32235459004905387, -0.5583238958097396, -0.39270687237026647, -0.36569148936170215]","[0.3579454253611557, 0.2509727626459144, 0.4144620811287478, 0.3429636533084809, 0.5006180469715699, 0.17889087656529518, 0.4027339642481598, 0.272108843537415, 0.42505133470225875, 0.46438746438746437, 0.3870094722598105, 0.4393505253104107, 0.5508849557522124, 0.5108877721943048, 0.5636561479869423, 0.43487394957983194, 0.43377001455604075, 0.4815533980582524, 0.28489702517162474, 0.3984313725490196, 0.42150170648464164, 0.45171849427168576, 0.44841930116472545, 0.45151199165797706, 0.28053691275167786, 0.4367606915377616, 0.5025873221216042, 0.3854748603351955, 0.29590766002098634, 0.41853932584269665, 0.5530129672006102, 0.5330143540669856, 0.4030261348005502, 0.4891908585546634, 0.4021164021164021, 0.2600229095074456, 0.4830287206266319, 0.49835255354200986, 0.52453653217012, 0.38198403648802737, 0.5084033613445378, 0.5636998254799301, 0.5590909090909091, 0.37628278221208666, 0.3519736842105263, 0.481638418079096, 0.6398037841625789, 0.37485843714609285, 0.5245441795231417, 0.5]","[0.9213483146067416, 0.8891050583657587, 0.91005291005291, 0.9431500465983225, 0.92336217552534, 0.9499105545617174, 0.9085173501577287, 0.9197278911564626, 0.8603696098562629, 0.9477682811016145, 0.9600811907983762, 0.9398280802292264, 0.9314159292035398, 0.9620323841429369, 0.9510337323177367, 0.9453781512605042, 0.9563318777292577, 0.8786407766990292, 0.9130434782608695, 0.9247058823529412, 0.9308873720136519, 0.8788870703764321, 0.9625623960066556, 0.9311783107403545, 0.9046979865771813, 0.9563239308462238, 0.9611901681759379, 0.9441340782122905, 0.9517313746065058, 0.947565543071161, 0.9717772692601068, 0.9511961722488038, 0.9009628610729024, 0.9740580605311921, 0.9140211640211641, 0.9209621993127147, 0.9399477806788512, 0.9538714991762768, 0.9574700109051254, 0.9338654503990877, 0.9319327731092437, 0.9267015706806283, 0.9196969696969697, 0.9167616875712656, 0.9133771929824561, 0.9293785310734464, 0.9621583742116327, 0.9331823329558324, 0.9172510518934082, 0.8656914893617021]",0.4289499634199882,50,"[0.45761194029850744, 0.4477966101694915, 0.40215384615384614, 0.46066666666666667, 0.41308823529411764, 0.46838709677419355, 0.43507936507936507, 0.4763793103448276, 0.4172727272727273, 0.41313432835820896, 0.42719298245614035, 0.43816666666666665, 0.3956060606060606, 0.42175438596491227, 0.3744642857142857, 0.41888888888888887, 0.4482758620689655, 0.4568333333333333, 0.4364705882352941, 0.4660655737704918, 0.39491803278688525, 0.45275862068965517, 0.4131818181818182, 0.4035, 0.4224561403508772, 0.42158730158730157, 0.4610344827586207, 0.46923076923076923, 0.44130434782608696, 0.39183673469387753, 0.41, 0.4072413793103448, 0.4423214285714286, 0.4713333333333333, 0.44796875, 0.4512307692307692, 0.4025, 0.4455737704918033, 0.39956521739130435, 0.4157377049180328, 0.43203703703703705, 0.42984375, 0.408, 0.4003448275862069, 0.45661290322580644, 0.43046153846153845, 0.41115384615384615, 0.3978688524590164, 0.4406060606060606, 0.4]",7.81584358215332,2.535820484161377,0.022095203399658203,4.7798752784729,0.0016388893127441406,0.30333876609802246,1115755,ai08,success,
vit_b32_cifar100,CIFAR100,50,0.1,43,100,1.0,labelled_probe_warmup,labelled,300,0.0,0.4685,0.192708,0.2825,0.8683,0.4211,-0.46275339331200477,0,50,"[-0.38942307692307687, -0.40218978102189784, -0.34023285899094435, -0.47924528301886793, -0.2547864506627393, -0.6108007448789572, -0.49240780911062904, -0.43504273504273505, -0.4261786600496278, -0.4129763130792997, -0.48352816153028694, -0.6081277213352685, -0.47611064543168485, -0.48268839103869654, -0.46076642335766427, -0.42500000000000004, -0.5174825174825175, -0.2872628726287263, -0.492836676217765, -0.3235867446393762, -0.4956268221574344, -0.6099137931034482, -0.5012448132780083, -0.49458204334365324, -0.41346801346801343, -0.2432432432432433, -0.5033647375504711, -0.5048678720445063, -0.45538057742782156, -0.45990180032733224, -0.30668127053669225, -0.5940265486725663, -0.5173775671406002, -0.38875598086124397, -0.6076854334226989, -0.5686274509803921, -0.655621301775148, -0.41189931350114417, -0.4964221824686941, -0.4266211604095562, -0.5114155251141552, -0.390275952693824, -0.5006165228113441, -0.43227990970654623, -0.5276625172890732, -0.5393442622950819, -0.4718804920913884, -0.36037079953650064, -0.4740061162079511, -0.4738317757009346]","[0.5584935897435898, 0.5474452554744526, 0.5782664941785253, 0.4716981132075472, 0.6612665684830633, 0.3268156424581006, 0.447939262472885, 0.5076923076923077, 0.5459057071960298, 0.5303810504634398, 0.4622741764080765, 0.26995645863570394, 0.4895222129086337, 0.46028513238289204, 0.4844890510948905, 0.5112068965517241, 0.42424242424242425, 0.6476964769647696, 0.44603629417383, 0.5604288499025342, 0.46997084548104956, 0.3505747126436782, 0.4697095435684647, 0.46439628482972134, 0.52996632996633, 0.6300675675675675, 0.4253028263795424, 0.4242002781641168, 0.473753280839895, 0.45990180032733224, 0.615553121577218, 0.334070796460177, 0.4391785150078989, 0.5358851674641149, 0.34226988382484363, 0.2984749455337691, 0.293491124260355, 0.448512585812357, 0.43828264758497315, 0.5255972696245734, 0.365296803652968, 0.5308804204993429, 0.4241676942046856, 0.48081264108352145, 0.42047026279391425, 0.40081967213114755, 0.47451669595782076, 0.5492468134414832, 0.463302752293578, 0.4280373831775701]","[0.9479166666666666, 0.9496350364963504, 0.9184993531694696, 0.9509433962264151, 0.9160530191458026, 0.9376163873370578, 0.940347071583514, 0.9427350427350427, 0.9720843672456576, 0.9433573635427395, 0.9458023379383634, 0.8780841799709724, 0.9656328583403185, 0.9429735234215886, 0.9452554744525548, 0.9362068965517242, 0.9417249417249417, 0.9349593495934959, 0.938872970391595, 0.8840155945419104, 0.965597667638484, 0.9604885057471264, 0.970954356846473, 0.9589783281733746, 0.9434343434343434, 0.8733108108108109, 0.9286675639300135, 0.9290681502086231, 0.9291338582677166, 0.9198036006546645, 0.9222343921139102, 0.9280973451327433, 0.9565560821484992, 0.9246411483253588, 0.9499553172475425, 0.8671023965141612, 0.9491124260355029, 0.8604118993135011, 0.9347048300536672, 0.9522184300341296, 0.8767123287671232, 0.9211563731931669, 0.9247842170160296, 0.9130925507900677, 0.9481327800829875, 0.9401639344262295, 0.9463971880492091, 0.9096176129779838, 0.9373088685015291, 0.9018691588785047]",0.4575859164141922,50,"[0.4447457627118644, 0.4745762711864407, 0.44970149253731345, 0.4834375, 0.4612903225806452, 0.4877586206896552, 0.4439130434782609, 0.4896078431372549, 0.4683673469387755, 0.45784615384615385, 0.43666666666666665, 0.5034782608695653, 0.4604761904761905, 0.46948275862068967, 0.4771698113207547, 0.46311475409836067, 0.48971014492753623, 0.42682539682539683, 0.4659375, 0.4568333333333333, 0.42980769230769234, 0.4603030303030303, 0.48, 0.4791666666666667, 0.46176470588235297, 0.46483870967741936, 0.468, 0.43032258064516127, 0.46796875, 0.4672131147540984, 0.43233333333333335, 0.4627450980392157, 0.44453125, 0.4544642857142857, 0.46944444444444444, 0.44384615384615383, 0.4740983606557377, 0.46134328358208954, 0.433125, 0.48, 0.4523728813559322, 0.44660714285714287, 0.4685, 0.4658181818181818, 0.4816949152542373, 0.4640625, 0.47206896551724137, 0.45245614035087717, 0.49945945945945946, 0.2]",7.8415069580078125,2.5456314086914062,0.02193284034729004,4.772885799407959,0.0016245841979980469,0.3224830627441406,1115755,ai08,success,
vit_b32_cifar100,CIFAR100,50,0.1,44,100,1.0,labelled_probe_warmup,labelled,300,0.0,0.4523,0.193604,0.2772,0.8673,0.4062,-0.4737673137241408,0,50,"[-0.42828685258964144, -0.4591988130563799, -0.43796394485683987, -0.5062034739454095, -0.5227272727272727, -0.392258064516129, -0.46780766096169524, -0.5133858267716536, -0.46111719605695517, -0.5731822474032106, -0.4570397111913358, -0.48115687992988604, -0.40630048465266566, -0.3741830065359477, -0.5713305898491083, -0.39232409381663114, -0.5434985968194574, -0.4414019715224535, -0.3492333901192505, -0.3804755944931164, -0.4034682080924855, -0.5184446660019939, -0.3805004314063848, -0.4474975466143277, -0.43462897526501765, -0.5076784101174345, -0.46260069044879176, -0.5827814569536425, -0.5113378684807256, -0.5352564102564102, -0.3851351351351351, -0.6358447488584476, -0.4290322580645161, -0.375, -0.42649903288201163, -0.6336933045356372, -0.5383828045035823, -0.5799812909260992, -0.4199451052150046, -0.45318725099601587, -0.5007473841554559, -0.44188481675392677, -0.6173913043478261, -0.6390438247011953, -0.42132639791937576, -0.3473193473193473, -0.49458483754512633, -0.4821782178217822, -0.4858841010401189, -0.438034188034188]","[0.4302788844621514, 0.5044510385756676, 0.4941675503711559, 0.39826302729528534, 0.3977272727272727, 0.5174193548387097, 0.4930725346373268, 0.3779527559055118, 0.4578313253012048, 0.3607176581680831, 0.503971119133574, 0.4583698510078878, 0.5581583198707593, 0.5800653594771242, 0.39643347050754457, 0.5597014925373134, 0.40505144995322734, 0.4874041621029573, 0.610732538330494, 0.5469336670838548, 0.5283236994219653, 0.4267198404785643, 0.5685936151855048, 0.4887144259077527, 0.46996466431095407, 0.43812104787714545, 0.46375143843498273, 0.33774834437086093, 0.409297052154195, 0.4081196581196581, 0.5705705705705706, 0.273972602739726, 0.4924731182795699, 0.5273809523809524, 0.5087040618955513, 0.3174946004319654, 0.4124872057318321, 0.37979420018709076, 0.5160109789569991, 0.4770916334661355, 0.43946188340807174, 0.5141361256544502, 0.3108695652173913, 0.3083665338645418, 0.44993498049414826, 0.5011655011655012, 0.41997593261131166, 0.4485148514851485, 0.4442793462109955, 0.4497863247863248]","[0.8585657370517928, 0.9636498516320475, 0.9321314952279958, 0.9044665012406948, 0.9204545454545454, 0.9096774193548387, 0.960880195599022, 0.8913385826771654, 0.91894852135816, 0.9338999055712937, 0.9610108303249097, 0.9395267309377738, 0.9644588045234249, 0.954248366013072, 0.967764060356653, 0.9520255863539445, 0.9485500467726847, 0.9288061336254108, 0.9599659284497445, 0.9274092615769712, 0.9317919075144508, 0.9451645064805583, 0.9490940465918896, 0.9362119725220804, 0.9045936395759717, 0.94579945799458, 0.9263521288837745, 0.9205298013245033, 0.9206349206349206, 0.9433760683760684, 0.9557057057057057, 0.9098173515981736, 0.921505376344086, 0.9023809523809524, 0.9352030947775629, 0.9511879049676026, 0.9508700102354145, 0.9597754911131899, 0.9359560841720037, 0.9302788844621513, 0.9402092675635276, 0.956020942408377, 0.9282608695652174, 0.9474103585657371, 0.871261378413524, 0.8484848484848485, 0.914560770156438, 0.9306930693069307, 0.9301634472511144, 0.8878205128205128]",0.45789020350292925,49,"[0.44267605633802815, 0.4603076923076923, 0.4671929824561403, 0.47264150943396227, 0.4855737704918033, 0.42984375, 0.4069642857142857, 0.48836065573770493, 0.42694915254237287, 0.4986206896551724, 0.4063333333333333, 0.4323214285714286, 0.45704918032786884, 0.44381818181818183, 0.4878181818181818, 0.39362068965517244, 0.43451612903225806, 0.4607272727272727, 0.43163934426229505, 0.5037931034482759, 0.43459016393442623, 0.4814705882352941, 0.4875925925925926, 0.4491803278688525, 0.46137254901960784, 0.4645, 0.44515625, 0.476140350877193, 0.44610169491525425, 0.4488888888888889, 0.4527118644067797, 0.5009836065573771, 0.4807272727272727, 0.4725, 0.4568421052631579, 0.4853061224489796, 0.45453125, 0.45229508196721313, 0.4798387096774194, 0.4478688524590164, 0.47205882352941175, 0.4443076923076923, 0.4577777777777778, 0.450655737704918, 0.45125, 0.44318840579710145, 0.4873015873015873, 0.47, 0.45071428571428573, null]",7.78816556930542,2.5490221977233887,0.021654844284057617,4.737096309661865,0.001596689224243164,0.29880213737487793,1115755,ai08,success,
vit_b32_cifar100,CIFAR100,50,0.1,42,100,1.0,no_phase0,none,0,0.0,0.0246,0.19784399999999994,0.2834,0.8692,0.0121,-0.9033437466333818,0,50,"[-0.8876404494382023, -0.8560311284046692, -0.8783068783068783, -0.923578751164958, -0.9122373300370828, -0.9320214669051878, -0.889589905362776, -0.8925170068027211, -0.8110882956878851, -0.8907882241215574, -0.9370771312584574, -0.9083094555873925, -0.8849557522123893, -0.9553322166387493, -0.9325353645266594, -0.9222689075630252, -0.9395924308588064, -0.8524271844660195, -0.8913043478260869, -0.912156862745098, -0.9061433447098977, -0.8576104746317512, -0.9409317803660566, -0.9113660062565172, -0.8671140939597316, -0.9253867151956323, -0.9404915912031048, -0.9050279329608938, -0.9286463798530955, -0.9250936329588015, -0.9458428680396643, -0.9234449760765551, -0.8707015130674003, -0.961704756022236, -0.9034391534391535, -0.8613974799541809, -0.9025239338555265, -0.9324546952224053, -0.9269356597600872, -0.8745724059293044, -0.8941176470588236, -0.8691099476439791, -0.896969696969697, -0.9019384264538198, -0.9035087719298246, -0.9011299435028249, -0.9481429572529783, -0.9150622876557192, -0.8948106591865358, -0.8218085106382979]","[0.033707865168539325, 0.033073929961089495, 0.031746031746031744, 0.0195712954333644, 0.011124845488257108, 0.017889087656529516, 0.01892744479495268, 0.027210884353741496, 0.049281314168377825, 0.05698005698005698, 0.023004059539918808, 0.03151862464183381, 0.046460176991150445, 0.006700167504187605, 0.018498367791077257, 0.023109243697478993, 0.016739446870451237, 0.02621359223300971, 0.021739130434782608, 0.012549019607843137, 0.024744027303754267, 0.02127659574468085, 0.021630615640599003, 0.01981230448383733, 0.03758389261744966, 0.030937215650591446, 0.02069857697283312, 0.03910614525139665, 0.023084994753410283, 0.02247191011235955, 0.02593440122044241, 0.027751196172248804, 0.030261348005502064, 0.012353304508956145, 0.010582010582010581, 0.05956471935853379, 0.03742384682332463, 0.0214168039538715, 0.030534351145038167, 0.059293044469783354, 0.037815126050420166, 0.05759162303664921, 0.022727272727272728, 0.014823261117445839, 0.009868421052631578, 0.02824858757062147, 0.01401541695865452, 0.01812004530011325, 0.02244039270687237, 0.043882978723404256]","[0.9213483146067416, 0.8891050583657587, 0.91005291005291, 0.9431500465983225, 0.92336217552534, 0.9499105545617174, 0.9085173501577287, 0.9197278911564626, 0.8603696098562629, 0.9477682811016145, 0.9600811907983762, 0.9398280802292264, 0.9314159292035398, 0.9620323841429369, 0.9510337323177367, 0.9453781512605042, 0.9563318777292577, 0.8786407766990292, 0.9130434782608695, 0.9247058823529412, 0.9308873720136519, 0.8788870703764321, 0.9625623960066556, 0.9311783107403545, 0.9046979865771813, 0.9563239308462238, 0.9611901681759379, 0.9441340782122905, 0.9517313746065058, 0.947565543071161, 0.9717772692601068, 0.9511961722488038, 0.9009628610729024, 0.9740580605311921, 0.9140211640211641, 0.9209621993127147, 0.9399477806788512, 0.9538714991762768, 0.9574700109051254, 0.9338654503990877, 0.9319327731092437, 0.9267015706806283, 0.9196969696969697, 0.9167616875712656, 0.9133771929824561, 0.9293785310734464, 0.9621583742116327, 0.9331823329558324, 0.9172510518934082, 0.8656914893617021]",0.024812333046753052,50,"[0.02716417910447761, 0.01983050847457627, 0.025538461538461538, 0.025166666666666667, 0.028088235294117646, 0.02838709677419355, 0.025555555555555557, 0.018793103448275863, 0.024242424242424242, 0.02208955223880597, 0.02631578947368421, 0.0265, 0.02090909090909091, 0.03456140350877193, 0.031785714285714285, 0.025396825396825397, 0.02620689655172414, 0.021166666666666667, 0.02196078431372549, 0.02098360655737705, 0.025901639344262296, 0.025689655172413794, 0.02515151515151515, 0.030166666666666668, 0.018596491228070177, 0.021746031746031746, 0.021551724137931036, 0.01903846153846154, 0.02289855072463768, 0.0236734693877551, 0.029322033898305084, 0.02620689655172414, 0.020535714285714286, 0.032, 0.02421875, 0.02353846153846154, 0.01903846153846154, 0.02442622950819672, 0.020579710144927536, 0.029508196721311476, 0.02537037037037037, 0.020625, 0.022, 0.018793103448275863, 0.03, 0.017538461538461537, 0.01942307692307692, 0.021147540983606557, 0.02378787878787879, 0.0575]",7.661462306976318,2.488576889038086,0.007539272308349609,4.68637490272522,0.0016524791717529297,0.3040015697479248,1115755,ai08,success,
vit_b32_cifar100,CIFAR100,50,0.1,43,100,1.0,no_phase0,none,0,0.0,0.0219,0.192708,0.2825,0.8683,0.011,-0.908428422936476,0,50,"[-0.9358974358974359, -0.9335766423357664, -0.8809831824062095, -0.9169811320754717, -0.9013254786450663, -0.9236499068901304, -0.9154013015184381, -0.9273504273504274, -0.9540942928039703, -0.94129763130793, -0.8937300743889479, -0.8563134978229318, -0.9580888516345348, -0.9317718940936863, -0.9388686131386862, -0.9112068965517242, -0.9265734265734266, -0.8766937669376693, -0.9235912129894938, -0.8732943469785576, -0.9539358600583091, -0.9432471264367815, -0.9278008298755187, -0.93343653250774, -0.927946127946128, -0.8581081081081081, -0.882907133243607, -0.9248956884561892, -0.8858267716535433, -0.8887070376432079, -0.9090909090909092, -0.9092920353982301, -0.9352290679304897, -0.8839712918660286, -0.9392314566577301, -0.8562091503267973, -0.9408284023668639, -0.8352402745995423, -0.9203935599284436, -0.9360068259385665, -0.8554033485540334, -0.8935611038107754, -0.905055487053021, -0.8826185101580135, -0.9260027662517288, -0.8655737704918033, -0.9235500878734622, -0.8597914252607185, -0.9174311926605505, -0.8794392523364486]","[0.01201923076923077, 0.016058394160583942, 0.037516170763260026, 0.033962264150943396, 0.014727540500736377, 0.013966480446927373, 0.024945770065075923, 0.015384615384615385, 0.017990074441687345, 0.0020597322348094747, 0.052072263549415514, 0.02177068214804064, 0.0075440067057837385, 0.01120162932790224, 0.006386861313868613, 0.025, 0.015151515151515152, 0.058265582655826556, 0.015281757402101241, 0.010721247563352826, 0.011661807580174927, 0.017241379310344827, 0.043153526970954356, 0.025541795665634675, 0.015488215488215488, 0.015202702702702704, 0.04576043068640646, 0.004172461752433936, 0.04330708661417323, 0.031096563011456628, 0.013143483023001095, 0.018805309734513276, 0.02132701421800948, 0.04066985645933014, 0.010723860589812333, 0.010893246187363835, 0.008284023668639054, 0.02517162471395881, 0.014311270125223614, 0.016211604095563138, 0.0213089802130898, 0.02759526938239159, 0.01972872996300863, 0.030474040632054177, 0.022130013831258646, 0.07459016393442623, 0.022847100175746926, 0.04982618771726535, 0.019877675840978593, 0.022429906542056073]","[0.9479166666666666, 0.9496350364963504, 0.9184993531694696, 0.9509433962264151, 0.9160530191458026, 0.9376163873370578, 0.940347071583514, 0.9427350427350427, 0.9720843672456576, 0.9433573635427395, 0.9458023379383634, 0.8780841799709724, 0.9656328583403185, 0.9429735234215886, 0.9452554744525548, 0.9362068965517242, 0.9417249417249417, 0.9349593495934959, 0.938872970391595, 0.8840155945419104, 0.965597667638484, 0.9604885057471264, 0.970954356846473, 0.9589783281733746, 0.9434343434343434, 0.8733108108108109, 0.9286675639300135, 0.9290681502086231, 0.9291338582677166, 0.9198036006546645, 0.9222343921139102, 0.9280973451327433, 0.9565560821484992, 0.9246411483253588, 0.9499553172475425, 0.8671023965141612, 0.9491124260355029, 0.8604118993135011, 0.9347048300536672, 0.9522184300341296, 0.8767123287671232, 0.9211563731931669, 0.9247842170160296, 0.9130925507900677, 0.9481327800829875, 0.9401639344262295, 0.9463971880492091, 0.9096176129779838, 0.9373088685015291, 0.9018691588785047]",0.021034813003840226,50,"[0.015932203389830507, 0.021864406779661016, 0.020597014925373136, 0.018125, 0.02661290322580645, 0.027413793103448277, 0.02072463768115942, 0.02823529411764706, 0.021836734693877553, 0.024923076923076923, 0.018333333333333333, 0.02043478260869565, 0.025873015873015874, 0.03, 0.026037735849056602, 0.01918032786885246, 0.017536231884057972, 0.016666666666666666, 0.01625, 0.027333333333333334, 0.025961538461538463, 0.023484848484848483, 0.02337837837837838, 0.0185, 0.023529411764705882, 0.02403225806451613, 0.015166666666666667, 0.020483870967741936, 0.0178125, 0.022131147540983605, 0.016166666666666666, 0.027450980392156862, 0.019375, 0.01892857142857143, 0.020925925925925924, 0.025384615384615384, 0.020163934426229508, 0.02208955223880597, 0.025833333333333333, 0.023962264150943397, 0.02, 0.019107142857142857, 0.017, 0.02090909090909091, 0.024745762711864405, 0.02265625, 0.018275862068965518, 0.012807017543859649, 0.01756756756756757, 0.0]",7.742150068283081,2.500242233276367,0.00769495964050293,4.7516961097717285,0.0016777515411376953,0.30777692794799805,1115755,ai08,success,
vit_b32_cifar100,CIFAR100,50,0.1,44,100,1.0,no_phase0,none,0,0.0,0.0256,0.193604,0.2772,0.8673,0.0072,-0.9046552105706711,0,50,"[-0.8366533864541833, -0.9399109792284867, -0.9077412513255567, -0.8796526054590571, -0.8838383838383838, -0.8941935483870967, -0.9103504482477588, -0.8771653543307086, -0.8970427163198248, -0.8781869688385269, -0.9010830324909748, -0.9097283085013146, -0.9289176090468498, -0.9281045751633987, -0.9526748971193416, -0.9413646055437099, -0.9232927970065482, -0.8992332968236583, -0.940374787052811, -0.8873591989987485, -0.8959537572254335, -0.9202392821535393, -0.9396031061259706, -0.9244357212953876, -0.8939929328621908, -0.896115627822945, -0.8987341772151899, -0.8887417218543047, -0.8775510204081632, -0.9177350427350427, -0.9459459459459459, -0.8904109589041096, -0.9, -0.8833333333333333, -0.9100580270793037, -0.9244060475161987, -0.925281473899693, -0.9410664172123481, -0.9075937785910339, -0.9143426294820717, -0.9237668161434978, -0.9267015706806283, -0.9032608695652173, -0.9043824701195219, -0.8660598179453836, -0.8111888111888113, -0.8916967509025271, -0.9227722772277228, -0.9019316493313522, -0.8685897435897435]","[0.021912350597609563, 0.02373887240356083, 0.024390243902439025, 0.02481389578163772, 0.036616161616161616, 0.015483870967741935, 0.05052974735126324, 0.014173228346456693, 0.02190580503833516, 0.05571293673276676, 0.059927797833935016, 0.029798422436459245, 0.035541195476575124, 0.026143790849673203, 0.015089163237311385, 0.010660980810234541, 0.025257249766136577, 0.029572836801752465, 0.019591141396933562, 0.04005006257822278, 0.035838150289017344, 0.024925224327018942, 0.009490940465918895, 0.011776251226692836, 0.01060070671378092, 0.04968383017163505, 0.02761795166858458, 0.031788079470198675, 0.04308390022675737, 0.02564102564102564, 0.00975975975975976, 0.019406392694063926, 0.021505376344086023, 0.01904761904761905, 0.025145067698259187, 0.02678185745140389, 0.0255885363357216, 0.018709073900841908, 0.028362305580969808, 0.01593625498007968, 0.016442451420029897, 0.02931937172774869, 0.025, 0.04302788844621514, 0.005201560468140442, 0.037296037296037296, 0.02286401925391095, 0.007920792079207921, 0.02823179791976226, 0.019230769230769232]","[0.8585657370517928, 0.9636498516320475, 0.9321314952279958, 0.9044665012406948, 0.9204545454545454, 0.9096774193548387, 0.960880195599022, 0.8913385826771654, 0.91894852135816, 0.9338999055712937, 0.9610108303249097, 0.9395267309377738, 0.9644588045234249, 0.954248366013072, 0.967764060356653, 0.9520255863539445, 0.9485500467726847, 0.9288061336254108, 0.9599659284497445, 0.9274092615769712, 0.9317919075144508, 0.9451645064805583, 0.9490940465918896, 0.9362119725220804, 0.9045936395759717, 0.94579945799458, 0.9263521288837745, 0.9205298013245033, 0.9206349206349206, 0.9433760683760684, 0.9557057057057057, 0.9098173515981736, 0.921505376344086, 0.9023809523809524, 0.9352030947775629, 0.9511879049676026, 0.9508700102354145, 0.9597754911131899, 0.9359560841720037, 0.9302788844621513, 0.9402092675635276, 0.956020942408377, 0.9282608695652174, 0.9474103585657371, 0.871261378413524, 0.8484848484848485, 0.914560770156438, 0.9306930693069307, 0.9301634472511144, 0.8878205128205128]",0.025952678163300474,49,"[0.025211267605633803, 0.02446153846153846, 0.024385964912280702, 0.02811320754716981, 0.025901639344262296, 0.026875, 0.023928571428571428, 0.02540983606557377, 0.026610169491525424, 0.022758620689655173, 0.022333333333333334, 0.025, 0.021639344262295083, 0.023636363636363636, 0.027090909090909093, 0.025517241379310347, 0.025, 0.020181818181818183, 0.027377049180327868, 0.026724137931034484, 0.022950819672131147, 0.029558823529411766, 0.027407407407407408, 0.032459016393442626, 0.02666666666666667, 0.019833333333333335, 0.02734375, 0.023333333333333334, 0.02457627118644068, 0.02857142857142857, 0.030508474576271188, 0.03114754098360656, 0.024181818181818183, 0.028214285714285713, 0.02543859649122807, 0.027551020408163266, 0.02703125, 0.028524590163934428, 0.025483870967741934, 0.022295081967213116, 0.025294117647058825, 0.027384615384615386, 0.022222222222222223, 0.027377049180327868, 0.02982142857142857, 0.021449275362318842, 0.029682539682539682, 0.03064516129032258, 0.026571428571428572, null]",7.71904182434082,2.5186822414398193,0.007807016372680664,4.718612909317017,0.0016231536865234375,0.29918360710144043,1115755,ai08,success,
vit_b32_cifar100,CIFAR100,50,0.1,42,100,1.0,raw_union_K20,raw_union,20168,0.0,0.8513,0.19784399999999994,0.2834,0.8692,0.8495,-0.028506593587418142,10,50,"[0.012841091492776902, -0.023346303501945442, -0.05467372134038795, -0.07548928238583408, 0.012360939431396711, -0.014311270125223596, -0.03785488958990535, -0.03401360544217691, 0.06160164271047219, -0.06267806267806275, -0.07645466847090665, -0.03915950334288443, -0.022123893805309658, -0.09156895589056391, -0.02502720348204568, -0.01680672268907557, -0.0393013100436681, 0.01941747572815533, 0.009153318077803285, -0.050980392156862675, -0.08959044368600688, 0.04091653027823239, -0.03161397670549093, -0.02502606882168923, 0.01744966442953011, -0.05459508644222011, -0.06597671410090555, -0.02607076350093107, -0.044071353620146914, -0.034644194756554336, -0.04271548436308159, -0.02775119617224875, 0.012379642365887178, -0.07535515750463251, -0.039682539682539764, -0.05383734249713623, -0.04525674499564847, -0.05766062602965405, -0.0861504907306434, -0.022805017103762815, -0.010924369747899232, -0.041884816753926746, 0.0060606060606061, -0.029646522234891615, -0.042763157894736836, -0.026836158192090398, -0.034337771548703544, -0.01812004530011324, -0.016830294530154277, 0.09042553191489355]","[0.9341894060995185, 0.8657587548638133, 0.855379188712522, 0.8676607642124884, 0.9357231149567367, 0.9355992844364938, 0.8706624605678234, 0.8857142857142857, 0.9219712525667351, 0.8850902184235517, 0.8836265223274695, 0.9006685768863419, 0.9092920353982301, 0.870463428252373, 0.926006528835691, 0.9285714285714286, 0.9170305676855895, 0.8980582524271845, 0.9221967963386728, 0.8737254901960785, 0.841296928327645, 0.9198036006546645, 0.9309484193011647, 0.9061522419186653, 0.9221476510067114, 0.9017288444040037, 0.8952134540750324, 0.9180633147113594, 0.9076600209863589, 0.9129213483146067, 0.9290617848970252, 0.9234449760765551, 0.9133425034387895, 0.8987029030265596, 0.8743386243386243, 0.8671248568155785, 0.8946910356832027, 0.8962108731466227, 0.871319520174482, 0.9110604332953249, 0.9210084033613445, 0.8848167539267016, 0.9257575757575758, 0.887115165336374, 0.8706140350877193, 0.902542372881356, 0.9278206026629292, 0.9150622876557192, 0.9004207573632539, 0.9561170212765957]","[0.9213483146067416, 0.8891050583657587, 0.91005291005291, 0.9431500465983225, 0.92336217552534, 0.9499105545617174, 0.9085173501577287, 0.9197278911564626, 0.8603696098562629, 0.9477682811016145, 0.9600811907983762, 0.9398280802292264, 0.9314159292035398, 0.9620323841429369, 0.9510337323177367, 0.9453781512605042, 0.9563318777292577, 0.8786407766990292, 0.9130434782608695, 0.9247058823529412, 0.9308873720136519, 0.8788870703764321, 0.9625623960066556, 0.9311783107403545, 0.9046979865771813, 0.9563239308462238, 0.9611901681759379, 0.9441340782122905, 0.9517313746065058, 0.947565543071161, 0.9717772692601068, 0.9511961722488038, 0.9009628610729024, 0.9740580605311921, 0.9140211640211641, 0.9209621993127147, 0.9399477806788512, 0.9538714991762768, 0.9574700109051254, 0.9338654503990877, 0.9319327731092437, 0.9267015706806283, 0.9196969696969697, 0.9167616875712656, 0.9133771929824561, 0.9293785310734464, 0.9621583742116327, 0.9331823329558324, 0.9172510518934082, 0.8656914893617021]",0.8516007363251041,50,"[0.842089552238806, 0.8438983050847457, 0.8433846153846154, 0.8638333333333333, 0.8498529411764706, 0.8601612903225806, 0.8625396825396825, 0.8384482758620689, 0.8560606060606061, 0.8449253731343284, 0.8524561403508772, 0.8311666666666667, 0.8459090909090909, 0.8559649122807017, 0.8489285714285715, 0.8636507936507937, 0.851551724137931, 0.8563333333333333, 0.855686274509804, 0.8555737704918033, 0.8539344262295082, 0.8477586206896551, 0.8436363636363636, 0.8535, 0.8482456140350877, 0.8504761904761905, 0.8524137931034482, 0.8603846153846154, 0.8408695652173913, 0.8430612244897959, 0.848813559322034, 0.8408620689655173, 0.8483928571428572, 0.8533333333333334, 0.85453125, 0.8567692307692307, 0.8459615384615384, 0.850983606557377, 0.8515942028985507, 0.8449180327868853, 0.8592592592592593, 0.8603125, 0.8487692307692307, 0.8470689655172414, 0.8464516129032258, 0.8521538461538462, 0.8421153846153846, 0.8478688524590164, 0.8481818181818181, 0.915]",8.548670768737793,2.5806071758270264,0.7453787326812744,4.745348930358887,0.00164031982421875,0.30275964736938477,1115755,ai08,success,
vit_b32_cifar100,CIFAR100,50,0.1,43,100,1.0,raw_union_K20,raw_union,19478,0.0,0.85,0.192708,0.2825,0.8683,0.8479,-0.029146228350104657,8,50,"[-0.043269230769230727, -0.0649635036496351, 0.01681759379042691, -0.06320754716981136, 0.0, -0.07914338919925512, -0.03253796095444683, -0.028205128205128216, -0.09367245657568246, -0.05355303810504641, -0.018065887353878818, -0.03483309143686508, -0.09388097233864212, -0.031568228105906315, -0.06113138686131392, -0.03534482758620694, -0.03263403263403264, -0.008130081300812941, -0.05635148042024829, -0.022417153996101447, -0.08046647230320703, -0.10560344827586199, -0.05145228215767639, -0.06578947368421051, -0.045791245791245716, 0.0625, -0.012113055181695809, -0.006954102920723293, -0.06299212598425197, 0.02454991816693941, -0.009857612267250904, -0.0331858407079646, -0.0655608214849921, 0.015550239234449759, -0.03217158176943702, 0.05228758169934644, -0.02485207100591713, 0.07551487414187641, -0.025044722719141266, -0.011945392491467532, 0.0273972602739726, 0.042049934296977676, -0.0012330456226881115, -0.02483069977426633, -0.1023513139695712, -0.04590163934426228, -0.041300527240773266, -0.030127462340672095, -0.010703363914373099, -0.03084112149532714]","[0.9046474358974359, 0.8846715328467153, 0.9353169469598965, 0.8877358490566037, 0.9160530191458026, 0.8584729981378026, 0.9078091106290672, 0.9145299145299145, 0.8784119106699751, 0.8898043254376931, 0.9277364505844846, 0.8432510885341074, 0.8717518860016764, 0.9114052953156823, 0.8841240875912408, 0.9008620689655172, 0.9090909090909091, 0.926829268292683, 0.8825214899713467, 0.8615984405458089, 0.885131195335277, 0.8548850574712644, 0.9195020746887966, 0.8931888544891641, 0.8976430976430977, 0.9358108108108109, 0.9165545087483177, 0.9221140472878998, 0.8661417322834646, 0.9443535188216039, 0.9123767798466593, 0.8949115044247787, 0.8909952606635071, 0.9401913875598086, 0.9177837354781054, 0.9193899782135077, 0.9242603550295858, 0.9359267734553776, 0.909660107334526, 0.9402730375426621, 0.9041095890410958, 0.9632063074901446, 0.9235511713933415, 0.8882618510158014, 0.8457814661134163, 0.8942622950819672, 0.9050966608084359, 0.8794901506373117, 0.926605504587156, 0.8710280373831776]","[0.9479166666666666, 0.9496350364963504, 0.9184993531694696, 0.9509433962264151, 0.9160530191458026, 0.9376163873370578, 0.940347071583514, 0.9427350427350427, 0.9720843672456576, 0.9433573635427395, 0.9458023379383634, 0.8780841799709724, 0.9656328583403185, 0.9429735234215886, 0.9452554744525548, 0.9362068965517242, 0.9417249417249417, 0.9349593495934959, 0.938872970391595, 0.8840155945419104, 0.965597667638484, 0.9604885057471264, 0.970954356846473, 0.9589783281733746, 0.9434343434343434, 0.8733108108108109, 0.9286675639300135, 0.9290681502086231, 0.9291338582677166, 0.9198036006546645, 0.9222343921139102, 0.9280973451327433, 0.9565560821484992, 0.9246411483253588, 0.9499553172475425, 0.8671023965141612, 0.9491124260355029, 0.8604118993135011, 0.9347048300536672, 0.9522184300341296, 0.8767123287671232, 0.9211563731931669, 0.9247842170160296, 0.9130925507900677, 0.9481327800829875, 0.9401639344262295, 0.9463971880492091, 0.9096176129779838, 0.9373088685015291, 0.9018691588785047]",0.8500024236928694,50,"[0.8515254237288136, 0.8586440677966102, 0.8426865671641791, 0.8534375, 0.8551612903225806, 0.8537931034482759, 0.8447826086956521, 0.8496078431372549, 0.8453061224489796, 0.8510769230769231, 0.8376666666666667, 0.8542028985507246, 0.8573015873015873, 0.8468965517241379, 0.85, 0.8413114754098361, 0.8476811594202899, 0.8536507936507937, 0.85296875, 0.8526666666666667, 0.8428846153846153, 0.8446969696969697, 0.8431081081081081, 0.856, 0.8527450980392157, 0.8487096774193549, 0.8386666666666667, 0.8433870967741935, 0.86171875, 0.8527868852459016, 0.8508333333333333, 0.8580392156862745, 0.84046875, 0.8442857142857143, 0.8437037037037037, 0.8447692307692307, 0.8316393442622951, 0.8550746268656716, 0.8477083333333333, 0.8435849056603774, 0.8350847457627119, 0.8428571428571429, 0.8481666666666666, 0.8438181818181818, 0.8550847457627119, 0.85890625, 0.8493103448275862, 0.861578947368421, 0.8501351351351352, 0.91]",8.43578028678894,2.5550293922424316,0.7232756614685059,4.680025339126587,0.0016357898712158203,0.3013927936553955,1115755,ai08,success,
vit_b32_cifar100,CIFAR100,50,0.1,44,100,1.0,raw_union_K20,raw_union,19888,0.0,0.8553,0.193604,0.2772,0.8673,0.8528,-0.02755596315220343,11,50,"[0.03984063745019917, -0.08902077151335319, -0.020148462354188768, 0.003722084367245637, -0.02777777777777779, -0.012903225806451646, -0.02281988590057049, 0.04094488188976375, -0.01423877327491796, -0.032105760151085905, -0.05848375451263543, -0.04645048203330404, -0.06704361873990305, -0.023692810457516367, -0.08916323731138542, -0.005330490405117239, -0.026192703461178635, -0.026286966046002225, -0.05281090289608181, 0.0012515644555693983, 0.0023121387283236983, -0.11465603190428708, -0.05522001725625536, -0.04514229636898914, -0.02355712603062421, -0.02619692863595302, -0.010356731875719283, 0.017218543046357615, 0.01133786848072571, -0.020299145299145227, -0.029279279279279202, -0.06963470319634713, -0.03440860215053765, -0.010714285714285676, -0.014506769825918808, -0.12526997840172793, -0.07471852610030705, -0.07951356407857813, -0.05855443732845389, -0.03386454183266929, -0.02391629297458886, -0.049214659685863915, -0.01304347826086949, -0.06215139442231077, 0.07932379713914173, 0.07692307692307687, -0.04693140794223827, -0.03762376237623766, 0.011887072808320909, 0.010683760683760757]","[0.898406374501992, 0.8746290801186943, 0.911983032873807, 0.9081885856079405, 0.8926767676767676, 0.896774193548387, 0.9380603096984516, 0.9322834645669291, 0.904709748083242, 0.9017941454202077, 0.9025270758122743, 0.8930762489044698, 0.8974151857835219, 0.9305555555555556, 0.8786008230452675, 0.9466950959488273, 0.9223573433115061, 0.9025191675794085, 0.9071550255536627, 0.9286608260325406, 0.9341040462427745, 0.8305084745762712, 0.8938740293356342, 0.8910696761530913, 0.8810365135453475, 0.919602529358627, 0.9159953970080552, 0.937748344370861, 0.9319727891156463, 0.9230769230769231, 0.9264264264264265, 0.8401826484018264, 0.8870967741935484, 0.8916666666666667, 0.9206963249516441, 0.8259179265658747, 0.8761514841351075, 0.8802619270346118, 0.8774016468435498, 0.896414342629482, 0.9162929745889388, 0.9068062827225131, 0.9152173913043479, 0.8852589641434263, 0.9505851755526658, 0.9254079254079254, 0.8676293622141997, 0.8930693069306931, 0.9420505200594353, 0.8985042735042735]","[0.8585657370517928, 0.9636498516320475, 0.9321314952279958, 0.9044665012406948, 0.9204545454545454, 0.9096774193548387, 0.960880195599022, 0.8913385826771654, 0.91894852135816, 0.9338999055712937, 0.9610108303249097, 0.9395267309377738, 0.9644588045234249, 0.954248366013072, 0.967764060356653, 0.9520255863539445, 0.9485500467726847, 0.9288061336254108, 0.9599659284497445, 0.9274092615769712, 0.9317919075144508, 0.9451645064805583, 0.9490940465918896, 0.9362119725220804, 0.9045936395759717, 0.94579945799458, 0.9263521288837745, 0.9205298013245033, 0.9206349206349206, 0.9433760683760684, 0.9557057057057057, 0.9098173515981736, 0.921505376344086, 0.9023809523809524, 0.9352030947775629, 0.9511879049676026, 0.9508700102354145, 0.9597754911131899, 0.9359560841720037, 0.9302788844621513, 0.9402092675635276, 0.956020942408377, 0.9282608695652174, 0.9474103585657371, 0.871261378413524, 0.8484848484848485, 0.914560770156438, 0.9306930693069307, 0.9301634472511144, 0.8878205128205128]",0.8561699218305462,49,"[0.8628169014084507, 0.8550769230769231, 0.8547368421052631, 0.859811320754717, 0.8657377049180328, 0.86171875, 0.8571428571428571, 0.8559016393442623, 0.8593220338983051, 0.8643103448275862, 0.8516666666666667, 0.8596428571428572, 0.8462295081967213, 0.856, 0.8558181818181818, 0.843103448275862, 0.8401612903225807, 0.8574545454545455, 0.8485245901639344, 0.8586206896551725, 0.849672131147541, 0.8645588235294117, 0.8501851851851852, 0.8568852459016394, 0.8745098039215686, 0.8518333333333333, 0.8525, 0.8552631578947368, 0.8515254237288136, 0.8496825396825397, 0.8642372881355932, 0.8768852459016393, 0.8576363636363636, 0.8533928571428572, 0.8510526315789474, 0.856734693877551, 0.8471875, 0.8477049180327869, 0.8511290322580645, 0.8485245901639344, 0.8589705882352942, 0.8527692307692307, 0.8452380952380952, 0.8644262295081967, 0.8603571428571428, 0.8656521739130435, 0.8707936507936508, 0.8569354838709677, 0.8522857142857143, null]",8.402600526809692,2.475738048553467,0.7223608493804932,4.725693225860596,0.0016489028930664062,0.298128604888916,1115755,ai08,success,
vit_b32_cifar100,CIFAR100,50,0.1,42,100,1.0,warmup_only_labelled,warmup_only,300,0.0,0.3924,0.19784399999999994,0.2834,0.8692,0.3924,-0.5384716236614769,0,50,"[-0.6195826645264848, -0.6964980544747081, -0.5449735449735449, -0.6486486486486487, -0.42645241038318915, -0.8220035778175313, -0.5436382754994742, -0.6612244897959183, -0.4825462012320329, -0.5346628679962013, -0.6258457374830853, -0.5386819484240688, -0.40376106194690264, -0.48632049134561695, -0.42219804134929273, -0.5535714285714286, -0.5596797671033479, -0.4398058252427185, -0.7025171624713958, -0.5866666666666667, -0.5085324232081911, -0.4500818330605565, -0.5341098169717138, -0.5495307612095933, -0.6684563758389263, -0.5586897179253867, -0.47930142302716694, -0.5968342644320297, -0.6883525708289613, -0.5711610486891385, -0.45842868039664375, -0.46124401913875596, -0.5350756533700138, -0.5336627547869055, -0.556878306878307, -0.7239404352806414, -0.4699738903394256, -0.5032948929159802, -0.440567066521265, -0.6009122006841505, -0.4789915966386555, -0.3856893542757417, -0.4136363636363636, -0.6225769669327252, -0.5942982456140351, -0.46045197740113, -0.36089698668535386, -0.5662514156285391, -0.43758765778401126, -0.41489361702127664]","[0.3017656500802568, 0.1926070038910506, 0.36507936507936506, 0.29450139794967384, 0.4969097651421508, 0.12790697674418605, 0.3648790746582545, 0.2585034013605442, 0.37782340862423, 0.4131054131054131, 0.3342354533152909, 0.40114613180515757, 0.5276548672566371, 0.47571189279731996, 0.528835690968444, 0.3918067226890756, 0.39665211062590977, 0.4388349514563107, 0.21052631578947367, 0.3380392156862745, 0.42235494880546076, 0.4288052373158756, 0.42845257903494177, 0.3816475495307612, 0.23624161073825503, 0.3976342129208371, 0.481888745148771, 0.3472998137802607, 0.2633788037775446, 0.37640449438202245, 0.513348588863463, 0.48995215311004786, 0.3658872077028886, 0.4403953057442866, 0.35714285714285715, 0.1970217640320733, 0.4699738903394256, 0.45057660626029655, 0.5169029443838604, 0.3329532497149373, 0.45294117647058824, 0.5410122164048866, 0.5060606060606061, 0.29418472063854045, 0.3190789473684211, 0.4689265536723164, 0.6012613875262789, 0.3669309173272933, 0.4796633941093969, 0.4507978723404255]","[0.9213483146067416, 0.8891050583657587, 0.91005291005291, 0.9431500465983225, 0.92336217552534, 0.9499105545617174, 0.9085173501577287, 0.9197278911564626, 0.8603696098562629, 0.9477682811016145, 0.9600811907983762, 0.9398280802292264, 0.9314159292035398, 0.9620323841429369, 0.9510337323177367, 0.9453781512605042, 0.9563318777292577, 0.8786407766990292, 0.9130434782608695, 0.9247058823529412, 0.9308873720136519, 0.8788870703764321, 0.9625623960066556, 0.9311783107403545, 0.9046979865771813, 0.9563239308462238, 0.9611901681759379, 0.9441340782122905, 0.9517313746065058, 0.947565543071161, 0.9717772692601068, 0.9511961722488038, 0.9009628610729024, 0.9740580605311921, 0.9140211640211641, 0.9209621993127147, 0.9399477806788512, 0.9538714991762768, 0.9574700109051254, 0.9338654503990877, 0.9319327731092437, 0.9267015706806283, 0.9196969696969697, 0.9167616875712656, 0.9133771929824561, 0.9293785310734464, 0.9621583742116327, 0.9331823329558324, 0.9172510518934082, 0.8656914893617021]",0.39530795390430024,50,"[0.43044776119402983, 0.4193220338983051, 0.3638461538461538, 0.4186666666666667, 0.3754411764705882, 0.43629032258064515, 0.4004761904761905, 0.4317241379310345, 0.38272727272727275, 0.38, 0.3917543859649123, 0.414, 0.3559090909090909, 0.3892982456140351, 0.34214285714285714, 0.3826984126984127, 0.41344827586206895, 0.4215, 0.4088235294117647, 0.4321311475409836, 0.3519672131147541, 0.42224137931034483, 0.37696969696969695, 0.3675, 0.3917543859649123, 0.3796825396825397, 0.4243103448275862, 0.4338461538461538, 0.40318840579710147, 0.3663265306122449, 0.3791525423728814, 0.37810344827586206, 0.41678571428571426, 0.435, 0.40984375, 0.41815384615384615, 0.3605769230769231, 0.4140983606557377, 0.3689855072463768, 0.38049180327868853, 0.4088888888888889, 0.3884375, 0.3743076923076923, 0.3646551724137931, 0.4203225806451613, 0.38984615384615384, 0.38346153846153846, 0.3552459016393443, 0.4056060606060606, 0.405]",3.0365235805511475,2.5387673377990723,0.017731428146362305,0.0,0.0,0.3065063953399658,1115755,ai08,success,
vit_b32_cifar100,CIFAR100,50,0.1,43,100,1.0,warmup_only_labelled,warmup_only,300,0.0,0.4211,0.192708,0.2825,0.8683,0.4211,-0.5100187436145218,0,50,"[-0.41666666666666663, -0.4503649635036497, -0.3725743855109962, -0.5283018867924528, -0.30927835051546393, -0.6527001862197394, -0.5639913232104121, -0.4752136752136752, -0.4844913151364765, -0.45726055612770344, -0.5292242295430394, -0.6386066763425254, -0.4945515507124895, -0.48778004073319753, -0.5291970802919708, -0.506896551724138, -0.5664335664335665, -0.3360433604336043, -0.5749761222540593, -0.3265107212475634, -0.5580174927113704, -0.6997126436781609, -0.5518672199170125, -0.5518575851393188, -0.4592592592592592, -0.2635135135135136, -0.5450874831763123, -0.560500695410292, -0.48293963254593175, -0.48117839607201307, -0.33406352683461127, -0.6338495575221239, -0.5505529225908372, -0.45454545454545453, -0.6478999106344951, -0.5991285403050108, -0.7100591715976331, -0.4851258581235698, -0.5554561717352415, -0.47354948805460745, -0.5494672754946728, -0.45860709592641263, -0.5770653514180025, -0.492099322799097, -0.5885200553250345, -0.6073770491803279, -0.4938488576449912, -0.4206257242178448, -0.5290519877675841, -0.48504672897196266]","[0.53125, 0.4992700729927007, 0.5459249676584734, 0.4226415094339623, 0.6067746686303387, 0.2849162011173184, 0.37635574837310193, 0.4675213675213675, 0.48759305210918114, 0.486096807415036, 0.4165781083953241, 0.23947750362844702, 0.471081307627829, 0.45519348268839105, 0.41605839416058393, 0.42931034482758623, 0.3752913752913753, 0.5989159891598916, 0.3638968481375358, 0.557504873294347, 0.4075801749271137, 0.2607758620689655, 0.4190871369294606, 0.4071207430340557, 0.4841750841750842, 0.6097972972972973, 0.3835800807537012, 0.36856745479833103, 0.4461942257217848, 0.4386252045826514, 0.588170865279299, 0.2942477876106195, 0.4060031595576619, 0.4700956937799043, 0.30205540661304736, 0.2679738562091503, 0.23905325443786982, 0.37528604118993136, 0.37924865831842575, 0.4786689419795222, 0.3272450532724505, 0.46254927726675427, 0.3477188655980271, 0.42099322799097066, 0.359612724757953, 0.33278688524590166, 0.45254833040421794, 0.48899188876013905, 0.40825688073394495, 0.41682242990654206]","[0.9479166666666666, 0.9496350364963504, 0.9184993531694696, 0.9509433962264151, 0.9160530191458026, 0.9376163873370578, 0.940347071583514, 0.9427350427350427, 0.9720843672456576, 0.9433573635427395, 0.9458023379383634, 0.8780841799709724, 0.9656328583403185, 0.9429735234215886, 0.9452554744525548, 0.9362068965517242, 0.9417249417249417, 0.9349593495934959, 0.938872970391595, 0.8840155945419104, 0.965597667638484, 0.9604885057471264, 0.970954356846473, 0.9589783281733746, 0.9434343434343434, 0.8733108108108109, 0.9286675639300135, 0.9290681502086231, 0.9291338582677166, 0.9198036006546645, 0.9222343921139102, 0.9280973451327433, 0.9565560821484992, 0.9246411483253588, 0.9499553172475425, 0.8671023965141612, 0.9491124260355029, 0.8604118993135011, 0.9347048300536672, 0.9522184300341296, 0.8767123287671232, 0.9211563731931669, 0.9247842170160296, 0.9130925507900677, 0.9481327800829875, 0.9401639344262295, 0.9463971880492091, 0.9096176129779838, 0.9373088685015291, 0.9018691588785047]",0.4086134870193659,50,"[0.3964406779661017, 0.4386440677966102, 0.4101492537313433, 0.440625, 0.4111290322580645, 0.44982758620689656, 0.4001449275362319, 0.43980392156862746, 0.42959183673469387, 0.4075384615384615, 0.3893333333333333, 0.44681159420289857, 0.41095238095238096, 0.41913793103448277, 0.4360377358490566, 0.4116393442622951, 0.4502898550724638, 0.37396825396825395, 0.4315625, 0.4081666666666667, 0.3869230769230769, 0.42257575757575755, 0.4312162162162162, 0.4305, 0.4033333333333333, 0.4198387096774194, 0.41783333333333333, 0.3946774193548387, 0.41265625, 0.4163934426229508, 0.39366666666666666, 0.4258823529411765, 0.3965625, 0.4007142857142857, 0.42814814814814817, 0.3950769230769231, 0.43245901639344264, 0.4134328358208955, 0.38125, 0.43735849056603776, 0.40288135593220337, 0.4025, 0.4141666666666667, 0.42109090909090907, 0.44084745762711863, 0.41671875, 0.41982758620689653, 0.41210526315789475, 0.4582432432432432, 0.0]",3.0431342124938965,2.5472631454467773,0.017623424530029297,0.0,0.0,0.3038909435272217,1115755,ai08,success,
vit_b32_cifar100,CIFAR100,50,0.1,44,100,1.0,warmup_only_labelled,warmup_only,300,0.0,0.4062,0.193604,0.2772,0.8673,0.4062,-0.522563773376298,0,50,"[-0.4581673306772909, -0.4985163204747775, -0.4825026511134677, -0.5421836228287842, -0.5732323232323232, -0.45161290322580644, -0.5370823145884271, -0.6031496062992125, -0.507119386637459, -0.6222851746931066, -0.5191335740072203, -0.5574057843996494, -0.43295638126009695, -0.42238562091503273, -0.6385459533607682, -0.43070362473347545, -0.5996258185219832, -0.5027382256297919, -0.38245315161839866, -0.42052565707133915, -0.4624277456647399, -0.5872382851445663, -0.360655737704918, -0.5328753680078508, -0.47114252061248524, -0.5663956639566397, -0.4936708860759494, -0.6198675496688741, -0.5589569160997732, -0.6004273504273504, -0.4369369369369369, -0.6940639269406393, -0.47956989247311826, -0.4011904761904762, -0.48839458413926506, -0.6980561555075595, -0.5742067553735926, -0.6248830682881198, -0.44556267154620316, -0.5119521912350598, -0.5724962630792227, -0.4963350785340314, -0.6684782608695652, -0.699601593625498, -0.5019505851755526, -0.3892773892773893, -0.5282791817087846, -0.5108910891089109, -0.5170876671619614, -0.45299145299145294]","[0.40039840637450197, 0.46513353115727, 0.4496288441145281, 0.36228287841191065, 0.3472222222222222, 0.45806451612903226, 0.42379788101059496, 0.28818897637795277, 0.411829134720701, 0.311614730878187, 0.44187725631768954, 0.38212094653812445, 0.531502423263328, 0.5318627450980392, 0.3292181069958848, 0.5213219616204691, 0.3489242282507016, 0.42606790799561883, 0.5775127768313458, 0.5068836045056321, 0.46936416184971097, 0.357926221335992, 0.5884383088869716, 0.40333660451422965, 0.4334511189634865, 0.3794037940379404, 0.4326812428078251, 0.30066225165562915, 0.36167800453514737, 0.34294871794871795, 0.5187687687687688, 0.21575342465753425, 0.44193548387096776, 0.5011904761904762, 0.44680851063829785, 0.2531317494600432, 0.3766632548618219, 0.33489242282507015, 0.49039341262580055, 0.41832669322709165, 0.36771300448430494, 0.45968586387434557, 0.2597826086956522, 0.24780876494023904, 0.3693107932379714, 0.4592074592074592, 0.3862815884476534, 0.4198019801980198, 0.413075780089153, 0.43482905982905984]","[0.8585657370517928, 0.9636498516320475, 0.9321314952279958, 0.9044665012406948, 0.9204545454545454, 0.9096774193548387, 0.960880195599022, 0.8913385826771654, 0.91894852135816, 0.9338999055712937, 0.9610108303249097, 0.9395267309377738, 0.9644588045234249, 0.954248366013072, 0.967764060356653, 0.9520255863539445, 0.9485500467726847, 0.9288061336254108, 0.9599659284497445, 0.9274092615769712, 0.9317919075144508, 0.9451645064805583, 0.9490940465918896, 0.9362119725220804, 0.9045936395759717, 0.94579945799458, 0.9263521288837745, 0.9205298013245033, 0.9206349206349206, 0.9433760683760684, 0.9557057057057057, 0.9098173515981736, 0.921505376344086, 0.9023809523809524, 0.9352030947775629, 0.9511879049676026, 0.9508700102354145, 0.9597754911131899, 0.9359560841720037, 0.9302788844621513, 0.9402092675635276, 0.956020942408377, 0.9282608695652174, 0.9474103585657371, 0.871261378413524, 0.8484848484848485, 0.914560770156438, 0.9306930693069307, 0.9301634472511144, 0.8878205128205128]",0.41251947105885306,49,"[0.38985915492957746, 0.4196923076923077, 0.42526315789473684, 0.4262264150943396, 0.4429508196721311, 0.3928125, 0.3676785714285714, 0.44721311475409836, 0.38677966101694916, 0.44620689655172413, 0.3621666666666667, 0.3830357142857143, 0.4142622950819672, 0.4012727272727273, 0.43654545454545457, 0.3539655172413793, 0.3951612903225806, 0.4118181818181818, 0.38786885245901637, 0.4517241379310345, 0.390327868852459, 0.4375, 0.44203703703703706, 0.4036065573770492, 0.40901960784313723, 0.42083333333333334, 0.40390625, 0.43508771929824563, 0.3952542372881356, 0.39984126984126983, 0.4011864406779661, 0.45114754098360654, 0.43854545454545457, 0.42964285714285716, 0.40824561403508774, 0.44204081632653064, 0.4059375, 0.40918032786885244, 0.43193548387096775, 0.39524590163934425, 0.43838235294117645, 0.39953846153846156, 0.40365079365079365, 0.4054098360655738, 0.4135714285714286, 0.3991304347826087, 0.4334920634920635, 0.42596774193548387, 0.4012857142857143, null]",3.021825075149536,2.530761480331421,0.018058061599731445,0.0,0.0,0.29842185974121094,1115755,ai08,success,
vit_b32_cifar100,CIFAR100,50,0.3,42,100,1.0,dp_avg_eps2_K20,dp_avg,100,6.449903898212313,0.1232,0.33126199999999995,0.4259,0.8692,0.0545,-0.784212520047384,0,50,"[-0.8306976744186046, -0.8195970695970696, -0.7885375494071146, -0.8291891891891893, -0.7405966277561608, -0.7658142664872141, -0.7867247007616975, -0.7725918570009931, -0.8328530259365994, -0.8089430894308943, -0.7903097696584591, -0.799154334038055, -0.7195845697329377, -0.7436743674367436, -0.7961783439490446, -0.7822966507177034, -0.780110497237569, -0.7805695142378559, -0.7684003925417076, -0.8123844731977818, -0.800376647834275, -0.789815817984832, -0.7564102564102564, -0.824577861163227, -0.7902173913043479, -0.8359375, -0.7914653784219001, -0.7895310796074155, -0.772419627749577, -0.7677419354838709, -0.8057889822595705, -0.7972477064220184, -0.6929260450160772, -0.7460850111856823, -0.7934485896269337, -0.7631296891747053, -0.8023809523809524, -0.7368421052631579, -0.7872137404580153, -0.7996340347666971, -0.7682215743440233, -0.768235294117647, -0.7940821256038648, -0.812625250501002, -0.7942196531791907, -0.8044280442804428, -0.8168103448275862, -0.7892918825561313, -0.8033240997229916, -0.6679894179894179]","[0.10046511627906977, 0.09981684981684982, 0.1274703557312253, 0.07891891891891892, 0.14526588845654995, 0.1440107671601615, 0.10337323177366703, 0.1300893743793446, 0.10014409221902017, 0.11991869918699187, 0.14138204924543288, 0.11416490486257928, 0.1661721068249258, 0.12871287128712872, 0.12420382165605096, 0.13636363636363635, 0.12375690607734807, 0.1490787269681742, 0.15407262021589793, 0.12754158964879853, 0.11487758945386065, 0.14084507042253522, 0.12354312354312354, 0.11163227016885553, 0.10217391304347827, 0.076171875, 0.13768115942028986, 0.11995637949836423, 0.15397631133671744, 0.16344086021505377, 0.13445378151260504, 0.12385321100917432, 0.1495176848874598, 0.1487695749440716, 0.12374886260236578, 0.16613076098606644, 0.10833333333333334, 0.18157894736842106, 0.14217557251908397, 0.12717291857273558, 0.12682215743440234, 0.13294117647058823, 0.16606280193236714, 0.09218436873747494, 0.10982658959537572, 0.10516605166051661, 0.09482758620689655, 0.13557858376511225, 0.1440443213296399, 0.14682539682539683]","[0.9311627906976744, 0.9194139194139194, 0.91600790513834, 0.9081081081081082, 0.8858625162127107, 0.9098250336473755, 0.8900979325353645, 0.9026812313803376, 0.9329971181556196, 0.9288617886178862, 0.931691818903892, 0.9133192389006343, 0.8857566765578635, 0.8723872387238724, 0.9203821656050956, 0.9186602870813397, 0.9038674033149171, 0.9296482412060302, 0.9224730127576055, 0.9399260628465804, 0.9152542372881356, 0.9306608884073673, 0.87995337995338, 0.9362101313320825, 0.8923913043478261, 0.912109375, 0.92914653784219, 0.9094874591057798, 0.9263959390862944, 0.9311827956989247, 0.9402427637721755, 0.9211009174311927, 0.842443729903537, 0.8948545861297539, 0.9171974522292994, 0.9292604501607717, 0.9107142857142857, 0.9184210526315789, 0.9293893129770993, 0.9268069533394327, 0.8950437317784257, 0.9011764705882352, 0.9601449275362319, 0.9048096192384769, 0.9040462427745665, 0.9095940959409594, 0.9116379310344828, 0.9248704663212435, 0.9473684210526315, 0.8148148148148148]",0.12004272963106219,49,"[0.1329268292682927, 0.14846153846153845, 0.11703703703703704, 0.116875, 0.13272727272727272, 0.14022727272727273, 0.12, 0.11269230769230769, 0.14384615384615385, 0.12964285714285714, 0.09535714285714286, 0.15407407407407409, 0.11135135135135135, 0.12758620689655173, 0.11236842105263158, 0.11275862068965517, 0.12833333333333333, 0.09666666666666666, 0.1325806451612903, 0.11678571428571428, 0.124, 0.12941176470588237, 0.13166666666666665, 0.1396969696969697, 0.16925925925925925, 0.0937037037037037, 0.08727272727272728, 0.11032258064516129, 0.11032258064516129, 0.1, 0.14466666666666667, 0.12708333333333333, 0.11029411764705882, 0.10655172413793103, 0.0705, 0.10735294117647058, 0.1910344827586207, 0.08772727272727272, 0.08352941176470588, 0.13515151515151516, 0.1112121212121212, 0.098, 0.0856, 0.13476190476190475, 0.12857142857142856, 0.114, 0.1328125, 0.111875, 0.12341463414634146, null]",8.483505964279175,2.5356757640838623,0.8168179988861084,4.7231364250183105,0.0016524791717529297,0.23242807388305664,1115755,ai08,success,
vit_b32_cifar100,CIFAR100,50,0.3,43,100,1.0,dp_avg_eps2_K20,dp_avg,100,6.442680879502149,0.1003,0.322142,0.4184,0.8683,0.0435,-0.7960351432191086,0,50,"[-0.7898022892819979, -0.8223684210526316, -0.8094117647058824, -0.812636165577342, -0.820018365472911, -0.8275862068965517, -0.7436507936507937, -0.8058761804826863, -0.8278606965174129, -0.840566037735849, -0.823728813559322, -0.7952830188679245, -0.7699115044247787, -0.7942643391521197, -0.804710500490677, -0.7731277533039647, -0.8279386712095401, -0.7517241379310344, -0.7788944723618091, -0.8155230596175478, -0.554206418039896, -0.7594458438287154, -0.7771345875542692, -0.7496318114874816, -0.7888015717092338, -0.7816813048933501, -0.8092334494773519, -0.8440905280804695, -0.7979274611398963, -0.7875, -0.850076103500761, -0.8296500920810312, -0.8002171552660151, -0.8448275862068966, -0.8383733055265902, -0.7949238578680203, -0.7835365853658537, -0.809419496166484, -0.8317384370015949, -0.8451043338683788, -0.7869757174392936, -0.7638436482084691, -0.7676767676767677, -0.7950310559006211, -0.8120868744098206, -0.8464874241110147, -0.7940379403794039, -0.7938689217758985, -0.8444676409185804, -0.6848780487804879]","[0.14672216441207075, 0.12088815789473684, 0.11058823529411765, 0.08496732026143791, 0.09825528007346189, 0.08571428571428572, 0.18888888888888888, 0.1080797481636936, 0.10646766169154229, 0.09245283018867924, 0.0847457627118644, 0.12735849056603774, 0.12192723697148476, 0.09975062344139651, 0.10794896957801767, 0.11343612334801761, 0.09540034071550256, 0.10517241379310345, 0.10050251256281408, 0.0922384701912261, 0.09540329575021683, 0.1385390428211587, 0.15195369030390737, 0.12223858615611193, 0.12278978388998035, 0.11292346298619825, 0.12282229965156795, 0.10226320201173512, 0.12746113989637306, 0.0925, 0.07229832572298325, 0.09300184162062615, 0.1281216069489685, 0.0937031484257871, 0.09176225234619395, 0.12791878172588833, 0.11178861788617886, 0.09529025191675794, 0.09011164274322168, 0.09390048154093097, 0.10706401766004416, 0.09609120521172639, 0.10732323232323232, 0.13309671694764863, 0.12464589235127478, 0.10060711188204684, 0.07317073170731707, 0.13742071881606766, 0.0709812108559499, 0.1024390243902439]","[0.9365244536940687, 0.9432565789473685, 0.92, 0.8976034858387799, 0.9182736455463728, 0.9133004926108375, 0.9325396825396826, 0.9139559286463799, 0.9343283582089552, 0.9330188679245283, 0.9084745762711864, 0.9226415094339623, 0.8918387413962635, 0.8940149625935162, 0.9126594700686947, 0.8865638766519823, 0.9233390119250426, 0.8568965517241379, 0.8793969849246231, 0.9077615298087739, 0.6496097137901128, 0.8979848866498741, 0.9290882778581766, 0.8718703976435935, 0.9115913555992141, 0.8946047678795483, 0.9320557491289199, 0.9463537300922046, 0.9253886010362694, 0.88, 0.9223744292237442, 0.9226519337016574, 0.9283387622149837, 0.9385307346326837, 0.9301355578727841, 0.9228426395939087, 0.8953252032520326, 0.904709748083242, 0.9218500797448166, 0.9390048154093098, 0.8940397350993378, 0.8599348534201955, 0.875, 0.9281277728482697, 0.9367327667610954, 0.9470945359930616, 0.8672086720867209, 0.9312896405919662, 0.9154488517745303, 0.7873170731707317]",0.09993188313293373,49,"[0.0791111111111111, 0.08, 0.0965625, 0.10967741935483871, 0.123125, 0.13142857142857142, 0.09333333333333334, 0.10225806451612904, 0.10944444444444444, 0.11166666666666666, 0.11088235294117647, 0.08057142857142857, 0.08178571428571428, 0.10114285714285715, 0.0823076923076923, 0.09032258064516129, 0.1296153846153846, 0.1109375, 0.10111111111111111, 0.11484848484848485, 0.07962962962962963, 0.09516129032258064, 0.07875, 0.1290625, 0.10294117647058823, 0.098, 0.09, 0.098125, 0.102, 0.10115384615384615, 0.12931034482758622, 0.13205882352941176, 0.08421052631578947, 0.1162962962962963, 0.10272727272727272, 0.08851851851851852, 0.08153846153846153, 0.09724137931034482, 0.077, 0.10571428571428572, 0.084, 0.09228571428571429, 0.10354838709677419, 0.10740740740740741, 0.09548387096774194, 0.08147058823529411, 0.095, 0.105, 0.10289473684210526, null]",8.47690749168396,2.561058282852173,0.8072223663330078,4.698847055435181,0.0016543865203857422,0.23338937759399414,1115755,ai08,success,
vit_b32_cifar100,CIFAR100,50,0.3,44,100,1.0,dp_avg_eps2_K20,dp_avg,100,6.44558801400764,0.1337,0.32952200000000004,0.4268,0.8673,0.0632,-0.779022978541292,0,50,"[-0.7963340122199593, -0.8010204081632654, -0.8049751243781095, -0.7952430196483972, -0.7786802030456853, -0.7577565632458234, -0.7994768962510899, -0.7810150375939849, -0.8123222748815166, -0.7801204819277109, -0.7685393258426967, -0.8208828522920203, -0.7658168083097261, -0.7896253602305476, -0.7990126939351199, -0.7811518324607329, -0.7932636469221835, -0.6838235294117647, -0.7287066246056783, -0.8121664887940234, -0.7985685071574642, -0.7640449438202247, -0.7959719789842382, -0.7510729613733906, -0.7840785169029444, -0.7511682242990654, -0.7451428571428571, -0.8077617328519855, -0.7779126213592233, -0.7407407407407408, -0.8198818897637795, -0.7474452554744525, -0.8232142857142857, -0.7834793491864831, -0.8072139303482587, -0.7915234822451317, -0.7533185840707964, -0.6959287531806616, -0.8001841620626151, -0.7705943691345152, -0.7556468172484601, -0.748046875, -0.7982283464566929, -0.75374251497006, -0.7693798449612403, -0.7773677736777368, -0.8112903225806452, -0.8016129032258064, -0.7826617826617827, -0.7939914163090129]","[0.13441955193482688, 0.1445578231292517, 0.08557213930348259, 0.14167528438469493, 0.13401015228426397, 0.12171837708830549, 0.10723626852659111, 0.14097744360902256, 0.11563981042654028, 0.10391566265060241, 0.10561797752808989, 0.11460101867572156, 0.14825306893295562, 0.15177713736791545, 0.1311706629055007, 0.14345549738219895, 0.11265969802555169, 0.21323529411764705, 0.17350157728706625, 0.1152614727854856, 0.1165644171779141, 0.13146067415730336, 0.1243432574430823, 0.12446351931330472, 0.11995637949836423, 0.14602803738317757, 0.1462857142857143, 0.11371841155234658, 0.12378640776699029, 0.18436213991769548, 0.10728346456692914, 0.14890510948905109, 0.11339285714285714, 0.1113892365456821, 0.09577114427860696, 0.11912943871706758, 0.12057522123893805, 0.1895674300254453, 0.1298342541436464, 0.1251303441084463, 0.1601642710472279, 0.126953125, 0.125, 0.19086826347305388, 0.1640826873385013, 0.13038130381303814, 0.12983870967741937, 0.12983870967741937, 0.13186813186813187, 0.1167381974248927]","[0.9307535641547862, 0.9455782312925171, 0.8905472636815921, 0.9369183040330921, 0.9126903553299492, 0.8794749403341289, 0.9067131647776809, 0.9219924812030075, 0.9279620853080569, 0.8840361445783133, 0.8741573033707866, 0.9354838709677419, 0.9140698772426817, 0.9414024975984631, 0.9301833568406206, 0.9246073298429319, 0.9059233449477352, 0.8970588235294118, 0.9022082018927445, 0.927427961579509, 0.9151329243353783, 0.895505617977528, 0.9203152364273205, 0.8755364806866953, 0.9040348964013086, 0.897196261682243, 0.8914285714285715, 0.9214801444043321, 0.9016990291262136, 0.9251028806584363, 0.9271653543307087, 0.8963503649635036, 0.9366071428571429, 0.8948685857321652, 0.9029850746268657, 0.9106529209621993, 0.8738938053097345, 0.8854961832061069, 0.9300184162062615, 0.8957247132429614, 0.9158110882956879, 0.875, 0.9232283464566929, 0.9446107784431138, 0.9334625322997416, 0.9077490774907749, 0.9411290322580645, 0.9314516129032258, 0.9145299145299145, 0.9107296137339056]",0.13798547733747724,49,"[0.14416666666666667, 0.12111111111111111, 0.1575, 0.14871794871794872, 0.11363636363636363, 0.1692857142857143, 0.1282608695652174, 0.1391304347826087, 0.15892857142857142, 0.12487179487179487, 0.1616216216216216, 0.1167741935483871, 0.14275862068965517, 0.151875, 0.0985, 0.14419354838709678, 0.16814814814814816, 0.12275862068965518, 0.11071428571428571, 0.142, 0.1853846153846154, 0.09575757575757576, 0.12310344827586207, 0.13090909090909092, 0.1405, 0.131, 0.1425, 0.16785714285714284, 0.1514814814814815, 0.11612903225806452, 0.0953125, 0.11756756756756757, 0.105, 0.16107142857142856, 0.13527777777777777, 0.14333333333333334, 0.132, 0.14857142857142858, 0.15307692307692308, 0.1436842105263158, 0.107, 0.12259259259259259, 0.16566666666666666, 0.10904761904761905, 0.146, 0.17806451612903226, 0.15741935483870967, 0.14130434782608695, 0.14972222222222223, null]",8.48600459098816,2.541740894317627,0.821094274520874,4.715561866760254,0.0016162395477294922,0.23105692863464355,1115755,ai08,success,
vit_b32_cifar100,CIFAR100,50,0.3,42,100,1.0,dp_avg_eps8_K20,dp_avg,100,1.6124759745530783,0.1248,0.33126199999999995,0.4259,0.8692,0.0557,-0.7831420025118447,0,50,"[-0.8344186046511628, -0.8241758241758241, -0.7845849802371542, -0.8248648648648649, -0.7367055771725032, -0.7671601615074024, -0.7856365614798694, -0.7765640516385303, -0.8378962536023055, -0.8089430894308943, -0.7879269261318507, -0.8012684989429175, -0.7195845697329377, -0.7447744774477447, -0.7898089171974523, -0.777511961722488, -0.7812154696132596, -0.7788944723618091, -0.76153091265947, -0.8160813308687616, -0.795668549905838, -0.789815817984832, -0.7599067599067599, -0.8142589118198874, -0.7858695652173913, -0.833984375, -0.785024154589372, -0.7862595419847329, -0.7732656514382402, -0.7666666666666666, -0.8067226890756303, -0.7944954128440367, -0.6977491961414791, -0.7483221476510067, -0.7888989990900819, -0.7620578778135049, -0.8035714285714286, -0.737719298245614, -0.7948473282442748, -0.7932296431838975, -0.7623906705539358, -0.7635294117647058, -0.7946859903381642, -0.8166332665330661, -0.7930635838150288, -0.8007380073800738, -0.8146551724137931, -0.7867012089810017, -0.8014773776546629, -0.6653439153439153]","[0.09674418604651162, 0.09523809523809523, 0.13142292490118576, 0.08324324324324324, 0.14915693904020752, 0.1426648721399731, 0.1044613710554951, 0.12611717974180736, 0.09510086455331412, 0.11991869918699187, 0.1437648927720413, 0.11205073995771671, 0.1661721068249258, 0.1276127612761276, 0.1305732484076433, 0.14114832535885166, 0.12265193370165746, 0.1507537688442211, 0.16094210009813542, 0.12384473197781885, 0.11958568738229755, 0.14084507042253522, 0.12004662004662005, 0.12195121951219512, 0.10652173913043478, 0.078125, 0.14412238325281804, 0.12322791712104689, 0.15313028764805414, 0.16451612903225807, 0.13352007469654528, 0.12660550458715597, 0.14469453376205788, 0.1465324384787472, 0.12829845313921748, 0.16720257234726688, 0.10714285714285714, 0.18070175438596492, 0.13454198473282442, 0.13357731015553523, 0.1326530612244898, 0.1376470588235294, 0.16545893719806765, 0.08817635270541083, 0.11098265895953757, 0.1088560885608856, 0.09698275862068965, 0.1381692573402418, 0.1458910433979686, 0.14947089947089948]","[0.9311627906976744, 0.9194139194139194, 0.91600790513834, 0.9081081081081082, 0.8858625162127107, 0.9098250336473755, 0.8900979325353645, 0.9026812313803376, 0.9329971181556196, 0.9288617886178862, 0.931691818903892, 0.9133192389006343, 0.8857566765578635, 0.8723872387238724, 0.9203821656050956, 0.9186602870813397, 0.9038674033149171, 0.9296482412060302, 0.9224730127576055, 0.9399260628465804, 0.9152542372881356, 0.9306608884073673, 0.87995337995338, 0.9362101313320825, 0.8923913043478261, 0.912109375, 0.92914653784219, 0.9094874591057798, 0.9263959390862944, 0.9311827956989247, 0.9402427637721755, 0.9211009174311927, 0.842443729903537, 0.8948545861297539, 0.9171974522292994, 0.9292604501607717, 0.9107142857142857, 0.9184210526315789, 0.9293893129770993, 0.9268069533394327, 0.8950437317784257, 0.9011764705882352, 0.9601449275362319, 0.9048096192384769, 0.9040462427745665, 0.9095940959409594, 0.9116379310344828, 0.9248704663212435, 0.9473684210526315, 0.8148148148148148]",0.12177040021777015,49,"[0.13414634146341464, 0.14615384615384616, 0.12074074074074075, 0.119375, 0.13757575757575757, 0.1440909090909091, 0.12133333333333333, 0.11307692307692307, 0.1503846153846154, 0.12928571428571428, 0.0975, 0.15444444444444444, 0.11513513513513514, 0.12724137931034482, 0.11342105263157895, 0.11068965517241379, 0.13, 0.09851851851851852, 0.13225806451612904, 0.11857142857142858, 0.123, 0.13088235294117648, 0.13083333333333333, 0.1415151515151515, 0.17, 0.09518518518518519, 0.08590909090909091, 0.11483870967741935, 0.10967741935483871, 0.10387096774193548, 0.15066666666666667, 0.13125, 0.11352941176470588, 0.10724137931034483, 0.0745, 0.10882352941176471, 0.19689655172413792, 0.08590909090909091, 0.08235294117647059, 0.13333333333333333, 0.11454545454545455, 0.09766666666666667, 0.0872, 0.1380952380952381, 0.13428571428571429, 0.11457142857142857, 0.13875, 0.1140625, 0.12341463414634146, null]",8.441278219223022,2.5269935131073,0.8343420028686523,4.671521902084351,0.001638174057006836,0.2333977222442627,1115755,ai08,success,
vit_b32_cifar100,CIFAR100,50,0.3,43,100,1.0,dp_avg_eps8_K20,dp_avg,100,1.6106702198755372,0.1003,0.322142,0.4184,0.8683,0.0442,-0.7954209381120764,0,50,"[-0.7887617065556711, -0.8256578947368421, -0.808235294117647, -0.8104575163398693, -0.8163452708907254, -0.8246305418719212, -0.7468253968253968, -0.8121720881427072, -0.8258706467661692, -0.8396226415094339, -0.8225988700564972, -0.7924528301886793, -0.7689282202556539, -0.7917705735660848, -0.803729146221786, -0.7687224669603524, -0.8228279386712096, -0.7482758620689656, -0.7688442211055276, -0.8110236220472441, -0.5533391153512577, -0.7607052896725441, -0.7872648335745297, -0.748159057437408, -0.793713163064833, -0.7791718946047679, -0.8144599303135889, -0.8398994132439229, -0.7989637305699482, -0.785, -0.8432267884322678, -0.8241252302025782, -0.8045602605863191, -0.841079460269865, -0.8446298227320125, -0.798984771573604, -0.7794715447154472, -0.8127053669222344, -0.8325358851674641, -0.8475120385232745, -0.7891832229580574, -0.7654723127035831, -0.7613636363636364, -0.7923691215616682, -0.8111425873465534, -0.8490893321769297, -0.7926829268292683, -0.7970401691331924, -0.8444676409185804, -0.6809756097560976]","[0.14776274713839752, 0.11759868421052631, 0.11176470588235295, 0.08714596949891068, 0.10192837465564739, 0.08866995073891626, 0.18571428571428572, 0.10178384050367262, 0.10845771144278607, 0.09339622641509433, 0.08587570621468926, 0.13018867924528302, 0.12291052114060963, 0.10224438902743142, 0.10893032384690873, 0.11784140969162996, 0.10051107325383304, 0.10862068965517241, 0.11055276381909548, 0.09673790776152981, 0.09627059843885516, 0.13727959697732997, 0.14182344428364688, 0.12371134020618557, 0.11787819253438114, 0.11543287327478043, 0.11759581881533102, 0.10645431684828165, 0.12642487046632125, 0.095, 0.0791476407914764, 0.09852670349907919, 0.1237785016286645, 0.09745127436281859, 0.08550573514077164, 0.12385786802030457, 0.11585365853658537, 0.09200438116100766, 0.08931419457735247, 0.09149277688603531, 0.10485651214128035, 0.09446254071661238, 0.11363636363636363, 0.13575865128660158, 0.125590179414542, 0.09800520381613183, 0.07452574525745258, 0.13424947145877378, 0.0709812108559499, 0.10634146341463414]","[0.9365244536940687, 0.9432565789473685, 0.92, 0.8976034858387799, 0.9182736455463728, 0.9133004926108375, 0.9325396825396826, 0.9139559286463799, 0.9343283582089552, 0.9330188679245283, 0.9084745762711864, 0.9226415094339623, 0.8918387413962635, 0.8940149625935162, 0.9126594700686947, 0.8865638766519823, 0.9233390119250426, 0.8568965517241379, 0.8793969849246231, 0.9077615298087739, 0.6496097137901128, 0.8979848866498741, 0.9290882778581766, 0.8718703976435935, 0.9115913555992141, 0.8946047678795483, 0.9320557491289199, 0.9463537300922046, 0.9253886010362694, 0.88, 0.9223744292237442, 0.9226519337016574, 0.9283387622149837, 0.9385307346326837, 0.9301355578727841, 0.9228426395939087, 0.8953252032520326, 0.904709748083242, 0.9218500797448166, 0.9390048154093098, 0.8940397350993378, 0.8599348534201955, 0.875, 0.9281277728482697, 0.9367327667610954, 0.9470945359930616, 0.8672086720867209, 0.9312896405919662, 0.9154488517745303, 0.7873170731707317]",0.09972531811906966,49,"[0.08022222222222222, 0.07918918918918919, 0.0934375, 0.10838709677419354, 0.1215625, 0.12821428571428573, 0.09148148148148148, 0.10129032258064516, 0.10916666666666666, 0.11333333333333333, 0.11088235294117647, 0.07914285714285714, 0.08071428571428571, 0.09971428571428571, 0.08115384615384616, 0.09129032258064516, 0.12538461538461537, 0.11125, 0.10138888888888889, 0.11727272727272728, 0.07925925925925927, 0.09387096774193548, 0.07833333333333334, 0.1253125, 0.10176470588235294, 0.09766666666666667, 0.09074074074074075, 0.0975, 0.102, 0.10384615384615385, 0.12758620689655173, 0.13058823529411764, 0.08736842105263158, 0.11296296296296296, 0.1006060606060606, 0.09259259259259259, 0.085, 0.09551724137931035, 0.07933333333333334, 0.10904761904761905, 0.08333333333333333, 0.09228571428571429, 0.10451612903225807, 0.10814814814814815, 0.09548387096774194, 0.07970588235294118, 0.09642857142857143, 0.106, 0.10526315789473684, null]",8.505275964736938,2.543147325515747,0.8110084533691406,4.7351908683776855,0.001642465591430664,0.2344505786895752,1115755,ai08,success,
vit_b32_cifar100,CIFAR100,50,0.3,44,100,1.0,dp_avg_eps8_K20,dp_avg,100,1.61139700350191,0.1342,0.32952200000000004,0.4268,0.8673,0.0638,-0.7790034989546379,0,50,"[-0.7993890020366599, -0.7984693877551021, -0.8029850746268657, -0.7880041365046536, -0.7776649746192894, -0.7589498806682577, -0.8047079337401919, -0.7885338345864661, -0.8085308056872038, -0.7801204819277109, -0.7685393258426967, -0.8200339558573854, -0.7714825306893295, -0.7867435158501441, -0.8018335684062059, -0.7853403141361257, -0.794425087108014, -0.6838235294117647, -0.7339642481598319, -0.8185699039487726, -0.7995910020449898, -0.7651685393258426, -0.7933450087565674, -0.7525035765379113, -0.7808069792802618, -0.7511682242990654, -0.7451428571428571, -0.8023465703971119, -0.779126213592233, -0.7366255144032923, -0.8169291338582677, -0.7489051094890511, -0.8142857142857143, -0.7847309136420526, -0.8022388059701493, -0.7869415807560137, -0.7599557522123893, -0.6895674300254453, -0.802025782688766, -0.7705943691345152, -0.7556468172484601, -0.7451171875, -0.7933070866141733, -0.7529940119760479, -0.7713178294573644, -0.7810578105781059, -0.8056451612903226, -0.8056451612903226, -0.7887667887667887, -0.7965665236051502]","[0.13136456211812628, 0.14710884353741496, 0.08756218905472637, 0.14891416752843847, 0.1350253807106599, 0.12052505966587113, 0.1020052310374891, 0.13345864661654136, 0.11943127962085308, 0.10391566265060241, 0.10561797752808989, 0.11544991511035653, 0.14258734655335223, 0.15465898174831894, 0.12834978843441466, 0.13926701570680627, 0.11149825783972125, 0.21323529411764705, 0.16824395373291273, 0.10885805763073639, 0.11554192229038855, 0.1303370786516854, 0.12697022767075306, 0.12303290414878398, 0.12322791712104689, 0.14602803738317757, 0.1462857142857143, 0.11913357400722022, 0.12257281553398058, 0.18847736625514402, 0.11023622047244094, 0.14744525547445256, 0.12232142857142857, 0.11013767209011265, 0.10074626865671642, 0.12371134020618557, 0.11393805309734513, 0.19592875318066158, 0.1279926335174954, 0.1251303441084463, 0.1601642710472279, 0.1298828125, 0.12992125984251968, 0.19161676646706588, 0.16214470284237725, 0.12669126691266913, 0.13548387096774195, 0.12580645161290321, 0.12576312576312576, 0.11416309012875536]","[0.9307535641547862, 0.9455782312925171, 0.8905472636815921, 0.9369183040330921, 0.9126903553299492, 0.8794749403341289, 0.9067131647776809, 0.9219924812030075, 0.9279620853080569, 0.8840361445783133, 0.8741573033707866, 0.9354838709677419, 0.9140698772426817, 0.9414024975984631, 0.9301833568406206, 0.9246073298429319, 0.9059233449477352, 0.8970588235294118, 0.9022082018927445, 0.927427961579509, 0.9151329243353783, 0.895505617977528, 0.9203152364273205, 0.8755364806866953, 0.9040348964013086, 0.897196261682243, 0.8914285714285715, 0.9214801444043321, 0.9016990291262136, 0.9251028806584363, 0.9271653543307087, 0.8963503649635036, 0.9366071428571429, 0.8948685857321652, 0.9029850746268657, 0.9106529209621993, 0.8738938053097345, 0.8854961832061069, 0.9300184162062615, 0.8957247132429614, 0.9158110882956879, 0.875, 0.9232283464566929, 0.9446107784431138, 0.9334625322997416, 0.9077490774907749, 0.9411290322580645, 0.9314516129032258, 0.9145299145299145, 0.9107296137339056]",0.13837992922896838,49,"[0.14194444444444446, 0.1259259259259259, 0.1540625, 0.1517948717948718, 0.11242424242424243, 0.1707142857142857, 0.13043478260869565, 0.1408695652173913, 0.15785714285714286, 0.12692307692307692, 0.16918918918918918, 0.12322580645161291, 0.1424137931034483, 0.1525, 0.097, 0.1461290322580645, 0.16814814814814816, 0.12310344827586207, 0.11321428571428571, 0.14033333333333334, 0.1853846153846154, 0.09424242424242424, 0.12517241379310345, 0.13303030303030303, 0.136, 0.127, 0.14392857142857143, 0.16607142857142856, 0.14888888888888888, 0.11580645161290322, 0.0959375, 0.11972972972972973, 0.10733333333333334, 0.16107142857142856, 0.1386111111111111, 0.13966666666666666, 0.132, 0.1457142857142857, 0.14961538461538462, 0.14289473684210527, 0.112, 0.12185185185185185, 0.165, 0.10952380952380952, 0.1476, 0.1803225806451613, 0.15741935483870967, 0.1408695652173913, 0.14972222222222223, null]",8.489017009735107,2.5546250343322754,0.8238415718078613,4.702436923980713,0.0016481876373291016,0.23148179054260254,1115755,ai08,success,
vit_b32_cifar100,CIFAR100,50,0.3,42,100,1.0,labelled_probe_warmup,labelled,300,0.0,0.4398,0.33126199999999995,0.4259,0.8692,0.3924,-0.46488221620074255,0,50,"[-0.5795348837209302, -0.5201465201465201, -0.5108695652173914, -0.39243243243243253, -0.38521400778210113, -0.44279946164199196, -0.5473340587595212, -0.5114200595829195, -0.5864553314121037, -0.41260162601626016, -0.517077045274027, -0.5306553911205074, -0.4020771513353116, -0.37403740374037403, -0.4426751592356688, -0.5107655502392345, -0.42762430939226515, -0.4170854271356784, -0.4700686947988224, -0.4953789279112754, -0.39830508474576276, -0.49079089924160346, -0.36363636363636365, -0.5469043151969981, -0.5260869565217392, -0.4541015625, -0.4033816425120773, -0.4918211559432934, -0.5939086294416243, -0.38602150537634405, -0.4061624649859944, -0.5128440366972478, -0.3778135048231511, -0.3825503355704698, -0.56778889899909, -0.5380493033226152, -0.4357142857142857, -0.46315789473684205, -0.35209923664122145, -0.5599268069533394, -0.33819241982507287, -0.5211764705882352, -0.40217391304347827, -0.4989979959919839, -0.47861271676300576, -0.496309963099631, -0.46551724137931033, -0.4430051813471502, -0.45614035087719296, -0.41666666666666663]","[0.3516279069767442, 0.3992673992673993, 0.4051383399209486, 0.5156756756756756, 0.5006485084306096, 0.4670255720053836, 0.34276387377584333, 0.3912611717974181, 0.3465417867435158, 0.516260162601626, 0.414614773629865, 0.38266384778012685, 0.4836795252225519, 0.49834983498349833, 0.47770700636942676, 0.40789473684210525, 0.47624309392265196, 0.5125628140703518, 0.4524043179587831, 0.444547134935305, 0.5169491525423728, 0.4398699891657638, 0.5163170163170163, 0.3893058161350844, 0.36630434782608695, 0.4580078125, 0.5257648953301127, 0.4176663031624864, 0.33248730964467005, 0.5451612903225806, 0.5340802987861811, 0.40825688073394495, 0.4646302250803859, 0.5123042505592841, 0.3494085532302093, 0.3912111468381565, 0.475, 0.45526315789473687, 0.5772900763358778, 0.36688014638609334, 0.5568513119533528, 0.38, 0.5579710144927537, 0.405811623246493, 0.4254335260115607, 0.4132841328413284, 0.44612068965517243, 0.48186528497409326, 0.49122807017543857, 0.39814814814814814]","[0.9311627906976744, 0.9194139194139194, 0.91600790513834, 0.9081081081081082, 0.8858625162127107, 0.9098250336473755, 0.8900979325353645, 0.9026812313803376, 0.9329971181556196, 0.9288617886178862, 0.931691818903892, 0.9133192389006343, 0.8857566765578635, 0.8723872387238724, 0.9203821656050956, 0.9186602870813397, 0.9038674033149171, 0.9296482412060302, 0.9224730127576055, 0.9399260628465804, 0.9152542372881356, 0.9306608884073673, 0.87995337995338, 0.9362101313320825, 0.8923913043478261, 0.912109375, 0.92914653784219, 0.9094874591057798, 0.9263959390862944, 0.9311827956989247, 0.9402427637721755, 0.9211009174311927, 0.842443729903537, 0.8948545861297539, 0.9171974522292994, 0.9292604501607717, 0.9107142857142857, 0.9184210526315789, 0.9293893129770993, 0.9268069533394327, 0.8950437317784257, 0.9011764705882352, 0.9601449275362319, 0.9048096192384769, 0.9040462427745665, 0.9095940959409594, 0.9116379310344828, 0.9248704663212435, 0.9473684210526315, 0.8148148148148148]",0.446212374521193,49,"[0.4634146341463415, 0.48307692307692307, 0.51, 0.3803125, 0.40575757575757576, 0.4684090909090909, 0.39866666666666667, 0.4123076923076923, 0.4796153846153846, 0.4392857142857143, 0.47714285714285715, 0.4748148148148148, 0.46135135135135136, 0.3989655172413793, 0.4697368421052632, 0.506551724137931, 0.4613888888888889, 0.3951851851851852, 0.49193548387096775, 0.39285714285714285, 0.476, 0.42676470588235293, 0.44166666666666665, 0.47333333333333333, 0.4674074074074074, 0.41888888888888887, 0.3981818181818182, 0.48774193548387096, 0.47419354838709676, 0.46483870967741936, 0.39666666666666667, 0.4625, 0.4823529411764706, 0.42137931034482756, 0.402, 0.4823529411764706, 0.47793103448275864, 0.4122727272727273, 0.3835294117647059, 0.47545454545454546, 0.4296969696969697, 0.459, 0.3504, 0.4990476190476191, 0.4835714285714286, 0.39485714285714285, 0.4584375, 0.4221875, 0.47097560975609754, null]",7.673520565032959,2.5278966426849365,0.021701812744140625,4.716169834136963,0.0016331672668457031,0.23300385475158691,1115755,ai08,success,
vit_b32_cifar100,CIFAR100,50,0.3,43,100,1.0,labelled_probe_warmup,labelled,300,0.0,0.4793,0.322142,0.4184,0.8683,0.4211,-0.42289016810466784,0,50,"[-0.4110301768990635, -0.3955592105263158, -0.45176470588235296, -0.4651416122004357, -0.4123048668503214, -0.37635467980295567, -0.47539682539682543, -0.37460650577124865, -0.4597014925373134, -0.460377358490566, -0.41129943502824856, -0.3971698113207547, -0.4523107177974435, -0.40399002493765584, -0.3788027477919529, -0.5132158590308369, -0.4471890971039183, -0.41379310344827586, -0.41582914572864327, -0.4308211473565804, -0.1300954032957502, -0.3879093198992444, -0.3943560057887121, -0.3298969072164949, -0.4528487229862475, -0.36762860727728985, -0.4155052264808362, -0.5020955574182733, -0.5005181347150258, -0.4125, -0.6491628614916285, -0.4189686924493554, -0.5363735070575462, -0.4587706146926537, -0.437956204379562, -0.35431472081218274, -0.475609756097561, -0.48959474260679076, -0.5031897926634769, -0.4109149277688604, -0.4624724061810155, -0.37622149837133556, -0.3699494949494949, -0.41082519964507547, -0.43437204910292737, -0.41370338248048566, -0.33739837398373984, -0.4883720930232558, -0.4363256784968685, -0.24]","[0.5254942767950052, 0.5476973684210527, 0.4682352941176471, 0.4324618736383442, 0.5059687786960514, 0.5369458128078818, 0.45714285714285713, 0.5393494228751312, 0.4746268656716418, 0.47264150943396227, 0.4971751412429379, 0.5254716981132076, 0.43952802359882004, 0.49002493765586036, 0.5338567222767419, 0.3733480176211454, 0.47614991482112434, 0.44310344827586207, 0.4635678391959799, 0.4769403824521935, 0.5195143104943626, 0.5100755667506297, 0.5347322720694645, 0.5419734904270986, 0.4587426326129666, 0.5269761606022585, 0.5165505226480837, 0.44425817267393125, 0.42487046632124353, 0.4675, 0.2732115677321157, 0.503683241252302, 0.3919652551574376, 0.47976011994003, 0.4921793534932221, 0.5685279187817259, 0.41971544715447157, 0.41511500547645125, 0.41866028708133973, 0.5280898876404494, 0.4315673289183223, 0.4837133550488599, 0.5050505050505051, 0.5173025732031943, 0.502360717658168, 0.5333911535125759, 0.5298102981029811, 0.4429175475687104, 0.4791231732776618, 0.5473170731707317]","[0.9365244536940687, 0.9432565789473685, 0.92, 0.8976034858387799, 0.9182736455463728, 0.9133004926108375, 0.9325396825396826, 0.9139559286463799, 0.9343283582089552, 0.9330188679245283, 0.9084745762711864, 0.9226415094339623, 0.8918387413962635, 0.8940149625935162, 0.9126594700686947, 0.8865638766519823, 0.9233390119250426, 0.8568965517241379, 0.8793969849246231, 0.9077615298087739, 0.6496097137901128, 0.8979848866498741, 0.9290882778581766, 0.8718703976435935, 0.9115913555992141, 0.8946047678795483, 0.9320557491289199, 0.9463537300922046, 0.9253886010362694, 0.88, 0.9223744292237442, 0.9226519337016574, 0.9283387622149837, 0.9385307346326837, 0.9301355578727841, 0.9228426395939087, 0.8953252032520326, 0.904709748083242, 0.9218500797448166, 0.9390048154093098, 0.8940397350993378, 0.8599348534201955, 0.875, 0.9281277728482697, 0.9367327667610954, 0.9470945359930616, 0.8672086720867209, 0.9312896405919662, 0.9154488517745303, 0.7873170731707317]",0.46793095249384437,49,"[0.40044444444444444, 0.47162162162162163, 0.4609375, 0.5280645161290323, 0.48125, 0.39321428571428574, 0.49407407407407405, 0.42935483870967744, 0.43944444444444447, 0.4825, 0.45, 0.4045714285714286, 0.5457142857142857, 0.438, 0.47192307692307695, 0.49129032258064514, 0.42423076923076924, 0.48, 0.5016666666666667, 0.4481818181818182, 0.44666666666666666, 0.5054838709677419, 0.4241666666666667, 0.5240625, 0.4320588235294118, 0.5153333333333333, 0.4348148148148148, 0.4090625, 0.4017142857142857, 0.5192307692307693, 0.5127586206896552, 0.5194117647058824, 0.46, 0.48074074074074075, 0.4581818181818182, 0.4477777777777778, 0.4673076923076923, 0.5689655172413793, 0.48233333333333334, 0.46285714285714286, 0.5286666666666666, 0.49342857142857144, 0.43548387096774194, 0.4577777777777778, 0.4803225806451613, 0.4364705882352941, 0.42607142857142855, 0.5196666666666667, 0.4413157894736842, null]",7.683983087539673,2.515454053878784,0.021939516067504883,4.726191997528076,0.0016264915466308594,0.24579143524169922,1115755,ai08,success,
vit_b32_cifar100,CIFAR100,50,0.3,44,100,1.0,labelled_probe_warmup,labelled,300,0.0,0.4669,0.32952200000000004,0.4268,0.8673,0.4062,-0.4403942321105262,0,50,"[-0.4419551934826884, -0.38095238095238104, -0.4895522388059702, -0.4364012409513961, -0.5005076142131979, -0.42362768496420045, -0.4838709677419355, -0.4783834586466165, -0.4549763033175356, -0.3418674698795181, -0.44382022471910115, -0.4414261460101867, -0.4891406987724268, -0.45437079731027863, -0.4139633286318759, -0.4209424083769633, -0.4436701509872242, -0.4852941176470589, -0.43638275499474244, -0.48025613660618993, -0.4151329243353783, -0.4146067415730337, -0.5236427320490368, -0.5393419170243205, -0.42639040348964014, -0.383177570093458, -0.41714285714285715, -0.44223826714801445, -0.3543689320388349, -0.4386831275720165, -0.4488188976377953, -0.3883211678832117, -0.4330357142857143, -0.3717146433041302, -0.4726368159203981, -0.39175257731958757, -0.37168141592920356, -0.41094147582697205, -0.4797421731123388, -0.41918665276329514, -0.4537987679671458, -0.3798828125, -0.48523622047244097, -0.48428143712574856, -0.4715762273901809, -0.5252152521525215, -0.39677419354838717, -0.48145161290322575, -0.3846153846153846, -0.47296137339055794]","[0.48879837067209775, 0.564625850340136, 0.4009950248756219, 0.500517063081696, 0.4121827411167513, 0.45584725536992843, 0.42284219703574544, 0.44360902255639095, 0.4729857819905213, 0.5421686746987951, 0.4303370786516854, 0.4940577249575552, 0.42492917847025496, 0.48703170028818443, 0.5162200282087447, 0.5036649214659686, 0.462253193960511, 0.4117647058823529, 0.4658254468980021, 0.4471718249733191, 0.5, 0.48089887640449436, 0.3966725043782837, 0.3361945636623748, 0.4776444929116685, 0.514018691588785, 0.4742857142857143, 0.47924187725631767, 0.5473300970873787, 0.48641975308641977, 0.47834645669291337, 0.5080291970802919, 0.5035714285714286, 0.523153942428035, 0.43034825870646765, 0.5189003436426117, 0.5022123893805309, 0.47455470737913485, 0.45027624309392267, 0.4765380604796663, 0.4620123203285421, 0.4951171875, 0.43799212598425197, 0.46032934131736525, 0.46188630490956073, 0.38253382533825336, 0.5443548387096774, 0.45, 0.5299145299145299, 0.43776824034334766]","[0.9307535641547862, 0.9455782312925171, 0.8905472636815921, 0.9369183040330921, 0.9126903553299492, 0.8794749403341289, 0.9067131647776809, 0.9219924812030075, 0.9279620853080569, 0.8840361445783133, 0.8741573033707866, 0.9354838709677419, 0.9140698772426817, 0.9414024975984631, 0.9301833568406206, 0.9246073298429319, 0.9059233449477352, 0.8970588235294118, 0.9022082018927445, 0.927427961579509, 0.9151329243353783, 0.895505617977528, 0.9203152364273205, 0.8755364806866953, 0.9040348964013086, 0.897196261682243, 0.8914285714285715, 0.9214801444043321, 0.9016990291262136, 0.9251028806584363, 0.9271653543307087, 0.8963503649635036, 0.9366071428571429, 0.8948685857321652, 0.9029850746268657, 0.9106529209621993, 0.8738938053097345, 0.8854961832061069, 0.9300184162062615, 0.8957247132429614, 0.9158110882956879, 0.875, 0.9232283464566929, 0.9446107784431138, 0.9334625322997416, 0.9077490774907749, 0.9411290322580645, 0.9314516129032258, 0.9145299145299145, 0.9107296137339056]",0.46184840972806396,49,"[0.47694444444444445, 0.45481481481481484, 0.468125, 0.4623076923076923, 0.4866666666666667, 0.4392857142857143, 0.4643478260869565, 0.4930434782608696, 0.5125, 0.42025641025641025, 0.5018918918918919, 0.4729032258064516, 0.41344827586206895, 0.5275, 0.421, 0.4019354838709677, 0.43666666666666665, 0.4686206896551724, 0.43535714285714283, 0.44466666666666665, 0.43884615384615383, 0.48484848484848486, 0.5058620689655172, 0.5051515151515151, 0.409, 0.4023333333333333, 0.47464285714285714, 0.5103571428571428, 0.39481481481481484, 0.5196774193548387, 0.52375, 0.4845945945945946, 0.42766666666666664, 0.4132142857142857, 0.4786111111111111, 0.4646666666666667, 0.48933333333333334, 0.38142857142857145, 0.4280769230769231, 0.3763157894736842, 0.516, 0.4414814814814815, 0.5073333333333333, 0.4776190476190476, 0.5172, 0.49806451612903224, 0.4503225806451613, 0.46652173913043476, 0.44055555555555553, null]",7.670641183853149,2.536154270172119,0.021927356719970703,4.698617935180664,0.0016069412231445312,0.23122906684875488,1115755,ai08,success,
vit_b32_cifar100,CIFAR100,50,0.3,42,100,1.0,no_phase0,none,0,0.0,0.0307,0.33126199999999995,0.4259,0.8692,0.0121,-0.8802201025407855,0,50,"[-0.8986046511627906, -0.901098901098901, -0.8843873517786561, -0.8843243243243244, -0.8560311284046692, -0.8694481830417228, -0.8672470076169749, -0.874875868917577, -0.9135446685878963, -0.9085365853658536, -0.8999205718824463, -0.879492600422833, -0.8545994065281899, -0.8305830583058306, -0.8980891719745223, -0.8767942583732058, -0.8707182320441988, -0.9095477386934674, -0.8832188420019628, -0.9177449168207025, -0.8851224105461394, -0.8884073672806068, -0.8531468531468531, -0.9043151969981238, -0.8706521739130435, -0.88671875, -0.892914653784219, -0.8713195201744821, -0.892554991539763, -0.8827956989247312, -0.8926237161531279, -0.8752293577981651, -0.8070739549839229, -0.8646532438478747, -0.8908098271155597, -0.9003215434083601, -0.888095238095238, -0.8631578947368421, -0.8959923664122138, -0.8902104300091491, -0.8658892128279884, -0.8611764705882352, -0.9202898550724639, -0.8877755511022044, -0.8716763005780347, -0.8726937269372694, -0.8803879310344828, -0.8860103626943004, -0.915050784856879, -0.7751322751322751]","[0.03255813953488372, 0.018315018315018316, 0.03162055335968379, 0.023783783783783784, 0.029831387808041506, 0.040376850605652756, 0.022850924918389554, 0.027805362462760674, 0.019452449567723344, 0.02032520325203252, 0.03177124702144559, 0.03382663847780127, 0.03115727002967359, 0.041804180418041806, 0.022292993630573247, 0.041866028708133975, 0.03314917127071823, 0.020100502512562814, 0.03925417075564279, 0.022181146025878003, 0.030131826741996232, 0.04225352112676056, 0.026806526806526808, 0.03189493433395872, 0.021739130434782608, 0.025390625, 0.036231884057971016, 0.03816793893129771, 0.0338409475465313, 0.04838709677419355, 0.047619047619047616, 0.045871559633027525, 0.03536977491961415, 0.030201342281879196, 0.026387625113739762, 0.028938906752411574, 0.02261904761904762, 0.05526315789473684, 0.033396946564885496, 0.036596523330283626, 0.029154518950437316, 0.04, 0.03985507246376811, 0.017034068136272545, 0.03236994219653179, 0.03690036900369004, 0.03125, 0.038860103626943004, 0.032317636195752536, 0.03968253968253968]","[0.9311627906976744, 0.9194139194139194, 0.91600790513834, 0.9081081081081082, 0.8858625162127107, 0.9098250336473755, 0.8900979325353645, 0.9026812313803376, 0.9329971181556196, 0.9288617886178862, 0.931691818903892, 0.9133192389006343, 0.8857566765578635, 0.8723872387238724, 0.9203821656050956, 0.9186602870813397, 0.9038674033149171, 0.9296482412060302, 0.9224730127576055, 0.9399260628465804, 0.9152542372881356, 0.9306608884073673, 0.87995337995338, 0.9362101313320825, 0.8923913043478261, 0.912109375, 0.92914653784219, 0.9094874591057798, 0.9263959390862944, 0.9311827956989247, 0.9402427637721755, 0.9211009174311927, 0.842443729903537, 0.8948545861297539, 0.9171974522292994, 0.9292604501607717, 0.9107142857142857, 0.9184210526315789, 0.9293893129770993, 0.9268069533394327, 0.8950437317784257, 0.9011764705882352, 0.9601449275362319, 0.9048096192384769, 0.9040462427745665, 0.9095940959409594, 0.9116379310344828, 0.9248704663212435, 0.9473684210526315, 0.8148148148148148]",0.030358280538434312,49,"[0.032439024390243903, 0.055, 0.034444444444444444, 0.029375, 0.03363636363636364, 0.038863636363636364, 0.035333333333333335, 0.03538461538461538, 0.04923076923076923, 0.04535714285714286, 0.021785714285714287, 0.04259259259259259, 0.024864864864864864, 0.029655172413793104, 0.028421052631578948, 0.027586206896551724, 0.02361111111111111, 0.025925925925925925, 0.03032258064516129, 0.04321428571428571, 0.029, 0.02911764705882353, 0.029583333333333333, 0.032424242424242425, 0.048518518518518516, 0.028888888888888888, 0.020454545454545454, 0.026774193548387098, 0.023870967741935485, 0.024838709677419354, 0.025666666666666667, 0.025, 0.022058823529411766, 0.030344827586206897, 0.012, 0.023529411764705882, 0.04758620689655172, 0.02090909090909091, 0.023823529411764705, 0.03666666666666667, 0.02727272727272727, 0.018, 0.0328, 0.025238095238095237, 0.026785714285714284, 0.021714285714285714, 0.0284375, 0.0275, 0.03170731707317073, null]",7.596322298049927,2.503255844116211,0.007722139358520508,4.678544521331787,0.001676321029663086,0.23110342025756836,1115755,ai08,success,
vit_b32_cifar100,CIFAR100,50,0.3,43,100,1.0,no_phase0,none,0,0.0,0.0254,0.322142,0.4184,0.8683,0.011,-0.8792185333671894,0,50,"[-0.8876170655567117, -0.9251644736842106, -0.9047058823529412, -0.8834422657952069, -0.8962350780532599, -0.9064039408866995, -0.8682539682539683, -0.8856243441762854, -0.9144278606965174, -0.9160377358490566, -0.8915254237288136, -0.8933962264150943, -0.8593903638151426, -0.8765586034912718, -0.8822374877330715, -0.8579295154185022, -0.899488926746167, -0.8327586206896551, -0.8605527638190955, -0.8920134983127109, -0.6305290546400695, -0.8639798488664988, -0.8892908827785818, -0.8438880706921944, -0.8703339882121807, -0.8682559598494354, -0.8989547038327527, -0.914501257334451, -0.9046632124352332, -0.85625, -0.9010654490106544, -0.9079189686924494, -0.9011943539630836, -0.9182908545727136, -0.9040667361835245, -0.8883248730964467, -0.8597560975609757, -0.8882803943044907, -0.8995215311004785, -0.9117174959871589, -0.8785871964679912, -0.8355048859934854, -0.8484848484848485, -0.8855368234250222, -0.8999055712936733, -0.9219427580225499, -0.8577235772357724, -0.9080338266384778, -0.9018789144050104, -0.7687804878048781]","[0.04890738813735692, 0.018092105263157895, 0.015294117647058824, 0.014161220043572984, 0.02203856749311295, 0.006896551724137931, 0.06428571428571428, 0.02833158447009444, 0.01990049751243781, 0.016981132075471698, 0.01694915254237288, 0.029245283018867925, 0.032448377581120944, 0.017456359102244388, 0.03042198233562316, 0.028634361233480177, 0.02385008517887564, 0.02413793103448276, 0.018844221105527637, 0.015748031496062992, 0.019080659150043366, 0.03400503778337532, 0.03979739507959479, 0.027982326951399118, 0.0412573673870334, 0.026348808030112924, 0.033101045296167246, 0.03185247275775356, 0.02072538860103627, 0.02375, 0.0213089802130898, 0.014732965009208104, 0.02714440825190011, 0.020239880059970013, 0.026068821689259645, 0.03451776649746193, 0.03556910569105691, 0.01642935377875137, 0.022328548644338118, 0.027287319422150885, 0.01545253863134658, 0.024429967426710098, 0.026515151515151516, 0.04259094942324756, 0.036827195467422094, 0.02515177797051171, 0.009485094850948509, 0.023255813953488372, 0.013569937369519834, 0.018536585365853658]","[0.9365244536940687, 0.9432565789473685, 0.92, 0.8976034858387799, 0.9182736455463728, 0.9133004926108375, 0.9325396825396826, 0.9139559286463799, 0.9343283582089552, 0.9330188679245283, 0.9084745762711864, 0.9226415094339623, 0.8918387413962635, 0.8940149625935162, 0.9126594700686947, 0.8865638766519823, 0.9233390119250426, 0.8568965517241379, 0.8793969849246231, 0.9077615298087739, 0.6496097137901128, 0.8979848866498741, 0.9290882778581766, 0.8718703976435935, 0.9115913555992141, 0.8946047678795483, 0.9320557491289199, 0.9463537300922046, 0.9253886010362694, 0.88, 0.9223744292237442, 0.9226519337016574, 0.9283387622149837, 0.9385307346326837, 0.9301355578727841, 0.9228426395939087, 0.8953252032520326, 0.904709748083242, 0.9218500797448166, 0.9390048154093098, 0.8940397350993378, 0.8599348534201955, 0.875, 0.9281277728482697, 0.9367327667610954, 0.9470945359930616, 0.8672086720867209, 0.9312896405919662, 0.9154488517745303, 0.7873170731707317]",0.02618130346392243,49,"[0.02288888888888889, 0.02027027027027027, 0.0196875, 0.026451612903225806, 0.0325, 0.04928571428571429, 0.021111111111111112, 0.022258064516129033, 0.026111111111111113, 0.04, 0.03264705882352941, 0.022285714285714287, 0.010714285714285714, 0.026571428571428572, 0.018076923076923077, 0.015483870967741935, 0.038461538461538464, 0.03, 0.0275, 0.03666666666666667, 0.023333333333333334, 0.026451612903225806, 0.022083333333333333, 0.0328125, 0.026176470588235294, 0.027333333333333334, 0.017777777777777778, 0.0215625, 0.04057142857142857, 0.028846153846153848, 0.044137931034482755, 0.03147058823529412, 0.020789473684210528, 0.03481481481481481, 0.028484848484848484, 0.011481481481481481, 0.021923076923076924, 0.028965517241379312, 0.017666666666666667, 0.017142857142857144, 0.023, 0.015714285714285715, 0.03258064516129032, 0.01888888888888889, 0.023870967741935485, 0.016764705882352942, 0.028214285714285713, 0.03, 0.03105263157894737, null]",7.677722930908203,2.5559308528900146,0.008095979690551758,4.703577995300293,0.0016717910766601562,0.23466157913208008,1115755,ai08,success,
vit_b32_cifar100,CIFAR100,50,0.3,44,100,1.0,no_phase0,none,0,0.0,0.0309,0.32952200000000004,0.4268,0.8673,0.0072,-0.8787008851947415,0,50,"[-0.8940936863543788, -0.9098639455782314, -0.87363184079602, -0.9048603929679421, -0.8812182741116751, -0.8579952267303103, -0.8814298169136879, -0.875, -0.8976303317535546, -0.8659638554216867, -0.856179775280899, -0.9091680814940577, -0.8791312559017941, -0.8952929875120077, -0.8984485190409027, -0.8691099476439791, -0.8792102206736353, -0.8161764705882353, -0.8538380651945321, -0.8975453575240128, -0.8813905930470347, -0.8505617977528089, -0.8931698774080561, -0.8469241773962805, -0.8800436205016358, -0.8703271028037383, -0.8605714285714287, -0.8916967509025271, -0.8689320388349514, -0.8765432098765432, -0.9035433070866142, -0.856934306569343, -0.9125, -0.8723404255319149, -0.8893034825870647, -0.8957617411225659, -0.8440265486725663, -0.8447837150127226, -0.8987108655616942, -0.8790406673618353, -0.8675564681724847, -0.837890625, -0.8828740157480315, -0.8967065868263473, -0.8940568475452196, -0.8671586715867159, -0.9112903225806452, -0.9032258064516129, -0.8815628815628815, -0.8798283261802575]","[0.03665987780040733, 0.03571428571428571, 0.01691542288557214, 0.03205791106514995, 0.03147208121827411, 0.021479713603818614, 0.025283347863993024, 0.046992481203007516, 0.03033175355450237, 0.018072289156626505, 0.017977528089887642, 0.02631578947368421, 0.03493862134088763, 0.04610951008645533, 0.03173483779971791, 0.05549738219895288, 0.026713124274099883, 0.08088235294117647, 0.048370136698212406, 0.029882604055496264, 0.03374233128834356, 0.0449438202247191, 0.02714535901926445, 0.02861230329041488, 0.023991275899672846, 0.026869158878504672, 0.030857142857142857, 0.029783393501805054, 0.032766990291262135, 0.048559670781893, 0.023622047244094488, 0.03941605839416058, 0.024107142857142858, 0.02252816020025031, 0.013681592039800995, 0.014891179839633447, 0.029867256637168143, 0.04071246819338423, 0.03130755064456722, 0.016684045881126174, 0.048254620123203286, 0.037109375, 0.040354330708661415, 0.04790419161676647, 0.03940568475452196, 0.04059040590405904, 0.029838709677419355, 0.028225806451612902, 0.03296703296703297, 0.030901287553648068]","[0.9307535641547862, 0.9455782312925171, 0.8905472636815921, 0.9369183040330921, 0.9126903553299492, 0.8794749403341289, 0.9067131647776809, 0.9219924812030075, 0.9279620853080569, 0.8840361445783133, 0.8741573033707866, 0.9354838709677419, 0.9140698772426817, 0.9414024975984631, 0.9301833568406206, 0.9246073298429319, 0.9059233449477352, 0.8970588235294118, 0.9022082018927445, 0.927427961579509, 0.9151329243353783, 0.895505617977528, 0.9203152364273205, 0.8755364806866953, 0.9040348964013086, 0.897196261682243, 0.8914285714285715, 0.9214801444043321, 0.9016990291262136, 0.9251028806584363, 0.9271653543307087, 0.8963503649635036, 0.9366071428571429, 0.8948685857321652, 0.9029850746268657, 0.9106529209621993, 0.8738938053097345, 0.8854961832061069, 0.9300184162062615, 0.8957247132429614, 0.9158110882956879, 0.875, 0.9232283464566929, 0.9446107784431138, 0.9334625322997416, 0.9077490774907749, 0.9411290322580645, 0.9314516129032258, 0.9145299145299145, 0.9107296137339056]",0.03287137927655326,49,"[0.04083333333333333, 0.03185185185185185, 0.0434375, 0.03333333333333333, 0.023333333333333334, 0.03642857142857143, 0.02434782608695652, 0.033478260869565214, 0.0325, 0.031794871794871796, 0.036216216216216214, 0.03096774193548387, 0.04862068965517241, 0.0325, 0.0145, 0.027419354838709678, 0.04, 0.03, 0.018571428571428572, 0.034, 0.04576923076923077, 0.027575757575757576, 0.03482758620689655, 0.029696969696969697, 0.0295, 0.035333333333333335, 0.045714285714285714, 0.035, 0.035925925925925924, 0.024838709677419354, 0.0178125, 0.027567567567567567, 0.028333333333333332, 0.03571428571428571, 0.029166666666666667, 0.03833333333333333, 0.034, 0.039285714285714285, 0.03923076923076923, 0.03631578947368421, 0.019333333333333334, 0.030740740740740742, 0.041666666666666664, 0.023809523809523808, 0.0376, 0.03967741935483871, 0.04096774193548387, 0.02782608695652174, 0.035, null]",7.637631177902222,2.5198464393615723,0.00770878791809082,4.702190399169922,0.0016145706176757812,0.23155570030212402,1115755,ai08,success,
vit_b32_cifar100,CIFAR100,50,0.3,42,100,1.0,raw_union_K20,raw_union,32189,0.0,0.8643,0.33126199999999995,0.4259,0.8692,0.861,0.011872494193385843,32,50,"[-0.05860465116279068, -0.012820512820512775, 0.009881422924901129, -0.029189189189189224, 0.02983138780804151, 0.008075370121130465, 0.02611534276387384, 0.02581926514399202, -0.033141210374639796, -0.005081300813008061, -0.01350277998411431, 0.039112050739957716, 0.05192878338278928, 0.044004400440044056, -0.010615711252653925, 0.03588516746411485, 0.053038674033149213, 0.00335008375209378, -0.01962708537782143, 0.012939001848428777, 0.011299435028248594, 0.011917659804983716, 0.06293706293706292, -0.015009380863039379, 0.04565217391304344, -0.00390625, -0.024154589371980673, 0.01199563794983638, -0.053299492385786795, 0.011827956989247324, -0.0037348272642390157, -0.022935779816513846, 0.08520900321543401, 0.058165548098433995, -0.0027297543221109777, 0.02357984994640938, 0.03452380952380951, 0.00877192982456143, 0.010496183206106902, -0.029277218664226945, 0.030612244897959218, 0.02941176470588236, -0.035024154589372025, 0.018036072144288595, 0.02774566473988438, 0.0073800738007380184, 0.016163793103448287, 0.021588946459412783, -0.014773776546629702, 0.11375661375661383]","[0.8725581395348837, 0.9065934065934066, 0.9258893280632411, 0.8789189189189189, 0.9156939040207522, 0.917900403768506, 0.9162132752992383, 0.9285004965243296, 0.8998559077809798, 0.9237804878048781, 0.9181890389197777, 0.952431289640592, 0.9376854599406528, 0.9163916391639164, 0.9097664543524416, 0.9545454545454546, 0.9569060773480663, 0.932998324958124, 0.9028459273797841, 0.9528650646950092, 0.9265536723163842, 0.942578548212351, 0.9428904428904429, 0.9212007504690432, 0.9380434782608695, 0.908203125, 0.9049919484702094, 0.9214830970556162, 0.8730964467005076, 0.943010752688172, 0.9365079365079365, 0.8981651376146789, 0.927652733118971, 0.9530201342281879, 0.9144676979071884, 0.9528403001071811, 0.9452380952380952, 0.9271929824561403, 0.9398854961832062, 0.8975297346752058, 0.9256559766763849, 0.9305882352941176, 0.9251207729468599, 0.9228456913827655, 0.9317919075144508, 0.9169741697416974, 0.927801724137931, 0.9464594127806563, 0.9325946445060018, 0.9285714285714286]","[0.9311627906976744, 0.9194139194139194, 0.91600790513834, 0.9081081081081082, 0.8858625162127107, 0.9098250336473755, 0.8900979325353645, 0.9026812313803376, 0.9329971181556196, 0.9288617886178862, 0.931691818903892, 0.9133192389006343, 0.8857566765578635, 0.8723872387238724, 0.9203821656050956, 0.9186602870813397, 0.9038674033149171, 0.9296482412060302, 0.9224730127576055, 0.9399260628465804, 0.9152542372881356, 0.9306608884073673, 0.87995337995338, 0.9362101313320825, 0.8923913043478261, 0.912109375, 0.92914653784219, 0.9094874591057798, 0.9263959390862944, 0.9311827956989247, 0.9402427637721755, 0.9211009174311927, 0.842443729903537, 0.8948545861297539, 0.9171974522292994, 0.9292604501607717, 0.9107142857142857, 0.9184210526315789, 0.9293893129770993, 0.9268069533394327, 0.8950437317784257, 0.9011764705882352, 0.9601449275362319, 0.9048096192384769, 0.9040462427745665, 0.9095940959409594, 0.9116379310344828, 0.9248704663212435, 0.9473684210526315, 0.8148148148148148]",0.8635931725555851,49,"[0.8682926829268293, 0.8784615384615385, 0.8914814814814814, 0.864375, 0.8833333333333333, 0.8695454545454545, 0.8416666666666667, 0.8515384615384616, 0.8603846153846154, 0.8603571428571428, 0.8492857142857143, 0.847037037037037, 0.8637837837837837, 0.8882758620689655, 0.8805263157894737, 0.8755172413793103, 0.8597222222222223, 0.8633333333333333, 0.8812903225806452, 0.8535714285714285, 0.8805, 0.8541176470588235, 0.88375, 0.8696969696969697, 0.8685185185185185, 0.8688888888888889, 0.8531818181818182, 0.8912903225806451, 0.8812903225806452, 0.8735483870967742, 0.866, 0.8575, 0.8764705882352941, 0.8448275862068966, 0.855, 0.84, 0.8755172413793103, 0.850909090909091, 0.8355882352941176, 0.8581818181818182, 0.8651515151515151, 0.8576666666666667, 0.8172, 0.84, 0.8653571428571428, 0.8648571428571429, 0.865, 0.8628125, 0.8614634146341463, null]",8.868560314178467,2.565472364425659,1.1733818054199219,4.723116874694824,0.001650094985961914,0.23134708404541016,1115755,ai08,success,
vit_b32_cifar100,CIFAR100,50,0.3,43,100,1.0,raw_union_K20,raw_union,31523,0.0,0.866,0.322142,0.4184,0.8683,0.8649,0.022261832667899262,34,50,"[-0.01144640998959412, -0.009868421052631637, 0.03764705882352937, 0.045751633986928164, 0.0018365472910927272, 0.015763546798029493, -0.0357142857142857, 0.017838405036726068, 0.011940298507462699, -0.009433962264150941, 0.041807909604519744, -0.015094339622641506, 0.024582104228121904, 0.029925187032418976, -0.006869479882237406, 0.020925110132158586, -0.0025553662691653045, 0.09999999999999998, 0.02638190954773867, 0.03712035995500562, 0.27059843885516044, 0.05163727959697728, -0.00434153400868309, 0.06921944035346095, 0.01080550098231825, 0.04015056461731492, 0.009581881533101022, -0.04191114836546528, -0.002072538860103612, 0.06625000000000003, -0.06621004566210043, 0.0018416206261510082, -0.011943539630836053, -0.03073463268365817, 0.005213764337851923, 0.012182741116751217, 0.03963414634146334, 0.028477546549835808, -0.027113237639553422, -0.012841091492776902, 0.0331125827814569, 0.07491856677524422, 0.06565656565656564, 0.0053238686779059075, 0.0047214353163361755, -0.018213356461405095, 0.06368563685636852, 0.0021141649048626032, 0.009394572025052228, 0.14341463414634148]","[0.9250780437044746, 0.9333881578947368, 0.9576470588235294, 0.9433551198257081, 0.9201101928374655, 0.929064039408867, 0.8968253968253969, 0.9317943336831059, 0.9462686567164179, 0.9235849056603773, 0.9502824858757062, 0.9075471698113208, 0.9164208456243854, 0.9239401496259352, 0.9057899901864573, 0.9074889867841409, 0.9207836456558773, 0.9568965517241379, 0.9057788944723618, 0.9448818897637795, 0.9202081526452732, 0.9496221662468514, 0.9247467438494935, 0.9410898379970545, 0.9223968565815324, 0.9347553324968633, 0.9416376306620209, 0.9044425817267393, 0.9233160621761658, 0.94625, 0.8561643835616438, 0.9244935543278084, 0.9163952225841476, 0.9077961019490255, 0.935349322210636, 0.9350253807106599, 0.9349593495934959, 0.9331872946330778, 0.8947368421052632, 0.9261637239165329, 0.9271523178807947, 0.9348534201954397, 0.9406565656565656, 0.9334516415261757, 0.9414542020774316, 0.9288811795316565, 0.9308943089430894, 0.9334038054968288, 0.9248434237995825, 0.9307317073170732]","[0.9365244536940687, 0.9432565789473685, 0.92, 0.8976034858387799, 0.9182736455463728, 0.9133004926108375, 0.9325396825396826, 0.9139559286463799, 0.9343283582089552, 0.9330188679245283, 0.9084745762711864, 0.9226415094339623, 0.8918387413962635, 0.8940149625935162, 0.9126594700686947, 0.8865638766519823, 0.9233390119250426, 0.8568965517241379, 0.8793969849246231, 0.9077615298087739, 0.6496097137901128, 0.8979848866498741, 0.9290882778581766, 0.8718703976435935, 0.9115913555992141, 0.8946047678795483, 0.9320557491289199, 0.9463537300922046, 0.9253886010362694, 0.88, 0.9223744292237442, 0.9226519337016574, 0.9283387622149837, 0.9385307346326837, 0.9301355578727841, 0.9228426395939087, 0.8953252032520326, 0.904709748083242, 0.9218500797448166, 0.9390048154093098, 0.8940397350993378, 0.8599348534201955, 0.875, 0.9281277728482697, 0.9367327667610954, 0.9470945359930616, 0.8672086720867209, 0.9312896405919662, 0.9154488517745303, 0.7873170731707317]",0.8640005596473384,49,"[0.84, 0.8627027027027027, 0.8621875, 0.8719354838709678, 0.866875, 0.8671428571428571, 0.8814814814814815, 0.8606451612903225, 0.8533333333333334, 0.8708333333333333, 0.8588235294117647, 0.8537142857142858, 0.8735714285714286, 0.8668571428571429, 0.8761538461538462, 0.8861290322580645, 0.8569230769230769, 0.8684375, 0.8616666666666667, 0.8427272727272728, 0.8774074074074074, 0.8596774193548387, 0.8741666666666666, 0.880625, 0.8485294117647059, 0.8573333333333333, 0.8677777777777778, 0.8853125, 0.8462857142857143, 0.8457692307692307, 0.8713793103448276, 0.883235294117647, 0.8555263157894737, 0.8770370370370371, 0.8654545454545455, 0.8596296296296296, 0.8496153846153847, 0.8844827586206897, 0.861, 0.8466666666666667, 0.8606666666666667, 0.864, 0.8593548387096774, 0.8648148148148148, 0.8538709677419355, 0.8720588235294118, 0.8589285714285714, 0.8593333333333333, 0.8639473684210527, null]",8.825237274169922,2.539415121078491,1.1497349739074707,4.728764533996582,0.0016388893127441406,0.2326059341430664,1115755,ai08,success,
vit_b32_cifar100,CIFAR100,50,0.3,44,100,1.0,raw_union_K20,raw_union,32164,0.0,0.8621,0.32952200000000004,0.4268,0.8673,0.859,0.017300048543259106,38,50,"[0.029531568228105876, -0.007653061224489832, 0.007960199004975022, 0.0010341261633919352, -0.006091370558375608, 0.05369928400954649, -0.006102877070619073, 0.023496240601503793, 0.01516587677725112, 0.04969879518072284, 0.0022471910112359383, -0.006791171477079749, -0.022662889518413554, 0.004803073967339033, 0.007757404795486589, 0.013612565445026203, 0.03252032520325199, 0.035539215686274495, 0.016824395373291168, 0.011739594450373536, 0.026584867075664653, 0.04831460674157306, 0.007005253940455369, 0.05007153075822601, 0.05125408942202836, 0.031542056074766345, 0.04228571428571426, -0.02166064981949456, 0.03883495145631066, 0.0, 0.003937007874015741, 0.026277372262773713, -0.010714285714285676, 0.06508135168961204, 0.023631840796019876, 0.032073310423825885, 0.0497787610619469, 0.06488549618320605, 0.005524861878453136, 0.012513034410844615, 0.008213552361396315, 0.046875, 0.03740157480314954, -0.006736526946107824, -0.02454780361757114, 0.030750307503074947, -0.04596774193548392, -0.03629032258064513, 0.026862026862026878, 0.02489270386266096]","[0.960285132382892, 0.9379251700680272, 0.8985074626865671, 0.937952430196484, 0.9065989847715736, 0.9331742243436754, 0.9006102877070619, 0.9454887218045113, 0.943127962085308, 0.9337349397590361, 0.8764044943820225, 0.9286926994906621, 0.8914069877242682, 0.9462055715658021, 0.9379407616361072, 0.9382198952879581, 0.9384436701509872, 0.9325980392156863, 0.9190325972660357, 0.9391675560298826, 0.941717791411043, 0.9438202247191011, 0.9273204903677759, 0.9256080114449213, 0.955288985823337, 0.9287383177570093, 0.9337142857142857, 0.8998194945848376, 0.9405339805825242, 0.9251028806584363, 0.9311023622047244, 0.9226277372262773, 0.9258928571428572, 0.9599499374217773, 0.9266169154228856, 0.9427262313860252, 0.9236725663716814, 0.950381679389313, 0.9355432780847146, 0.908237747653806, 0.9240246406570842, 0.921875, 0.9606299212598425, 0.937874251497006, 0.9089147286821705, 0.9384993849938499, 0.8951612903225806, 0.8951612903225806, 0.9413919413919414, 0.9356223175965666]","[0.9307535641547862, 0.9455782312925171, 0.8905472636815921, 0.9369183040330921, 0.9126903553299492, 0.8794749403341289, 0.9067131647776809, 0.9219924812030075, 0.9279620853080569, 0.8840361445783133, 0.8741573033707866, 0.9354838709677419, 0.9140698772426817, 0.9414024975984631, 0.9301833568406206, 0.9246073298429319, 0.9059233449477352, 0.8970588235294118, 0.9022082018927445, 0.927427961579509, 0.9151329243353783, 0.895505617977528, 0.9203152364273205, 0.8755364806866953, 0.9040348964013086, 0.897196261682243, 0.8914285714285715, 0.9214801444043321, 0.9016990291262136, 0.9251028806584363, 0.9271653543307087, 0.8963503649635036, 0.9366071428571429, 0.8948685857321652, 0.9029850746268657, 0.9106529209621993, 0.8738938053097345, 0.8854961832061069, 0.9300184162062615, 0.8957247132429614, 0.9158110882956879, 0.875, 0.9232283464566929, 0.9446107784431138, 0.9334625322997416, 0.9077490774907749, 0.9411290322580645, 0.9314516129032258, 0.9145299145299145, 0.9107296137339056]",0.865487019145166,49,"[0.8366666666666667, 0.8548148148148148, 0.8759375, 0.8728205128205129, 0.8469696969696969, 0.8621428571428571, 0.8791304347826087, 0.8686956521739131, 0.8653571428571428, 0.8574358974358974, 0.8845945945945946, 0.8767741935483871, 0.8641379310344828, 0.853125, 0.8365, 0.8596774193548387, 0.8488888888888889, 0.8620689655172413, 0.8653571428571428, 0.8513333333333334, 0.8303846153846154, 0.8721212121212121, 0.8872413793103449, 0.8727272727272727, 0.8345, 0.8653333333333333, 0.8728571428571429, 0.8832142857142857, 0.8855555555555555, 0.8841935483870967, 0.8840625, 0.8918918918918919, 0.8456666666666667, 0.8382142857142857, 0.87, 0.8786666666666667, 0.8706666666666667, 0.8821428571428571, 0.8357692307692308, 0.8444736842105263, 0.8693333333333333, 0.8892592592592593, 0.8786666666666667, 0.8504761904761905, 0.8872, 0.87, 0.8683870967741936, 0.8856521739130435, 0.8577777777777778, null]",8.817422866821289,2.5275421142578125,1.173516035079956,4.709205150604248,0.001661062240600586,0.2315993309020996,1115755,ai08,success,
vit_b32_cifar100,CIFAR100,50,0.3,42,100,1.0,warmup_only_labelled,warmup_only,300,0.0,0.3924,0.33126199999999995,0.4259,0.8692,0.3924,-0.5154114109073525,0,50,"[-0.6223255813953488, -0.5888278388278387, -0.5652173913043479, -0.44324324324324327, -0.47730220492866404, -0.4979811574697174, -0.6050054406964092, -0.573982125124131, -0.6354466858789625, -0.45223577235772355, -0.5583796664019063, -0.5835095137420718, -0.4792284866468843, -0.42794279427942794, -0.4989384288747346, -0.5657894736842106, -0.46629834254143643, -0.44137353433835846, -0.5250245338567223, -0.5369685767097967, -0.4387947269303202, -0.5677139761646803, -0.4149184149184149, -0.6069418386491556, -0.5858695652173913, -0.4990234375, -0.4533011272141707, -0.5507088331515813, -0.6514382402707275, -0.44623655913978494, -0.4463118580765639, -0.5770642201834864, -0.4453376205787782, -0.4507829977628635, -0.6114649681528663, -0.6034297963558415, -0.4619047619047619, -0.5078947368421052, -0.38835877862595425, -0.5937785910338518, -0.36443148688046645, -0.5776470588235294, -0.44806763285024154, -0.5410821643286573, -0.5028901734104045, -0.5562730627306274, -0.5043103448275862, -0.4965457685664939, -0.49122807017543857, -0.44179894179894175]","[0.30883720930232555, 0.3305860805860806, 0.35079051383399207, 0.4648648648648649, 0.4085603112840467, 0.41184387617765816, 0.2850924918389554, 0.3286991062562066, 0.29755043227665706, 0.4766260162601626, 0.3733121525019857, 0.3298097251585624, 0.4065281899109792, 0.4444444444444444, 0.42144373673036095, 0.35287081339712917, 0.4375690607734807, 0.4882747068676717, 0.3974484789008832, 0.4029574861367837, 0.4764595103578154, 0.3629469122426869, 0.46503496503496505, 0.32926829268292684, 0.3065217391304348, 0.4130859375, 0.4758454106280193, 0.35877862595419846, 0.2749576988155668, 0.48494623655913977, 0.4939309056956116, 0.3440366972477064, 0.3971061093247588, 0.44407158836689037, 0.3057324840764331, 0.3258306538049303, 0.4488095238095238, 0.4105263157894737, 0.541030534351145, 0.33302836230558097, 0.5306122448979592, 0.3235294117647059, 0.5120772946859904, 0.3637274549098196, 0.40115606936416187, 0.3533210332103321, 0.4073275862068966, 0.4283246977547496, 0.45614035087719296, 0.373015873015873]","[0.9311627906976744, 0.9194139194139194, 0.91600790513834, 0.9081081081081082, 0.8858625162127107, 0.9098250336473755, 0.8900979325353645, 0.9026812313803376, 0.9329971181556196, 0.9288617886178862, 0.931691818903892, 0.9133192389006343, 0.8857566765578635, 0.8723872387238724, 0.9203821656050956, 0.9186602870813397, 0.9038674033149171, 0.9296482412060302, 0.9224730127576055, 0.9399260628465804, 0.9152542372881356, 0.9306608884073673, 0.87995337995338, 0.9362101313320825, 0.8923913043478261, 0.912109375, 0.92914653784219, 0.9094874591057798, 0.9263959390862944, 0.9311827956989247, 0.9402427637721755, 0.9211009174311927, 0.842443729903537, 0.8948545861297539, 0.9171974522292994, 0.9292604501607717, 0.9107142857142857, 0.9184210526315789, 0.9293893129770993, 0.9268069533394327, 0.8950437317784257, 0.9011764705882352, 0.9601449275362319, 0.9048096192384769, 0.9040462427745665, 0.9095940959409594, 0.9116379310344828, 0.9248704663212435, 0.9473684210526315, 0.8148148148148148]",0.4002936871687855,49,"[0.4224390243902439, 0.4511538461538461, 0.4703703703703704, 0.335625, 0.3478787878787879, 0.43636363636363634, 0.36433333333333334, 0.36423076923076925, 0.43346153846153845, 0.37214285714285716, 0.44357142857142856, 0.41962962962962963, 0.43, 0.3351724137931035, 0.43026315789473685, 0.4603448275862069, 0.4166666666666667, 0.32814814814814813, 0.44806451612903225, 0.3535714285714286, 0.4215, 0.3688235294117647, 0.3875, 0.43242424242424243, 0.422962962962963, 0.3688888888888889, 0.3509090909090909, 0.4425806451612903, 0.41774193548387095, 0.4358064516129032, 0.33866666666666667, 0.40875, 0.44, 0.35551724137931034, 0.345, 0.45029411764705884, 0.44620689655172413, 0.3718181818181818, 0.34823529411764703, 0.43696969696969695, 0.3718181818181818, 0.41, 0.2996, 0.46476190476190476, 0.4564285714285714, 0.3514285714285714, 0.4053125, 0.3790625, 0.4219512195121951, null]",2.9539315700531006,2.527804136276245,0.017406463623046875,0.0,0.0,0.23163795471191406,1115755,ai08,success,
vit_b32_cifar100,CIFAR100,50,0.3,43,100,1.0,warmup_only_labelled,warmup_only,300,0.0,0.4211,0.322142,0.4184,0.8683,0.4211,-0.48185508936163596,0,50,"[-0.4703433922996878, -0.43338815789473695, -0.5094117647058825, -0.5043572984749455, -0.4857667584940312, -0.4788177339901478, -0.5507936507936508, -0.40713536201469047, -0.518407960199005, -0.5188679245283019, -0.47796610169491527, -0.4349056603773585, -0.5083579154375615, -0.4513715710723192, -0.479882237487733, -0.5649779735682818, -0.510221465076661, -0.4551724137931034, -0.48869346733668345, -0.514060742407199, -0.17692974848222032, -0.4395465994962217, -0.45441389290882783, -0.3873343151693667, -0.5196463654223968, -0.41781681304893353, -0.4634146341463415, -0.586756077116513, -0.5782383419689119, -0.485, -0.6993911719939117, -0.47882136279926335, -0.5960912052117264, -0.5179910044977512, -0.46611053180396245, -0.4426395939086295, -0.5132113821138211, -0.5596933187294633, -0.5645933014354068, -0.4622792937399679, -0.4911699779249448, -0.42671009771986973, -0.41919191919191917, -0.46761313220940554, -0.5118035882908405, -0.48395490026019083, -0.38888888888888895, -0.53276955602537, -0.5041753653444676, -0.2936585365853659]","[0.46618106139438087, 0.5098684210526315, 0.41058823529411764, 0.39324618736383443, 0.4325068870523416, 0.43448275862068964, 0.3817460317460317, 0.5068205666316894, 0.41592039800995023, 0.41415094339622643, 0.43050847457627117, 0.4877358490566038, 0.3834808259587021, 0.442643391521197, 0.43277723258096173, 0.32158590308370044, 0.4131175468483816, 0.4017241379310345, 0.3907035175879397, 0.3937007874015748, 0.47267996530789247, 0.45843828715365237, 0.47467438494934877, 0.4845360824742268, 0.3919449901768173, 0.4767879548306148, 0.4686411149825784, 0.3595976529756915, 0.3471502590673575, 0.395, 0.22298325722983256, 0.4438305709023941, 0.3322475570032573, 0.4205397301349325, 0.4640250260688217, 0.48020304568527916, 0.3821138211382114, 0.34501642935377874, 0.3572567783094099, 0.4767255216693419, 0.40286975717439294, 0.43322475570032576, 0.45580808080808083, 0.4605146406388642, 0.42492917847025496, 0.46313963573287076, 0.47831978319783197, 0.3985200845665962, 0.4112734864300626, 0.49365853658536585]","[0.9365244536940687, 0.9432565789473685, 0.92, 0.8976034858387799, 0.9182736455463728, 0.9133004926108375, 0.9325396825396826, 0.9139559286463799, 0.9343283582089552, 0.9330188679245283, 0.9084745762711864, 0.9226415094339623, 0.8918387413962635, 0.8940149625935162, 0.9126594700686947, 0.8865638766519823, 0.9233390119250426, 0.8568965517241379, 0.8793969849246231, 0.9077615298087739, 0.6496097137901128, 0.8979848866498741, 0.9290882778581766, 0.8718703976435935, 0.9115913555992141, 0.8946047678795483, 0.9320557491289199, 0.9463537300922046, 0.9253886010362694, 0.88, 0.9223744292237442, 0.9226519337016574, 0.9283387622149837, 0.9385307346326837, 0.9301355578727841, 0.9228426395939087, 0.8953252032520326, 0.904709748083242, 0.9218500797448166, 0.9390048154093098, 0.8940397350993378, 0.8599348534201955, 0.875, 0.9281277728482697, 0.9367327667610954, 0.9470945359930616, 0.8672086720867209, 0.9312896405919662, 0.9154488517745303, 0.7873170731707317]",0.4092289604660044,49,"[0.35555555555555557, 0.40243243243243243, 0.396875, 0.46741935483870967, 0.4128125, 0.3339285714285714, 0.4507407407407407, 0.3370967741935484, 0.3963888888888889, 0.42583333333333334, 0.395, 0.3588571428571429, 0.4903571428571429, 0.38371428571428573, 0.4065384615384615, 0.42096774193548386, 0.3557692307692308, 0.441875, 0.4436111111111111, 0.4021212121212121, 0.3888888888888889, 0.45193548387096777, 0.38, 0.4534375, 0.39205882352941174, 0.44033333333333335, 0.37444444444444447, 0.3525, 0.3445714285714286, 0.4819230769230769, 0.4575862068965517, 0.4626470588235294, 0.38605263157894737, 0.41888888888888887, 0.3793939393939394, 0.40555555555555556, 0.37153846153846154, 0.5096551724137931, 0.42533333333333334, 0.40714285714285714, 0.4746666666666667, 0.436, 0.3664516129032258, 0.4137037037037037, 0.43516129032258066, 0.3735294117647059, 0.3607142857142857, 0.451, 0.3792105263157895, null]",2.971585512161255,2.5456228256225586,0.017444849014282227,0.0,0.0,0.23322272300720215,1115755,ai08,success,
vit_b32_cifar100,CIFAR100,50,0.3,44,100,1.0,warmup_only_labelled,warmup_only,300,0.0,0.4062,0.32952200000000004,0.4268,0.8673,0.4062,-0.5044550648253691,0,50,"[-0.5254582484725051, -0.4370748299319729, -0.5373134328358209, -0.485005170630817, -0.5563451776649746, -0.48448687350835323, -0.5832606800348736, -0.56296992481203, -0.5459715639810427, -0.3930722891566265, -0.47078651685393264, -0.5025466893039049, -0.5731822474032106, -0.5273775216138329, -0.4717912552891396, -0.4481675392670157, -0.5284552845528455, -0.5392156862745099, -0.47844374342797064, -0.5549626467449306, -0.4856850715746421, -0.5044943820224719, -0.5989492119089317, -0.5879828326180259, -0.4885496183206107, -0.47313084112149534, -0.45142857142857146, -0.5036101083032491, -0.4053398058252427, -0.4954732510288066, -0.4881889763779528, -0.44963503649635034, -0.5080357142857144, -0.43679599499374216, -0.5447761194029852, -0.47079037800687284, -0.4358407079646017, -0.4860050890585242, -0.5276243093922651, -0.4796663190823775, -0.5, -0.45703125, -0.5492125984251969, -0.5538922155688624, -0.5613695090439277, -0.5719557195571956, -0.442741935483871, -0.546774193548387, -0.4590964590964591, -0.5527896995708155]","[0.40529531568228105, 0.5085034013605442, 0.35323383084577115, 0.45191313340227507, 0.35634517766497464, 0.39498806682577564, 0.3234524847428073, 0.35902255639097747, 0.3819905213270142, 0.49096385542168675, 0.40337078651685393, 0.432937181663837, 0.3408876298394712, 0.4140249759846302, 0.45839210155148097, 0.47643979057591623, 0.37746806039488967, 0.35784313725490197, 0.4237644584647739, 0.37246531483457845, 0.4294478527607362, 0.39101123595505616, 0.3213660245183888, 0.2875536480686695, 0.4154852780806979, 0.42406542056074764, 0.44, 0.41787003610108303, 0.4963592233009709, 0.42962962962962964, 0.4389763779527559, 0.4467153284671533, 0.42857142857142855, 0.45807259073842305, 0.3582089552238806, 0.43986254295532645, 0.43805309734513276, 0.3994910941475827, 0.40239410681399634, 0.41605839416058393, 0.41581108829568786, 0.41796875, 0.37401574803149606, 0.3907185628742515, 0.37209302325581395, 0.33579335793357934, 0.49838709677419357, 0.38467741935483873, 0.4554334554334554, 0.3579399141630901]","[0.9307535641547862, 0.9455782312925171, 0.8905472636815921, 0.9369183040330921, 0.9126903553299492, 0.8794749403341289, 0.9067131647776809, 0.9219924812030075, 0.9279620853080569, 0.8840361445783133, 0.8741573033707866, 0.9354838709677419, 0.9140698772426817, 0.9414024975984631, 0.9301833568406206, 0.9246073298429319, 0.9059233449477352, 0.8970588235294118, 0.9022082018927445, 0.927427961579509, 0.9151329243353783, 0.895505617977528, 0.9203152364273205, 0.8755364806866953, 0.9040348964013086, 0.897196261682243, 0.8914285714285715, 0.9214801444043321, 0.9016990291262136, 0.9251028806584363, 0.9271653543307087, 0.8963503649635036, 0.9366071428571429, 0.8948685857321652, 0.9029850746268657, 0.9106529209621993, 0.8738938053097345, 0.8854961832061069, 0.9300184162062615, 0.8957247132429614, 0.9158110882956879, 0.875, 0.9232283464566929, 0.9446107784431138, 0.9334625322997416, 0.9077490774907749, 0.9411290322580645, 0.9314516129032258, 0.9145299145299145, 0.9107296137339056]",0.40261383635791675,49,"[0.4083333333333333, 0.3781481481481481, 0.4021875, 0.38743589743589746, 0.4178787878787879, 0.3846428571428571, 0.4117391304347826, 0.4434782608695652, 0.4714285714285714, 0.37, 0.42108108108108105, 0.3935483870967742, 0.3351724137931035, 0.4896875, 0.381, 0.34096774193548385, 0.37222222222222223, 0.3820689655172414, 0.3796428571428571, 0.393, 0.38461538461538464, 0.43242424242424243, 0.4472413793103448, 0.4415151515151515, 0.356, 0.358, 0.4017857142857143, 0.4417857142857143, 0.32296296296296295, 0.46, 0.47625, 0.4181081081081081, 0.365, 0.38357142857142856, 0.42527777777777775, 0.408, 0.4146666666666667, 0.3032142857142857, 0.37153846153846154, 0.3286842105263158, 0.4806666666666667, 0.39444444444444443, 0.42633333333333334, 0.43, 0.4864, 0.43032258064516127, 0.36870967741935484, 0.40217391304347827, 0.4047222222222222, null]",2.979593515396118,2.5577392578125,0.01742410659790039,0.0,0.0,0.23033714294433594,1115755,ai08,success,
vit_b32_cifar100,CIFAR100,50,1.0,42,100,1.0,dp_avg_eps2_K20,dp_avg,100,6.449903898212313,0.13,0.473812,0.5461,0.8692,0.0542,-0.7652475841590208,0,50,"[-0.8136094674556213, -0.7702573879885606, -0.7337220602526724, -0.7674144037780402, -0.7856450048496605, -0.7402597402597403, -0.7548918640576725, -0.7493887530562348, -0.7708871662360035, -0.7689320388349514, -0.7753446877534469, -0.7521968365553603, -0.7468477206595538, -0.74125, -0.7390882638215326, -0.7144754316069057, -0.7698483496877788, -0.792364990689013, -0.7847682119205298, -0.7783558792924037, -0.7732300884955753, -0.7590233545647559, -0.7836034318398475, -0.7559652928416486, -0.7470355731225297, -0.7948260481712757, -0.7822057460611678, -0.7659980897803247, -0.7942583732057417, -0.7270693512304252, -0.7633262260127932, -0.7761033369214209, -0.7956586826347306, -0.761266747868453, -0.7568093385214008, -0.7622767857142857, -0.771799628942486, -0.8112338858195212, -0.7813688212927757, -0.7843137254901961, -0.7773549000951475, -0.7181208053691276, -0.7931034482758621, -0.7878495660559306, -0.7341772151898734, -0.751764705882353, -0.7808219178082192, -0.7506024096385542, -0.7406989853438557, -0.7309644670050761]","[0.09664694280078895, 0.14680648236415633, 0.14965986394557823, 0.11688311688311688, 0.11348205625606207, 0.12750885478158205, 0.14418125643666324, 0.14547677261613692, 0.09819121447028424, 0.13009708737864079, 0.14274128142741282, 0.15289982425307558, 0.14742967992240544, 0.135, 0.14645974781765275, 0.1394422310756972, 0.1534344335414808, 0.11731843575418995, 0.11368653421633554, 0.11446409989594172, 0.11504424778761062, 0.14331210191082802, 0.12964728312678742, 0.12689804772234273, 0.15217391304347827, 0.1239964317573595, 0.13901760889712697, 0.15759312320916904, 0.12535885167464114, 0.15100671140939598, 0.13326226012793177, 0.12271259418729817, 0.13922155688622753, 0.13520097442143728, 0.1254863813229572, 0.12165178571428571, 0.137291280148423, 0.1132596685082873, 0.12832699619771862, 0.12418300653594772, 0.13606089438629876, 0.1599552572706935, 0.12522686025408347, 0.11571841851494696, 0.14313534566699124, 0.1423529411764706, 0.12968036529680366, 0.13253012048192772, 0.133032694475761, 0.15431472081218275]","[0.9102564102564102, 0.9170638703527169, 0.8833819241982507, 0.8842975206611571, 0.8991270611057226, 0.8677685950413223, 0.8990731204943357, 0.8948655256723717, 0.8690783807062877, 0.8990291262135922, 0.9180859691808597, 0.9050966608084359, 0.8942774005819593, 0.87625, 0.8855480116391853, 0.8539176626826029, 0.9232827832292596, 0.909683426443203, 0.8984547461368654, 0.8928199791883454, 0.8882743362831859, 0.9023354564755839, 0.9132507149666349, 0.8828633405639913, 0.8992094861660079, 0.9188224799286352, 0.9212233549582948, 0.9235912129894938, 0.9196172248803828, 0.8780760626398211, 0.896588486140725, 0.898815931108719, 0.9348802395209581, 0.8964677222898904, 0.882295719844358, 0.8839285714285714, 0.9090909090909091, 0.9244935543278084, 0.9096958174904943, 0.9084967320261438, 0.9134157944814463, 0.8780760626398211, 0.9183303085299456, 0.9035679845708775, 0.8773125608568647, 0.8941176470588236, 0.9105022831050228, 0.8831325301204819, 0.8737316798196166, 0.8852791878172589]",0.12127750721500728,48,"[0.18727272727272729, 0.14, 0.095, 0.13714285714285715, 0.06666666666666667, 0.056666666666666664, 0.07, 0.122, 0.11571428571428571, 0.0275, 0.07333333333333333, 0.06666666666666667, 0.013333333333333334, 0.23333333333333334, 0.1, 0.11166666666666666, 0.058, 0.056, 0.326, 0.2733333333333333, 0.064, 0.046, 0.236, 0.1825, 0.06666666666666667, 0.168, 0.21166666666666667, 0.13428571428571429, 0.108, 0.16125, 0.14833333333333334, 0.03, 0.18, 0.142, 0.16666666666666666, 0.105, 0.1875, 0.03666666666666667, 0.05333333333333334, 0.07666666666666666, 0.06875, 0.03, 0.3933333333333333, 0.0725, 0.12714285714285714, 0.08142857142857143, 0.109, 0.105, null, null]",8.658679485321045,2.5303051471710205,1.0873064994812012,4.696352005004883,0.0016508102416992188,0.17051029205322266,1115755,ai08,success,
vit_b32_cifar100,CIFAR100,50,1.0,43,100,1.0,dp_avg_eps2_K20,dp_avg,100,6.442680879502149,0.1097,0.48421,0.5509,0.8683,0.044,-0.782246289858677,0,50,"[-0.8118918918918918, -0.776831345826235, -0.7794117647058822, -0.7488938053097345, -0.7980852915578764, -0.7231450719822814, -0.814207650273224, -0.7588856868395774, -0.7781007751937985, -0.7968164794007491, -0.7282321899736148, -0.7821989528795811, -0.728937728937729, -0.7939958592132506, -0.7854122621564481, -0.7752126366950182, -0.7311111111111112, -0.8100890207715135, -0.7998111425873465, -0.7513812154696132, -0.8234811165845648, -0.7069408740359897, -0.7899159663865547, -0.7293986636971047, -0.7886792452830189, -0.809477756286267, -0.7907514450867053, -0.7898486197684772, -0.7893700787401575, -0.8081556997219648, -0.7868480725623582, -0.8250226654578423, -0.8237232289950577, -0.7775551102204409, -0.7700934579439251, -0.7834645669291338, -0.7670807453416149, -0.7816764132553606, -0.7649006622516556, -0.8210412147505424, -0.8050373134328358, -0.8083333333333333, -0.797644539614561, -0.8095684803001877, -0.7694610778443114, -0.7444326617179216, -0.7980884109916369, -0.8213028169014085, -0.7741626794258374, -0.7842056932966024]","[0.09297297297297297, 0.13884156729131175, 0.1090686274509804, 0.12278761061946902, 0.10879025239338555, 0.12624584717607973, 0.10564663023679417, 0.15177713736791545, 0.1182170542635659, 0.12359550561797752, 0.14116094986807387, 0.12879581151832462, 0.14041514041514042, 0.11801242236024845, 0.11205073995771671, 0.12879708383961117, 0.11333333333333333, 0.09693372898120672, 0.10859301227573183, 0.1005524861878453, 0.10426929392446634, 0.11825192802056556, 0.13277310924369748, 0.12694877505567928, 0.12641509433962264, 0.10154738878143134, 0.09710982658959537, 0.13268032056990206, 0.12007874015748031, 0.10379981464318813, 0.10770975056689343, 0.0942883046237534, 0.11202635914332784, 0.12024048096192384, 0.14392523364485982, 0.1171259842519685, 0.12008281573498965, 0.11403508771929824, 0.13024282560706402, 0.07809110629067245, 0.10167910447761194, 0.10520833333333333, 0.10171306209850108, 0.11632270168855535, 0.12674650698602793, 0.14634146341463414, 0.1039426523297491, 0.10475352112676056, 0.13301435406698564, 0.1322314049586777]","[0.9048648648648648, 0.9156729131175468, 0.8884803921568627, 0.8716814159292036, 0.906875543951262, 0.8493909191583611, 0.9198542805100182, 0.9106628242074928, 0.8963178294573644, 0.9204119850187266, 0.8693931398416886, 0.9109947643979057, 0.8693528693528694, 0.912008281573499, 0.8974630021141649, 0.9040097205346294, 0.8444444444444444, 0.9070227497527201, 0.9084041548630784, 0.8519337016574585, 0.9277504105090312, 0.8251928020565553, 0.9226890756302522, 0.856347438752784, 0.9150943396226415, 0.9110251450676983, 0.8878612716763006, 0.9225289403383793, 0.9094488188976378, 0.9119555143651529, 0.8945578231292517, 0.9193109700815957, 0.9357495881383855, 0.8977955911823647, 0.914018691588785, 0.9005905511811023, 0.8871635610766045, 0.8957115009746589, 0.8951434878587197, 0.8991323210412148, 0.9067164179104478, 0.9135416666666667, 0.8993576017130621, 0.925891181988743, 0.8962075848303394, 0.8907741251325557, 0.9020310633213859, 0.926056338028169, 0.907177033492823, 0.9164370982552801]",0.11917695932539683,48,"[0.125625, 0.19, 0.29, 0.1325, 0.14, 0.06333333333333334, 0.15166666666666667, 0.154, 0.21, 0.0475, 0.09375, 0.10666666666666667, 0.06833333333333333, 0.072, 0.06, 0.1175, 0.17, 0.17714285714285713, 0.14, 0.043333333333333335, 0.07, 0.125, 0.035, 0.11, 0.098, 0.14166666666666666, null, 0.05, 0.074, 0.1275, 0.092, 0.11, 0.2, 0.15714285714285714, 0.10333333333333333, 0.06, 0.128, 0.08166666666666667, 0.03, 0.12, 0.146, 0.16375, 0.2833333333333333, 0.12, 0.097, 0.016666666666666666, 0.20125, 0.0325, 0.19333333333333333, null]",8.670970916748047,2.5590293407440186,1.0843853950500488,4.683374404907227,0.0016722679138183594,0.16985058784484863,1115755,ai08,success,
vit_b32_cifar100,CIFAR100,50,1.0,44,100,1.0,dp_avg_eps2_K20,dp_avg,100,6.44558801400764,0.1403,0.48087199999999997,0.5763,0.8673,0.0614,-0.7622953058456808,0,50,"[-0.7304250559284116, -0.7932098765432098, -0.7511394712853237, -0.7668024439918534, -0.7044476327116211, -0.7648283038501561, -0.7571265678449259, -0.7698783910196445, -0.7624633431085044, -0.7329545454545454, -0.7451820128479657, -0.7444219066937119, -0.8013120899718837, -0.7793560606060606, -0.783287419651056, -0.7906764168190128, -0.7931960608773501, -0.7179203539823009, -0.7889908256880734, -0.7869700103412616, -0.7245575221238938, -0.7744107744107744, -0.7835314091680814, -0.8179937952430196, -0.7818627450980392, -0.7638036809815951, -0.7543668122270741, -0.7547568710359407, -0.7599601593625498, -0.7827380952380952, -0.7605177993527508, -0.7642782969885773, -0.7242302543507363, -0.7769314472252448, -0.6614634146341464, -0.7638036809815951, -0.7844036697247707, -0.7809430255402751, -0.7147030185004868, -0.7742830712303422, -0.74447646493756, -0.7516339869281046, -0.7847976307996051, -0.7659980897803248, -0.7474285714285714, -0.7764102564102564, -0.746907706945766, -0.7851929092805006, -0.7952069716775599, -0.7485843714609287]","[0.15883668903803133, 0.12242798353909465, 0.16134913400182316, 0.13238289205702647, 0.15351506456241032, 0.13943808532778357, 0.11858608893956671, 0.1384471468662301, 0.13685239491691104, 0.17424242424242425, 0.14668094218415417, 0.16328600405679514, 0.11433926897844424, 0.16193181818181818, 0.13314967860422405, 0.1316270566727605, 0.11280214861235452, 0.14601769911504425, 0.13577981651376148, 0.12926577042399173, 0.14380530973451328, 0.14393939393939395, 0.13582342954159593, 0.09824198552223372, 0.1454248366013072, 0.15337423312883436, 0.13209606986899564, 0.1522198731501057, 0.12450199203187251, 0.11904761904761904, 0.1488673139158576, 0.14018691588785046, 0.10843373493975904, 0.1338411316648531, 0.1073170731707317, 0.13701431492842536, 0.14862385321100918, 0.13948919449901767, 0.1694255111976631, 0.14061054579093432, 0.14505283381364073, 0.14705882352941177, 0.12043435340572557, 0.15090735434574976, 0.13142857142857142, 0.14256410256410257, 0.15413891531874405, 0.11887382690302398, 0.11546840958605664, 0.12344280860702152]","[0.889261744966443, 0.9156378600823045, 0.9124886052871468, 0.8991853360488798, 0.8579626972740315, 0.9042663891779397, 0.8757126567844926, 0.9083255378858747, 0.8993157380254154, 0.9071969696969697, 0.8918629550321199, 0.907707910750507, 0.915651358950328, 0.9412878787878788, 0.9164370982552801, 0.9223034734917733, 0.9059982094897046, 0.8639380530973452, 0.9247706422018349, 0.9162357807652534, 0.8683628318584071, 0.9183501683501684, 0.9193548387096774, 0.9162357807652534, 0.9272875816993464, 0.9171779141104295, 0.8864628820960698, 0.9069767441860465, 0.8844621513944223, 0.9017857142857143, 0.9093851132686084, 0.9044652128764278, 0.8326639892904953, 0.9107725788900979, 0.7687804878048781, 0.9008179959100204, 0.9330275229357798, 0.9204322200392927, 0.8841285296981499, 0.9148936170212766, 0.8895292987512008, 0.8986928104575164, 0.9052319842053307, 0.9169054441260746, 0.8788571428571429, 0.918974358974359, 0.90104662226451, 0.9040667361835245, 0.9106753812636166, 0.8720271800679502]",0.15499450039756163,49,"[0.1409090909090909, 0.112, 0.114, 0.16333333333333333, 0.2833333333333333, 0.05333333333333334, 0.13, 0.12, 0.12428571428571429, 0.15, 0.14, 0.07428571428571429, 0.38, 0.1475, 0.13, 0.08, 0.355, 0.08285714285714285, 0.095, 0.10428571428571429, 0.155, 0.13666666666666666, 0.23, 0.18833333333333332, 0.1, 0.15571428571428572, 0.22, 0.07666666666666666, 0.2475, 0.084, 0.16625, 0.23, 0.36333333333333334, 0.15428571428571428, 0.105, 0.1925, 0.0575, 0.16666666666666666, 0.134, 0.11, 0.123, 0.2525, 0.23, 0.16666666666666666, 0.1975, 0.09333333333333334, 0.092, 0.10285714285714286, 0.08333333333333333, null]",8.696805000305176,2.5182785987854004,1.095651388168335,4.728039503097534,0.0016493797302246094,0.18047142028808594,1115755,ai08,success,
vit_b32_cifar100,CIFAR100,50,1.0,42,100,1.0,dp_avg_eps8_K20,dp_avg,100,1.6124759745530783,0.1302,0.473812,0.5461,0.8692,0.0559,-0.7631937797706009,0,50,"[-0.8136094674556213, -0.765490943755958, -0.727891156462585, -0.769775678866588, -0.7798254122211445, -0.743801652892562, -0.7518022657054583, -0.7506112469437654, -0.7674418604651163, -0.7708737864077669, -0.7785888077858881, -0.7478031634446397, -0.7449078564500485, -0.73625, -0.7352085354025218, -0.7171314741035857, -0.7689562890276539, -0.7914338919925512, -0.7847682119205298, -0.7783558792924037, -0.7732300884955753, -0.7590233545647559, -0.7836034318398475, -0.7483731019522777, -0.7430830039525692, -0.7894736842105263, -0.7859128822984245, -0.7650429799426934, -0.7923444976076555, -0.7214765100671141, -0.7654584221748401, -0.7728740581270183, -0.7919161676646707, -0.7527405602923264, -0.7568093385214008, -0.7566964285714286, -0.7690166975881261, -0.8075506445672191, -0.776615969581749, -0.7810457516339869, -0.774500475737393, -0.7158836689038032, -0.7894736842105263, -0.7849566055930569, -0.7322297955209348, -0.7505882352941177, -0.7753424657534246, -0.7506024096385542, -0.7373167981961668, -0.7319796954314721]","[0.09664694280078895, 0.1515729265967588, 0.1554907677356657, 0.11452184179456906, 0.11930164888457807, 0.12396694214876033, 0.14727085478887744, 0.14425427872860636, 0.10163652024117141, 0.12815533980582525, 0.13949716139497162, 0.15729349736379614, 0.14936954413191075, 0.14, 0.15033947623666344, 0.13678618857901725, 0.1543264942016057, 0.11824953445065177, 0.11368653421633554, 0.11446409989594172, 0.11504424778761062, 0.14331210191082802, 0.12964728312678742, 0.13449023861171366, 0.15612648221343872, 0.12934879571810884, 0.13531047265987026, 0.15854823304680038, 0.12727272727272726, 0.15659955257270694, 0.13113006396588486, 0.12594187298170076, 0.14296407185628743, 0.14372716199756394, 0.1254863813229572, 0.12723214285714285, 0.14007421150278293, 0.11694290976058933, 0.13307984790874525, 0.12745098039215685, 0.13891531874405327, 0.1621923937360179, 0.12885662431941924, 0.11861137897782063, 0.1450827653359299, 0.14352941176470588, 0.13515981735159818, 0.13253012048192772, 0.13641488162344984, 0.1532994923857868]","[0.9102564102564102, 0.9170638703527169, 0.8833819241982507, 0.8842975206611571, 0.8991270611057226, 0.8677685950413223, 0.8990731204943357, 0.8948655256723717, 0.8690783807062877, 0.8990291262135922, 0.9180859691808597, 0.9050966608084359, 0.8942774005819593, 0.87625, 0.8855480116391853, 0.8539176626826029, 0.9232827832292596, 0.909683426443203, 0.8984547461368654, 0.8928199791883454, 0.8882743362831859, 0.9023354564755839, 0.9132507149666349, 0.8828633405639913, 0.8992094861660079, 0.9188224799286352, 0.9212233549582948, 0.9235912129894938, 0.9196172248803828, 0.8780760626398211, 0.896588486140725, 0.898815931108719, 0.9348802395209581, 0.8964677222898904, 0.882295719844358, 0.8839285714285714, 0.9090909090909091, 0.9244935543278084, 0.9096958174904943, 0.9084967320261438, 0.9134157944814463, 0.8780760626398211, 0.9183303085299456, 0.9035679845708775, 0.8773125608568647, 0.8941176470588236, 0.9105022831050228, 0.8831325301204819, 0.8737316798196166, 0.8852791878172589]",0.12155959896584899,48,"[0.1890909090909091, 0.132, 0.0925, 0.13714285714285715, 0.075, 0.052222222222222225, 0.055, 0.118, 0.11, 0.0275, 0.08, 0.06666666666666667, 0.02, 0.23333333333333334, 0.085, 0.11833333333333333, 0.062, 0.062, 0.332, 0.2833333333333333, 0.066, 0.048, 0.25, 0.1825, 0.07, 0.154, 0.205, 0.14285714285714285, 0.104, 0.165, 0.15333333333333332, 0.032, 0.16, 0.14, 0.16666666666666666, 0.10833333333333334, 0.1875, 0.035, 0.05333333333333334, 0.07333333333333333, 0.07, 0.0325, 0.39666666666666667, 0.075, 0.13, 0.08571428571428572, 0.107, 0.11, null, null]",8.723977327346802,2.5429112911224365,1.0858829021453857,4.745456218719482,0.0016739368438720703,0.17474627494812012,1115755,ai08,success,
vit_b32_cifar100,CIFAR100,50,1.0,43,100,1.0,dp_avg_eps8_K20,dp_avg,100,1.6106702198755372,0.1121,0.48421,0.5509,0.8683,0.0451,-0.7806487980631698,0,50,"[-0.8075675675675675, -0.7751277683134583, -0.7781862745098038, -0.7400442477876106, -0.7972149695387294, -0.717607973421927, -0.8096539162112932, -0.7588856868395774, -0.7732558139534884, -0.798689138576779, -0.7282321899736148, -0.7780104712041884, -0.7301587301587302, -0.7939958592132506, -0.7832980972515856, -0.7788578371810448, -0.7333333333333334, -0.8041543026706232, -0.7988668555240793, -0.7502762430939226, -0.8234811165845648, -0.705655526992288, -0.7915966386554623, -0.732739420935412, -0.7858490566037736, -0.8075435203094777, -0.7826589595375723, -0.7880676758682101, -0.7864173228346457, -0.8081556997219648, -0.7834467120181405, -0.8232094288304624, -0.8187808896210873, -0.780561122244489, -0.7710280373831775, -0.7834645669291338, -0.7650103519668737, -0.7826510721247564, -0.7549668874172186, -0.8145336225596529, -0.808768656716418, -0.80625, -0.797644539614561, -0.8095684803001877, -0.7674650698602795, -0.743372216330859, -0.7945041816009558, -0.8204225352112676, -0.7722488038277512, -0.7869605142332415]","[0.0972972972972973, 0.14054514480408858, 0.11029411764705882, 0.13163716814159293, 0.10966057441253264, 0.13178294573643412, 0.11020036429872496, 0.15177713736791545, 0.12306201550387597, 0.12172284644194757, 0.14116094986807387, 0.13298429319371727, 0.1391941391941392, 0.11801242236024845, 0.11416490486257928, 0.12515188335358446, 0.1111111111111111, 0.10286844708209693, 0.10953729933899906, 0.10165745856353592, 0.10426929392446634, 0.11953727506426735, 0.13109243697478992, 0.12360801781737193, 0.12924528301886792, 0.10348162475822051, 0.10520231213872833, 0.13446126447016918, 0.12303149606299213, 0.10379981464318813, 0.1111111111111111, 0.09610154125113328, 0.11696869851729819, 0.11723446893787576, 0.14299065420560747, 0.1171259842519685, 0.12215320910973085, 0.11306042884990253, 0.1401766004415011, 0.08459869848156182, 0.09794776119402986, 0.10729166666666666, 0.10171306209850108, 0.11632270168855535, 0.12874251497005987, 0.1474019088016967, 0.10752688172043011, 0.1056338028169014, 0.13492822966507176, 0.12947658402203857]","[0.9048648648648648, 0.9156729131175468, 0.8884803921568627, 0.8716814159292036, 0.906875543951262, 0.8493909191583611, 0.9198542805100182, 0.9106628242074928, 0.8963178294573644, 0.9204119850187266, 0.8693931398416886, 0.9109947643979057, 0.8693528693528694, 0.912008281573499, 0.8974630021141649, 0.9040097205346294, 0.8444444444444444, 0.9070227497527201, 0.9084041548630784, 0.8519337016574585, 0.9277504105090312, 0.8251928020565553, 0.9226890756302522, 0.856347438752784, 0.9150943396226415, 0.9110251450676983, 0.8878612716763006, 0.9225289403383793, 0.9094488188976378, 0.9119555143651529, 0.8945578231292517, 0.9193109700815957, 0.9357495881383855, 0.8977955911823647, 0.914018691588785, 0.9005905511811023, 0.8871635610766045, 0.8957115009746589, 0.8951434878587197, 0.8991323210412148, 0.9067164179104478, 0.9135416666666667, 0.8993576017130621, 0.925891181988743, 0.8962075848303394, 0.8907741251325557, 0.9020310633213859, 0.926056338028169, 0.907177033492823, 0.9164370982552801]",0.12199743716931212,48,"[0.12875, 0.19, 0.3233333333333333, 0.14125, 0.135, 0.056666666666666664, 0.16, 0.16, 0.21, 0.0525, 0.09875, 0.10888888888888888, 0.07, 0.083, 0.06333333333333334, 0.1175, 0.17, 0.18714285714285714, 0.1475, 0.043333333333333335, 0.07333333333333333, 0.1275, 0.03, 0.10714285714285714, 0.096, 0.135, null, 0.05, 0.078, 0.12, 0.094, 0.114, 0.186, 0.17285714285714285, 0.10333333333333333, 0.06, 0.128, 0.085, 0.03666666666666667, 0.12142857142857143, 0.146, 0.15625, 0.30666666666666664, 0.135, 0.098, 0.02, 0.20625, 0.0325, 0.19, null]",8.751652002334595,2.5681047439575195,1.086404800415039,4.74602198600769,0.001630544662475586,0.16933250427246094,1115755,ai08,success,
vit_b32_cifar100,CIFAR100,50,1.0,44,100,1.0,dp_avg_eps8_K20,dp_avg,100,1.61139700350191,0.1417,0.48087199999999997,0.5763,0.8673,0.063,-0.7607348026506869,0,50,"[-0.7281879194630873, -0.7952674897119342, -0.7520510483135825, -0.7657841140529531, -0.697274031563845, -0.7617065556711758, -0.7548460661345496, -0.7698783910196445, -0.7624633431085044, -0.7357954545454546, -0.7376873661670236, -0.7393509127789046, -0.795688847235239, -0.7784090909090909, -0.7823691460055097, -0.7842778793418648, -0.7914055505819159, -0.713495575221239, -0.7880733944954129, -0.7807652533609101, -0.7212389380530974, -0.7769360269360269, -0.7826825127334465, -0.81282316442606, -0.7851307189542485, -0.7617586912065439, -0.7510917030567685, -0.7558139534883721, -0.7609561752988048, -0.7827380952380952, -0.7583603020496223, -0.7611630321910695, -0.7242302543507363, -0.7758433079434167, -0.6565853658536586, -0.7607361963190185, -0.7889908256880734, -0.7829076620825147, -0.7069133398247323, -0.7752081406105458, -0.7492795389048992, -0.7559912854030502, -0.7808489634748272, -0.7621776504297995, -0.7428571428571429, -0.7753846153846153, -0.7431018078020933, -0.7820646506777894, -0.7995642701525054, -0.7485843714609287]","[0.1610738255033557, 0.12037037037037036, 0.16043755697356427, 0.1334012219959267, 0.1606886657101865, 0.1425598335067638, 0.12086659064994298, 0.1384471468662301, 0.13685239491691104, 0.17140151515151514, 0.15417558886509636, 0.16835699797160245, 0.11996251171508904, 0.16287878787878787, 0.13406795224977044, 0.1380255941499086, 0.11459265890778872, 0.1504424778761062, 0.13669724770642203, 0.13547052740434332, 0.14712389380530974, 0.1414141414141414, 0.1366723259762309, 0.10341261633919338, 0.14215686274509803, 0.1554192229038855, 0.13537117903930132, 0.1511627906976744, 0.12350597609561753, 0.11904761904761904, 0.15102481121898598, 0.14330218068535824, 0.10843373493975904, 0.13492927094668117, 0.11219512195121951, 0.14008179959100203, 0.14403669724770643, 0.137524557956778, 0.17721518987341772, 0.1396854764107308, 0.14024975984630164, 0.14270152505446623, 0.12438302073050346, 0.15472779369627507, 0.136, 0.14358974358974358, 0.15794481446241673, 0.12200208550573514, 0.1111111111111111, 0.12344280860702152]","[0.889261744966443, 0.9156378600823045, 0.9124886052871468, 0.8991853360488798, 0.8579626972740315, 0.9042663891779397, 0.8757126567844926, 0.9083255378858747, 0.8993157380254154, 0.9071969696969697, 0.8918629550321199, 0.907707910750507, 0.915651358950328, 0.9412878787878788, 0.9164370982552801, 0.9223034734917733, 0.9059982094897046, 0.8639380530973452, 0.9247706422018349, 0.9162357807652534, 0.8683628318584071, 0.9183501683501684, 0.9193548387096774, 0.9162357807652534, 0.9272875816993464, 0.9171779141104295, 0.8864628820960698, 0.9069767441860465, 0.8844621513944223, 0.9017857142857143, 0.9093851132686084, 0.9044652128764278, 0.8326639892904953, 0.9107725788900979, 0.7687804878048781, 0.9008179959100204, 0.9330275229357798, 0.9204322200392927, 0.8841285296981499, 0.9148936170212766, 0.8895292987512008, 0.8986928104575164, 0.9052319842053307, 0.9169054441260746, 0.8788571428571429, 0.918974358974359, 0.90104662226451, 0.9040667361835245, 0.9106753812636166, 0.8720271800679502]",0.15733006449332976,49,"[0.14636363636363636, 0.114, 0.112, 0.16, 0.29333333333333333, 0.06, 0.13833333333333334, 0.12625, 0.12, 0.15666666666666668, 0.13428571428571429, 0.06714285714285714, 0.365, 0.1525, 0.13333333333333333, 0.08428571428571428, 0.345, 0.08571428571428572, 0.1, 0.10285714285714286, 0.15, 0.14, 0.245, 0.195, 0.11, 0.15285714285714286, 0.245, 0.07833333333333334, 0.255, 0.078, 0.16625, 0.24, 0.3516666666666667, 0.1657142857142857, 0.095, 0.2025, 0.055, 0.17333333333333334, 0.13, 0.1125, 0.132, 0.2425, 0.25285714285714284, 0.15666666666666668, 0.2175, 0.09333333333333334, 0.098, 0.10142857142857142, 0.07666666666666666, null]",8.733554124832153,2.5535316467285156,1.0948827266693115,4.742135047912598,0.00162506103515625,0.16928720474243164,1115755,ai08,success,
vit_b32_cifar100,CIFAR100,50,1.0,42,100,1.0,labelled_probe_warmup,labelled,300,0.0,0.4461,0.473812,0.5461,0.8692,0.3924,-0.444213309219009,0,50,"[-0.48520710059171596, -0.49571020019065776, -0.4110787172011661, -0.43447461629279815, -0.4539282250242483, -0.4592680047225502, -0.46343975283213185, -0.46088019559902205, -0.44186046511627913, -0.47766990291262135, -0.46877534468775345, -0.45342706502636204, -0.4267701260911736, -0.38125, -0.4102812803103783, -0.3758300132802125, -0.48528099910793937, -0.5065176908752328, -0.41501103752759383, -0.404786680541103, -0.4369469026548673, -0.5063694267515924, -0.4718779790276454, -0.4273318872017353, -0.4436758893280633, -0.4674397859054416, -0.5245597775718258, -0.4708691499522445, -0.4851674641148325, -0.42170022371364657, -0.4232409381663113, -0.4370290635091496, -0.41916167664670656, -0.38367844092570036, -0.41147859922178986, -0.43749999999999994, -0.47031539888682744, -0.46408839779005523, -0.4572243346007605, -0.44880174291938996, -0.4157944814462417, -0.38031319910514544, -0.4428312159709619, -0.5091610414657666, -0.42064264849074984, -0.3905882352941177, -0.46849315068493147, -0.4144578313253012, -0.44644870349492666, -0.4020304568527919]","[0.4250493096646943, 0.4213536701620591, 0.47230320699708456, 0.4498229043683589, 0.4451988360814743, 0.4085005903187721, 0.4356333676622039, 0.4339853300733496, 0.4272179155900086, 0.42135922330097086, 0.44931062449310627, 0.45166959578207383, 0.46750727449078566, 0.495, 0.475266731328807, 0.47808764940239046, 0.43800178412132024, 0.4031657355679702, 0.48344370860927155, 0.48803329864724243, 0.45132743362831856, 0.39596602972399153, 0.4413727359389895, 0.455531453362256, 0.45553359683794464, 0.4513826940231936, 0.39666357738646896, 0.45272206303724927, 0.43444976076555025, 0.4563758389261745, 0.47334754797441364, 0.46178686759956944, 0.5157185628742516, 0.51278928136419, 0.4708171206225681, 0.44642857142857145, 0.4387755102040816, 0.4604051565377532, 0.4524714828897338, 0.4596949891067538, 0.49762131303520457, 0.49776286353467564, 0.47549909255898365, 0.3944069431051109, 0.45666991236611487, 0.5035294117647059, 0.4420091324200913, 0.4686746987951807, 0.42728297632469, 0.483248730964467]","[0.9102564102564102, 0.9170638703527169, 0.8833819241982507, 0.8842975206611571, 0.8991270611057226, 0.8677685950413223, 0.8990731204943357, 0.8948655256723717, 0.8690783807062877, 0.8990291262135922, 0.9180859691808597, 0.9050966608084359, 0.8942774005819593, 0.87625, 0.8855480116391853, 0.8539176626826029, 0.9232827832292596, 0.909683426443203, 0.8984547461368654, 0.8928199791883454, 0.8882743362831859, 0.9023354564755839, 0.9132507149666349, 0.8828633405639913, 0.8992094861660079, 0.9188224799286352, 0.9212233549582948, 0.9235912129894938, 0.9196172248803828, 0.8780760626398211, 0.896588486140725, 0.898815931108719, 0.9348802395209581, 0.8964677222898904, 0.882295719844358, 0.8839285714285714, 0.9090909090909091, 0.9244935543278084, 0.9096958174904943, 0.9084967320261438, 0.9134157944814463, 0.8780760626398211, 0.9183303085299456, 0.9035679845708775, 0.8773125608568647, 0.8941176470588236, 0.9105022831050228, 0.8831325301204819, 0.8737316798196166, 0.8852791878172589]",0.41893123947811456,48,"[0.6127272727272727, 0.324, 0.2425, 0.5885714285714285, 0.42333333333333334, 0.3388888888888889, 0.525, 0.532, 0.28714285714285714, 0.2375, 0.09333333333333334, 0.34833333333333333, 0.57, 0.36666666666666664, 0.63, 0.5183333333333333, 0.498, 0.596, 0.604, 0.4633333333333333, 0.47, 0.356, 0.348, 0.5075, 0.18, 0.258, 0.515, 0.5257142857142857, 0.438, 0.42375, 0.6883333333333334, 0.24, 0.195, 0.39, 0.7, 0.565, 0.51, 0.5, 0.18, 0.4066666666666667, 0.25625, 0.40625, 0.15, 0.365, 0.37857142857142856, 0.23, 0.431, 0.695, null, null]",7.643949270248413,2.544771432876587,0.02233409881591797,4.7326624393463135,0.0016503334045410156,0.17003679275512695,1115755,ai08,success,
vit_b32_cifar100,CIFAR100,50,1.0,43,100,1.0,labelled_probe_warmup,labelled,300,0.0,0.491,0.48421,0.5509,0.8683,0.4211,-0.40826462407945546,0,50,"[-0.45837837837837836, -0.42078364565587734, -0.3700980392156862, -0.3849557522123894, -0.3925152306353351, -0.3510520487264674, -0.38160291438979954, -0.39097022094140244, -0.41957364341085274, -0.4382022471910112, -0.31134564643799467, -0.45235602094240834, -0.38705738705738707, -0.36024844720496896, -0.4957716701902748, -0.46172539489671927, -0.35444444444444445, -0.40949554896142437, -0.39565627950897075, -0.36906077348066296, -0.5303776683087027, -0.32647814910025713, -0.41428571428571437, -0.4153674832962138, -0.41132075471698115, -0.4284332688588008, -0.4323699421965318, -0.4265360641139804, -0.4261811023622048, -0.43095458758109356, -0.3798185941043084, -0.39075249320036265, -0.3879736408566722, -0.36272545090180364, -0.43738317757009343, -0.3976377952755905, -0.44616977225672877, -0.4463937621832359, -0.3443708609271523, -0.42624728850325383, -0.3805970149253731, -0.37916666666666665, -0.41220556745182013, -0.40619136960600377, -0.4001996007984032, -0.45599151643690355, -0.41696535244922345, -0.4172535211267605, -0.42488038277511964, -0.4527089072543618]","[0.4464864864864865, 0.4948892674616695, 0.5183823529411765, 0.48672566371681414, 0.5143603133159269, 0.4983388704318937, 0.5382513661202186, 0.5196926032660903, 0.47674418604651164, 0.48220973782771537, 0.558047493403694, 0.4586387434554974, 0.4822954822954823, 0.55175983436853, 0.40169133192389006, 0.4422843256379101, 0.49, 0.49752720079129575, 0.5127478753541076, 0.48287292817679556, 0.3973727422003284, 0.4987146529562982, 0.5084033613445378, 0.44097995545657015, 0.5037735849056604, 0.4825918762088975, 0.4554913294797688, 0.4959928762243989, 0.48326771653543305, 0.4810009267840593, 0.5147392290249433, 0.528558476881233, 0.5477759472817133, 0.5350701402805611, 0.4766355140186916, 0.5029527559055118, 0.4409937888198758, 0.449317738791423, 0.5507726269315674, 0.47288503253796094, 0.5261194029850746, 0.534375, 0.487152034261242, 0.5196998123827392, 0.49600798403193613, 0.43478260869565216, 0.4850657108721625, 0.5088028169014085, 0.48229665071770333, 0.4637281910009183]","[0.9048648648648648, 0.9156729131175468, 0.8884803921568627, 0.8716814159292036, 0.906875543951262, 0.8493909191583611, 0.9198542805100182, 0.9106628242074928, 0.8963178294573644, 0.9204119850187266, 0.8693931398416886, 0.9109947643979057, 0.8693528693528694, 0.912008281573499, 0.8974630021141649, 0.9040097205346294, 0.8444444444444444, 0.9070227497527201, 0.9084041548630784, 0.8519337016574585, 0.9277504105090312, 0.8251928020565553, 0.9226890756302522, 0.856347438752784, 0.9150943396226415, 0.9110251450676983, 0.8878612716763006, 0.9225289403383793, 0.9094488188976378, 0.9119555143651529, 0.8945578231292517, 0.9193109700815957, 0.9357495881383855, 0.8977955911823647, 0.914018691588785, 0.9005905511811023, 0.8871635610766045, 0.8957115009746589, 0.8951434878587197, 0.8991323210412148, 0.9067164179104478, 0.9135416666666667, 0.8993576017130621, 0.925891181988743, 0.8962075848303394, 0.8907741251325557, 0.9020310633213859, 0.926056338028169, 0.907177033492823, 0.9164370982552801]",0.4998833912037037,48,"[0.381875, 0.6, 0.45666666666666667, 0.44125, 0.62, 0.30333333333333334, 0.37166666666666665, 0.492, 0.74, 0.62, 0.46875, 0.6133333333333333, 0.6383333333333333, 0.51, 0.5, 0.63375, 0.59, 0.4742857142857143, 0.63, 0.6066666666666667, 0.59, 0.48625, 0.19, 0.6285714285714286, 0.336, 0.5183333333333333, null, 0.78, 0.406, 0.425, 0.634, 0.328, 0.424, 0.5485714285714286, 0.7566666666666667, 0.2966666666666667, 0.578, 0.525, 0.30777777777777776, 0.36857142857142855, 0.612, 0.35875, 0.5333333333333333, 0.11, 0.631, 0.44666666666666666, 0.4575, 0.3825, 0.6433333333333333, null]",7.68567967414856,2.564763069152832,0.021944761276245117,4.753751277923584,0.0016438961029052734,0.16983509063720703,1115755,ai08,success,
vit_b32_cifar100,CIFAR100,50,1.0,44,100,1.0,labelled_probe_warmup,labelled,300,0.0,0.4755,0.48087199999999997,0.5763,0.8673,0.4062,-0.4204181893119197,0,50,"[-0.43400447427293065, -0.44753086419753085, -0.4320875113947129, -0.3747454175152749, -0.3730272596843615, -0.45369406867845996, -0.42759407069555305, -0.4555659494855005, -0.38025415444770283, -0.4005681818181819, -0.4218415417558886, -0.4269776876267748, -0.44329896907216493, -0.4195075757575758, -0.45546372819100095, -0.4817184643510055, -0.4458370635631155, -0.36615044247787615, -0.45688073394495415, -0.41985522233712513, -0.40265486725663724, -0.4427609427609428, -0.4787775891341256, -0.4301964839710445, -0.428921568627451, -0.4038854805725972, -0.45196506550218335, -0.46194503171247353, -0.3745019920318725, -0.42162698412698413, -0.44228694714131606, -0.44548286604361365, -0.3949129852744311, -0.4581066376496191, -0.2448780487804878, -0.44171779141104295, -0.4055045871559634, -0.43123772102161095, -0.38656280428432327, -0.4199814986123959, -0.4332372718539866, -0.4248366013071896, -0.36525172754195456, -0.44699140401146137, -0.4091428571428572, -0.41230769230769226, -0.3967649857278782, -0.45359749739311783, -0.4760348583877996, -0.318233295583239]","[0.4552572706935123, 0.46810699588477367, 0.4804010938924339, 0.5244399185336049, 0.48493543758967, 0.4505723204994797, 0.44811858608893956, 0.45275958840037417, 0.5190615835777126, 0.5066287878787878, 0.47002141327623126, 0.48073022312373226, 0.4723523898781631, 0.521780303030303, 0.46097337006427913, 0.4405850091407678, 0.4601611459265891, 0.497787610619469, 0.46788990825688076, 0.4963805584281282, 0.4657079646017699, 0.47558922558922556, 0.4405772495755518, 0.4860392967942089, 0.49836601307189543, 0.5132924335378323, 0.4344978165938865, 0.4450317124735729, 0.5099601593625498, 0.4801587301587302, 0.4670981661272923, 0.45898234683281414, 0.43775100401606426, 0.45266594124047876, 0.5239024390243903, 0.4591002044989775, 0.5275229357798165, 0.48919449901768175, 0.49756572541382665, 0.49491211840888066, 0.4562920268972142, 0.4738562091503268, 0.5399802566633761, 0.4699140401146132, 0.4697142857142857, 0.5066666666666667, 0.5042816365366318, 0.4504692387904067, 0.434640522875817, 0.5537938844847112]","[0.889261744966443, 0.9156378600823045, 0.9124886052871468, 0.8991853360488798, 0.8579626972740315, 0.9042663891779397, 0.8757126567844926, 0.9083255378858747, 0.8993157380254154, 0.9071969696969697, 0.8918629550321199, 0.907707910750507, 0.915651358950328, 0.9412878787878788, 0.9164370982552801, 0.9223034734917733, 0.9059982094897046, 0.8639380530973452, 0.9247706422018349, 0.9162357807652534, 0.8683628318584071, 0.9183501683501684, 0.9193548387096774, 0.9162357807652534, 0.9272875816993464, 0.9171779141104295, 0.8864628820960698, 0.9069767441860465, 0.8844621513944223, 0.9017857142857143, 0.9093851132686084, 0.9044652128764278, 0.8326639892904953, 0.9107725788900979, 0.7687804878048781, 0.9008179959100204, 0.9330275229357798, 0.9204322200392927, 0.8841285296981499, 0.9148936170212766, 0.8895292987512008, 0.8986928104575164, 0.9052319842053307, 0.9169054441260746, 0.8788571428571429, 0.918974358974359, 0.90104662226451, 0.9040667361835245, 0.9106753812636166, 0.8720271800679502]",0.4961553508849427,49,"[0.4727272727272727, 0.6, 0.658, 0.42444444444444446, 0.31666666666666665, 0.48, 0.6083333333333333, 0.49375, 0.48857142857142855, 0.4266666666666667, 0.5957142857142858, 0.5385714285714286, 0.345, 0.4575, 0.7133333333333334, 0.5557142857142857, 0.4175, 0.4957142857142857, 0.69, 0.5414285714285715, 0.5975, 0.35333333333333333, 0.545, 0.465, 0.005, 0.43714285714285717, 0.43, 0.6633333333333333, 0.2875, 0.458, 0.5125, 0.43, 0.355, 0.5442857142857143, 0.7075, 0.65, 0.32, 0.3233333333333333, 0.662, 0.4225, 0.535, 0.4925, 0.5114285714285715, 0.535, 0.5425, 0.5383333333333333, 0.574, 0.5742857142857143, 0.52, null]",7.634364128112793,2.543323278427124,0.021592140197753906,4.716088533401489,0.0016362667083740234,0.1721501350402832,1115755,ai08,success,
vit_b32_cifar100,CIFAR100,50,1.0,42,100,1.0,no_phase0,none,0,0.0,0.0317,0.473812,0.5461,0.8692,0.0121,-0.8642556160719371,0,50,"[-0.8826429980276134, -0.8693994280266921, -0.8338192419825072, -0.8512396694214877, -0.8787584869059166, -0.8311688311688312, -0.8733264675592173, -0.8557457212713937, -0.8492678725236865, -0.8786407766990291, -0.8815896188158963, -0.8699472759226714, -0.8496605237633366, -0.8375, -0.8545101842870999, -0.8167330677290837, -0.8840321141837645, -0.8789571694599627, -0.8675496688741722, -0.8553590010405827, -0.8561946902654868, -0.8747346072186837, -0.8894184938036225, -0.8449023861171366, -0.866600790513834, -0.8822479928635147, -0.881371640407785, -0.8825214899713467, -0.8842105263157894, -0.8456375838926175, -0.8646055437100213, -0.8643702906350915, -0.8997005988023953, -0.8550548112058465, -0.8560311284046692, -0.8448660714285714, -0.8682745825602968, -0.8959484346224678, -0.8754752851711027, -0.8823529411764706, -0.8858230256898193, -0.8411633109619687, -0.8920145190562614, -0.8736740597878495, -0.8383641674780916, -0.8564705882352942, -0.8904109589041096, -0.8325301204819276, -0.8432919954904171, -0.8446700507614213]","[0.027613412228796843, 0.047664442326024785, 0.04956268221574344, 0.03305785123966942, 0.020368574199806012, 0.03659976387249114, 0.025746652935118436, 0.039119804400977995, 0.019810508182601206, 0.020388349514563107, 0.0364963503649635, 0.0351493848857645, 0.0446168768186227, 0.03875, 0.031037827352085354, 0.03718459495351926, 0.039250669045495096, 0.030726256983240222, 0.03090507726269316, 0.037460978147762745, 0.032079646017699116, 0.027600849256900213, 0.023832221163012392, 0.03796095444685466, 0.03260869565217391, 0.036574487065120426, 0.03985171455050973, 0.041069723018147083, 0.0354066985645933, 0.03243847874720358, 0.031982942430703626, 0.03444564047362755, 0.035179640718562874, 0.04141291108404385, 0.026264591439688716, 0.0390625, 0.04081632653061224, 0.0285451197053407, 0.034220532319391636, 0.026143790849673203, 0.02759276879162702, 0.03691275167785235, 0.02631578947368421, 0.029893924783027964, 0.03894839337877313, 0.03764705882352941, 0.02009132420091324, 0.05060240963855422, 0.030439684329199548, 0.04060913705583756]","[0.9102564102564102, 0.9170638703527169, 0.8833819241982507, 0.8842975206611571, 0.8991270611057226, 0.8677685950413223, 0.8990731204943357, 0.8948655256723717, 0.8690783807062877, 0.8990291262135922, 0.9180859691808597, 0.9050966608084359, 0.8942774005819593, 0.87625, 0.8855480116391853, 0.8539176626826029, 0.9232827832292596, 0.909683426443203, 0.8984547461368654, 0.8928199791883454, 0.8882743362831859, 0.9023354564755839, 0.9132507149666349, 0.8828633405639913, 0.8992094861660079, 0.9188224799286352, 0.9212233549582948, 0.9235912129894938, 0.9196172248803828, 0.8780760626398211, 0.896588486140725, 0.898815931108719, 0.9348802395209581, 0.8964677222898904, 0.882295719844358, 0.8839285714285714, 0.9090909090909091, 0.9244935543278084, 0.9096958174904943, 0.9084967320261438, 0.9134157944814463, 0.8780760626398211, 0.9183303085299456, 0.9035679845708775, 0.8773125608568647, 0.8941176470588236, 0.9105022831050228, 0.8831325301204819, 0.8737316798196166, 0.8852791878172589]",0.026150245009620005,48,"[0.04363636363636364, 0.05, 0.0175, 0.025714285714285714, 0.018333333333333333, 0.011111111111111112, 0.02, 0.012, 0.024285714285714285, 0.0, 0.006666666666666667, 0.006666666666666667, 0.006666666666666667, 0.041666666666666664, 0.0, 0.015, 0.006, 0.008, 0.078, 0.07333333333333333, 0.014, 0.004, 0.08, 0.05, 0.0, 0.064, 0.05333333333333334, 0.018571428571428572, 0.03, 0.03375, 0.035, 0.01, 0.045, 0.016, 0.03333333333333333, 0.03833333333333333, 0.0475, 0.02, 0.0, 0.01, 0.00375, 0.00375, 0.06666666666666667, 0.0, 0.02857142857142857, 0.02857142857142857, 0.044, 0.0125, null, null]",7.652629137039185,2.5714945793151855,0.00760650634765625,4.726968765258789,0.0016198158264160156,0.17129921913146973,1115755,ai08,success,
vit_b32_cifar100,CIFAR100,50,1.0,43,100,1.0,no_phase0,none,0,0.0,0.0283,0.48421,0.5509,0.8683,0.011,-0.8719404135936175,0,50,"[-0.8854054054054054, -0.8739352640545145, -0.8566176470588235, -0.8451327433628318, -0.8816362053959965, -0.8172757475083057, -0.901639344262295, -0.8712776176753122, -0.8701550387596899, -0.8885767790262172, -0.8139841688654353, -0.8795811518324607, -0.8327228327228328, -0.8902691511387164, -0.8668076109936574, -0.876063183475091, -0.8188888888888889, -0.891196834817013, -0.8762983947119924, -0.8287292817679558, -0.9022988505747126, -0.7943444730077122, -0.8915966386554622, -0.8285077951002228, -0.8811320754716981, -0.8858800773694391, -0.869364161849711, -0.8984861976847729, -0.8730314960629921, -0.8887859128822984, -0.8741496598639455, -0.9011786038077969, -0.9118616144975288, -0.8697394789579158, -0.8757009345794392, -0.8789370078740157, -0.8561076604554866, -0.8654970760233919, -0.8631346578366446, -0.8850325379609545, -0.8908582089552239, -0.8927083333333333, -0.8843683083511777, -0.9052532833020638, -0.8632734530938124, -0.853658536585366, -0.8769414575866189, -0.9022887323943661, -0.8851674641148325, -0.8815426997245179]","[0.01945945945945946, 0.041737649063032366, 0.031862745098039214, 0.02654867256637168, 0.025239338555265448, 0.03211517165005537, 0.018214936247723135, 0.0393852065321806, 0.02616279069767442, 0.031835205992509365, 0.055408970976253295, 0.031413612565445025, 0.03663003663003663, 0.021739130434782608, 0.0306553911205074, 0.027946537059538274, 0.025555555555555557, 0.01582591493570722, 0.03210576015108593, 0.023204419889502764, 0.025451559934318555, 0.030848329048843187, 0.031092436974789917, 0.02783964365256125, 0.033962264150943396, 0.025145067698259187, 0.018497109826589597, 0.02404274265360641, 0.03641732283464567, 0.023169601482854494, 0.02040816326530612, 0.01813236627379873, 0.023887973640856673, 0.028056112224448898, 0.038317757009345796, 0.021653543307086614, 0.031055900621118012, 0.030214424951267055, 0.03200883002207505, 0.014099783080260303, 0.01585820895522388, 0.020833333333333332, 0.014989293361884369, 0.020637898686679174, 0.03293413173652695, 0.03711558854718982, 0.025089605734767026, 0.023767605633802816, 0.02200956937799043, 0.03489439853076217]","[0.9048648648648648, 0.9156729131175468, 0.8884803921568627, 0.8716814159292036, 0.906875543951262, 0.8493909191583611, 0.9198542805100182, 0.9106628242074928, 0.8963178294573644, 0.9204119850187266, 0.8693931398416886, 0.9109947643979057, 0.8693528693528694, 0.912008281573499, 0.8974630021141649, 0.9040097205346294, 0.8444444444444444, 0.9070227497527201, 0.9084041548630784, 0.8519337016574585, 0.9277504105090312, 0.8251928020565553, 0.9226890756302522, 0.856347438752784, 0.9150943396226415, 0.9110251450676983, 0.8878612716763006, 0.9225289403383793, 0.9094488188976378, 0.9119555143651529, 0.8945578231292517, 0.9193109700815957, 0.9357495881383855, 0.8977955911823647, 0.914018691588785, 0.9005905511811023, 0.8871635610766045, 0.8957115009746589, 0.8951434878587197, 0.8991323210412148, 0.9067164179104478, 0.9135416666666667, 0.8993576017130621, 0.925891181988743, 0.8962075848303394, 0.8907741251325557, 0.9020310633213859, 0.926056338028169, 0.907177033492823, 0.9164370982552801]",0.0327244957010582,48,"[0.041875, 0.01, 0.13, 0.01875, 0.04, 0.03666666666666667, 0.07333333333333333, 0.036, 0.03, 0.0075, 0.04, 0.03333333333333333, 0.013333333333333334, 0.022, 0.01, 0.02875, 0.06, 0.03, 0.015, 0.016666666666666666, 0.0033333333333333335, 0.035, 0.05, 0.032857142857142856, 0.01, 0.013333333333333334, null, 0.005, 0.038, 0.05, 0.022, 0.038, 0.028, 0.07, 0.006666666666666667, 0.02, 0.016, 0.016666666666666666, 0.008888888888888889, 0.05857142857142857, 0.05, 0.04625, 0.17, 0.015, 0.009, 0.0033333333333333335, 0.04, 0.005, 0.016666666666666666, null]",7.6255104541778564,2.5543391704559326,0.00789642333984375,4.71428108215332,0.0016546249389648438,0.16994452476501465,1115755,ai08,success,
vit_b32_cifar100,CIFAR100,50,1.0,44,100,1.0,no_phase0,none,0,0.0,0.0346,0.48087199999999997,0.5763,0.8673,0.0072,-0.8636072302632695,0,50,"[-0.8523489932885906, -0.8858024691358025, -0.8732907930720146, -0.8716904276985743, -0.8177905308464849, -0.8657648283038502, -0.838084378563284, -0.8662301216089804, -0.8709677419354839, -0.8465909090909092, -0.8436830835117772, -0.8569979716024341, -0.8894095595126523, -0.8986742424242424, -0.8797061524334252, -0.8912248628884827, -0.8764547896150403, -0.8396017699115045, -0.8844036697247707, -0.8872802481902792, -0.8296460176991151, -0.8855218855218855, -0.8837011884550084, -0.8779731127197518, -0.8929738562091504, -0.8813905930470348, -0.8526200873362445, -0.86892177589852, -0.8545816733067729, -0.8740079365079365, -0.8705501618122977, -0.8701973001038421, -0.8058902275769746, -0.8759521218715995, -0.7326829268292683, -0.8609406952965235, -0.8944954128440368, -0.881139489194499, -0.8325219084712755, -0.8825161887141535, -0.8559077809798271, -0.8529411764705883, -0.8696939782823297, -0.8815663801337155, -0.8422857142857143, -0.8851282051282051, -0.8525214081826832, -0.8779979144942649, -0.883442265795207, -0.8346545866364666]","[0.03691275167785235, 0.029835390946502057, 0.03919781221513218, 0.0274949083503055, 0.040172166427546625, 0.03850156087408949, 0.037628278221208664, 0.042095416276894296, 0.028347996089931573, 0.06060606060606061, 0.048179871520342615, 0.05070993914807302, 0.026241799437675725, 0.04261363636363636, 0.03673094582185491, 0.031078610603290677, 0.02954341987466428, 0.024336283185840708, 0.04036697247706422, 0.028955532574974147, 0.03871681415929203, 0.03282828282828283, 0.035653650254668934, 0.038262668045501554, 0.03431372549019608, 0.03578732106339468, 0.03384279475982533, 0.03805496828752643, 0.029880478087649404, 0.027777777777777776, 0.038834951456310676, 0.03426791277258567, 0.02677376171352075, 0.03482045701849837, 0.03609756097560975, 0.03987730061349693, 0.03853211009174312, 0.03929273084479371, 0.05160662122687439, 0.032377428307123035, 0.03362151777137368, 0.0457516339869281, 0.035538005923000986, 0.03533906399235912, 0.036571428571428574, 0.033846153846153845, 0.048525214081826834, 0.026068821689259645, 0.027233115468409588, 0.03737259343148358]","[0.889261744966443, 0.9156378600823045, 0.9124886052871468, 0.8991853360488798, 0.8579626972740315, 0.9042663891779397, 0.8757126567844926, 0.9083255378858747, 0.8993157380254154, 0.9071969696969697, 0.8918629550321199, 0.907707910750507, 0.915651358950328, 0.9412878787878788, 0.9164370982552801, 0.9223034734917733, 0.9059982094897046, 0.8639380530973452, 0.9247706422018349, 0.9162357807652534, 0.8683628318584071, 0.9183501683501684, 0.9193548387096774, 0.9162357807652534, 0.9272875816993464, 0.9171779141104295, 0.8864628820960698, 0.9069767441860465, 0.8844621513944223, 0.9017857142857143, 0.9093851132686084, 0.9044652128764278, 0.8326639892904953, 0.9107725788900979, 0.7687804878048781, 0.9008179959100204, 0.9330275229357798, 0.9204322200392927, 0.8841285296981499, 0.9148936170212766, 0.8895292987512008, 0.8986928104575164, 0.9052319842053307, 0.9169054441260746, 0.8788571428571429, 0.918974358974359, 0.90104662226451, 0.9040667361835245, 0.9106753812636166, 0.8720271800679502]",0.04091988397090437,49,"[0.017272727272727273, 0.028, 0.022, 0.05444444444444444, 0.1, 0.006666666666666667, 0.03, 0.02625, 0.02857142857142857, 0.05, 0.012857142857142857, 0.018571428571428572, 0.18, 0.0425, 0.03, 0.018571428571428572, 0.1325, 0.01, 0.01, 0.03571428571428571, 0.0475, 0.03666666666666667, 0.035, 0.041666666666666664, 0.035, 0.02857142857142857, 0.055, 0.008333333333333333, 0.0475, 0.02, 0.03375, 0.07666666666666666, 0.125, 0.04857142857142857, 0.0375, 0.0875, 0.015, 0.016666666666666666, 0.046, 0.0175, 0.02, 0.0525, 0.05, 0.06833333333333333, 0.0375, 0.03, 0.012, 0.011428571428571429, 0.01, null]",7.608629941940308,2.5480897426605225,0.007685422897338867,4.709631681442261,0.0016536712646484375,0.16914057731628418,1115755,ai08,success,
vit_b32_cifar100,CIFAR100,50,1.0,42,100,1.0,raw_union_K20,raw_union,43227,0.0,0.8705,0.473812,0.5461,0.8692,0.8665,0.04612198264680728,50,50,"[0.04536489151873768, 0.035271687321258405, 0.06025267249757049, 0.06611570247933884, 0.04558680892337541, 0.06847697756788662, 0.051493305870236816, 0.059902200488997526, 0.04565030146425486, 0.03495145631067964, 0.0040551500405514584, 0.03778558875219684, 0.05334626576139667, 0.09000000000000008, 0.06498545101842867, 0.10889774236387784, 0.01605709188224802, 0.030726256983240163, 0.045253863134657846, 0.048907388137356955, 0.05973451327433621, 0.043524416135881094, 0.02192564346997139, 0.06616052060737532, 0.049407114624505866, 0.020517395182872433, 0.01853568118628357, 0.021967526265520565, 0.02583732057416266, 0.059284116331096204, 0.04584221748400852, 0.03659849300322926, 0.012724550898203568, 0.059683313032886764, 0.07003891050583655, 0.0513392857142857, 0.02504638218923938, 0.025782688766114226, 0.041825095057034134, 0.03812636165577343, 0.028544243577545148, 0.0604026845637583, 0.01814882032667875, 0.045323047251687565, 0.06329113924050622, 0.05411764705882349, 0.0365296803652968, 0.07108433734939767, 0.06989853438556937, 0.05177664974619289]","[0.9556213017751479, 0.9523355576739753, 0.9436345966958212, 0.9504132231404959, 0.944713870029098, 0.9362455726092089, 0.9505664263645726, 0.9547677261613692, 0.9147286821705426, 0.9339805825242719, 0.9221411192214112, 0.9428822495606327, 0.9476236663433559, 0.96625, 0.950533462657614, 0.9628154050464808, 0.9393398751115076, 0.9404096834264432, 0.9437086092715232, 0.9417273673257024, 0.9480088495575221, 0.945859872611465, 0.9351763584366063, 0.9490238611713666, 0.9486166007905138, 0.9393398751115076, 0.9397590361445783, 0.9455587392550143, 0.9454545454545454, 0.9373601789709173, 0.9424307036247335, 0.9354144241119483, 0.9476047904191617, 0.9561510353227771, 0.9523346303501945, 0.9352678571428571, 0.9341372912801484, 0.9502762430939227, 0.9515209125475285, 0.9466230936819172, 0.9419600380589914, 0.9384787472035794, 0.9364791288566243, 0.9488910318225651, 0.9406037000973709, 0.9482352941176471, 0.9470319634703196, 0.9542168674698795, 0.943630214205186, 0.9370558375634518]","[0.9102564102564102, 0.9170638703527169, 0.8833819241982507, 0.8842975206611571, 0.8991270611057226, 0.8677685950413223, 0.8990731204943357, 0.8948655256723717, 0.8690783807062877, 0.8990291262135922, 0.9180859691808597, 0.9050966608084359, 0.8942774005819593, 0.87625, 0.8855480116391853, 0.8539176626826029, 0.9232827832292596, 0.909683426443203, 0.8984547461368654, 0.8928199791883454, 0.8882743362831859, 0.9023354564755839, 0.9132507149666349, 0.8828633405639913, 0.8992094861660079, 0.9188224799286352, 0.9212233549582948, 0.9235912129894938, 0.9196172248803828, 0.8780760626398211, 0.896588486140725, 0.898815931108719, 0.9348802395209581, 0.8964677222898904, 0.882295719844358, 0.8839285714285714, 0.9090909090909091, 0.9244935543278084, 0.9096958174904943, 0.9084967320261438, 0.9134157944814463, 0.8780760626398211, 0.9183303085299456, 0.9035679845708775, 0.8773125608568647, 0.8941176470588236, 0.9105022831050228, 0.8831325301204819, 0.8737316798196166, 0.8852791878172589]",0.8741666215728716,48,"[0.8745454545454545, 0.912, 0.88, 0.88, 0.8433333333333334, 0.8766666666666667, 0.895, 0.852, 0.86, 0.835, 0.95, 0.8683333333333333, 0.95, 0.88, 0.765, 0.9216666666666666, 0.846, 0.904, 0.92, 0.8766666666666667, 0.808, 0.866, 0.86, 0.85, 0.86, 0.856, 0.8883333333333333, 0.8485714285714285, 0.894, 0.895, 0.9066666666666666, 0.888, 0.9, 0.934, 0.9133333333333333, 0.9033333333333333, 0.9325, 0.8383333333333334, 0.84, 0.7816666666666666, 0.8425, 0.8525, 0.8933333333333333, 0.8825, 0.8714285714285714, 0.7942857142857143, 0.857, 0.9125, null, null]",9.185276746749878,2.5375471115112305,1.5766832828521729,4.718073129653931,0.0016541481018066406,0.1708686351776123,1115755,ai08,success,
vit_b32_cifar100,CIFAR100,50,1.0,43,100,1.0,raw_union_K20,raw_union,43350,0.0,0.8676,0.48421,0.5509,0.8683,0.8661,0.04632652288972199,50,50,"[0.04864864864864871, 0.022998296422487186, 0.07475490196078438, 0.06747787610619471, 0.024369016536118338, 0.09745293466223692, 0.010928961748633892, 0.025936599423631135, 0.05232558139534882, 0.03745318352059923, 0.10158311345646442, 0.04293193717277488, 0.08424908424908428, 0.038302277432712195, 0.02854122621564492, 0.049817739975698716, 0.0888888888888889, 0.021760633036597365, 0.031161473087818692, 0.10386740331491717, 0.007389162561576401, 0.12724935732647813, 0.010084033613445342, 0.08908685968819596, 0.03490566037735843, 0.044487427466150864, 0.06127167630057806, 0.032056990204808566, 0.04921259842519676, 0.030583873957367946, 0.04761904761904767, 0.027198549410698103, 0.009060955518945701, 0.04609218436873752, 0.017757009345794383, 0.02952755905511817, 0.05693581780538304, 0.05458089668615984, 0.06843267108167772, 0.0488069414316703, 0.03917910447761197, 0.029166666666666674, 0.04496788008565311, 0.030018761726078758, 0.05489021956087825, 0.04878048780487798, 0.043010752688172005, 0.01936619718309862, 0.036363636363636376, 0.024793388429752095]","[0.9535135135135135, 0.938671209540034, 0.9632352941176471, 0.9391592920353983, 0.9312445604873804, 0.946843853820598, 0.930783242258652, 0.9365994236311239, 0.9486434108527132, 0.9578651685393258, 0.9709762532981531, 0.9539267015706806, 0.9536019536019537, 0.9503105590062112, 0.9260042283298098, 0.9538274605103281, 0.9333333333333333, 0.9287833827893175, 0.939565627950897, 0.9558011049723757, 0.9351395730706076, 0.9524421593830334, 0.9327731092436975, 0.9454342984409799, 0.95, 0.9555125725338491, 0.9491329479768786, 0.9545859305431879, 0.9586614173228346, 0.9425393883225208, 0.9421768707482994, 0.9465095194922938, 0.9448105436573312, 0.9438877755511023, 0.9317757009345794, 0.9301181102362205, 0.9440993788819876, 0.9502923976608187, 0.9635761589403974, 0.9479392624728851, 0.9458955223880597, 0.9427083333333334, 0.9443254817987152, 0.9559099437148217, 0.9510978043912176, 0.9395546129374337, 0.945041816009558, 0.9454225352112676, 0.9435406698564593, 0.9412304866850322]","[0.9048648648648648, 0.9156729131175468, 0.8884803921568627, 0.8716814159292036, 0.906875543951262, 0.8493909191583611, 0.9198542805100182, 0.9106628242074928, 0.8963178294573644, 0.9204119850187266, 0.8693931398416886, 0.9109947643979057, 0.8693528693528694, 0.912008281573499, 0.8974630021141649, 0.9040097205346294, 0.8444444444444444, 0.9070227497527201, 0.9084041548630784, 0.8519337016574585, 0.9277504105090312, 0.8251928020565553, 0.9226890756302522, 0.856347438752784, 0.9150943396226415, 0.9110251450676983, 0.8878612716763006, 0.9225289403383793, 0.9094488188976378, 0.9119555143651529, 0.8945578231292517, 0.9193109700815957, 0.9357495881383855, 0.8977955911823647, 0.914018691588785, 0.9005905511811023, 0.8871635610766045, 0.8957115009746589, 0.8951434878587197, 0.8991323210412148, 0.9067164179104478, 0.9135416666666667, 0.8993576017130621, 0.925891181988743, 0.8962075848303394, 0.8907741251325557, 0.9020310633213859, 0.926056338028169, 0.907177033492823, 0.9164370982552801]",0.8658678075396825,48,"[0.81, 0.94, 0.79, 0.85375, 0.89, 0.8033333333333333, 0.825, 0.928, 0.92, 0.8275, 0.85375, 0.8777777777777778, 0.7883333333333333, 0.86, 0.94, 0.8275, 0.805, 0.8571428571428571, 0.8325, 0.82, 0.92, 0.8825, 0.83, 0.8514285714285714, 0.878, 0.9116666666666666, null, 0.92, 0.864, 0.8125, 0.896, 0.81, 0.9, 0.8914285714285715, 0.93, 0.8766666666666667, 0.892, 0.9, 0.8422222222222222, 0.8385714285714285, 0.908, 0.84375, 0.8466666666666667, 0.945, 0.865, 0.8166666666666667, 0.8375, 0.9125, 0.89, null]",9.170260429382324,2.5441370010375977,1.5703258514404297,4.712250709533691,0.001659393310546875,0.16962146759033203,1115755,ai08,success,
vit_b32_cifar100,CIFAR100,50,1.0,44,100,1.0,raw_union_K20,raw_union,43427,0.0,0.8693,0.48087199999999997,0.5763,0.8673,0.8665,0.04573078520293536,50,50,"[0.06599552572706935, 0.039094650205761305, 0.03372835004557884, 0.035641547861507084, 0.08464849354375903, 0.04058272632674298, 0.08665906499429876, 0.026192703461178635, 0.050830889540567026, 0.029356060606060552, 0.0685224839400429, 0.05070993914807309, 0.027179006560449914, 0.0179924242424242, 0.030303030303030276, 0.029250457038391242, 0.0250671441360788, 0.0752212389380531, 0.028440366972476983, 0.028955532574974185, 0.07632743362831851, 0.030303030303030276, 0.019524617996604432, 0.026887280248190315, 0.0032679738562091387, 0.030674846625766805, 0.06222707423580787, 0.04016913319238902, 0.057768924302788904, 0.03968253968253965, 0.04962243797195254, 0.04049844236760125, 0.12048192771084332, 0.04896626768226342, 0.17463414634146335, 0.039877300613496924, 0.023853211009174258, 0.037328094302554016, 0.057448880233690436, 0.024976873265494914, 0.03170028818443804, 0.06644880174291934, 0.03257650542941759, 0.03247373447946511, 0.05257142857142849, 0.018461538461538418, 0.03425309229305418, 0.040667361835245, 0.02941176470588236, 0.06908267270668167]","[0.9552572706935123, 0.9547325102880658, 0.9462169553327257, 0.9348268839103869, 0.9426111908177905, 0.9448491155046826, 0.9623717217787914, 0.9345182413470533, 0.9501466275659824, 0.9365530303030303, 0.9603854389721628, 0.9584178498985801, 0.9428303655107779, 0.959280303030303, 0.9467401285583104, 0.9515539305301646, 0.9310653536257834, 0.9391592920353983, 0.9532110091743119, 0.9451913133402275, 0.9446902654867256, 0.9486531986531986, 0.9388794567062818, 0.9431230610134437, 0.9305555555555556, 0.9478527607361963, 0.9486899563318777, 0.9471458773784355, 0.9422310756972112, 0.941468253968254, 0.9590075512405609, 0.944963655244029, 0.9531459170013387, 0.9597388465723613, 0.9434146341463414, 0.9406952965235174, 0.9568807339449541, 0.9577603143418467, 0.9415774099318404, 0.9398704902867715, 0.9212295869356388, 0.9651416122004357, 0.9378084896347483, 0.9493791786055397, 0.9314285714285714, 0.9374358974358974, 0.9352997145575642, 0.9447340980187695, 0.9400871459694989, 0.9411098527746319]","[0.889261744966443, 0.9156378600823045, 0.9124886052871468, 0.8991853360488798, 0.8579626972740315, 0.9042663891779397, 0.8757126567844926, 0.9083255378858747, 0.8993157380254154, 0.9071969696969697, 0.8918629550321199, 0.907707910750507, 0.915651358950328, 0.9412878787878788, 0.9164370982552801, 0.9223034734917733, 0.9059982094897046, 0.8639380530973452, 0.9247706422018349, 0.9162357807652534, 0.8683628318584071, 0.9183501683501684, 0.9193548387096774, 0.9162357807652534, 0.9272875816993464, 0.9171779141104295, 0.8864628820960698, 0.9069767441860465, 0.8844621513944223, 0.9017857142857143, 0.9093851132686084, 0.9044652128764278, 0.8326639892904953, 0.9107725788900979, 0.7687804878048781, 0.9008179959100204, 0.9330275229357798, 0.9204322200392927, 0.8841285296981499, 0.9148936170212766, 0.8895292987512008, 0.8986928104575164, 0.9052319842053307, 0.9169054441260746, 0.8788571428571429, 0.918974358974359, 0.90104662226451, 0.9040667361835245, 0.9106753812636166, 0.8720271800679502]",0.8732986129516741,49,"[0.9027272727272727, 0.906, 0.902, 0.91, 0.96, 0.88, 0.9216666666666666, 0.89, 0.8657142857142858, 0.8133333333333334, 0.8642857142857143, 0.8728571428571429, 0.84, 0.7825, 0.9066666666666666, 0.9085714285714286, 0.8825, 0.8528571428571429, 0.86, 0.8814285714285715, 0.8975, 0.8333333333333334, 0.845, 0.935, 0.815, 0.8842857142857142, 0.815, 0.9066666666666666, 0.8925, 0.84, 0.91125, 0.8066666666666666, 0.885, 0.83, 0.89, 0.8575, 0.8425, 0.77, 0.858, 0.81125, 0.897, 0.865, 0.9285714285714286, 0.9316666666666666, 0.9125, 0.8666666666666667, 0.874, 0.9, 0.8866666666666667, null]",9.096376180648804,2.522378444671631,1.5545978546142578,4.675900936126709,0.0016515254974365234,0.1690673828125,1115755,ai08,success,
vit_b32_cifar100,CIFAR100,50,1.0,42,100,1.0,warmup_only_labelled,warmup_only,300,0.0,0.3924,0.473812,0.5461,0.8692,0.3924,-0.500804542347774,0,50,"[-0.5443786982248521, -0.5633937082936129, -0.4713313896987366, -0.5064935064935066, -0.5053346265761397, -0.5041322314049587, -0.5118434603501545, -0.511002444987775, -0.49956933677863913, -0.507766990291262, -0.5263584752635848, -0.5087873462214412, -0.481086323957323, -0.43624999999999997, -0.4762366634335597, -0.43293492695883135, -0.5414808206958073, -0.5540037243947858, -0.4514348785871965, -0.43808532778355874, -0.5055309734513275, -0.5615711252653928, -0.5319351763584366, -0.48915401301518435, -0.4871541501976285, -0.52007136485281, -0.5829471733086191, -0.5644699140401146, -0.5617224880382775, -0.5, -0.47867803837953093, -0.49730893433799783, -0.46482035928143717, -0.43361753958587085, -0.4620622568093385, -0.5133928571428571, -0.5092764378478665, -0.5156537753222836, -0.5133079847908746, -0.5098039215686274, -0.4823977164605138, -0.4295302013422819, -0.5090744101633393, -0.5660559305689489, -0.46348588120740025, -0.4482352941176471, -0.5278538812785387, -0.47469879518072283, -0.5208568207440811, -0.4436548223350254]","[0.36587771203155817, 0.3536701620591039, 0.41205053449951407, 0.3778040141676505, 0.3937924345295829, 0.36363636363636365, 0.38722966014418125, 0.38386308068459657, 0.3695090439276486, 0.3912621359223301, 0.39172749391727496, 0.39630931458699475, 0.4131910766246363, 0.44, 0.4093113482056256, 0.4209827357237716, 0.3818019625334523, 0.35567970204841715, 0.4470198675496689, 0.4547346514047867, 0.3827433628318584, 0.34076433121019106, 0.3813155386081983, 0.39370932754880694, 0.41205533596837945, 0.39875111507582517, 0.3382761816496756, 0.35912129894937916, 0.35789473684210527, 0.378076062639821, 0.417910447761194, 0.4015069967707212, 0.47005988023952094, 0.4628501827040195, 0.42023346303501946, 0.3705357142857143, 0.39981447124304265, 0.4088397790055249, 0.39638783269961975, 0.39869281045751637, 0.43101807802093245, 0.44854586129753915, 0.4092558983666062, 0.33751205400192863, 0.41382667964946446, 0.44588235294117645, 0.382648401826484, 0.40843373493975904, 0.3528748590755355, 0.4416243654822335]","[0.9102564102564102, 0.9170638703527169, 0.8833819241982507, 0.8842975206611571, 0.8991270611057226, 0.8677685950413223, 0.8990731204943357, 0.8948655256723717, 0.8690783807062877, 0.8990291262135922, 0.9180859691808597, 0.9050966608084359, 0.8942774005819593, 0.87625, 0.8855480116391853, 0.8539176626826029, 0.9232827832292596, 0.909683426443203, 0.8984547461368654, 0.8928199791883454, 0.8882743362831859, 0.9023354564755839, 0.9132507149666349, 0.8828633405639913, 0.8992094861660079, 0.9188224799286352, 0.9212233549582948, 0.9235912129894938, 0.9196172248803828, 0.8780760626398211, 0.896588486140725, 0.898815931108719, 0.9348802395209581, 0.8964677222898904, 0.882295719844358, 0.8839285714285714, 0.9090909090909091, 0.9244935543278084, 0.9096958174904943, 0.9084967320261438, 0.9134157944814463, 0.8780760626398211, 0.9183303085299456, 0.9035679845708775, 0.8773125608568647, 0.8941176470588236, 0.9105022831050228, 0.8831325301204819, 0.8737316798196166, 0.8852791878172589]",0.36605754719817213,48,"[0.5709090909090909, 0.276, 0.1625, 0.5357142857142857, 0.4266666666666667, 0.32555555555555554, 0.355, 0.514, 0.25142857142857145, 0.2025, 0.01, 0.305, 0.4633333333333333, 0.2783333333333333, 0.64, 0.48833333333333334, 0.444, 0.516, 0.538, 0.4066666666666667, 0.432, 0.248, 0.348, 0.435, 0.18333333333333332, 0.268, 0.415, 0.5114285714285715, 0.37, 0.3675, 0.675, 0.206, 0.075, 0.332, 0.5966666666666667, 0.5533333333333333, 0.44, 0.4683333333333333, 0.18333333333333332, 0.365, 0.19875, 0.3425, 0.0, 0.3025, 0.30714285714285716, 0.18, 0.407, 0.65, null, null]",2.912358045578003,2.5518221855163574,0.017138242721557617,0.0,0.0,0.1693871021270752,1115755,ai08,success,
vit_b32_cifar100,CIFAR100,50,1.0,43,100,1.0,warmup_only_labelled,warmup_only,300,0.0,0.4211,0.48421,0.5509,0.8683,0.4211,-0.4775646898261662,0,50,"[-0.52, -0.4829642248722317, -0.43259803921568624, -0.44911504424778764, -0.4664926022628373, -0.407530454042082, -0.46630236794171215, -0.4553314121037464, -0.498062015503876, -0.5243445692883895, -0.362796833773087, -0.5308900523560209, -0.4566544566544567, -0.42443064182194623, -0.547568710359408, -0.5394896719319562, -0.45666666666666667, -0.4787339268051435, -0.46458923512747874, -0.40994475138121544, -0.6091954022988506, -0.3573264781491003, -0.46470588235294125, -0.48106904231625836, -0.4716981132075472, -0.504835589941973, -0.5190751445086705, -0.49154051647373104, -0.5049212598425197, -0.5041705282669138, -0.4478458049886621, -0.4605621033544878, -0.4670510708401977, -0.4288577154308617, -0.511214953271028, -0.4576771653543307, -0.5093167701863355, -0.5097465886939572, -0.42052980132450335, -0.5065075921908894, -0.44776119402985076, -0.4572916666666667, -0.5107066381156318, -0.46998123827392124, -0.4540918163672655, -0.5238600212089077, -0.5149342891278376, -0.4867957746478873, -0.4861244019138756, -0.5243342516069789]","[0.3848648648648649, 0.43270868824531517, 0.45588235294117646, 0.4225663716814159, 0.44038294168842473, 0.4418604651162791, 0.453551912568306, 0.4553314121037464, 0.39825581395348836, 0.3960674157303371, 0.5065963060686016, 0.38010471204188484, 0.4126984126984127, 0.48757763975155277, 0.3498942917547569, 0.3645200486026732, 0.3877777777777778, 0.42828882294757664, 0.4438149197355996, 0.4419889502762431, 0.3185550082101806, 0.46786632390745503, 0.4579831932773109, 0.3752783964365256, 0.44339622641509435, 0.40618955512572535, 0.36878612716763004, 0.43098842386464825, 0.4045275590551181, 0.4077849860982391, 0.4467120181405896, 0.4587488667271079, 0.4686985172981878, 0.46893787575150303, 0.402803738317757, 0.44291338582677164, 0.3778467908902691, 0.38596491228070173, 0.4746136865342163, 0.3926247288503254, 0.458955223880597, 0.45625, 0.3886509635974304, 0.45590994371482174, 0.4421157684630739, 0.3669141039236479, 0.3870967741935484, 0.4392605633802817, 0.42105263157894735, 0.3921028466483012]","[0.9048648648648648, 0.9156729131175468, 0.8884803921568627, 0.8716814159292036, 0.906875543951262, 0.8493909191583611, 0.9198542805100182, 0.9106628242074928, 0.8963178294573644, 0.9204119850187266, 0.8693931398416886, 0.9109947643979057, 0.8693528693528694, 0.912008281573499, 0.8974630021141649, 0.9040097205346294, 0.8444444444444444, 0.9070227497527201, 0.9084041548630784, 0.8519337016574585, 0.9277504105090312, 0.8251928020565553, 0.9226890756302522, 0.856347438752784, 0.9150943396226415, 0.9110251450676983, 0.8878612716763006, 0.9225289403383793, 0.9094488188976378, 0.9119555143651529, 0.8945578231292517, 0.9193109700815957, 0.9357495881383855, 0.8977955911823647, 0.914018691588785, 0.9005905511811023, 0.8871635610766045, 0.8957115009746589, 0.8951434878587197, 0.8991323210412148, 0.9067164179104478, 0.9135416666666667, 0.8993576017130621, 0.925891181988743, 0.8962075848303394, 0.8907741251325557, 0.9020310633213859, 0.926056338028169, 0.907177033492823, 0.9164370982552801]",0.43057047784391544,48,"[0.348125, 0.435, 0.45666666666666667, 0.42625, 0.445, 0.23333333333333334, 0.38666666666666666, 0.414, 0.54, 0.58, 0.37125, 0.5222222222222223, 0.6066666666666667, 0.481, 0.43, 0.62875, 0.6325, 0.33285714285714285, 0.5925, 0.57, 0.57, 0.43125, 0.12, 0.5914285714285714, 0.18, 0.4066666666666667, null, 0.69, 0.342, 0.4625, 0.56, 0.242, 0.318, 0.5385714285714286, 0.6666666666666666, 0.26, 0.48, 0.4633333333333333, 0.23, 0.3414285714285714, 0.574, 0.32, 0.5, 0.02, 0.538, 0.31333333333333335, 0.31625, 0.2725, 0.4866666666666667, null]",2.9191598892211914,2.5589451789855957,0.017280101776123047,0.0,0.0,0.16827988624572754,1115755,ai08,success,
vit_b32_cifar100,CIFAR100,50,1.0,44,100,1.0,warmup_only_labelled,warmup_only,300,0.0,0.4062,0.48087199999999997,0.5763,0.8673,0.4062,-0.49342446175686044,0,50,"[-0.49217002237136465, -0.5, -0.49589790337283507, -0.4378818737270876, -0.4691535150645624, -0.5067637877211238, -0.49600912200684155, -0.5453695042095417, -0.47800586510263926, -0.49053030303030304, -0.49678800856531047, -0.539553752535497, -0.5304592314901593, -0.509469696969697, -0.5280073461891643, -0.5548446069469836, -0.5013428827215756, -0.41371681415929207, -0.5155963302752293, -0.48500517063081694, -0.49225663716814166, -0.5185185185185186, -0.5365025466893039, -0.5015511892450879, -0.4950980392156863, -0.4897750511247444, -0.4989082969432314, -0.5348837209302325, -0.45219123505976094, -0.5158730158730158, -0.517799352750809, -0.5088265835929386, -0.4886211512717537, -0.5353645266594124, -0.31609756097560976, -0.5102249488752556, -0.48073394495412847, -0.5206286836935167, -0.44888023369036023, -0.5041628122109159, -0.5024015369836696, -0.5239651416122004, -0.42843040473840077, -0.5262655205348616, -0.4822857142857143, -0.48, -0.4567078972407232, -0.5130344108446299, -0.5479302832244008, -0.35673839184597966]","[0.3970917225950783, 0.4156378600823045, 0.41659070191431175, 0.46130346232179226, 0.38880918220946914, 0.3975026014568158, 0.37970353477765106, 0.362956033676333, 0.42130987292277616, 0.4166666666666667, 0.3950749464668094, 0.36815415821501013, 0.3851921274601687, 0.4318181818181818, 0.3884297520661157, 0.36745886654478976, 0.40465532676812893, 0.4502212389380531, 0.4091743119266055, 0.4312306101344364, 0.37610619469026546, 0.3998316498316498, 0.3828522920203735, 0.41468459152016546, 0.43218954248366015, 0.4274028629856851, 0.3875545851528384, 0.37209302325581395, 0.43227091633466136, 0.38591269841269843, 0.39158576051779936, 0.3956386292834891, 0.34404283801874164, 0.3754080522306855, 0.4526829268292683, 0.39059304703476483, 0.4522935779816514, 0.39980353634577603, 0.4352482960077897, 0.4107308048103608, 0.3871277617675312, 0.3747276688453159, 0.4768015794669299, 0.39063992359121297, 0.3965714285714286, 0.438974358974359, 0.44433872502378685, 0.3910323253388947, 0.3627450980392157, 0.5152887882219706]","[0.889261744966443, 0.9156378600823045, 0.9124886052871468, 0.8991853360488798, 0.8579626972740315, 0.9042663891779397, 0.8757126567844926, 0.9083255378858747, 0.8993157380254154, 0.9071969696969697, 0.8918629550321199, 0.907707910750507, 0.915651358950328, 0.9412878787878788, 0.9164370982552801, 0.9223034734917733, 0.9059982094897046, 0.8639380530973452, 0.9247706422018349, 0.9162357807652534, 0.8683628318584071, 0.9183501683501684, 0.9193548387096774, 0.9162357807652534, 0.9272875816993464, 0.9171779141104295, 0.8864628820960698, 0.9069767441860465, 0.8844621513944223, 0.9017857142857143, 0.9093851132686084, 0.9044652128764278, 0.8326639892904953, 0.9107725788900979, 0.7687804878048781, 0.9008179959100204, 0.9330275229357798, 0.9204322200392927, 0.8841285296981499, 0.9148936170212766, 0.8895292987512008, 0.8986928104575164, 0.9052319842053307, 0.9169054441260746, 0.8788571428571429, 0.918974358974359, 0.90104662226451, 0.9040667361835245, 0.9106753812636166, 0.8720271800679502]",0.43223316989133326,49,"[0.39181818181818184, 0.568, 0.592, 0.29, 0.31333333333333335, 0.4266666666666667, 0.4716666666666667, 0.45625, 0.42, 0.35, 0.5342857142857143, 0.42857142857142855, 0.315, 0.465, 0.5966666666666667, 0.46285714285714286, 0.32, 0.45714285714285713, 0.675, 0.46, 0.59, 0.24, 0.495, 0.3933333333333333, 0.0, 0.23714285714285716, 0.345, 0.6016666666666667, 0.125, 0.376, 0.42875, 0.35333333333333333, 0.3016666666666667, 0.4928571428571429, 0.6875, 0.575, 0.31, 0.27666666666666667, 0.626, 0.33875, 0.462, 0.4525, 0.48, 0.42833333333333334, 0.465, 0.495, 0.552, 0.5, 0.5566666666666666, null]",2.910194158554077,2.5499188899993896,0.017421960830688477,0.0,0.0,0.16807913780212402,1115755,ai08,success,
vit_b32_cifar100,CIFAR100,5,0.01,42,100,1.0,dp_avg_eps2_K20,dp_avg,100,6.449903898212313,0.0856,0.21769999999999995,0.2517,0.8692,0.0366,-0.8906550725463047,0,5,"[-0.8868630649649746, -0.8450232078390923, -0.9035893155258765, -0.8951778526246611, -0.9226219217769194]","[0.08895499472219556, 0.14371669245315455, 0.08486366165831942, 0.05955803828144254, 0.06120231772090778]","[0.9758180596871702, 0.9887399002922469, 0.9884529771841959, 0.9547358909061037, 0.9838242394978272]",0.07897916063729529,5,"[0.08028985507246376, 0.06305555555555556, 0.08518518518518518, 0.08910714285714286, 0.07725806451612903]",3.0251593589782715,2.1509251594543457,0.07105588912963867,0.4989197254180908,0.00021457672119140625,0.14502453804016113,1115755,ai08,success,
vit_b32_cifar100,CIFAR100,5,0.01,43,100,1.0,dp_avg_eps2_K20,dp_avg,100,6.442680879502149,0.0684,0.19558,0.2348,0.8683,0.0244,-0.9029362879210907,0,5,"[-0.907771064115475, -0.913678445690442, -0.8921743563599287, -0.9074466207870125, -0.8936109526525955]","[0.04976502181940248, 0.07523797105228844, 0.08292973064831337, 0.05911416975472031, 0.09740444951511694]","[0.9575360859348775, 0.9889164167427305, 0.975104087008242, 0.9665607905417328, 0.9910154021677124]",0.06681706688373354,5,"[0.07728571428571429, 0.06876543209876543, 0.06692307692307692, 0.07111111111111111, 0.05]",3.0540313720703125,2.169107675552368,0.07037568092346191,0.5011968612670898,0.0002193450927734375,0.1446681022644043,1115755,ai08,success,
vit_b32_cifar100,CIFAR100,5,0.01,44,100,1.0,dp_avg_eps2_K20,dp_avg,100,6.44558801400764,0.0869,0.21832000000000001,0.2659,0.8673,0.0376,-0.896848752230814,0,5,"[-0.8637166578343048, -0.9591592617908407, -0.8788882112050187, -0.8470507544581619, -0.9354288758657432]","[0.10227874933757286, 0.03127136021872864, 0.1024658011675525, 0.12782921810699588, 0.04762919552477358]","[0.9659954071718777, 0.9904306220095693, 0.9813540123725712, 0.9748799725651578, 0.9830580713905168]",0.08010022506688592,5,"[0.07493150684931507, 0.09317647058823529, 0.07955223880597015, 0.06909090909090909, 0.08375]",3.0239481925964355,2.1523895263671875,0.07100057601928711,0.4968578815460205,0.00021457672119140625,0.1452500820159912,1115755,ai08,success,
vit_b32_cifar100,CIFAR100,5,0.01,42,100,1.0,dp_avg_eps8_K20,dp_avg,100,1.6124759745530783,0.1222,0.21769999999999995,0.2517,0.8692,0.0531,-0.8528916797555149,0,5,"[-0.8284233758756357, -0.8113288636754341, -0.8797996661101837, -0.8624825433336072, -0.8824239497827137]","[0.1473946838115344, 0.1774110366168128, 0.10865331107401224, 0.09225334757249651, 0.10140028971511347]","[0.9758180596871702, 0.9887399002922469, 0.9884529771841959, 0.9547358909061037, 0.9838242394978272]",0.1170510610456847,5,"[0.11, 0.10416666666666667, 0.1245679012345679, 0.12071428571428572, 0.12580645161290321]",3.0374715328216553,2.1619861125946045,0.07056236267089844,0.5008199214935303,0.00021338462829589844,0.14473676681518555,1115755,ai08,success,
vit_b32_cifar100,CIFAR100,5,0.01,43,100,1.0,dp_avg_eps8_K20,dp_avg,100,1.6106702198755372,0.1046,0.19558,0.2348,0.8683,0.0415,-0.8643552996433173,0,5,"[-0.879154078549849, -0.885513104707263, -0.8325261279632934, -0.8741838715369684, -0.8503993154592128]","[0.07838200738502853, 0.10340331203546746, 0.1425779590449486, 0.09237691900476443, 0.1406160867084997]","[0.9575360859348775, 0.9889164167427305, 0.975104087008242, 0.9665607905417328, 0.9910154021677124]",0.10548553283136616,5,"[0.11928571428571429, 0.10604938271604938, 0.09861538461538462, 0.11253968253968254, 0.0909375]",3.0332212448120117,2.1572628021240234,0.06964969635009766,0.4936864376068115,0.00021457672119140625,0.14455318450927734,1115755,ai08,success,
vit_b32_cifar100,CIFAR100,5,0.01,44,100,1.0,dp_avg_eps8_K20,dp_avg,100,1.61139700350191,0.13,0.21832000000000001,0.2659,0.8673,0.0575,-0.8528642370052205,0,5,"[-0.8407525172231054, -0.8846548188653451, -0.8323603729197526, -0.8253600823045268, -0.8811933937133725]","[0.1252428899487723, 0.1057758031442242, 0.14899363945281868, 0.149519890260631, 0.10186467767714438]","[0.9659954071718777, 0.9904306220095693, 0.9813540123725712, 0.9748799725651578, 0.9830580713905168]",0.12851723264127682,5,"[0.12054794520547946, 0.134, 0.12447761194029851, 0.1193939393939394, 0.14416666666666667]",3.0502536296844482,2.178758382797241,0.07239294052124023,0.49576306343078613,0.00021719932556152344,0.14473652839660645,1115755,ai08,success,
vit_b32_cifar100,CIFAR100,5,0.01,42,100,1.0,labelled_probe_warmup,labelled,300,0.0,0.4333,0.21769999999999995,0.2517,0.8692,0.3924,-0.5316158368750488,0,5,"[-0.48872469052874007, -0.5397971462953413, -0.590567612687813, -0.6086420767271832, -0.43034765813616616]","[0.4870933691584301, 0.44894275399690564, 0.39788536449638284, 0.34609381417892054, 0.553476581361661]","[0.9758180596871702, 0.9887399002922469, 0.9884529771841959, 0.9547358909061037, 0.9838242394978272]",0.42672064345451444,5,"[0.4033333333333333, 0.43805555555555553, 0.43925925925925924, 0.46053571428571427, 0.39241935483870966]",3.0126287937164307,2.173333168029785,0.02209305763244629,0.501784086227417,0.0002276897430419922,0.14537906646728516,1115755,ai08,success,
vit_b32_cifar100,CIFAR100,5,0.01,43,100,1.0,labelled_probe_warmup,labelled,300,0.0,0.4781,0.19558,0.2348,0.8683,0.4211,-0.5012341854317585,0,5,"[-0.4631587781134609, -0.5587429912635284, -0.46758433171892266, -0.4791776954296806, -0.5375071306332002]","[0.4943773078214166, 0.430173425479202, 0.5075197552893194, 0.48738309511205224, 0.4535082715345123]","[0.9575360859348775, 0.9889164167427305, 0.975104087008242, 0.9665607905417328, 0.9910154021677124]",0.48248104310812645,5,"[0.4807142857142857, 0.4830864197530864, 0.4816923076923077, 0.4623809523809524, 0.50453125]",2.9814329147338867,2.1599483489990234,0.021764755249023438,0.49561190605163574,0.00021719932556152344,0.14528322219848633,1115755,ai08,success,
vit_b32_cifar100,CIFAR100,5,0.01,44,100,1.0,labelled_probe_warmup,labelled,300,0.0,0.4654,0.21832000000000001,0.2659,0.8673,0.4062,-0.5078293492540344,0,5,"[-0.5045045045045045, -0.4822282980177717, -0.4317330312799512, -0.5574417009602195, -0.5632392115077252]","[0.46149090266737325, 0.5082023239917977, 0.54962098109262, 0.4174382716049383, 0.41981885988279166]","[0.9659954071718777, 0.9904306220095693, 0.9813540123725712, 0.9748799725651578, 0.9830580713905168]",0.46284637433847536,5,"[0.4728767123287671, 0.46188235294117647, 0.431044776119403, 0.46863636363636363, 0.47979166666666667]",3.0176994800567627,2.1882925033569336,0.02188873291015625,0.5022950172424316,0.0002219676971435547,0.14548325538635254,1115755,ai08,success,
vit_b32_cifar100,CIFAR100,5,0.01,42,100,1.0,no_phase0,none,0,0.0,0.0315,0.21769999999999995,0.2517,0.8692,0.0121,-0.9462839945920788,0,5,"[-0.9486613568755398, -0.926766374419804, -0.9553422370617697, -0.9346915304362113, -0.965958474167069]","[0.02715670281163036, 0.06197352587244284, 0.03311074012242626, 0.020044360469892386, 0.017865765330758086]","[0.9758180596871702, 0.9887399002922469, 0.9884529771841959, 0.9547358909061037, 0.9838242394978272]",0.029000120587427743,5,"[0.030869565217391304, 0.019305555555555555, 0.02962962962962963, 0.03535714285714286, 0.029838709677419355]",2.9524216651916504,2.1398229598999023,0.007876873016357422,0.496549129486084,0.0002186298370361328,0.14758753776550293,1115755,ai08,success,
vit_b32_cifar100,CIFAR100,5,0.01,43,100,1.0,no_phase0,none,0,0.0,0.0265,0.19558,0.2348,0.8683,0.011,-0.9475888289746595,0,5,"[-0.9431856327626721, -0.9749641413482852, -0.9461296626731244, -0.9458267160755249, -0.9278379920136908]","[0.014350453172205438, 0.01395227539444517, 0.028974424335117682, 0.02073407446620787, 0.06317741015402167]","[0.9575360859348775, 0.9889164167427305, 0.975104087008242, 0.9665607905417328, 0.9910154021677124]",0.027096536256952925,5,"[0.030571428571428572, 0.029135802469135802, 0.028307692307692308, 0.027936507936507936, 0.01953125]",2.9465510845184326,2.140749454498291,0.008002042770385742,0.4912858009338379,0.00021505355834960938,0.14559054374694824,1115755,ai08,success,
vit_b32_cifar100,CIFAR100,5,0.01,44,100,1.0,no_phase0,none,0,0.0,0.0338,0.21832000000000001,0.2659,0.8673,0.0072,-0.9460777900348576,0,5,"[-0.9292527821939586, -0.9702665755297334, -0.9527751154482879, -0.9166666666666667, -0.9614278103356421]","[0.036742624977919094, 0.020164046479835954, 0.02857889692428335, 0.05821330589849109, 0.0216302610548748]","[0.9659954071718777, 0.9904306220095693, 0.9813540123725712, 0.9748799725651578, 0.9830580713905168]",0.031392975119640246,5,"[0.030136986301369864, 0.03458823529411765, 0.03343283582089552, 0.026515151515151516, 0.03229166666666667]",2.9673354625701904,2.1377460956573486,0.007841348648071289,0.516808032989502,0.0002155303955078125,0.1457366943359375,1115755,ai08,success,
vit_b32_cifar100,CIFAR100,5,0.01,42,100,1.0,raw_union_K20,raw_union,2389,0.0,0.798,0.21769999999999995,0.2517,0.8692,0.7924,-0.1679153685928526,0,5,"[-0.15065732655215436, -0.14818635035241534, -0.14496382860322765, -0.21276595744680848, -0.1830033800096572]","[0.8251607331350158, 0.8405535499398316, 0.8434891485809682, 0.7419699334592952, 0.80082085948817]","[0.9758180596871702, 0.9887399002922469, 0.9884529771841959, 0.9547358909061037, 0.9838242394978272]",0.794874512393914,5,"[0.7779710144927536, 0.7844444444444445, 0.7913580246913581, 0.8178571428571428, 0.802741935483871]",3.081266403198242,2.160637140274048,0.1058495044708252,0.4997837543487549,0.00021719932556152344,0.1448512077331543,1115755,ai08,success,
vit_b32_cifar100,CIFAR100,5,0.01,43,100,1.0,raw_union_K20,raw_union,2157,0.0,0.7883,0.19558,0.2348,0.8683,0.7834,-0.17120181604540413,0,5,"[-0.17035918093319913, -0.17446863997913675, -0.15056504375902802, -0.19490029998235392, -0.1657159155733029]","[0.7871769050016784, 0.8144477767635937, 0.824539043249214, 0.7716604905593789, 0.8252994865944095]","[0.9575360859348775, 0.9889164167427305, 0.975104087008242, 0.9665607905417328, 0.9910154021677124]",0.7875488519196854,5,"[0.7935714285714286, 0.7879012345679013, 0.7735384615384615, 0.7949206349206349, 0.7878125]",3.0626626014709473,2.162655830383301,0.09772300720214844,0.4993605613708496,0.000240325927734375,0.14443397521972656,1115755,ai08,success,
vit_b32_cifar100,CIFAR100,5,0.01,44,100,1.0,raw_union_K20,raw_union,2422,0.0,0.795,0.21832000000000001,0.2659,0.8673,0.789,-0.17127630305515762,0,5,"[-0.1786786786786786, -0.15669856459330134, -0.16624553454735558, -0.18235596707818935, -0.17240277037826324]","[0.7873167284931991, 0.833732057416268, 0.8151084778252157, 0.7925240054869684, 0.8106553010122536]","[0.9659954071718777, 0.9904306220095693, 0.9813540123725712, 0.9748799725651578, 0.9830580713905168]",0.7919655056160119,5,"[0.794931506849315, 0.7863529411764706, 0.7886567164179105, 0.796969696969697, 0.7929166666666667]",3.1069843769073486,2.186005115509033,0.10837006568908691,0.4979681968688965,0.00021386146545410156,0.1450350284576416,1115755,ai08,success,
vit_b32_cifar100,CIFAR100,5,0.01,42,100,1.0,warmup_only_labelled,warmup_only,300,0.0,0.3924,0.21769999999999995,0.2517,0.8692,0.3924,-0.5760532007557864,0,5,"[-0.5407350542174456, -0.5746089049338148, -0.6321647189760713, -0.6606424053232565, -0.4721149203283438]","[0.4350830054697246, 0.4141309953584322, 0.35628825820812465, 0.29409348558284726, 0.5117093191694834]","[0.9758180596871702, 0.9887399002922469, 0.9884529771841959, 0.9547358909061037, 0.9838242394978272]",0.38787381669721555,5,"[0.3644927536231884, 0.39444444444444443, 0.3991358024691358, 0.42839285714285713, 0.3529032258064516]",2.4685161113739014,2.146078109741211,0.01752305030822754,0.0,0.0,0.14436841011047363,1115755,ai08,success,
vit_b32_cifar100,CIFAR100,5,0.01,43,100,1.0,warmup_only_labelled,warmup_only,300,0.0,0.4211,0.19558,0.2348,0.8683,0.4211,-0.5573354134909844,0,5,"[-0.5464081906680094, -0.6079019428869474, -0.537938652391877, -0.5138521263455091, -0.5805761551625783]","[0.4111278952668681, 0.381014473855783, 0.43716543461636503, 0.45270866419622374, 0.41043924700513407]","[0.9575360859348775, 0.9889164167427305, 0.975104087008242, 0.9665607905417328, 0.9910154021677124]",0.42596864740198076,5,"[0.42957142857142855, 0.425679012345679, 0.4290769230769231, 0.403015873015873, 0.4425]",2.4886889457702637,2.1680479049682617,0.017897605895996094,0.0,0.0,0.14447665214538574,1115755,ai08,success,
vit_b32_cifar100,CIFAR100,5,0.01,44,100,1.0,warmup_only_labelled,warmup_only,300,0.0,0.4062,0.21832000000000001,0.2659,0.8673,0.4062,-0.5674948039886385,0,5,"[-0.5597067655891185, -0.5018796992481203, -0.49830094972553807, -0.6050240054869684, -0.672562599893447]","[0.40628864158275924, 0.48855092276144907, 0.4830530626470332, 0.3698559670781893, 0.3104954714970698]","[0.9659954071718777, 0.9904306220095693, 0.9813540123725712, 0.9748799725651578, 0.9830580713905168]",0.4043502941577367,5,"[0.41191780821917806, 0.4003529411764706, 0.3755223880597015, 0.4033333333333333, 0.430625]",2.5008649826049805,2.17872953414917,0.0177614688873291,0.0,0.0,0.14451074600219727,1115755,ai08,success,
vit_b32_cifar100,CIFAR100,5,0.05,42,100,1.0,dp_avg_eps2_K20,dp_avg,100,6.449903898212313,0.0995,0.28496000000000005,0.3578,0.8692,0.0391,-0.8764294207115292,0,5,"[-0.8596150599358433, -0.846022778226168, -0.903141787400293, -0.8676026446820667, -0.9057648333132747]","[0.11801451966908662, 0.1409739036857681, 0.08448640729285366, 0.08382989143743368, 0.06703574437357082]","[0.9776295796049299, 0.9869966819119361, 0.9876281946931467, 0.9514325361195004, 0.9728005776868456]",0.08416492313001153,5,"[0.08634615384615385, 0.08106060606060606, 0.08577464788732395, 0.10148936170212766, 0.06615384615384616]",3.0346760749816895,2.1469054222106934,0.09443378448486328,0.49449610710144043,0.000225067138671875,0.14084672927856445,1115755,ai08,success,
vit_b32_cifar100,CIFAR100,5,0.05,43,100,1.0,dp_avg_eps2_K20,dp_avg,100,6.442680879502149,0.0804,0.28632,0.334,0.8683,0.03,-0.8851084796146399,0,5,"[-0.9077927731824118, -0.8871777703381318, -0.8725659141823194, -0.8983408748114631, -0.8596650655588731]","[0.0630387461906835, 0.09083807610757728, 0.10322247113561951, 0.07269984917043741, 0.11631831753862132]","[0.9708315193730953, 0.9780158464457092, 0.975788385317939, 0.9710407239819004, 0.9759833830974944]",0.07754485620170534,5,"[0.08592592592592592, 0.0846031746031746, 0.07627118644067797, 0.07819672131147541, 0.06272727272727273]",3.039139986038208,2.147829532623291,0.09481215476989746,0.4978148937225342,0.0002224445343017578,0.14119195938110352,1115755,ai08,success,
vit_b32_cifar100,CIFAR100,5,0.05,44,100,1.0,dp_avg_eps2_K20,dp_avg,100,6.44558801400764,0.1018,0.29018,0.3375,0.8673,0.0382,-0.8745591320490508,0,5,"[-0.8637931034482759, -0.8895398931587111, -0.8566011720096518, -0.873972602739726, -0.888888888888889]","[0.09818511796733212, 0.09632948474926763, 0.12426749396759738, 0.09579908675799087, 0.08524653685944009]","[0.961978221415608, 0.9858693779079787, 0.9808686659772492, 0.9697716894977169, 0.974135425748329]",0.09260879518597653,5,"[0.10614035087719298, 0.10591549295774648, 0.08313725490196078, 0.11035087719298245, 0.0575]",3.0238454341888428,2.132581949234009,0.09647369384765625,0.4937913417816162,0.00022983551025390625,0.1407790184020996,1115755,ai08,success,
vit_b32_cifar100,CIFAR100,5,0.05,42,100,1.0,dp_avg_eps8_K20,dp_avg,100,1.6124759745530783,0.1288,0.28496000000000005,0.3578,0.8692,0.057,-0.8434671843556322,0,5,"[-0.8056728009454668, -0.8237826203927898, -0.8761191600195344, -0.8401763121377847, -0.8715850282825851]","[0.1719567786594631, 0.16321406151914628, 0.11150903467361224, 0.11125622398171578, 0.10121554940426045]","[0.9776295796049299, 0.9869966819119361, 0.9876281946931467, 0.9514325361195004, 0.9728005776868456]",0.12040741163740862,5,"[0.11173076923076923, 0.11984848484848484, 0.11929577464788732, 0.13808510638297872, 0.11307692307692307]",3.006455421447754,2.1229052543640137,0.0942072868347168,0.4902369976043701,0.00022411346435546875,0.14040446281433105,1115755,ai08,success,
vit_b32_cifar100,CIFAR100,5,0.05,43,100,1.0,dp_avg_eps8_K20,dp_avg,100,1.6106702198755372,0.1064,0.28632,0.334,0.8683,0.0438,-0.8572227666688054,0,5,"[-0.8821941663038746, -0.8628501283338913, -0.8410305014647597, -0.8798391151332328, -0.8201999221082694]","[0.08863735306922073, 0.11516571811181787, 0.13475788385317938, 0.09120160884866767, 0.15578346098922496]","[0.9708315193730953, 0.9780158464457092, 0.975788385317939, 0.9710407239819004, 0.9759833830974944]",0.10583997064547217,5,"[0.11537037037037037, 0.11301587301587301, 0.10254237288135593, 0.10918032786885246, 0.0890909090909091]",3.0046300888061523,2.121941328048706,0.09393000602722168,0.49131202697753906,0.00021696090698242188,0.14030146598815918,1115755,ai08,success,
vit_b32_cifar100,CIFAR100,5,0.05,44,100,1.0,dp_avg_eps8_K20,dp_avg,100,1.61139700350191,0.1323,0.29018,0.3375,0.8673,0.0597,-0.8414215095524356,0,5,"[-0.8275862068965517, -0.8531793899707049, -0.8347121682178559, -0.8378082191780821, -0.8538215634989829]","[0.13439201451905627, 0.13268998793727382, 0.14615649775939332, 0.1319634703196347, 0.12031386224934612]","[0.961978221415608, 0.9858693779079787, 0.9808686659772492, 0.9697716894977169, 0.974135425748329]",0.12554821291007137,5,"[0.13701754385964912, 0.13605633802816902, 0.12392156862745098, 0.13824561403508773, 0.0925]",3.023240327835083,2.134922742843628,0.0989389419555664,0.49131250381469727,0.00022149085998535156,0.1403493881225586,1115755,ai08,success,
vit_b32_cifar100,CIFAR100,5,0.05,42,100,1.0,labelled_probe_warmup,labelled,300,0.0,0.4358,0.28496000000000005,0.3578,0.8692,0.3924,-0.528841438575502,0,5,"[-0.4759412459902076, -0.5779750695004933, -0.5772423897118671, -0.5747285935841971, -0.438319894090745]","[0.5016883336147223, 0.4090216124114429, 0.4103858049812795, 0.37670394253530326, 0.5344806835961006]","[0.9776295796049299, 0.9869966819119361, 0.9876281946931467, 0.9514325361195004, 0.9728005776868456]",0.4499011768872422,5,"[0.39365384615384613, 0.46090909090909093, 0.4253521126760563, 0.4857446808510638, 0.48384615384615387]",2.9573607444763184,2.1362853050231934,0.021840333938598633,0.49725985527038574,0.000217437744140625,0.14190173149108887,1115755,ai08,success,
vit_b32_cifar100,CIFAR100,5,0.05,43,100,1.0,labelled_probe_warmup,labelled,300,0.0,0.4811,0.28632,0.334,0.8683,0.4211,-0.498092521990163,0,5,"[-0.4239442751414889, -0.588438790313581, -0.4551955884887128, -0.49140271493212667, -0.5314812410749059]","[0.5468872442316064, 0.3895770561321281, 0.5205927968292262, 0.4796380090497738, 0.4445021420225886]","[0.9708315193730953, 0.9780158464457092, 0.975788385317939, 0.9710407239819004, 0.9759833830974944]",0.4844697627915188,5,"[0.4537037037037037, 0.5036507936507937, 0.49050847457627117, 0.47721311475409833, 0.49727272727272726]",2.986323356628418,2.1628096103668213,0.022218942642211914,0.5030622482299805,0.00021719932556152344,0.14123296737670898,1115755,ai08,success,
vit_b32_cifar100,CIFAR100,5,0.05,44,100,1.0,labelled_probe_warmup,labelled,300,0.0,0.4676,0.29018,0.3375,0.8673,0.4062,-0.4993185347928527,0,5,"[-0.5186025408348457, -0.4735481647423747, -0.4392450879007238, -0.5342465753424657, -0.5309503051438536]","[0.44337568058076227, 0.512321213165604, 0.5416235780765254, 0.43552511415525114, 0.44318512060447546]","[0.961978221415608, 0.9858693779079787, 0.9808686659772492, 0.9697716894977169, 0.974135425748329]",0.4507992158316254,5,"[0.5033333333333333, 0.4536619718309859, 0.40588235294117647, 0.47736842105263155, 0.41375]",2.9893782138824463,2.1709482669830322,0.02161383628845215,0.4960331916809082,0.00021719932556152344,0.14119887351989746,1115755,ai08,success,
vit_b32_cifar100,CIFAR100,5,0.05,42,100,1.0,no_phase0,none,0,0.0,0.0337,0.28496000000000005,0.3578,0.8692,0.0121,-0.9395894520864765,0,5,"[-0.9476616579436097, -0.9228768720294144, -0.9477454012697379, -0.9279242510815443, -0.9517390781080756]","[0.029967921661320278, 0.06411980988252175, 0.03988279342340876, 0.023508285037956086, 0.02106149957877001]","[0.9776295796049299, 0.9869966819119361, 0.9876281946931467, 0.9514325361195004, 0.9728005776868456]",0.02860316623741856,5,"[0.03480769230769231, 0.02090909090909091, 0.029295774647887324, 0.03723404255319149, 0.02076923076923077]",2.97778058052063,2.1634442806243896,0.007880926132202148,0.5003371238708496,0.0002143383026123047,0.14114880561828613,1115755,ai08,success,
vit_b32_cifar100,CIFAR100,5,0.05,43,100,1.0,no_phase0,none,0,0.0,0.0267,0.28632,0.334,0.8683,0.011,-0.9457332598858489,0,5,"[-0.9600348280365694, -0.9603838857270394, -0.9461485438566258, -0.9488185017596782, -0.9132805400493313]","[0.010796691336525903, 0.017631960718669792, 0.029639841461313113, 0.022222222222222223, 0.06270284304816305]","[0.9708315193730953, 0.9780158464457092, 0.975788385317939, 0.9710407239819004, 0.9759833830974944]",0.029602828052953084,5,"[0.03259259259259259, 0.031746031746031744, 0.029830508474576273, 0.024754098360655737, 0.02909090909090909]",2.987363338470459,2.1784465312957764,0.007784366607666016,0.49993062019348145,0.00022530555725097656,0.14176177978515625,1115755,ai08,success,
vit_b32_cifar100,CIFAR100,5,0.05,44,100,1.0,no_phase0,none,0,0.0,0.0333,0.29018,0.3375,0.8673,0.0072,-0.9405629572728443,0,5,"[-0.9227767695099818, -0.9613992762364295, -0.9503619441571871, -0.9167123287671233, -0.9515644676935]","[0.039201451905626135, 0.0244701016715492, 0.030506721820062047, 0.053059360730593606, 0.022570958054829022]","[0.961978221415608, 0.9858693779079787, 0.9808686659772492, 0.9697716894977169, 0.974135425748329]",0.02777567261152052,5,"[0.03298245614035088, 0.03577464788732394, 0.031568627450980394, 0.03105263157894737, 0.0075]",3.0227115154266357,2.1952638626098633,0.007799386978149414,0.5134611129760742,0.0002162456512451172,0.14176321029663086,1115755,ai08,success,
vit_b32_cifar100,CIFAR100,5,0.05,42,100,1.0,raw_union_K20,raw_union,3233,0.0,0.8002,0.28496000000000005,0.3578,0.8692,0.7939,-0.15911441905158136,0,5,"[-0.14815127469187905, -0.14868621648282665, -0.13641543219925123, -0.19418822953228299, -0.1681309423516668]","[0.8294783049130509, 0.8383104654291095, 0.8512127624938954, 0.7572443065872174, 0.8046696353351788]","[0.9776295796049299, 0.9869966819119361, 0.9876281946931467, 0.9514325361195004, 0.9728005776868456]",0.7900085727378207,5,"[0.7801923076923077, 0.7887878787878788, 0.7832394366197183, 0.8193617021276596, 0.7784615384615384]",3.079676389694214,2.1464273929595947,0.1365973949432373,0.49567294120788574,0.00021839141845703125,0.1404721736907959,1115755,ai08,success,
vit_b32_cifar100,CIFAR100,5,0.05,43,100,1.0,raw_union_K20,raw_union,3325,0.0,0.8056,0.28632,0.334,0.8683,0.7961,-0.15444030154169835,0,5,"[-0.16299521114497162, -0.13871219729940854, -0.13742891607789076, -0.1826043237807944, -0.15046085940542642]","[0.8078363082281237, 0.8393036491463006, 0.8383594692400482, 0.7884364002011061, 0.825522523692068]","[0.9708315193730953, 0.9780158464457092, 0.975788385317939, 0.9710407239819004, 0.9759833830974944]",0.8020923709367722,5,"[0.805, 0.7931746031746032, 0.7920338983050847, 0.8093442622950819, 0.8109090909090909]",3.0808064937591553,2.148801565170288,0.13813018798828125,0.49526524543762207,0.00024199485778808594,0.1407325267791748,1115755,ai08,success,
vit_b32_cifar100,CIFAR100,5,0.05,44,100,1.0,raw_union_K20,raw_union,3366,0.0,0.8018,0.29018,0.3375,0.8673,0.7976,-0.1572254589284484,0,5,"[-0.1591651542649728, -0.1485438566258832, -0.1385729058945191, -0.1814611872146118, -0.15838419064225517]","[0.8028130671506352, 0.8373255212820955, 0.8422957600827301, 0.7883105022831051, 0.8157512351060738]","[0.961978221415608, 0.9858693779079787, 0.9808686659772492, 0.9697716894977169, 0.974135425748329]",0.7941513430427768,5,"[0.8056140350877193, 0.7866197183098591, 0.7811764705882352, 0.7985964912280702, 0.79875]",3.0979480743408203,2.158032178878784,0.14136028289794922,0.49866676330566406,0.00021219253540039062,0.1409320831298828,1115755,ai08,success,
vit_b32_cifar100,CIFAR100,5,0.05,42,100,1.0,warmup_only_labelled,warmup_only,300,0.0,0.3924,0.28496000000000005,0.3578,0.8692,0.3924,-0.574269525196198,0,5,"[-0.5259159209859868, -0.6207515021074343, -0.6117532150415106, -0.6351318259733899, -0.4777951618726682]","[0.4517136586189431, 0.36624517980450183, 0.375874979651636, 0.3163007101461105, 0.4950054158141774]","[0.9776295796049299, 0.9869966819119361, 0.9876281946931467, 0.9514325361195004, 0.9728005776868456]",0.41508092496854865,5,"[0.3553846153846154, 0.4162121212121212, 0.3815492957746479, 0.45148936170212767, 0.4707692307692308]",2.4815094470977783,2.16298770904541,0.01755833625793457,0.0,0.0,0.14013981819152832,1115755,ai08,success,
vit_b32_cifar100,CIFAR100,5,0.05,43,100,1.0,warmup_only_labelled,warmup_only,300,0.0,0.4211,0.28632,0.334,0.8683,0.4211,-0.5573778510557288,0,5,"[-0.5128428384849804, -0.6437897556076331, -0.5235223160434258, -0.5257918552036199, -0.5809424899389848]","[0.45798868088811495, 0.3342260908380761, 0.4522660692745132, 0.4452488687782805, 0.39504089315850965]","[0.9708315193730953, 0.9780158464457092, 0.975788385317939, 0.9710407239819004, 0.9759833830974944]",0.4267664161962578,5,"[0.40444444444444444, 0.4342857142857143, 0.4328813559322034, 0.4113114754098361, 0.4509090909090909]",2.470010995864868,2.154311418533325,0.017374515533447266,0.0,0.0,0.14042282104492188,1115755,ai08,success,
vit_b32_cifar100,CIFAR100,5,0.05,44,100,1.0,warmup_only_labelled,warmup_only,300,0.0,0.4062,0.29018,0.3375,0.8673,0.4062,-0.5625967068056321,0,5,"[-0.5784029038112523, -0.5104256419093574, -0.5060324026197862, -0.5826484018264839, -0.6354741838612807]","[0.3835753176043557, 0.4754437359986214, 0.47483626335746293, 0.3871232876712329, 0.3386612418870483]","[0.961978221415608, 0.9858693779079787, 0.9808686659772492, 0.9697716894977169, 0.974135425748329]",0.39502742772424015,5,"[0.437719298245614, 0.3940845070422535, 0.35333333333333333, 0.41, 0.38]",2.4758026599884033,2.158975124359131,0.016668319702148438,0.0,0.0,0.14041829109191895,1115755,ai08,success,
vit_b32_cifar100,CIFAR100,5,0.1,42,100,1.0,dp_avg_eps2_K20,dp_avg,100,6.449903898212313,0.109,0.41414,0.4594,0.8692,0.0421,-0.8648269786283391,0,5,"[-0.881810137782834, -0.8608063450099142, -0.8850713976633492, -0.8650306748466258, -0.8314163378389724]","[0.09960814056377196, 0.11249173826834104, 0.09156209433145825, 0.10689719278676334, 0.13819158760809336]","[0.981418278346606, 0.9732980832782552, 0.9766334919948074, 0.9719278676333891, 0.9696079254470658]",0.1019976166914069,5,"[0.10914893617021276, 0.09675, 0.10325581395348837, 0.09083333333333334, 0.11]",3.080641269683838,2.163414716720581,0.11433982849121094,0.49596142768859863,0.0002143383026123047,0.13724017143249512,1115755,ai08,success,
vit_b32_cifar100,CIFAR100,5,0.1,43,100,1.0,dp_avg_eps2_K20,dp_avg,100,6.442680879502149,0.085,0.37752,0.4852,0.8683,0.0315,-0.8823760610067028,0,5,"[-0.891545574636724, -0.9002184273232725, -0.8971651445966514, -0.858829021072286, -0.8641221374045801]","[0.08494055482166446, 0.07426528991262907, 0.06839802130898022, 0.10369431848492931, 0.1083969465648855]","[0.9764861294583884, 0.9744837172359015, 0.9655631659056316, 0.9625233395572153, 0.9725190839694656]",0.07020861592974219,5,"[0.08294117647058824, 0.08020833333333334, 0.0824390243902439, 0.07545454545454545, 0.03]",3.054015874862671,2.1473679542541504,0.11183881759643555,0.5004270076751709,0.00021314620971679688,0.13780856132507324,1115755,ai08,success,
vit_b32_cifar100,CIFAR100,5,0.1,44,100,1.0,dp_avg_eps2_K20,dp_avg,100,6.44558801400764,0.1135,0.38064,0.4504,0.8673,0.0497,-0.861246666099059,0,5,"[-0.8559380776340111, -0.8756184444884227, -0.9117981359399864, -0.8418466000644538, -0.821032072368421]","[0.11957024029574861, 0.10191965169206411, 0.07717663105251193, 0.12737673219465034, 0.14483963815789475]","[0.9755083179297597, 0.9775380961804868, 0.9889747669924983, 0.9692233322591041, 0.9658717105263158]",0.12501888979814513,5,"[0.10229166666666667, 0.09914893617021277, 0.10980769230769231, 0.07717948717948718, 0.23666666666666666]",3.021718740463257,2.1171202659606934,0.10921478271484375,0.4890742301940918,0.000225067138671875,0.13782262802124023,1115755,ai08,success,
vit_b32_cifar100,CIFAR100,5,0.1,42,100,1.0,dp_avg_eps8_K20,dp_avg,100,1.6124759745530783,0.1336,0.41414,0.4594,0.8692,0.0574,-0.8384232016522052,0,5,"[-0.8607002907344204, -0.8302709847984138, -0.8567719601903938, -0.8474623535973229, -0.7969104189404752]","[0.12071798761218556, 0.14302709847984138, 0.11986153180441367, 0.12446551403606618, 0.17269750650659055]","[0.981418278346606, 0.9732980832782552, 0.9766334919948074, 0.9719278676333891, 0.9696079254470658]",0.13295357633734675,5,"[0.1351063829787234, 0.127, 0.13488372093023257, 0.12277777777777778, 0.145]",3.0246846675872803,2.11110520362854,0.11432576179504395,0.4926319122314453,0.0002162456512451172,0.13723087310791016,1115755,ai08,success,
vit_b32_cifar100,CIFAR100,5,0.1,43,100,1.0,dp_avg_eps8_K20,dp_avg,100,1.6106702198755372,0.105,0.37752,0.4852,0.8683,0.0419,-0.8594332037977092,0,5,"[-0.8861294583883752, -0.8687450357426529, -0.8710996955859969, -0.8319551880501467, -0.8392366412213741]","[0.09035667107001322, 0.10573868149324861, 0.0944634703196347, 0.13056815150706855, 0.1332824427480916]","[0.9764861294583884, 0.9744837172359015, 0.9655631659056316, 0.9625233395572153, 0.9725190839694656]",0.08823717990522151,5,"[0.10509803921568628, 0.09854166666666667, 0.10512195121951219, 0.10242424242424242, 0.03]",3.0249900817871094,2.1237223148345947,0.11162877082824707,0.4951508045196533,0.000213623046875,0.13741326332092285,1115755,ai08,success,
vit_b32_cifar100,CIFAR100,5,0.1,44,100,1.0,dp_avg_eps8_K20,dp_avg,100,1.61139700350191,0.1411,0.38064,0.4504,0.8673,0.0638,-0.8378960932129494,0,5,"[-0.8405730129390019, -0.865228577082921, -0.8872471016140032, -0.8110699323235578, -0.7853618421052632]","[0.13493530499075784, 0.1123095190975658, 0.10172766537849512, 0.15815339993554625, 0.18050986842105263]","[0.9755083179297597, 0.9775380961804868, 0.9889747669924983, 0.9692233322591041, 0.9658717105263158]",0.16026432078559738,5,"[0.12833333333333333, 0.13574468085106384, 0.14134615384615384, 0.10256410256410256, 0.29333333333333333]",3.044390916824341,2.13749623298645,0.10839533805847168,0.49089694023132324,0.00022482872009277344,0.1386265754699707,1115755,ai08,success,
vit_b32_cifar100,CIFAR100,5,0.1,42,100,1.0,labelled_probe_warmup,labelled,300,0.0,0.4405,0.41414,0.4594,0.8692,0.3924,-0.5328576168013914,0,5,"[-0.5997977499683984, -0.5510905485789822, -0.4666378191259195, -0.5489868005205429, -0.49777516581311393]","[0.38162052837820754, 0.42220753469927297, 0.5099956728688879, 0.42294106711284624, 0.4718327596339518]","[0.981418278346606, 0.9732980832782552, 0.9766334919948074, 0.9719278676333891, 0.9696079254470658]",0.3863560888449063,5,"[0.41595744680851066, 0.408, 0.3697674418604651, 0.45805555555555555, 0.28]",2.930288791656494,2.128070116043091,0.02132105827331543,0.48627495765686035,0.00021576881408691406,0.1374194622039795,1115755,ai08,success,
vit_b32_cifar100,CIFAR100,5,0.1,43,100,1.0,labelled_probe_warmup,labelled,300,0.0,0.4865,0.37752,0.4852,0.8683,0.4211,-0.48957039924229234,0,5,"[-0.5704095112285337, -0.40647339158061957, -0.5730593607305936, -0.4305814883969058, -0.4673282442748091]","[0.4060766182298547, 0.568010325655282, 0.3925038051750381, 0.5319418511603095, 0.5051908396946565]","[0.9764861294583884, 0.9744837172359015, 0.9655631659056316, 0.9625233395572153, 0.9725190839694656]",0.46590209664797183,5,"[0.5213725490196078, 0.5022916666666667, 0.5046341463414634, 0.4912121212121212, 0.31]",2.9299371242523193,2.1146633625030518,0.022307634353637695,0.5002493858337402,0.00021505355834960938,0.13791322708129883,1115755,ai08,success,
vit_b32_cifar100,CIFAR100,5,0.1,44,100,1.0,labelled_probe_warmup,labelled,300,0.0,0.4698,0.38064,0.4504,0.8673,0.4062,-0.4985195274354003,0,5,"[-0.45991219963031416, -0.5977637047298634, -0.4666969765855876, -0.5045117628101836, -0.46371299342105265]","[0.5155961182994455, 0.3797743914506234, 0.5222777904069107, 0.4647115694489204, 0.5021587171052632]","[0.9755083179297597, 0.9775380961804868, 0.9889747669924983, 0.9692233322591041, 0.9658717105263158]",0.48260924713584286,5,"[0.47625, 0.4646808510638298, 0.4528846153846154, 0.4592307692307692, 0.56]",2.936408281326294,2.113788604736328,0.021958351135253906,0.4960622787475586,0.00021696090698242188,0.13785743713378906,1115755,ai08,success,
vit_b32_cifar100,CIFAR100,5,0.1,42,100,1.0,no_phase0,none,0,0.0,0.0349,0.41414,0.4594,0.8692,0.0121,-0.9387509292558527,0,5,"[-0.9476678043230944, -0.9372108393919366, -0.948160969277369, -0.9349321435211005, -0.9257828897657627]","[0.03375047402351156, 0.03608724388631857, 0.028472522717438338, 0.036995724112288526, 0.043825035681303]","[0.981418278346606, 0.9732980832782552, 0.9766334919948074, 0.9719278676333891, 0.9696079254470658]",0.028343922150750454,5,"[0.03468085106382979, 0.0245, 0.03837209302325582, 0.024166666666666666, 0.02]",2.9320011138916016,2.129396915435791,0.0077550411224365234,0.4915041923522949,0.0002090930938720703,0.13760161399841309,1115755,ai08,success,
vit_b32_cifar100,CIFAR100,5,0.1,43,100,1.0,no_phase0,none,0,0.0,0.0271,0.37752,0.4852,0.8683,0.011,-0.942769050883381,0,5,"[-0.9570673712021136, -0.9540309769658459, -0.9525304414003044, -0.9262469991997866, -0.923969465648855]","[0.01941875825627477, 0.0204527402700556, 0.013032724505327244, 0.036276340357428646, 0.04854961832061069]","[0.9764861294583884, 0.9744837172359015, 0.9655631659056316, 0.9625233395572153, 0.9725190839694656]",0.024926149950002176,5,"[0.03235294117647059, 0.026875, 0.03146341463414634, 0.02393939393939394, 0.01]",2.922903537750244,2.1292757987976074,0.0076525211334228516,0.48923802375793457,0.0002372264862060547,0.13787364959716797,1115755,ai08,success,
vit_b32_cifar100,CIFAR100,5,0.1,44,100,1.0,no_phase0,none,0,0.0,0.0355,0.38064,0.4504,0.8673,0.0072,-0.9380714826267511,0,5,"[-0.9424676524953789, -0.9468632495547199, -0.9662423278017731, -0.926683854334515, -0.9081003289473685]","[0.03304066543438078, 0.03067484662576687, 0.022732439190725165, 0.042539477924589106, 0.057771381578947366]","[0.9755083179297597, 0.9775380961804868, 0.9889747669924983, 0.9692233322591041, 0.9658717105263158]",0.03634233496999455,5,"[0.028333333333333332, 0.03446808510638298, 0.037884615384615385, 0.027692307692307693, 0.05333333333333334]",2.924704074859619,2.117280960083008,0.0077321529388427734,0.4930233955383301,0.00021028518676757812,0.13837504386901855,1115755,ai08,success,
vit_b32_cifar100,CIFAR100,5,0.1,42,100,1.0,raw_union_K20,raw_union,4785,0.0,0.8203,0.41414,0.4594,0.8692,0.8153,-0.13975570295941203,0,5,"[-0.16394893186702064, -0.12650363516192997, -0.14582431847684985, -0.13933816694552892, -0.12316346234573083]","[0.8174693464795854, 0.8467944481163252, 0.8308091735179576, 0.8325897006878602, 0.8464444631013349]","[0.981418278346606, 0.9732980832782552, 0.9766334919948074, 0.9719278676333891, 0.9696079254470658]",0.7992639699818571,5,"[0.8259574468085107, 0.79075, 0.8062790697674419, 0.7983333333333333, 0.775]",3.1087183952331543,2.1217551231384277,0.18673968315124512,0.49392032623291016,0.00022149085998535156,0.13719820976257324,1115755,ai08,success,
vit_b32_cifar100,CIFAR100,5,0.1,43,100,1.0,raw_union_K20,raw_union,4365,0.0,0.804,0.37752,0.4852,0.8683,0.7962,-0.14881274094809388,0,5,"[-0.15746367239101722, -0.14892772041302627, -0.14136225266362246, -0.14363830354761264, -0.15267175572519076]","[0.8190224570673712, 0.8255559968228753, 0.8242009132420092, 0.8188850360096026, 0.8198473282442749]","[0.9764861294583884, 0.9744837172359015, 0.9655631659056316, 0.9625233395572153, 0.9725190839694656]",0.7951492109038737,5,"[0.7729411764705882, 0.7983333333333333, 0.7878048780487805, 0.7766666666666666, 0.84]",3.0825302600860596,2.120706796646118,0.17308449745178223,0.4927833080291748,0.00022172927856445312,0.1376633644104004,1115755,ai08,success,
vit_b32_cifar100,CIFAR100,5,0.1,44,100,1.0,raw_union_K20,raw_union,4430,0.0,0.8115,0.38064,0.4504,0.8673,0.8048,-0.14621847919485595,0,5,"[-0.11887707948243986, -0.15871759350880665, -0.17413048420095478, -0.1394618111504995, -0.13990542763157898]","[0.8566312384473198, 0.8188205026716802, 0.8148442827915435, 0.8297615211086046, 0.8259662828947368]","[0.9755083179297597, 0.9775380961804868, 0.9889747669924983, 0.9692233322591041, 0.9658717105263158]",0.8171125886524824,5,"[0.801875, 0.7970212765957447, 0.7838461538461539, 0.8061538461538461, 0.8966666666666666]",3.1263904571533203,2.1478333473205566,0.17357945442199707,0.49695754051208496,0.00023698806762695312,0.13844728469848633,1115755,ai08,success,
vit_b32_cifar100,CIFAR100,5,0.1,42,100,1.0,warmup_only_labelled,warmup_only,300,0.0,0.3924,0.41414,0.4594,0.8692,0.3924,-0.5843339122292233,0,5,"[-0.646315257236759, -0.6118968935888962, -0.49632193855473816, -0.6016917642684514, -0.5654437074972715]","[0.335103021109847, 0.3614011896893589, 0.48031155344006926, 0.37023610336493773, 0.4041642179497943]","[0.981418278346606, 0.9732980832782552, 0.9766334919948074, 0.9719278676333891, 0.9696079254470658]",0.31993154653911704,5,"[0.37127659574468086, 0.363, 0.3023255813953488, 0.4280555555555556, 0.135]",2.484215259552002,2.161391019821167,0.01715564727783203,0.0,0.0,0.13636994361877441,1115755,ai08,success,
vit_b32_cifar100,CIFAR100,5,0.1,43,100,1.0,warmup_only_labelled,warmup_only,300,0.0,0.4211,0.37752,0.4852,0.8683,0.4211,-0.5517227178176382,0,5,"[-0.6310435931307794, -0.4753772835583797, -0.6507800608828005, -0.4997332622032542, -0.5016793893129771]","[0.34544253632760896, 0.49910643367752183, 0.3147831050228311, 0.46279007735396105, 0.47083969465648856]","[0.9764861294583884, 0.9744837172359015, 0.9655631659056316, 0.9625233395572153, 0.9725190839694656]",0.38477749336985345,5,"[0.46941176470588236, 0.440625, 0.4453658536585366, 0.4384848484848485, 0.13]",2.443991184234619,2.130774736404419,0.017313480377197266,0.0,0.0,0.13641858100891113,1115755,ai08,success,
vit_b32_cifar100,CIFAR100,5,0.1,44,100,1.0,warmup_only_labelled,warmup_only,300,0.0,0.4062,0.38064,0.4504,0.8673,0.4062,-0.5659922990499988,0,5,"[-0.5318853974121995, -0.6559469622006728, -0.5394407819959082, -0.5637286496938446, -0.5389597039473685]","[0.4436229205175601, 0.321591133979814, 0.44953398499659014, 0.40549468256525945, 0.42691200657894735]","[0.9755083179297597, 0.9775380961804868, 0.9889747669924983, 0.9692233322591041, 0.9658717105263158]",0.4247016503000546,5,"[0.4247916666666667, 0.3953191489361702, 0.4021153846153846, 0.40794871794871795, 0.49333333333333335]",2.431570529937744,2.1089084148406982,0.017117738723754883,0.0,0.0,0.13709187507629395,1115755,ai08,success,
vit_b32_cifar100,CIFAR100,5,0.3,42,100,1.0,dp_avg_eps2_K20,dp_avg,100,6.449903898212313,0.1191,0.56578,0.5969,0.8692,0.0476,-0.8384715649236739,0,5,"[-0.814382490880667, -0.8576931792431453, -0.852691708499221, -0.8284367370990824, -0.8391537088962528]","[0.14695153725898905, 0.11262179922954905, 0.11441924874502336, 0.13166091421836856, 0.11483558501147081]","[0.9613340281396561, 0.9703149784726943, 0.9671109572442445, 0.960097651317451, 0.9539892939077237]",0.10681089743589745,4,"[0.1035, 0.12666666666666668, 0.11307692307692307, 0.084, null]",3.095029592514038,2.163618803024292,0.14223742485046387,0.5011625289916992,0.00021314620971679688,0.1314399242401123,1115755,ai08,success,
vit_b32_cifar100,CIFAR100,5,0.3,43,100,1.0,dp_avg_eps2_K20,dp_avg,100,6.442680879502149,0.1049,0.5837,0.6306,0.8683,0.0371,-0.85659633333444,0,5,"[-0.8605406438055211, -0.8564757925780291, -0.8378400934735436, -0.8871020676074828, -0.8410230692076229]","[0.10335275575508644, 0.11464733349717375, 0.12084793857452845, 0.0904715020238486, 0.1176529588766299]","[0.9638933995606075, 0.9711231260752028, 0.9586880320480721, 0.9775735696313314, 0.9586760280842528]",0.07785119047619048,4,"[0.07785714285714286, 0.10583333333333333, 0.057, 0.07071428571428572, null]",3.0901386737823486,2.1602461338043213,0.14342594146728516,0.49716615676879883,0.00021576881408691406,0.13068318367004395,1115755,ai08,success,
vit_b32_cifar100,CIFAR100,5,0.3,44,100,1.0,dp_avg_eps2_K20,dp_avg,100,6.44558801400764,0.124,0.5729,0.5956,0.8673,0.0445,-0.8423816914136925,0,5,"[-0.8517771050566207, -0.8421883707969534, -0.8556120792293539, -0.8103313331594051, -0.8519995688261291]","[0.11099899091826437, 0.12966747167007245, 0.10899447992206948, 0.15183929037307592, 0.12407028134095074]","[0.9627760959748851, 0.9718558424670258, 0.9646065591514233, 0.9621706235324811, 0.9760698501670799]",0.10557142857142857,4,"[0.10470588235294118, 0.088, 0.08428571428571428, 0.14529411764705882, null]",3.0767438411712646,2.150136709213257,0.14136075973510742,0.495281457901001,0.00023651123046875,0.1324007511138916,1115755,ai08,success,
vit_b32_cifar100,CIFAR100,5,0.3,42,100,1.0,dp_avg_eps8_K20,dp_avg,100,1.6124759745530783,0.1375,0.56578,0.5969,0.8692,0.0584,-0.8226780488651008,0,5,"[-0.7992704533611256, -0.8487423521414004, -0.8369395880214645, -0.812863035609058, -0.8155748151924548]","[0.16206357477853048, 0.1215726263312939, 0.13017136922278, 0.14723461570839297, 0.13841447871526893]","[0.9613340281396561, 0.9703149784726943, 0.9671109572442445, 0.960097651317451, 0.9539892939077237]",0.1362147435897436,4,"[0.1345, 0.16, 0.1376923076923077, 0.11266666666666666, null]",3.0837912559509277,2.1479077339172363,0.14173245429992676,0.49211835861206055,0.000213623046875,0.13173389434814453,1115755,ai08,success,
vit_b32_cifar100,CIFAR100,5,0.3,43,100,1.0,dp_avg_eps8_K20,dp_avg,100,1.6106702198755372,0.1177,0.5837,0.6306,0.8683,0.0435,-0.8397410345415242,0,5,"[-0.8399083006972967, -0.8374293438191203, -0.8217325988983475, -0.8653320205666776, -0.8343029087261785]","[0.12398509886331073, 0.13369378225608258, 0.13695543314972458, 0.11224154906465376, 0.12437311935807423]","[0.9638933995606075, 0.9711231260752028, 0.9586880320480721, 0.9775735696313314, 0.9586760280842528]",0.09913095238095238,4,"[0.095, 0.12166666666666667, 0.092, 0.08785714285714286, null]",3.079383134841919,2.1526856422424316,0.14459848403930664,0.49341559410095215,0.00021576881408691406,0.13063669204711914,1115755,ai08,success,
vit_b32_cifar100,CIFAR100,5,0.3,44,100,1.0,dp_avg_eps8_K20,dp_avg,100,1.61139700350191,0.1469,0.5729,0.5956,0.8673,0.0596,-0.8227185531457252,0,5,"[-0.8340621145868371, -0.8205461638491548, -0.8426236605693257, -0.7889381685363944, -0.827422658186914]","[0.128713981388048, 0.15130967861787106, 0.12198289858209763, 0.1732324549960866, 0.14864719198016602]","[0.9627760959748851, 0.9718558424670258, 0.9646065591514233, 0.9621706235324811, 0.9760698501670799]",0.13923179271708686,4,"[0.15058823529411763, 0.10066666666666667, 0.13214285714285715, 0.17352941176470588, null]",3.0854218006134033,2.1489808559417725,0.1410677433013916,0.49265122413635254,0.00021314620971679688,0.13193535804748535,1115755,ai08,success,
vit_b32_cifar100,CIFAR100,5,0.3,42,100,1.0,labelled_probe_warmup,labelled,300,0.0,0.4461,0.56578,0.5969,0.8692,0.3924,-0.5132845519592972,0,5,"[-0.48264721208963, -0.46827554951280315, -0.49108533841094, -0.4978533546594831, -0.6265613051236298]","[0.47868681605002605, 0.5020394289598912, 0.47602561883330446, 0.46224429665796785, 0.3274279887840938]","[0.9613340281396561, 0.9703149784726943, 0.9671109572442445, 0.960097651317451, 0.9539892939077237]",0.4296602564102564,4,"[0.38, 0.5383333333333333, 0.3723076923076923, 0.428, null]",2.938689708709717,2.1239712238311768,0.021798372268676758,0.49916648864746094,0.000213623046875,0.13140249252319336,1115755,ai08,success,
vit_b32_cifar100,CIFAR100,5,0.3,43,100,1.0,labelled_probe_warmup,labelled,300,0.0,0.4916,0.5837,0.6306,0.8683,0.4211,-0.4696277592082419,0,5,"[-0.4802750979081096, -0.4294666994347506, -0.48088799866466364, -0.4539984684389017, -0.5035105315947843]","[0.48361830165249786, 0.5416564266404522, 0.47780003338340843, 0.5235751011924297, 0.4551654964894684]","[0.9638933995606075, 0.9711231260752028, 0.9586880320480721, 0.9775735696313314, 0.9586760280842528]",0.4926547619047619,4,"[0.42857142857142855, 0.49333333333333335, 0.543, 0.5057142857142857, null]",2.949091672897339,2.141178846359253,0.021559715270996094,0.4982116222381592,0.00022029876708984375,0.13023591041564941,1115755,ai08,success,
vit_b32_cifar100,CIFAR100,5,0.3,44,100,1.0,labelled_probe_warmup,labelled,300,0.0,0.4781,0.5729,0.5956,0.8673,0.4062,-0.4868106466870466,0,5,"[-0.49534701199686065, -0.44891324540219213, -0.4722372551141899, -0.48925993564657794, -0.5282957852754124]","[0.46742908397802446, 0.5229425970648337, 0.49236930403723345, 0.4729106878859031, 0.44777406489166754]","[0.9627760959748851, 0.9718558424670258, 0.9646065591514233, 0.9621706235324811, 0.9760698501670799]",0.47868627450980394,4,"[0.46352941176470586, 0.38533333333333336, 0.51, 0.5558823529411765, null]",2.9681742191314697,2.1463193893432617,0.021945953369140625,0.4992797374725342,0.00022149085998535156,0.1315007209777832,1115755,ai08,success,
vit_b32_cifar100,CIFAR100,5,0.3,42,100,1.0,no_phase0,none,0,0.0,0.035,0.56578,0.5969,0.8692,0.0121,-0.9262984290365066,0,5,"[-0.9124544033350703, -0.9364377974167233, -0.9388090704517916, -0.9220473103796616, -0.9217435635992862]","[0.04887962480458572, 0.033877181055971, 0.02830188679245283, 0.038050340937789376, 0.03224573030843742]","[0.9613340281396561, 0.9703149784726943, 0.9671109572442445, 0.960097651317451, 0.9539892939077237]",0.035201923076923075,4,"[0.0295, 0.065, 0.022307692307692306, 0.024, null]",2.925434112548828,2.1240034103393555,0.00778961181640625,0.49386119842529297,0.0002257823944091797,0.131056547164917,1115755,ai08,success,
vit_b32_cifar100,CIFAR100,5,0.3,43,100,1.0,no_phase0,none,0,0.0,0.0316,0.5837,0.6306,0.8683,0.011,-0.9353814293688183,0,5,"[-0.9336135256471487, -0.9381912017694766, -0.9217159071941244, -0.9546001531561098, -0.9287863590772317]","[0.030279873913458783, 0.03293192430572622, 0.03697212485394759, 0.02297341647522153, 0.02988966900702106]","[0.9638933995606075, 0.9711231260752028, 0.9586880320480721, 0.9775735696313314, 0.9586760280842528]",0.020458333333333332,4,"[0.02142857142857143, 0.025833333333333333, 0.021, 0.013571428571428571, null]",2.9163928031921387,2.127408027648926,0.0075914859771728516,0.4927823543548584,0.00022101402282714844,0.13062262535095215,1115755,ai08,success,
vit_b32_cifar100,CIFAR100,5,0.3,44,100,1.0,no_phase0,none,0,0.0,0.037,0.5729,0.5956,0.8673,0.0072,-0.9284644589234572,0,5,"[-0.9207310236573607, -0.9317295188556567, -0.9389544322978678, -0.9186016175319592, -0.9323057022744422]","[0.042045072317524385, 0.04012632361136913, 0.02565212685355558, 0.043569006000521784, 0.0437641478926377]","[0.9627760959748851, 0.9718558424670258, 0.9646065591514233, 0.9621706235324811, 0.9760698501670799]",0.0313781512605042,4,"[0.026470588235294117, 0.024, 0.02857142857142857, 0.04647058823529412, null]",2.9228498935699463,2.1244776248931885,0.007685661315917969,0.490032434463501,0.00021409988403320312,0.13188385963439941,1115755,ai08,success,
vit_b32_cifar100,CIFAR100,5,0.3,42,100,1.0,raw_union_K20,raw_union,6885,0.0,0.8328,0.56578,0.5969,0.8692,0.8263,-0.10886594594117205,0,5,"[-0.1005732152162585, -0.09075458871515973, -0.12419941145923497, -0.10657462749389679, -0.12222788682131025]","[0.8607608129233976, 0.8795603897575346, 0.8429115457850095, 0.8535230238235542, 0.8317614070864134]","[0.9613340281396561, 0.9703149784726943, 0.9671109572442445, 0.960097651317451, 0.9539892939077237]",0.8430320512820513,4,"[0.812, 0.865, 0.8084615384615385, 0.8866666666666667, null]",3.1940090656280518,2.1531381607055664,0.2539072036743164,0.49919891357421875,0.00021505355834960938,0.1308729648590088,1115755,ai08,success,
vit_b32_cifar100,CIFAR100,5,0.3,43,100,1.0,raw_union_K20,raw_union,6994,0.0,0.8284,0.5837,0.6306,0.8683,0.8234,-0.11289607873595828,0,5,"[-0.12140605597478271, -0.11477021381174735, -0.11375396427975293, -0.10381796302373913, -0.1107321965897693]","[0.8424873435858248, 0.8563529122634554, 0.8449340677683191, 0.8737556066075922, 0.8479438314944835]","[0.9638933995606075, 0.9711231260752028, 0.9586880320480721, 0.9775735696313314, 0.9586760280842528]",0.8243571428571428,4,"[0.84, 0.83, 0.821, 0.8064285714285714, null]",3.1638665199279785,2.127706527709961,0.25255656242370605,0.4925825595855713,0.00021648406982421875,0.1303553581237793,1115755,ai08,success,
vit_b32_cifar100,CIFAR100,5,0.3,44,100,1.0,raw_union_K20,raw_union,6947,0.0,0.8332,0.5729,0.5956,0.8673,0.83,-0.1140239832391021,0,5,"[-0.1288261015808948, -0.1080252647222738, -0.11364866327524625, -0.10557439777371946, -0.11404548884337617]","[0.8339499943939903, 0.863830577744752, 0.8509578958761771, 0.8565962257587616, 0.8620243613237037]","[0.9627760959748851, 0.9718558424670258, 0.9646065591514233, 0.9621706235324811, 0.9760698501670799]",0.8328060224089636,4,"[0.8364705882352941, 0.8093333333333333, 0.8607142857142858, 0.8247058823529412, null]",3.166656494140625,2.1172068119049072,0.2532165050506592,0.495499849319458,0.00021505355834960938,0.13163042068481445,1115755,ai08,success,
vit_b32_cifar100,CIFAR100,5,0.3,42,100,1.0,warmup_only_labelled,warmup_only,300,0.0,0.3924,0.56578,0.5969,0.8692,0.3924,-0.5698687696077761,0,5,"[-0.5504950495049505, -0.5080444142306821, -0.5451791587329065, -0.5657883660240761, -0.6798368595462656]","[0.4108389786347056, 0.46227056424201224, 0.42193179851133805, 0.3943092852933749, 0.2741524343614581]","[0.9613340281396561, 0.9703149784726943, 0.9671109572442445, 0.960097651317451, 0.9539892939077237]",0.37130128205128204,4,"[0.333, 0.4633333333333333, 0.32153846153846155, 0.36733333333333335, null]",2.471787452697754,2.150728940963745,0.017873048782348633,0.0,0.0,0.14525961875915527,1115755,ai08,success,
vit_b32_cifar100,CIFAR100,5,0.3,43,100,1.0,warmup_only_labelled,warmup_only,300,0.0,0.4211,0.5837,0.6306,0.8683,0.4211,-0.5406546544145017,0,5,"[-0.5460884516190658, -0.494716146473335, -0.557085628442664, -0.5291543594792691, -0.5762286860581746]","[0.4178049479415417, 0.4764069796018678, 0.4016024036054081, 0.44841921015206215, 0.3824473420260782]","[0.9638933995606075, 0.9711231260752028, 0.9586880320480721, 0.9775735696313314, 0.9586760280842528]",0.41067261904761904,4,"[0.36857142857142855, 0.3958333333333333, 0.409, 0.4692857142857143, null]",2.435425043106079,2.122429609298706,0.01756429672241211,0.0,0.0,0.1294267177581787,1115755,ai08,success,
vit_b32_cifar100,CIFAR100,5,0.3,44,100,1.0,warmup_only_labelled,warmup_only,300,0.0,0.4062,0.5729,0.5956,0.8673,0.4062,-0.5619807805095857,0,5,"[-0.5509586276488396, -0.5247074122236671, -0.5533066349171989, -0.5488303330724411, -0.632100894685782]","[0.41181746832604554, 0.4471484302433587, 0.41129992423422446, 0.41334029046004, 0.34396895548129786]","[0.9627760959748851, 0.9718558424670258, 0.9646065591514233, 0.9621706235324811, 0.9760698501670799]",0.4303788515406162,4,"[0.42, 0.3446666666666667, 0.47214285714285714, 0.48470588235294115, null]",2.441795587539673,2.1304404735565186,0.01740741729736328,0.0,0.0,0.13096952438354492,1115755,ai08,success,
vit_b32_cifar100,CIFAR100,5,1.0,42,100,1.0,dp_avg_eps2_K20,dp_avg,100,6.449903898212313,0.1244,0.75794,0.7764,0.8692,0.0465,-0.8252724930353971,0,5,"[-0.8303425774877651, -0.8381840541094486, -0.8129774683299487, -0.8149277215065395, -0.8299306437432841]","[0.12517672648178357, 0.11529001844640295, 0.14331302581955324, 0.12803618841577344, 0.13099540881117516]","[0.9555193039695487, 0.9534740725558516, 0.956290494149502, 0.9429639099223129, 0.9609260525544593]",0.13,2,"[0.25, 0.01, null, null, null]",3.1114845275878906,2.1611337661743164,0.1580660343170166,0.49486422538757324,0.0002148151397705078,0.12732958793640137,1115755,ai08,success,
vit_b32_cifar100,CIFAR100,5,1.0,43,100,1.0,dp_avg_eps2_K20,dp_avg,100,6.442680879502149,0.1086,0.76498,0.7815,0.8683,0.0402,-0.8351820486759411,0,5,"[-0.8395061728395061, -0.8371376811594203, -0.8323487712665406, -0.8352906635349383, -0.8316269545793]","[0.12204894953432965, 0.1230072463768116, 0.12003780718336483, 0.1103934233705226, 0.1233246463142219]","[0.9615551223738358, 0.9601449275362319, 0.9523865784499055, 0.9456840869054609, 0.9549516008935219]",0.13,2,"[null, null, 0.03, 0.23, null]",3.0975334644317627,2.1599812507629395,0.1574573516845703,0.4982724189758301,0.00021719932556152344,0.1273043155670166,1115755,ai08,success,
vit_b32_cifar100,CIFAR100,5,1.0,44,100,1.0,dp_avg_eps2_K20,dp_avg,100,6.44558801400764,0.1394,0.75322,0.767,0.8673,0.0521,-0.8164377601205395,0,5,"[-0.8152641878669276, -0.7996940336562979, -0.815818528555656, -0.8235294117647058, -0.8278826387591104]","[0.1419765166340509, 0.15828658847526772, 0.13630432600622303, 0.13485016648168702, 0.12792001495047656]","[0.9572407045009784, 0.9579806221315655, 0.952122854561879, 0.9583795782463929, 0.955802653709587]",0.12,1,"[0.12, null, null, null, null]",3.0988354682922363,2.1590044498443604,0.1584923267364502,0.49671077728271484,0.00021886825561523438,0.12703275680541992,1115755,ai08,success,
vit_b32_cifar100,CIFAR100,5,1.0,42,100,1.0,dp_avg_eps8_K20,dp_avg,100,1.6124759745530783,0.1394,0.75794,0.7764,0.8692,0.0586,-0.807996059023736,0,5,"[-0.8156606851549755, -0.8168682106989137, -0.7987622086838797, -0.7963418231881207, -0.8123473673927908]","[0.13985861881457315, 0.1366058618569379, 0.15752828546562228, 0.14662208673419216, 0.14857868516166844]","[0.9555193039695487, 0.9534740725558516, 0.956290494149502, 0.9429639099223129, 0.9609260525544593]",0.14500000000000002,2,"[0.26, 0.03, null, null, null]",3.0916037559509277,2.1559231281280518,0.15840482711791992,0.49501585960388184,0.00022363662719726562,0.12775039672851562,1115755,ai08,success,
vit_b32_cifar100,CIFAR100,5,1.0,43,100,1.0,dp_avg_eps8_K20,dp_avg,100,1.6106702198755372,0.122,0.76498,0.7815,0.8683,0.0454,-0.8227319493894338,0,5,"[-0.8258609486679662, -0.8260869565217391, -0.8161625708884688, -0.826580544137796, -0.8189687267311988]","[0.13569417370586961, 0.13405797101449277, 0.13622400756143668, 0.11910354276766491, 0.13598287416232316]","[0.9615551223738358, 0.9601449275362319, 0.9523865784499055, 0.9456840869054609, 0.9549516008935219]",0.21500000000000002,2,"[null, null, 0.03, 0.4, null]",3.0924761295318604,2.150568962097168,0.15807032585144043,0.49719667434692383,0.00021600723266601562,0.12772893905639648,1115755,ai08,success,
vit_b32_cifar100,CIFAR100,5,1.0,44,100,1.0,dp_avg_eps8_K20,dp_avg,100,1.61139700350191,0.1536,0.75322,0.767,0.8673,0.0627,-0.8046432710913937,0,5,"[-0.799706457925636, -0.7924528301886793, -0.8030713640469738, -0.8154273029966703, -0.8125584002990095]","[0.15753424657534246, 0.16552779194288628, 0.14905149051490515, 0.14295227524972254, 0.14324425341057745]","[0.9572407045009784, 0.9579806221315655, 0.952122854561879, 0.9583795782463929, 0.955802653709587]",0.1,1,"[0.1, null, null, null, null]",3.105797052383423,2.1546578407287598,0.15784263610839844,0.49646806716918945,0.00021457672119140625,0.1268754005432129,1115755,ai08,success,
vit_b32_cifar100,CIFAR100,5,1.0,42,100,1.0,labelled_probe_warmup,labelled,300,0.0,0.4499,0.75794,0.7764,0.8692,0.3924,-0.49524160412162316,0,5,"[-0.5015769439912996, -0.462594794015167, -0.5249975824388357, -0.46051725833415286, -0.5265214418286608]","[0.45394235997824905, 0.4908792785406846, 0.4312929117106663, 0.4824466515881601, 0.43440461072579856]","[0.9555193039695487, 0.9534740725558516, 0.956290494149502, 0.9429639099223129, 0.9609260525544593]",0.08,2,"[0.11, 0.05, null, null, null]",2.983891010284424,2.1710917949676514,0.022028684616088867,0.5026018619537354,0.0002162456512451172,0.12760639190673828,1115755,ai08,success,
vit_b32_cifar100,CIFAR100,5,1.0,43,100,1.0,labelled_probe_warmup,labelled,300,0.0,0.4985,0.76498,0.7815,0.8683,0.4211,-0.4537692021864935,0,5,"[-0.4434697855750487, -0.44646739130434787, -0.4052457466918714, -0.49246427872382065, -0.48119880863737896]","[0.5180853367987871, 0.5136775362318841, 0.5471408317580341, 0.45321980818164026, 0.473752792256143]","[0.9615551223738358, 0.9601449275362319, 0.9523865784499055, 0.9456840869054609, 0.9549516008935219]",0.735,2,"[null, null, 0.76, 0.71, null]",3.0114309787750244,2.1907472610473633,0.022252559661865234,0.5012242794036865,0.0002186298370361328,0.12733030319213867,1115755,ai08,success,
vit_b32_cifar100,CIFAR100,5,1.0,44,100,1.0,labelled_probe_warmup,labelled,300,0.0,0.4788,0.75322,0.767,0.8673,0.4062,-0.47138406315728687,0,5,"[-0.46917808219178075, -0.44191738908720046, -0.46411723376493025, -0.49422863485016644, -0.4874789758923565]","[0.48806262230919767, 0.5160632330443651, 0.4880056207969487, 0.4641509433962264, 0.46832367781723044]","[0.9572407045009784, 0.9579806221315655, 0.952122854561879, 0.9583795782463929, 0.955802653709587]",0.69,1,"[0.69, null, null, null, null]",3.0406556129455566,2.2216744422912598,0.021543502807617188,0.500758171081543,0.00021457672119140625,0.12693190574645996,1115755,ai08,success,
vit_b32_cifar100,CIFAR100,5,1.0,42,100,1.0,no_phase0,none,0,0.0,0.0352,0.75794,0.7764,0.8692,0.0121,-0.9153464556627402,0,5,"[-0.9174551386623164, -0.9157614265218282, -0.9154820616961609, -0.9055954371127938, -0.9224382143206017]","[0.03806416530723219, 0.03771264603402336, 0.04080843245334107, 0.037368472809519125, 0.038487838233857576]","[0.9555193039695487, 0.9534740725558516, 0.956290494149502, 0.9429639099223129, 0.9609260525544593]",0.015,2,"[0.0, 0.03, null, null, null]",2.948153495788574,2.1587085723876953,0.007725954055786133,0.4968736171722412,0.00022602081298828125,0.12726712226867676,1115755,ai08,success,
vit_b32_cifar100,CIFAR100,5,1.0,43,100,1.0,no_phase0,none,0,0.0,0.031,0.76498,0.7815,0.8683,0.011,-0.9235063023276714,0,5,"[-0.9236517218973359, -0.9336050724637681, -0.9209593572778828, -0.9174985320023488, -0.9218168279970216]","[0.03790340047649989, 0.02653985507246377, 0.031427221172022686, 0.028185554903112156, 0.033134772896500374]","[0.9615551223738358, 0.9601449275362319, 0.9523865784499055, 0.9456840869054609, 0.9549516008935219]",0.03,2,"[null, null, 0.0, 0.06, null]",2.9449081420898438,2.1592929363250732,0.007781267166137695,0.4928903579711914,0.000213623046875,0.12751173973083496,1115755,ai08,success,
vit_b32_cifar100,CIFAR100,5,1.0,44,100,1.0,no_phase0,none,0,0.0,0.0395,0.75322,0.767,0.8673,0.0072,-0.9141779426552958,0,5,"[-0.9079256360078277, -0.9111677715451301, -0.9155876743952625, -0.920865704772475, -0.915342926555784]","[0.049315068493150684, 0.046812850586435494, 0.03653518016661648, 0.037513873473917866, 0.04045972715380303]","[0.9572407045009784, 0.9579806221315655, 0.952122854561879, 0.9583795782463929, 0.955802653709587]",0.01,1,"[0.01, null, null, null, null]",2.943946599960327,2.1459813117980957,0.007639408111572266,0.49309778213500977,0.0002110004425048828,0.12731266021728516,1115755,ai08,success,
vit_b32_cifar100,CIFAR100,5,1.0,42,100,1.0,raw_union_K20,raw_union,9305,0.0,0.841,0.75794,0.7764,0.8692,0.8382,-0.08474572772969291,0,5,"[-0.0858075040783034, -0.07378561180569787, -0.09380137317474124, -0.0839807257350772, -0.08635342385464484]","[0.8697117998912453, 0.8796884607501537, 0.8624891209747607, 0.8589831841872357, 0.8745726286998144]","[0.9555193039695487, 0.9534740725558516, 0.956290494149502, 0.9429639099223129, 0.9609260525544593]",0.71,2,"[0.94, 0.48, null, null, null]",3.2403290271759033,2.140230417251587,0.32199597358703613,0.4961283206939697,0.0002205371856689453,0.12717032432556152,1115755,ai08,success,
vit_b32_cifar100,CIFAR100,5,1.0,43,100,1.0,raw_union_K20,raw_union,9354,0.0,0.8443,0.76498,0.7815,0.8683,0.841,-0.08708164627257464,0,5,"[-0.09584145549057821, -0.08804347826086956, -0.07124291115311909, -0.08162066940692891, -0.09865971705137744]","[0.8657136668832576, 0.8721014492753624, 0.8811436672967864, 0.864063417498532, 0.8562918838421445]","[0.9615551223738358, 0.9601449275362319, 0.9523865784499055, 0.9456840869054609, 0.9549516008935219]",0.9,2,"[null, null, 0.91, 0.89, null]",3.294550657272339,2.163243532180786,0.3364109992980957,0.4999368190765381,0.0002148151397705078,0.1273937225341797,1115755,ai08,success,
vit_b32_cifar100,CIFAR100,5,1.0,44,100,1.0,raw_union_K20,raw_union,9226,0.0,0.8387,0.75322,0.767,0.8673,0.8352,-0.09105706434076907,0,5,"[-0.09481409001956942, -0.08301886792452828, -0.09585466225032624, -0.07946725860155379, -0.10213044290786766]","[0.862426614481409, 0.8749617542070373, 0.8562681923115527, 0.8789123196448391, 0.8536722108017193]","[0.9572407045009784, 0.9579806221315655, 0.952122854561879, 0.9583795782463929, 0.955802653709587]",0.825,1,"[0.825, null, null, null, null]",3.2906992435455322,2.165989875793457,0.3292551040649414,0.49779462814331055,0.00022411346435546875,0.12714433670043945,1115755,ai08,success,
vit_b32_cifar100,CIFAR100,5,1.0,42,100,1.0,warmup_only_labelled,warmup_only,300,0.0,0.3924,0.75794,0.7764,0.8692,0.3924,-0.5567674140286398,0,5,"[-0.5728113104948341, -0.5315638450502151, -0.5900783289817232, -0.5149965581669781, -0.574387027449448]","[0.3827079934747145, 0.4219102275056364, 0.36621216516777877, 0.42796735175533485, 0.38653902510501126]","[0.9555193039695487, 0.9534740725558516, 0.956290494149502, 0.9429639099223129, 0.9609260525544593]",0.0,2,"[0.0, 0.0, null, null, null]",2.4593701362609863,2.1565330028533936,0.01755046844482422,0.0,0.0,0.12655043601989746,1115755,ai08,success,
vit_b32_cifar100,CIFAR100,5,1.0,43,100,1.0,warmup_only_labelled,warmup_only,300,0.0,0.4211,0.76498,0.7815,0.8683,0.4211,-0.5305047003979922,0,5,"[-0.5155945419103314, -0.5238224637681159, -0.47837901701323254, -0.5637110980622431, -0.5710163812360387]","[0.44596058046350445, 0.43632246376811595, 0.47400756143667294, 0.38197298884321784, 0.38393521965748323]","[0.9615551223738358, 0.9601449275362319, 0.9523865784499055, 0.9456840869054609, 0.9549516008935219]",0.575,2,"[null, null, 0.63, 0.52, null]",2.5043835639953613,2.193768262863159,0.018116235733032227,0.0,0.0,0.13838815689086914,1115755,ai08,success,
vit_b32_cifar100,CIFAR100,5,1.0,44,100,1.0,warmup_only_labelled,warmup_only,300,0.0,0.4062,0.75322,0.767,0.8673,0.4062,-0.5499066838357852,0,5,"[-0.5386497064579256, -0.51116777154513, -0.5381913078390044, -0.5996670366259711, -0.5618575967108952]","[0.41859099804305283, 0.4468128505864355, 0.41393154672287463, 0.35871254162042177, 0.3939450569986918]","[0.9572407045009784, 0.9579806221315655, 0.952122854561879, 0.9583795782463929, 0.955802653709587]",0.59,1,"[0.59, null, null, null, null]",2.4867465496063232,2.171666145324707,0.01729416847229004,0.0,0.0,0.12628555297851562,1115755,ai08,success,
