backbone,dataset,N,alpha,seed,K,tau,method,phase0_kind,probe_size_actual,sigma,acc,mean_teacher,best_teacher,oracle,theta0_acc,m3_mean_gap,m3_clients_helped,m3_clients_evaluated,m3_gap,m3_student_acc_on_Di,m3_teacher_acc_on_Di,m4_mean,m4_clients_evaluated,m4_ood_acc,wall_clock_sec,phase_teacher_sec,phase_phase0_sec,phase_distill_sec,phase_aggregate_sec,phase_eval_sec,job_id,node,status,error
roberta_base_agnews,AGNews,10,0.01,42,100,1.0,dp_avg_eps2_K20,dp_avg,4,4.043601857518789,0.5981578947368421,0.34351315789473685,0.5330263157894737,0.9142105263157895,0.3357894736842105,-0.28238063651279743,0,5,"[null, null, null, null, 0.0, -0.2894670371305885, -0.45664142003937136, null, -0.3821915294667134, -0.28360319592731387]","[null, null, null, null, 1.0, 0.709964637534731, 0.5427913649861533, null, 0.5851306944235933, 0.7156190341511702]","[null, null, null, null, 1.0, 0.9994316746653196, 0.9994327850255247, null, 0.9673222238903068, 0.9992222300784841]",0.6024298245614036,10,"[0.5981578947368421, 0.5981578947368421, 0.5981578947368421, 0.5981578947368421, 0.6159649122807017, 0.5636842105263158, 0.6212280701754386, 0.5981578947368421, 0.6152631578947368, 0.6173684210526316]",6.51716423034668,5.055030345916748,0.07107877731323242,0.5313446521759033,0.0003707408905029297,0.2834930419921875,1117838,ai05,success,
roberta_base_agnews,AGNews,10,0.01,43,100,1.0,dp_avg_eps2_K20,dp_avg,4,4.050649764344406,0.6906578947368421,0.3841184210526316,0.5169736842105264,0.9142105263157895,0.5007894736842106,-0.23427185361035147,0,8,"[-0.29373368146214096, -0.19999999999999996, -0.20643181211635975, -0.29604111578712144, null, -0.3425644789963631, -0.16666666666666674, 0.0, null, -0.36873707385415966]","[0.7046344647519582, 0.8, 0.7916666666666666, 0.7034002458009013, null, 0.6566013813352908, 0.8148148148148148, 1.0, null, 0.6306958436186537]","[0.9983681462140992, 1.0, 0.9980984787830264, 0.9994413615880228, null, 0.9991658603316539, 0.9814814814814815, 1.0, null, 0.9994329174728134]",0.6881666666666666,10,"[0.6850877192982456, 0.7001754385964912, 0.6598245614035088, 0.6850877192982456, 0.6906578947368421, 0.7001754385964912, 0.6850877192982456, 0.7001754385964912, 0.6906578947368421, 0.6847368421052632]",6.78270411491394,5.045058012008667,0.0739126205444336,0.8039867877960205,0.0003724098205566406,0.28463220596313477,1117838,ai05,success,
roberta_base_agnews,AGNews,10,0.01,44,100,1.0,dp_avg_eps2_K20,dp_avg,4,4.027436119744127,0.6138157894736842,0.3695263157894737,0.4843421052631579,0.9142105263157895,0.3448684210526316,-0.3655301240220051,0,7,"[-0.303921568627451, -0.39857223871634917, -0.3816091954022989, -0.40878161075188735, null, null, -0.31824234354194403, null, -0.4328098315641429, -0.31477407954996206]","[0.6274509803921569, 0.5995263034993495, 0.6068965517241379, 0.5904736111581299, null, null, 0.6799822458943631, null, 0.5665874158657871, 0.6845768273773034]","[0.9313725490196079, 0.9980985422156987, 0.9885057471264368, 0.9992552219100173, null, null, 0.9982245894363071, null, 0.99939724742993, 0.9993509069272655]",0.6162236842105264,10,"[0.6296491228070176, 0.614561403508772, 0.6152631578947368, 0.6152631578947368, 0.6138157894736842, 0.6138157894736842, 0.5957894736842105, 0.6138157894736842, 0.6386842105263157, 0.611578947368421]",6.648637771606445,5.016696453094482,0.06817936897277832,0.7044761180877686,0.00037217140197753906,0.2839057445526123,1117838,ai05,success,
roberta_base_agnews,AGNews,10,0.01,42,100,1.0,dp_avg_eps8_K20,dp_avg,4,1.0109004643796973,0.74,0.34351315789473685,0.5330263157894737,0.9142105263157895,0.5668421052631579,-0.16252434996520954,0,5,"[null, null, null, null, 0.0, -0.12534730992674925, -0.3036935704514364, null, -0.2594205074313166, -0.12416036201654534]","[null, null, null, null, 1.0, 0.8740843647385703, 0.6957392145740883, null, 0.7079017164589901, 0.8750618680619388]","[null, null, null, null, 1.0, 0.9994316746653196, 0.9994327850255247, null, 0.9673222238903068, 0.9992222300784841]",0.7487280701754386,10,"[0.74, 0.74, 0.74, 0.74, 0.7785964912280702, 0.6970175438596491, 0.756140350877193, 0.74, 0.7802631578947369, 0.7752631578947369]",6.482980728149414,5.026051759719849,0.06970953941345215,0.5261106491088867,0.0003726482391357422,0.2839934825897217,1117838,ai05,success,
roberta_base_agnews,AGNews,10,0.01,43,100,1.0,dp_avg_eps8_K20,dp_avg,4,1.0126624410861016,0.799078947368421,0.3841184210526316,0.5169736842105264,0.9142105263157895,0.7246052631578948,-0.12056641588054165,0,8,"[-0.09432114882506526, 0.0, -0.17033626901521215, -0.09414919369855868, null, -0.2604184044576423, -0.07407407407407407, 0.0, null, -0.27123223697378074]","[0.9040469973890339, 1.0, 0.8277622097678142, 0.9052921678894641, null, 0.7387474558740116, 0.9074074074074074, 1.0, null, 0.7282006804990326]","[0.9983681462140992, 1.0, 0.9980984787830264, 0.9994413615880228, null, 0.9991658603316539, 0.9814814814814815, 1.0, null, 0.9994329174728134]",0.7953421052631577,10,"[0.7607017543859649, 0.8192982456140351, 0.7889473684210526, 0.7607017543859649, 0.799078947368421, 0.8192982456140351, 0.7607017543859649, 0.8192982456140351, 0.799078947368421, 0.8263157894736842]",6.738903522491455,5.013786554336548,0.0671689510345459,0.7984888553619385,0.0003800392150878906,0.2847588062286377,1117838,ai05,success,
roberta_base_agnews,AGNews,10,0.01,44,100,1.0,dp_avg_eps8_K20,dp_avg,4,1.0068590299360318,0.7540789473684211,0.3695263157894737,0.4843421052631579,0.9142105263157895,0.6161842105263158,-0.22866805532727466,0,7,"[-0.21568627450980393, -0.2540280882009541, -0.28505747126436787, -0.30952300348691564, null, null, -0.1167332445628051, null, -0.3160097779861366, -0.10363852727993939]","[0.7156862745098039, 0.7440704540147446, 0.7034482758620689, 0.6897322184231016, null, null, 0.881491344873502, null, 0.6833874694437934, 0.8957123796473261]","[0.9313725490196079, 0.9980985422156987, 0.9885057471264368, 0.9992552219100173, null, null, 0.9982245894363071, null, 0.99939724742993, 0.9993509069272655]",0.7594078947368421,10,"[0.7808771929824562, 0.7570175438596491, 0.771578947368421, 0.771578947368421, 0.7540789473684211, 0.7540789473684211, 0.7068421052631579, 0.7540789473684211, 0.7986842105263158, 0.7452631578947368]",6.597965955734253,4.960270881652832,0.06833314895629883,0.70894455909729,0.00037384033203125,0.2838573455810547,1117838,ai05,success,
roberta_base_agnews,AGNews,10,0.01,42,100,1.0,labelled_probe_warmup,labelled,100,0.0,0.8243421052631579,0.34351315789473685,0.5330263157894737,0.9142105263157895,0.7918421052631579,-0.10088991503621714,0,5,"[null, null, null, null, 0.0, -0.06725183127052292, -0.19188548930632943, null, -0.17743415236284177, -0.06787810224139157]","[null, null, null, null, 1.0, 0.9321798433947966, 0.8075472957191953, null, 0.789888071527465, 0.9313441278370925]","[null, null, null, null, 1.0, 0.9994316746653196, 0.9994327850255247, null, 0.9673222238903068, 0.9992222300784841]",0.8327850877192983,10,"[0.8243421052631579, 0.8243421052631579, 0.8243421052631579, 0.8243421052631579, 0.8614035087719298, 0.7910526315789473, 0.8321052631578948, 0.8243421052631579, 0.8626315789473684, 0.8589473684210527]",6.4399094581604,5.037626266479492,0.01117563247680664,0.5329430103302002,0.0003731250762939453,0.28238773345947266,1117838,ai05,success,
roberta_base_agnews,AGNews,10,0.01,43,100,1.0,labelled_probe_warmup,labelled,100,0.0,0.8227631578947369,0.3841184210526316,0.5169736842105264,0.9142105263157895,0.7931578947368421,-0.12284254183349518,0,8,"[-0.04699738903394257, -0.19999999999999996, -0.14468241259674397, -0.046292503072511204, null, -0.23022254846351464, -0.05555555555555558, 0.0, null, -0.2589899259456935]","[0.9513707571801566, 0.8, 0.8534160661862824, 0.9531488585155116, null, 0.7689433118681392, 0.9259259259259259, 1.0, null, 0.7404429915271199]","[0.9983681462140992, 1.0, 0.9980984787830264, 0.9994413615880228, null, 0.9991658603316539, 0.9814814814814815, 1.0, null, 0.9994329174728134]",0.8183157894736842,10,"[0.7796491228070176, 0.8419298245614035, 0.8142105263157895, 0.7796491228070176, 0.8227631578947369, 0.8419298245614035, 0.7796491228070176, 0.8419298245614035, 0.8227631578947369, 0.8586842105263158]",6.73453426361084,5.050670623779297,0.010802507400512695,0.8127660751342773,0.0003685951232910156,0.2847590446472168,1117838,ai05,success,
roberta_base_agnews,AGNews,10,0.01,44,100,1.0,labelled_probe_warmup,labelled,100,0.0,0.8172368421052632,0.3695263157894737,0.4843421052631579,0.9142105263157895,0.7810526315789473,-0.16216873513516042,0,7,"[-0.08823529411764708, -0.16332521599893257, -0.26436781609195403, -0.2953722197772436, null, null, -0.07057256990679095, null, -0.18598265412048354, -0.0673253759330712]","[0.8431372549019608, 0.8347733262167661, 0.7241379310344828, 0.7038830021327737, null, null, 0.9276520195295161, null, 0.8134145933094464, 0.9320255309941943]","[0.9313725490196079, 0.9980985422156987, 0.9885057471264368, 0.9992552219100173, null, null, 0.9982245894363071, null, 0.99939724742993, 0.9993509069272655]",0.822092105263158,10,"[0.8228070175438597, 0.8140350877192982, 0.8526315789473684, 0.8526315789473684, 0.8172368421052632, 0.8172368421052632, 0.7794736842105263, 0.8172368421052632, 0.8207894736842105, 0.8268421052631579]",6.668456792831421,5.086559534072876,0.011274099349975586,0.7117478847503662,0.0003898143768310547,0.2816803455352783,1117838,ai05,success,
roberta_base_agnews,AGNews,10,0.01,42,100,1.0,no_phase0,none,0,0.0,0.7080263157894737,0.34351315789473685,0.5330263157894737,0.9142105263157895,0.20355263157894737,-0.3912465997518684,0,5,"[null, null, null, null, -1.0, -0.1847057337711544, -0.2534449968302692, null, -0.32604380389998167, -0.1920384642579368]","[null, null, null, null, 0.0, 0.8147259408941652, 0.7459877881952555, null, 0.6412784199903251, 0.8071837658205473]","[null, null, null, null, 1.0, 0.9994316746653196, 0.9994327850255247, null, 0.9673222238903068, 0.9992222300784841]",0.7124956140350878,10,"[0.7080263157894737, 0.7080263157894737, 0.7080263157894737, 0.7080263157894737, 0.7475438596491228, 0.6726315789473685, 0.6980701754385965, 0.7080263157894737, 0.7760526315789473, 0.6905263157894737]",6.428480386734009,5.023085355758667,0.005056142807006836,0.540107011795044,0.0003857612609863281,0.28389930725097656,1117838,ai05,success,
roberta_base_agnews,AGNews,10,0.01,43,100,1.0,no_phase0,none,0,0.0,0.7132894736842105,0.3841184210526316,0.5169736842105264,0.9142105263157895,0.27407894736842103,-0.2139134871002113,0,8,"[-0.20332898172323755, -0.19999999999999996, -0.23081798772351214, -0.21179844326095865, null, -0.3787661406025824, -0.14814814814814814, 0.0, null, -0.33844819534325166]","[0.7950391644908616, 0.8, 0.7672804910595142, 0.7876429183270641, null, 0.6203997197290715, 0.8333333333333334, 1.0, null, 0.6609847221295617]","[0.9983681462140992, 1.0, 0.9980984787830264, 0.9994413615880228, null, 0.9991658603316539, 0.9814814814814815, 1.0, null, 0.9994329174728134]",0.7115087719298245,10,"[0.6845614035087719, 0.7426315789473684, 0.6945614035087719, 0.6845614035087719, 0.7132894736842105, 0.7426315789473684, 0.6845614035087719, 0.7426315789473684, 0.7132894736842105, 0.7123684210526315]",6.682624101638794,5.019836664199829,0.004644632339477539,0.7984786033630371,0.0003819465637207031,0.28388476371765137,1117838,ai05,success,
roberta_base_agnews,AGNews,10,0.01,44,100,1.0,no_phase0,none,0,0.0,0.6447368421052632,0.3695263157894737,0.4843421052631579,0.9142105263157895,0.22263157894736843,-0.3410984521963037,0,7,"[-0.2941176470588236, -0.27491076491977184, -0.4298850574712644, -0.45106469413317984, null, null, -0.29383044829116733, null, -0.35485383250175795, -0.28902672099816085]","[0.6372549019607843, 0.7231877772959269, 0.5586206896551724, 0.5481905277768374, null, null, 0.7043941411451398, null, 0.644543414928172, 0.7103241859291046]","[0.9313725490196079, 0.9980985422156987, 0.9885057471264368, 0.9992552219100173, null, null, 0.9982245894363071, null, 0.99939724742993, 0.9993509069272655]",0.6528245614035088,10,"[0.652280701754386, 0.6207017543859649, 0.6782456140350878, 0.6782456140350878, 0.6447368421052632, 0.6447368421052632, 0.627719298245614, 0.6447368421052632, 0.62, 0.716842105263158]",6.594825744628906,5.014737129211426,0.004620552062988281,0.7162508964538574,0.0003781318664550781,0.2834155559539795,1117838,ai05,success,
roberta_base_agnews,AGNews,10,0.01,42,100,1.0,raw_union_K20,raw_union,103,0.0,0.82,0.34351315789473685,0.5330263157894737,0.9142105263157895,0.7611842105263158,-0.10050176316443823,0,5,"[null, null, null, null, 0.0, -0.049444304117201354, -0.22525107604017214, null, -0.1786018115398088, -0.0492116241250089]","[null, null, null, null, 1.0, 0.9499873705481182, 0.7741817089853525, null, 0.788720412350498, 0.9500106059534752]","[null, null, null, null, 1.0, 0.9994316746653196, 0.9994327850255247, null, 0.9673222238903068, 0.9992222300784841]",0.8215438596491229,10,"[0.82, 0.82, 0.82, 0.82, 0.8378947368421052, 0.7787719298245614, 0.8387719298245614, 0.82, 0.8536842105263158, 0.8063157894736842]",6.498528957366943,5.041648864746094,0.0652167797088623,0.5319962501525879,0.00038123130798339844,0.2838921546936035,1117838,ai05,success,
roberta_base_agnews,AGNews,10,0.01,43,100,1.0,raw_union_K20,raw_union,127,0.0,0.8194736842105264,0.3841184210526316,0.5169736842105264,0.9142105263157895,0.7740789473684211,-0.09301271640517705,0,8,"[-0.03198433420365532, 0.0, -0.16733386709367493, -0.029347137909202625, null, -0.250308631677288, 0.0, 0.0, null, -0.26512776035759555]","[0.9663838120104439, 1.0, 0.8307646116893515, 0.9700942236788201, null, 0.7488572286543659, 0.9814814814814815, 1.0, null, 0.7343051571152178]","[0.9983681462140992, 1.0, 0.9980984787830264, 0.9994413615880228, null, 0.9991658603316539, 0.9814814814814815, 1.0, null, 0.9994329174728134]",0.8148596491228071,10,"[0.7689473684210526, 0.8419298245614035, 0.8154385964912281, 0.7689473684210526, 0.8194736842105264, 0.8419298245614035, 0.7689473684210526, 0.8419298245614035, 0.8194736842105264, 0.861578947368421]",6.852941989898682,5.11803412437439,0.06409454345703125,0.8100452423095703,0.00037097930908203125,0.284224271774292,1117838,ai05,success,
roberta_base_agnews,AGNews,10,0.01,44,100,1.0,raw_union_K20,raw_union,143,0.0,0.8309210526315789,0.3695263157894737,0.4843421052631579,0.9142105263157895,0.819078947368421,-0.14390226948964915,0,7,"[-0.1470588235294118, -0.16449277779631055, -0.17471264367816097, -0.20789464775381694, null, null, -0.03550821127385706, null, -0.24649231490473156, -0.031156467491255224]","[0.7843137254901961, 0.8336057644193882, 0.8137931034482758, 0.7913605741562003, null, null, 0.96271637816245, null, 0.7529049325251984, 0.9681944394360102]","[0.9313725490196079, 0.9980985422156987, 0.9885057471264368, 0.9992552219100173, null, null, 0.9982245894363071, null, 0.99939724742993, 0.9993509069272655]",0.8365482456140351,10,"[0.861578947368421, 0.8324561403508772, 0.8435087719298245, 0.8435087719298245, 0.8309210526315789, 0.8309210526315789, 0.786140350877193, 0.8309210526315789, 0.8792105263157894, 0.8263157894736842]",6.7464470863342285,5.095132350921631,0.0671534538269043,0.7210359573364258,0.00036406517028808594,0.28222107887268066,1117838,ai05,success,
roberta_base_agnews,AGNews,10,0.01,42,100,1.0,warmup_only_labelled,warmup_only,100,0.0,0.7918421052631579,0.34351315789473685,0.5330263157894737,0.9142105263157895,0.7918421052631579,-0.1232215560938981,0,5,"[null, null, null, null, 0.0, -0.09509977266986613, -0.1978245637449535, null, -0.22412383859614005, -0.09905960545853076]","[null, null, null, null, 1.0, 0.9043319019954534, 0.8016082212805712, null, 0.7431983852941667, 0.9001626246199533]","[null, null, null, null, 1.0, 0.9994316746653196, 0.9994327850255247, null, 0.9673222238903068, 0.9992222300784841]",0.8032192982456141,10,"[0.7918421052631579, 0.7918421052631579, 0.7918421052631579, 0.7918421052631579, 0.8421052631578947, 0.7563157894736842, 0.7924561403508772, 0.7918421052631579, 0.8442105263157895, 0.8378947368421052]",5.891942262649536,5.017995595932007,0.00906229019165039,0.0,0.0,0.2835574150085449,1117838,ai05,success,
roberta_base_agnews,AGNews,10,0.01,43,100,1.0,warmup_only_labelled,warmup_only,100,0.0,0.7931578947368421,0.3841184210526316,0.5169736842105264,0.9142105263157895,0.7931578947368421,-0.1395687890566505,0,8,"[-0.056462140992167065, -0.19999999999999996, -0.1695689885241526, -0.05504450486015411, null, -0.25935070568215934, -0.05555555555555558, 0.0, null, -0.32056841683901527]","[0.9419060052219321, 0.8, 0.8285294902588738, 0.9443968567278687, null, 0.7398151546494945, 0.9259259259259259, 1.0, null, 0.6788645006337981]","[0.9983681462140992, 1.0, 0.9980984787830264, 0.9994413615880228, null, 0.9991658603316539, 0.9814814814814815, 1.0, null, 0.9994329174728134]",0.7873333333333333,10,"[0.7431578947368421, 0.8112280701754386, 0.7828070175438596, 0.7431578947368421, 0.7931578947368421, 0.8112280701754386, 0.7431578947368421, 0.8112280701754386, 0.7931578947368421, 0.8410526315789474]",5.879868984222412,4.997230052947998,0.009053230285644531,0.0,0.0,0.2960696220397949,1117838,ai05,success,
roberta_base_agnews,AGNews,10,0.01,44,100,1.0,warmup_only_labelled,warmup_only,100,0.0,0.7810526315789473,0.3695263157894737,0.4843421052631579,0.9142105263157895,0.7810526315789473,-0.19619493720726353,0,7,"[-0.0980392156862745, -0.18647629849551328, -0.31034482758620696, -0.3602694742543756, null, null, -0.118508655126498, null, -0.19057027090379397, -0.10915581839818245]","[0.8333333333333334, 0.8116222437201854, 0.6781609195402298, 0.6389857476556416, null, null, 0.8797159343098091, null, 0.808826976526136, 0.890195088529083]","[0.9313725490196079, 0.9980985422156987, 0.9885057471264368, 0.9992552219100173, null, null, 0.9982245894363071, null, 0.99939724742993, 0.9993509069272655]",0.7862368421052631,10,"[0.7763157894736842, 0.7736842105263158, 0.8289473684210527, 0.8289473684210527, 0.7810526315789473, 0.7810526315789473, 0.7452631578947368, 0.7810526315789473, 0.7628947368421053, 0.8031578947368421]",5.9267189502716064,5.008810043334961,0.009136676788330078,0.0,0.0,0.33391523361206055,1117838,ai05,success,
roberta_base_agnews,AGNews,10,0.05,42,100,1.0,dp_avg_eps2_K20,dp_avg,4,4.043601857518789,0.6893421052631579,0.4542236842105264,0.5710526315789474,0.9142105263157895,0.4789473684210526,-0.2709192134527233,0,9,"[null, 0.0, -0.26863084922010394, -0.39161904761904764, -0.38979848866498745, -0.1607142857142857, -0.2756342068787674, -0.37662337662337664, -0.3037950482745435, -0.2714576180793974]","[null, 1.0, 0.6949740034662045, 0.6049523809523809, 0.607367758186398, 0.7053571428571429, 0.6998033716919705, 0.5844155844155844, 0.6638179906318707, 0.727942401919936]","[null, 1.0, 0.9636048526863085, 0.9965714285714286, 0.9971662468513854, 0.8660714285714286, 0.9754375785707379, 0.961038961038961, 0.9676130389064143, 0.9994000199993334]",0.6953289473684211,10,"[0.6893421052631579, 0.6592105263157895, 0.6563157894736842, 0.7143859649122807, 0.7143859649122807, 0.6592105263157895, 0.7223684210526315, 0.7143859649122807, 0.7194736842105263, 0.7042105263157895]",6.842676639556885,5.025498867034912,0.07146382331848145,0.8891561031341553,0.00036597251892089844,0.2802436351776123,1117838,ai05,success,
roberta_base_agnews,AGNews,10,0.05,43,100,1.0,dp_avg_eps2_K20,dp_avg,4,4.050649764344406,0.67,0.4564473684210526,0.584078947368421,0.9142105263157895,0.4814473684210526,-0.3155318872183799,0,9,"[-0.1275674758105585, -0.44432194046306506, -0.35726461445903945, -0.1391982182628062, null, -0.30906392801620575, -0.4117647058823529, -0.3553719008264463, -0.3527080581241744, -0.342526143120771]","[0.8714140213885588, 0.5545755237045203, 0.6407968180754704, 0.8574610244988864, null, 0.6864370848447732, 0.5294117647058824, 0.6115702479338843, 0.6287978863936592, 0.6560727223019616]","[0.9989814971991173, 0.9988974641675854, 0.9980614325345099, 0.9966592427616926, null, 0.9955010128609789, 0.9411764705882353, 0.9669421487603306, 0.9815059445178336, 0.9985988654227326]",0.659551656920078,9,"[0.5894736842105263, 0.713859649122807, 0.6875438596491228, 0.6289473684210526, 0.67, 0.6405263157894737, 0.713859649122807, 0.713859649122807, 0.5778947368421052, null]",6.881501197814941,5.054885149002075,0.06806182861328125,0.9050817489624023,0.00036716461181640625,0.27919912338256836,1117838,ai05,success,
roberta_base_agnews,AGNews,10,0.05,44,100,1.0,dp_avg_eps2_K20,dp_avg,4,4.027436119744127,0.7038157894736842,0.45785526315789477,0.7601315789473684,0.9142105263157895,0.46842105263157896,-0.21070172360887646,0,8,"[-0.39341933956681263, -0.2824560790751284, null, -0.15431988041853506, -0.15415778251599155, null, -0.15337353510069396, -0.26678118141043994, -0.28110599078341014, 0.0]","[0.5953367262397917, 0.7156229261988754, null, 0.8452017937219731, 0.8398720682302772, null, 0.8456024576174764, 0.6466456722969749, 0.695852534562212, 1.0]","[0.9887560658066044, 0.9980790052740037, null, 0.9995216741405082, 0.9940298507462687, null, 0.9989759927181704, 0.9134268537074148, 0.9769585253456221, 1.0]",0.7102241715399609,9,"[0.7581578947368421, 0.6991228070175438, 0.7038157894736842, 0.6494736842105263, 0.6273684210526316, 0.7038157894736842, 0.6494736842105263, 0.8426315789473684, 0.7581578947368421, null]",6.755595445632935,5.0331878662109375,0.06949114799499512,0.8015613555908203,0.0003764629364013672,0.27701425552368164,1117838,ai05,success,
roberta_base_agnews,AGNews,10,0.05,42,100,1.0,dp_avg_eps8_K20,dp_avg,4,1.0109004643796973,0.7996052631578947,0.4542236842105264,0.5710526315789474,0.9142105263157895,0.7225,-0.1795370778985695,0,9,"[null, 0.0, -0.18370883882149047, -0.29828571428571427, -0.27991183879093207, -0.07142857142857151, -0.18492731199432677, -0.2857142857142857, -0.20099416881751264, -0.11086297123429223]","[null, 1.0, 0.779896013864818, 0.6982857142857143, 0.7172544080604534, 0.7946428571428571, 0.7905102665764111, 0.6753246753246753, 0.7666188700889016, 0.8885370487650411]","[null, 1.0, 0.9636048526863085, 0.9965714285714286, 0.9971662468513854, 0.8660714285714286, 0.9754375785707379, 0.961038961038961, 0.9676130389064143, 0.9994000199993334]",0.80325,10,"[0.7996052631578947, 0.7628947368421053, 0.7581578947368421, 0.8240350877192982, 0.8240350877192982, 0.7628947368421053, 0.8410526315789474, 0.8240350877192982, 0.8363157894736842, 0.7994736842105263]",6.832200527191162,5.012976408004761,0.06720519065856934,0.8930127620697021,0.00037288665771484375,0.28070592880249023,1117838,ai05,success,
roberta_base_agnews,AGNews,10,0.05,43,100,1.0,dp_avg_eps8_K20,dp_avg,4,1.0126624410861016,0.8082894736842106,0.4564473684210526,0.584078947368421,0.9142105263157895,0.7593421052631579,-0.18492463946498627,0,9,"[-0.051689017144797234, -0.26394707828004405, -0.16100137036665663, -0.05456570155901996, null, -0.17378810006124268, -0.23529411764705876, -0.2024793388429752, -0.2536327608982827, -0.2679242703847994]","[0.9472924800543201, 0.7349503858875414, 0.8370600621678532, 0.9420935412026726, null, 0.8217129127997362, 0.7058823529411765, 0.7644628099173554, 0.7278731836195509, 0.7306745950379332]","[0.9989814971991173, 0.9988974641675854, 0.9980614325345099, 0.9966592427616926, null, 0.9955010128609789, 0.9411764705882353, 0.9669421487603306, 0.9815059445178336, 0.9985988654227326]",0.7906286549707603,9,"[0.7255263157894737, 0.8343859649122807, 0.8005263157894736, 0.7763157894736842, 0.8082894736842106, 0.7210526315789474, 0.8343859649122807, 0.8343859649122807, 0.7807894736842105, null]",6.858734846115112,5.043627738952637,0.06970715522766113,0.8920772075653076,0.00037360191345214844,0.2800300121307373,1117838,ai05,success,
roberta_base_agnews,AGNews,10,0.05,44,100,1.0,dp_avg_eps8_K20,dp_avg,4,1.0068590299360318,0.785,0.45785526315789477,0.7601315789473684,0.9142105263157895,0.7065789473684211,-0.13267488112331322,0,8,"[-0.28097999763285597, -0.19377597708777206, null, -0.06642750373692075, -0.06588486140724947, null, -0.07361474570485826, -0.20099246111270164, -0.17972350230414746, 0.0]","[0.7077760681737484, 0.8043030281862317, null, 0.9330941704035874, 0.9281449893390192, null, 0.9253612470133121, 0.7124343925947132, 0.7972350230414746, 1.0]","[0.9887560658066044, 0.9980790052740037, null, 0.9995216741405082, 0.9940298507462687, null, 0.9989759927181704, 0.9134268537074148, 0.9769585253456221, 1.0]",0.7906335282651074,9,"[0.8139473684210526, 0.7770175438596492, 0.785, 0.7560526315789474, 0.7023684210526315, 0.785, 0.7560526315789474, 0.9263157894736842, 0.8139473684210526, null]",6.767534494400024,5.04349946975708,0.06699967384338379,0.8043520450592041,0.0003662109375,0.2782862186431885,1117838,ai05,success,
roberta_base_agnews,AGNews,10,0.05,42,100,1.0,labelled_probe_warmup,labelled,100,0.0,0.8236842105263158,0.4542236842105264,0.5710526315789474,0.9142105263157895,0.7918421052631579,-0.15894974386604444,0,9,"[null, 0.0, -0.0987868284228769, -0.2979047619047619, -0.2874685138539044, -0.0803571428571429, -0.17055088160397125, -0.2597402597402597, -0.16887486855941114, -0.06686443785207163]","[null, 1.0, 0.8648180242634316, 0.6986666666666667, 0.7096977329974811, 0.7857142857142857, 0.8048866969667666, 0.7012987012987013, 0.7987381703470031, 0.9325355821472617]","[null, 1.0, 0.9636048526863085, 0.9965714285714286, 0.9971662468513854, 0.8660714285714286, 0.9754375785707379, 0.961038961038961, 0.9676130389064143, 0.9994000199993334]",0.8348157894736842,10,"[0.8236842105263158, 0.7839473684210526, 0.755, 0.8621052631578947, 0.8621052631578947, 0.7839473684210526, 0.8923684210526316, 0.8621052631578947, 0.863421052631579, 0.8594736842105263]",6.806606292724609,5.042677879333496,0.011123418807983398,0.8923397064208984,0.00036907196044921875,0.28238654136657715,1117838,ai05,success,
roberta_base_agnews,AGNews,10,0.05,43,100,1.0,labelled_probe_warmup,labelled,100,0.0,0.8239473684210527,0.4564473684210526,0.584078947368421,0.9142105263157895,0.7931578947368421,-0.16424357917641721,0,9,"[-0.045068748939059655, -0.22469680264608594, -0.1446906647949464, -0.04565701559020041, null, -0.14721816554388278, -0.196078431372549, -0.16942148760330578, -0.2457067371202114, -0.25965415897751354]","[0.9539127482600577, 0.7742006615214995, 0.8533707677395634, 0.9510022271714922, null, 0.8482828473170961, 0.7450980392156863, 0.7975206611570248, 0.7357992073976222, 0.738944706445219]","[0.9989814971991173, 0.9988974641675854, 0.9980614325345099, 0.9966592427616926, null, 0.9955010128609789, 0.9411764705882353, 0.9669421487603306, 0.9815059445178336, 0.9985988654227326]",0.8032456140350877,9,"[0.7471052631578947, 0.8414035087719298, 0.8157894736842105, 0.7855263157894737, 0.8239473684210527, 0.7226315789473684, 0.8414035087719298, 0.8414035087719298, 0.81, null]",6.775856971740723,5.027653217315674,0.010923147201538086,0.8859467506408691,0.0003840923309326172,0.2786839008331299,1117838,ai05,success,
roberta_base_agnews,AGNews,10,0.05,44,100,1.0,labelled_probe_warmup,labelled,100,0.0,0.8211842105263157,0.45785526315789477,0.7601315789473684,0.9142105263157895,0.7810526315789473,-0.17739553068477812,0,8,"[-0.25943898686235056, -0.16412280395375645, null, -0.06768310911808662, -0.061833688699360345, null, -0.06872226646945045, -0.14068136272545095, -0.15668202764976957, -0.5]","[0.7293170789442538, 0.8339562013202473, null, 0.9318385650224216, 0.9321961620469084, null, 0.9302537262487199, 0.7727454909819639, 0.8202764976958525, 0.5]","[0.9887560658066044, 0.9980790052740037, null, 0.9995216741405082, 0.9940298507462687, null, 0.9989759927181704, 0.9134268537074148, 0.9769585253456221, 1.0]",0.8266861598440546,9,"[0.8657894736842106, 0.8191228070175438, 0.8211842105263157, 0.776578947368421, 0.763421052631579, 0.8211842105263157, 0.776578947368421, 0.9305263157894736, 0.8657894736842106, null]",6.681576728820801,5.006915330886841,0.012916326522827148,0.7995564937591553,0.0003676414489746094,0.28721141815185547,1117838,ai05,success,
roberta_base_agnews,AGNews,10,0.05,42,100,1.0,no_phase0,none,0,0.0,0.704078947368421,0.4542236842105264,0.5710526315789474,0.9142105263157895,0.20355263157894737,-0.30002975250391084,0,9,"[null, -0.25, -0.2772963604852686, -0.4281904761904761, -0.4124685138539044, -0.1160714285714286, -0.23089320826483584, -0.4675324675324675, -0.32635503297963864, -0.19146028465717813]","[null, 0.75, 0.6863084922010398, 0.5683809523809524, 0.5846977329974811, 0.75, 0.744544370305902, 0.4935064935064935, 0.6412580059267756, 0.8079397353421552]","[null, 1.0, 0.9636048526863085, 0.9965714285714286, 0.9971662468513854, 0.8660714285714286, 0.9754375785707379, 0.961038961038961, 0.9676130389064143, 0.9994000199993334]",0.7065657894736843,10,"[0.704078947368421, 0.6331578947368421, 0.6623684210526316, 0.7436842105263158, 0.7436842105263158, 0.6331578947368421, 0.7457894736842106, 0.7436842105263158, 0.775, 0.6810526315789474]",6.783843517303467,5.030782461166382,0.0046732425689697266,0.8909792900085449,0.00037670135498046875,0.28197264671325684,1117838,ai05,success,
roberta_base_agnews,AGNews,10,0.05,43,100,1.0,no_phase0,none,0,0.0,0.7423684210526316,0.4564473684210526,0.584078947368421,0.9142105263157895,0.27407894736842103,-0.2714101025133857,0,9,"[-0.147598030894585, -0.33627342888643874, -0.22186570406764938, -0.15144766146993316, null, -0.25422810571442034, -0.4117647058823529, -0.2727272727272727, -0.31704095112285335, -0.32974506185496555]","[0.8513834663045323, 0.6626240352811467, 0.7761957284668605, 0.8452115812917594, null, 0.7412729071465586, 0.5294117647058824, 0.6942148760330579, 0.6644649933949802, 0.668853803567767]","[0.9989814971991173, 0.9988974641675854, 0.9980614325345099, 0.9966592427616926, null, 0.9955010128609789, 0.9411764705882353, 0.9669421487603306, 0.9815059445178336, 0.9985988654227326]",0.7277485380116959,9,"[0.6644736842105263, 0.7685964912280702, 0.7310526315789474, 0.7207894736842105, 0.7423684210526316, 0.6652631578947369, 0.7685964912280702, 0.7685964912280702, 0.72, null]",6.778016090393066,5.022586345672607,0.004769086837768555,0.8897206783294678,0.0003674030303955078,0.2802317142486572,1117838,ai05,success,
roberta_base_agnews,AGNews,10,0.05,44,100,1.0,no_phase0,none,0,0.0,0.6844736842105263,0.45785526315789477,0.7601315789473684,0.9142105263157895,0.22263157894736843,-0.29702300211289134,0,8,"[-0.3506923896319091, -0.26296671440047503, null, -0.2585949177877429, -0.2503198294243071, null, -0.26305609284332687, -0.26013932627159075, -0.2304147465437788, -0.5]","[0.6380636761746953, 0.7351122908735287, null, 0.7409267563527653, 0.7437100213219616, null, 0.7359198998748435, 0.6532875274358241, 0.7465437788018433, 0.5]","[0.9887560658066044, 0.9980790052740037, null, 0.9995216741405082, 0.9940298507462687, null, 0.9989759927181704, 0.9134268537074148, 0.9769585253456221, 1.0]",0.6826413255360625,9,"[0.6947368421052632, 0.6687719298245614, 0.6844736842105263, 0.6742105263157895, 0.6381578947368421, 0.6844736842105263, 0.6742105263157895, 0.73, 0.6947368421052632, null]",6.6771769523620605,4.9998860359191895,0.006076335906982422,0.8173434734344482,0.00037860870361328125,0.27843642234802246,1117838,ai05,success,
roberta_base_agnews,AGNews,10,0.05,42,100,1.0,raw_union_K20,raw_union,227,0.0,0.8555263157894737,0.4542236842105264,0.5710526315789474,0.9142105263157895,0.8442105263157895,-0.10162662577347763,0,9,"[null, 0.0, -0.10225303292894283, -0.1321904761904762, -0.11555415617128473, -0.07142857142857151, -0.20787802598072402, -0.1298701298701298, -0.0963005448809865, -0.059164694510183025]","[null, 1.0, 0.8613518197573656, 0.8643809523809524, 0.8816120906801007, 0.7946428571428571, 0.7675595525900138, 0.8311688311688312, 0.8713124940254278, 0.9402353254891503]","[null, 1.0, 0.9636048526863085, 0.9965714285714286, 0.9971662468513854, 0.8660714285714286, 0.9754375785707379, 0.961038961038961, 0.9676130389064143, 0.9994000199993334]",0.8541315789473684,10,"[0.8555263157894737, 0.8689473684210526, 0.8157894736842105, 0.8464912280701754, 0.8464912280701754, 0.8689473684210526, 0.8952631578947369, 0.8464912280701754, 0.8421052631578947, 0.8552631578947368]",6.853440284729004,5.032233715057373,0.07022213935852051,0.8921370506286621,0.0003750324249267578,0.28064656257629395,1117838,ai05,success,
roberta_base_agnews,AGNews,10,0.05,43,100,1.0,raw_union_K20,raw_union,264,0.0,0.8480263157894737,0.4564473684210526,0.584078947368421,0.9142105263157895,0.8401315789473685,-0.12099134209249376,0,9,"[-0.04455949753861821, -0.11532524807056221, -0.14067983555600116, -0.03452115812917589, null, -0.08383191218730857, -0.07843137254901955, -0.07851239669421484, -0.24834874504623516, -0.26471191306130815]","[0.9544219996604991, 0.8835722160970232, 0.8573815969785087, 0.9621380846325167, null, 0.9116691006736704, 0.8627450980392157, 0.8884297520661157, 0.7331571994715984, 0.7338869523614244]","[0.9989814971991173, 0.9988974641675854, 0.9980614325345099, 0.9966592427616926, null, 0.9955010128609789, 0.9411764705882353, 0.9669421487603306, 0.9815059445178336, 0.9985988654227326]",0.8162524366471735,9,"[0.7931578947368421, 0.8366666666666667, 0.8471929824561404, 0.7773684210526316, 0.8480263157894737, 0.7042105263157895, 0.8366666666666667, 0.8366666666666667, 0.8663157894736843, null]",6.890061855316162,5.044782400131226,0.07032370567321777,0.9193472862243652,0.00037097930908203125,0.27935314178466797,1117838,ai05,success,
roberta_base_agnews,AGNews,10,0.05,44,100,1.0,raw_union_K20,raw_union,229,0.0,0.834078947368421,0.45785526315789477,0.7601315789473684,0.9142105263157895,0.8185526315789474,-0.08112217813367785,0,8,"[-0.16747544088057764, -0.09975201704446235, null, -0.041853512705530616, -0.04264392324093824, null, -0.04596654909546016, -0.16833667334669344, -0.08294930875576034, 0.0]","[0.8212806249260267, 0.8983269882295414, null, 0.9576681614349776, 0.9513859275053305, null, 0.9530094436227102, 0.7450901803607214, 0.8940092165898618, 1.0]","[0.9887560658066044, 0.9980790052740037, null, 0.9995216741405082, 0.9940298507462687, null, 0.9989759927181704, 0.9134268537074148, 0.9769585253456221, 1.0]",0.8349707602339181,9,"[0.8126315789473684, 0.8136842105263158, 0.834078947368421, 0.8555263157894737, 0.7444736842105263, 0.834078947368421, 0.8555263157894737, 0.9521052631578948, 0.8126315789473684, null]",6.801503419876099,5.028782844543457,0.06641244888305664,0.8527872562408447,0.00036454200744628906,0.2787480354309082,1117838,ai05,success,
roberta_base_agnews,AGNews,10,0.05,42,100,1.0,warmup_only_labelled,warmup_only,100,0.0,0.7918421052631579,0.4542236842105264,0.5710526315789474,0.9142105263157895,0.7918421052631579,-0.20343803109693395,0,9,"[null, 0.0, -0.11958405545927209, -0.36990476190476185, -0.35264483627204035, -0.0982142857142857, -0.17954420913515778, -0.4025974025974026, -0.21122263645922945, -0.0972300923302557]","[null, 1.0, 0.8440207972270364, 0.6266666666666667, 0.6445214105793451, 0.7678571428571429, 0.7958933694355801, 0.5584415584415584, 0.7563904024471848, 0.9021699276690777]","[null, 1.0, 0.9636048526863085, 0.9965714285714286, 0.9971662468513854, 0.8660714285714286, 0.9754375785707379, 0.961038961038961, 0.9676130389064143, 0.9994000199993334]",0.8062894736842106,10,"[0.7918421052631579, 0.7394736842105263, 0.7155263157894737, 0.8421052631578947, 0.8421052631578947, 0.7394736842105263, 0.8681578947368421, 0.8421052631578947, 0.8442105263157895, 0.8378947368421052]",5.965676307678223,5.062459945678711,0.009470462799072266,0.0,0.0,0.3163301944732666,1117838,ai05,success,
roberta_base_agnews,AGNews,10,0.05,43,100,1.0,warmup_only_labelled,warmup_only,100,0.0,0.7931578947368421,0.4564473684210526,0.584078947368421,0.9142105263157895,0.7931578947368421,-0.1942990282259735,0,9,"[-0.05491427601425902, -0.26262403528114664, -0.1693906881914503, -0.0523385300668151, null, -0.17230414095256041, -0.21568627450980393, -0.19421487603305787, -0.30779392338177014, -0.3194245096028979]","[0.9440672211848583, 0.7362734288864388, 0.8286707443430595, 0.9443207126948775, null, 0.8231968719084185, 0.7254901960784313, 0.7727272727272727, 0.6737120211360634, 0.6791743558198347]","[0.9989814971991173, 0.9988974641675854, 0.9980614325345099, 0.9966592427616926, null, 0.9955010128609789, 0.9411764705882353, 0.9669421487603306, 0.9815059445178336, 0.9985988654227326]",0.7672709551656919,9,"[0.7026315789473684, 0.8112280701754386, 0.7828070175438596, 0.7452631578947368, 0.7931578947368421, 0.6663157894736842, 0.8112280701754386, 0.8112280701754386, 0.781578947368421, null]",5.909713983535767,5.049195289611816,0.008822917938232422,0.0,0.0,0.2802739143371582,1117838,ai05,success,
roberta_base_agnews,AGNews,10,0.05,44,100,1.0,warmup_only_labelled,warmup_only,100,0.0,0.7810526315789473,0.45785526315789477,0.7601315789473684,0.9142105263157895,0.7810526315789473,-0.21099887947606208,0,8,"[-0.33424073854894076, -0.18738430372672976, null, -0.11025411061285495, -0.10213219616204694, null, -0.11207190806690182, -0.17600916117950183, -0.16589861751152069, -0.5]","[0.6545153272576636, 0.810694701547274, null, 0.8892675635276532, 0.8918976545842218, null, 0.8869040846512686, 0.737417692527913, 0.8110599078341014, 0.5]","[0.9887560658066044, 0.9980790052740037, null, 0.9995216741405082, 0.9940298507462687, null, 0.9989759927181704, 0.9134268537074148, 0.9769585253456221, 1.0]",0.7849707602339181,9,"[0.841842105263158, 0.7736842105263158, 0.7810526315789473, 0.7202631578947368, 0.7163157894736842, 0.7810526315789473, 0.7202631578947368, 0.888421052631579, 0.841842105263158, null]",5.898556232452393,5.033315658569336,0.009393692016601562,0.0,0.0,0.2807729244232178,1117838,ai05,success,
roberta_base_agnews,AGNews,10,0.1,42,100,1.0,dp_avg_eps2_K20,dp_avg,4,4.043601857518789,0.7413157894736843,0.5367368421052632,0.718421052631579,0.9142105263157895,0.5330263157894737,-0.2734706060180999,0,10,"[-0.3529411764705882, -0.2219451371571073, -0.26315789473684215, -0.35237295254094925, -0.3532764567072064, -0.162559883568151, -0.21176470588235297, -0.2945830797321972, -0.29733856893542754, -0.22476620445017736]","[0.6470588235294118, 0.7506234413965087, 0.6631578947368421, 0.6371272574548509, 0.645997458703939, 0.8320632289624225, 0.7695501730103806, 0.6956786366402922, 0.7004435718440954, 0.7612598086638719]","[1.0, 0.972568578553616, 0.9263157894736842, 0.9895002099958001, 0.9992739154111454, 0.9946231125305734, 0.9813148788927336, 0.9902617163724894, 0.997782140779523, 0.9860260131140492]",0.7489961013645224,9,"[0.7786842105263158, 0.6652631578947369, 0.7657894736842106, 0.7786842105263158, 0.7743859649122807, 0.6652631578947369, 0.6884210526315789, 0.7555263157894737, 0.8689473684210526, null]",6.940486907958984,5.040256023406982,0.06922602653503418,0.9802572727203369,0.0003783702850341797,0.2756822109222412,1117838,ai05,success,
roberta_base_agnews,AGNews,10,0.1,43,100,1.0,dp_avg_eps2_K20,dp_avg,4,4.050649764344406,0.7436842105263158,0.6406842105263157,0.8606578947368421,0.9142105263157895,0.5038157894736842,-0.21558357721483506,0,10,"[-0.13866085888200141, -0.3495857101219969, -0.2661498708010336, -0.20418338108882528, -0.2071615621086189, -0.24294670846394983, -0.18912307880468016, -0.10434782608695647, -0.3028521023228462, -0.150824673467442]","[0.8530742167867315, 0.6494566348836242, 0.6563307493540051, 0.7305444126074498, 0.7561197768416259, 0.6692789968652038, 0.7564107790778263, 0.7304347826086957, 0.695824757424287, 0.8437410620650205]","[0.9917350756687329, 0.9990423450056211, 0.9224806201550387, 0.9347277936962751, 0.9632813389502448, 0.9122257053291536, 0.9455338578825064, 0.8347826086956521, 0.9986768597471332, 0.9945657355324625]",0.8136466165413534,7,"[null, 0.7223684210526315, 0.8205263157894737, null, 0.765, 0.8742105263157894, 0.8742105263157894, 0.8742105263157894, 0.765, null]",6.959940195083618,5.064056873321533,0.05975961685180664,0.9893205165863037,0.00037980079650878906,0.27207517623901367,1117838,ai05,success,
roberta_base_agnews,AGNews,10,0.1,44,100,1.0,dp_avg_eps2_K20,dp_avg,4,4.027436119744127,0.7128947368421052,0.5343421052631578,0.6657894736842105,0.9142105263157895,0.5522368421052631,-0.2352165851688232,0,10,"[-0.22432432432432436, -0.2663825651377518, -0.22958057395143494, -0.12119039082108274, -0.17903415783274446, -0.3487145682267634, -0.33789984927147876, -0.3670420095279342, -0.1241512587485637, -0.15384615384615385]","[0.754054054054054, 0.7315240551755074, 0.7306843267108167, 0.8766583004661169, 0.8167451904201021, 0.6440342781806196, 0.6528219728688662, 0.6320557239786343, 0.8751175180194296, 0.8461538461538461]","[0.9783783783783784, 0.9979066203132593, 0.9602649006622517, 0.9978486912871997, 0.9957793482528465, 0.992748846407383, 0.990721822140345, 0.9990977335065685, 0.9992687767679933, 1.0]",0.6669005847953217,9,"[0.7610526315789473, 0.6231578947368421, 0.6231578947368421, 0.6231578947368421, 0.6857894736842105, 0.74, 0.6021052631578947, 0.6857894736842105, 0.6578947368421053, null]",6.953617572784424,5.044651746749878,0.06850218772888184,0.9882380962371826,0.00036454200744628906,0.27627110481262207,1117838,ai05,success,
roberta_base_agnews,AGNews,10,0.1,42,100,1.0,dp_avg_eps8_K20,dp_avg,4,1.0109004643796973,0.8119736842105263,0.5367368421052632,0.718421052631579,0.9142105263157895,0.7580263157894737,-0.2000040013051357,0,10,"[-0.2941176470588235, -0.17705735660847888, -0.1473684210526316, -0.2448551028979421, -0.2612815392993284, -0.11515837561399611, -0.18685121107266445, -0.191722458916616, -0.19469895287958117, -0.1869289476512953]","[0.7058823529411765, 0.7955112219451371, 0.7789473684210526, 0.744645107097858, 0.737992376111817, 0.8794647369165773, 0.7944636678200692, 0.7985392574558734, 0.8030831878999418, 0.7990970654627539]","[1.0, 0.972568578553616, 0.9263157894736842, 0.9895002099958001, 0.9992739154111454, 0.9946231125305734, 0.9813148788927336, 0.9902617163724894, 0.997782140779523, 0.9860260131140492]",0.8222807017543862,9,"[0.8507894736842105, 0.7655263157894737, 0.8026315789473685, 0.8507894736842105, 0.8347368421052631, 0.7655263157894737, 0.7873684210526316, 0.8289473684210527, 0.9142105263157895, null]",6.957900285720825,5.052845001220703,0.07118630409240723,0.9813106060028076,0.0003705024719238281,0.27590179443359375,1117838,ai05,success,
roberta_base_agnews,AGNews,10,0.1,43,100,1.0,dp_avg_eps8_K20,dp_avg,4,1.0126624410861016,0.8263157894736842,0.6406842105263157,0.8606578947368421,0.9142105263157895,0.7871052631578948,-0.13638688490143727,0,10,"[-0.07550120064779131, -0.2528625556897198, -0.18604651162790697, -0.1272779369627508, -0.12353409996584308, -0.1520376175548589, -0.10395857964042565, -0.02608695652173909, -0.23228462216994994, -0.08427876823338731]","[0.9162338750209416, 0.7461797893159012, 0.7364341085271318, 0.8074498567335243, 0.8397472389844017, 0.7601880877742947, 0.8415752782420808, 0.808695652173913, 0.7663922375771832, 0.9102869672990752]","[0.9917350756687329, 0.9990423450056211, 0.9224806201550387, 0.9347277936962751, 0.9632813389502448, 0.9122257053291536, 0.9455338578825064, 0.8347826086956521, 0.9986768597471332, 0.9945657355324625]",0.8854887218045112,7,"[null, 0.8142105263157895, 0.9, null, 0.838421052631579, 0.9357894736842105, 0.9357894736842105, 0.9357894736842105, 0.838421052631579, null]",6.893062353134155,5.000585556030273,0.06371855735778809,0.9836091995239258,0.0003733634948730469,0.27033352851867676,1117838,ai05,success,
roberta_base_agnews,AGNews,10,0.1,44,100,1.0,dp_avg_eps8_K20,dp_avg,4,1.0068590299360318,0.790921052631579,0.5343421052631578,0.6657894736842105,0.9142105263157895,0.7422368421052632,-0.15975225524119802,0,10,"[-0.14729729729729735, -0.18608650143919847, -0.14569536423841056, -0.046611688777339455, -0.10041224970553597, -0.28675016479894533, -0.2810249539440629, -0.2800274289014003, -0.0466938263867126, -0.07692307692307687]","[0.831081081081081, 0.8118201188740608, 0.8145695364238411, 0.9512370025098602, 0.8953670985473106, 0.7059986816084377, 0.7096968681962821, 0.7190703046051682, 0.9525749503812807, 0.9230769230769231]","[0.9783783783783784, 0.9979066203132593, 0.9602649006622517, 0.9978486912871997, 0.9957793482528465, 0.992748846407383, 0.990721822140345, 0.9990977335065685, 0.9992687767679933, 1.0]",0.747953216374269,9,"[0.8323684210526315, 0.7073684210526315, 0.7073684210526315, 0.7073684210526315, 0.758421052631579, 0.8234210526315789, 0.6984210526315789, 0.758421052631579, 0.738421052631579, null]",6.913297176361084,5.012534141540527,0.07255053520202637,0.9782190322875977,0.0003666877746582031,0.2757432460784912,1117838,ai05,success,
roberta_base_agnews,AGNews,10,0.1,42,100,1.0,labelled_probe_warmup,labelled,100,0.0,0.8221052631578948,0.5367368421052632,0.718421052631579,0.9142105263157895,0.7918421052631579,-0.199463172481697,0,10,"[-0.4117647058823529, -0.1645885286783043, -0.11578947368421055, -0.28727425451490973, -0.30510074423670364, -0.10468759475248124, -0.1723183391003461, -0.12903225806451613, -0.13198080279232116, -0.17209502311082447]","[0.5882352941176471, 0.8079800498753117, 0.8105263157894737, 0.7022259554808904, 0.6941731711744418, 0.8899355177780922, 0.8089965397923875, 0.8612294583079733, 0.8658013379872018, 0.8139309900032248]","[1.0, 0.972568578553616, 0.9263157894736842, 0.9895002099958001, 0.9992739154111454, 0.9946231125305734, 0.9813148788927336, 0.9902617163724894, 0.997782140779523, 0.9860260131140492]",0.844746588693957,9,"[0.8918421052631579, 0.7742105263157895, 0.81, 0.8918421052631579, 0.864561403508772, 0.7742105263157895, 0.8536842105263158, 0.8123684210526316, 0.93, null]",6.924564361572266,5.068926811218262,0.012342691421508789,0.9952521324157715,0.0003752708435058594,0.27434611320495605,1117838,ai05,success,
roberta_base_agnews,AGNews,10,0.1,43,100,1.0,labelled_probe_warmup,labelled,100,0.0,0.8251315789473684,0.6406842105263157,0.8606578947368421,0.9142105263157895,0.7931578947368421,-0.13535197770035462,0,10,"[-0.05528564248617851, -0.22925427821959454, -0.16279069767441856, -0.12659025787965617, -0.14027097802573152, -0.13793103448275856, -0.12055118431244649, -0.06956521739130428, -0.2500735077918259, -0.06120697873963199]","[0.9364494331825544, 0.7697880667860265, 0.7596899224806202, 0.808137535816619, 0.8230103609245133, 0.774294670846395, 0.8249826735700599, 0.7652173913043478, 0.7486033519553073, 0.9333587567928305]","[0.9917350756687329, 0.9990423450056211, 0.9224806201550387, 0.9347277936962751, 0.9632813389502448, 0.9122257053291536, 0.9455338578825064, 0.8347826086956521, 0.9986768597471332, 0.9945657355324625]",0.8940225563909774,7,"[null, 0.7928947368421052, 0.9005263157894737, null, 0.8573684210526316, 0.95, 0.95, 0.95, 0.8573684210526316, null]",6.90922212600708,5.061752796173096,0.01103973388671875,0.9908227920532227,0.00036454200744628906,0.27188777923583984,1117838,ai05,success,
roberta_base_agnews,AGNews,10,0.1,44,100,1.0,labelled_probe_warmup,labelled,100,0.0,0.8182894736842106,0.5343421052631578,0.6657894736842105,0.9142105263157895,0.7810526315789473,-0.14801043990380452,0,10,"[-0.12702702702702706, -0.163769578707338, -0.13024282560706402, -0.06418070993187519, -0.09442481350608567, -0.29531970995385637, -0.27794339306648796, -0.18456763389634767, -0.06570563041888644, -0.07692307692307687]","[0.8513513513513513, 0.8341370416059213, 0.8300220750551877, 0.9336679813553245, 0.9013545347467609, 0.6974291364535267, 0.712778429073857, 0.8145300996102208, 0.9335631463491069, 0.9230769230769231]","[0.9783783783783784, 0.9979066203132593, 0.9602649006622517, 0.9978486912871997, 0.9957793482528465, 0.992748846407383, 0.990721822140345, 0.9990977335065685, 0.9992687767679933, 1.0]",0.7870760233918129,9,"[0.8215789473684211, 0.7573684210526316, 0.7573684210526316, 0.7573684210526316, 0.7707894736842106, 0.8657894736842106, 0.8015789473684211, 0.7707894736842106, 0.7810526315789473, null]",6.906391620635986,5.04175877571106,0.01148223876953125,1.0014197826385498,0.0003800392150878906,0.27649545669555664,1117838,ai05,success,
roberta_base_agnews,AGNews,10,0.1,42,100,1.0,no_phase0,none,0,0.0,0.6831578947368421,0.5367368421052632,0.718421052631579,0.9142105263157895,0.20355263157894737,-0.33733072572524486,0,10,"[-0.5294117647058824, -0.21446384039900257, -0.30000000000000004, -0.4800503989920202, -0.48752949718642224, -0.17462755958036025, -0.20761245674740492, -0.383444917833232, -0.3763452588714369, -0.2198215629366871]","[0.47058823529411764, 0.7581047381546134, 0.6263157894736842, 0.50944981100378, 0.5117444182247232, 0.8199955529502132, 0.7737024221453287, 0.6068167985392574, 0.6214368819080861, 0.7662044501773622]","[1.0, 0.972568578553616, 0.9263157894736842, 0.9895002099958001, 0.9992739154111454, 0.9946231125305734, 0.9813148788927336, 0.9902617163724894, 0.997782140779523, 0.9860260131140492]",0.6886842105263159,9,"[0.7223684210526315, 0.56, 0.7705263157894737, 0.7223684210526315, 0.738421052631579, 0.56, 0.6026315789473684, 0.6797368421052632, 0.8421052631578947, null]",6.879025220870972,5.0266454219818115,0.004802227020263672,0.995384693145752,0.00036716461181640625,0.27541494369506836,1117838,ai05,success,
roberta_base_agnews,AGNews,10,0.1,43,100,1.0,no_phase0,none,0,0.0,0.7521052631578947,0.6406842105263157,0.8606578947368421,0.9142105263157895,0.27407894736842103,-0.21363483320650553,0,10,"[-0.16809069079131067, -0.35066827663738187, -0.24031007751937983, -0.20183381088825225, -0.19116475008539224, -0.2288401253918495, -0.17322353133026214, -0.12173913043478257, -0.2882975595413113, -0.17218037944513298]","[0.8236443848774222, 0.6483740683682392, 0.6821705426356589, 0.7328939828080229, 0.7721165888648526, 0.6833855799373041, 0.7723103265522443, 0.7130434782608696, 0.7103793002058219, 0.8223853560873295]","[0.9917350756687329, 0.9990423450056211, 0.9224806201550387, 0.9347277936962751, 0.9632813389502448, 0.9122257053291536, 0.9455338578825064, 0.8347826086956521, 0.9986768597471332, 0.9945657355324625]",0.8019924812030076,7,"[null, 0.7552631578947369, 0.8218421052631579, null, 0.7489473684210526, 0.8463157894736842, 0.8463157894736842, 0.8463157894736842, 0.7489473684210526, null]",6.933825731277466,5.068983554840088,0.004907846450805664,1.0142714977264404,0.00037479400634765625,0.2709012031555176,1117838,ai05,success,
roberta_base_agnews,AGNews,10,0.1,44,100,1.0,no_phase0,none,0,0.0,0.6548684210526315,0.5343421052631578,0.6657894736842105,0.9142105263157895,0.22263157894736843,-0.31545211856284416,0,10,"[-0.22499999999999998, -0.26903667152629807, -0.22516556291390732, -0.2603083542488347, -0.28769140164899887, -0.4588002636783125, -0.42605928655166636, -0.34556806698426445, -0.27227619346077514, -0.3846153846153846]","[0.7533783783783784, 0.7288699487869612, 0.7350993377483444, 0.737540337038365, 0.7080879466038477, 0.5339485827290705, 0.5646625355886786, 0.653529666522304, 0.7269925833072182, 0.6153846153846154]","[0.9783783783783784, 0.9979066203132593, 0.9602649006622517, 0.9978486912871997, 0.9957793482528465, 0.992748846407383, 0.990721822140345, 0.9990977335065685, 0.9992687767679933, 1.0]",0.6249122807017543,9,"[0.6321052631578947, 0.5923684210526315, 0.5923684210526315, 0.5923684210526315, 0.6357894736842106, 0.6739473684210526, 0.6342105263157894, 0.6357894736842106, 0.6352631578947369, null]",6.865638256072998,5.027064323425293,0.0049915313720703125,0.9825484752655029,0.0003685951232910156,0.2765047550201416,1117838,ai05,success,
roberta_base_agnews,AGNews,10,0.1,42,100,1.0,raw_union_K20,raw_union,372,0.0,0.8696052631578948,0.5367368421052632,0.718421052631579,0.9142105263157895,0.8643421052631579,-0.13015847555634255,0,10,"[-0.11764705882352944, -0.14214463840399005, -0.0736842105263158, -0.15371692566148687, -0.1674714104193139, -0.08843564916819957, -0.1723183391003461, -0.10468654899573959, -0.1131471785922048, -0.16833279587229932]","[0.8823529411764706, 0.830423940149626, 0.8526315789473684, 0.8357832843343133, 0.8318025049918315, 0.9061874633623739, 0.8089965397923875, 0.8855751673767498, 0.8846349621873182, 0.8176932172417499]","[1.0, 0.972568578553616, 0.9263157894736842, 0.9895002099958001, 0.9992739154111454, 0.9946231125305734, 0.9813148788927336, 0.9902617163724894, 0.997782140779523, 0.9860260131140492]",0.885438596491228,9,"[0.9178947368421052, 0.8547368421052631, 0.8105263157894737, 0.9178947368421052, 0.8821052631578947, 0.8547368421052631, 0.8773684210526316, 0.8952631578947369, 0.958421052631579, null]",6.988732814788818,5.035364627838135,0.07144713401794434,1.0310420989990234,0.0003681182861328125,0.27594971656799316,1117838,ai05,success,
roberta_base_agnews,AGNews,10,0.1,43,100,1.0,raw_union_K20,raw_union,519,0.0,0.8692105263157894,0.6406842105263157,0.8606578947368421,0.9142105263157895,0.8622368421052632,-0.07609299564374056,1,10,"[-0.0666778354833305, -0.17541741266602828, -0.06459948320413433, -0.06286532951289403, -0.09330524877604462, -0.06739811912225702, -0.08557217986872678, 0.0608695652173914, -0.1376065862981476, -0.0683573267232338]","[0.9250572401854024, 0.8236249323395928, 0.8578811369509044, 0.8718624641833811, 0.8699760901742002, 0.8448275862068966, 0.8599616780137797, 0.8956521739130435, 0.8610702734489856, 0.9262084088092287]","[0.9917350756687329, 0.9990423450056211, 0.9224806201550387, 0.9347277936962751, 0.9632813389502448, 0.9122257053291536, 0.9455338578825064, 0.8347826086956521, 0.9986768597471332, 0.9945657355324625]",0.9043233082706769,7,"[null, 0.8573684210526316, 0.8986842105263158, null, 0.8810526315789474, 0.9373684210526316, 0.9373684210526316, 0.9373684210526316, 0.8810526315789474, null]",6.949357032775879,5.052098035812378,0.06720876693725586,0.9832065105438232,0.0003674030303955078,0.27171826362609863,1117838,ai05,success,
roberta_base_agnews,AGNews,10,0.1,44,100,1.0,raw_union_K20,raw_union,329,0.0,0.8518421052631578,0.5343421052631578,0.6657894736842105,0.9142105263157895,0.8457894736842105,-0.10340375035593033,0,10,"[-0.08310810810810809, -0.1107995962767746, -0.07064017660044153, -0.016851918250268882, -0.06124852767962308, -0.24456163480553728, -0.22512142019762182, -0.19997834560415761, -0.02172777603677012, 0.0]","[0.8952702702702703, 0.8871070240364847, 0.8896247240618101, 0.9809967730369308, 0.9345308205732235, 0.7481872116018458, 0.7656004019427232, 0.7991193879024109, 0.9775410007312232, 1.0]","[0.9783783783783784, 0.9979066203132593, 0.9602649006622517, 0.9978486912871997, 0.9957793482528465, 0.992748846407383, 0.990721822140345, 0.9990977335065685, 0.9992687767679933, 1.0]",0.81270955165692,9,"[0.8697368421052631, 0.7739473684210526, 0.7739473684210526, 0.7739473684210526, 0.8257894736842105, 0.8778947368421053, 0.7821052631578947, 0.8257894736842105, 0.8112280701754386, null]",6.970978260040283,5.068583250045776,0.07101845741271973,0.9800286293029785,0.00037288665771484375,0.2767956256866455,1117838,ai05,success,
roberta_base_agnews,AGNews,10,0.1,42,100,1.0,warmup_only_labelled,warmup_only,100,0.0,0.7918421052631579,0.5367368421052632,0.718421052631579,0.9142105263157895,0.7918421052631579,-0.2352989501867347,0,10,"[-0.47058823529411764, -0.1920199501246883, -0.17894736842105263, -0.34565308693826124, -0.3574514430931204, -0.13080390531826724, -0.18892733564013842, -0.14972611077297626, -0.1520506108202443, -0.18682145544448026]","[0.5294117647058824, 0.7805486284289277, 0.7473684210526316, 0.6438471230575389, 0.641822472318025, 0.8638192072123062, 0.7923875432525952, 0.8405356055995131, 0.8457315299592787, 0.799204557669569]","[1.0, 0.972568578553616, 0.9263157894736842, 0.9895002099958001, 0.9992739154111454, 0.9946231125305734, 0.9813148788927336, 0.9902617163724894, 0.997782140779523, 0.9860260131140492]",0.817046783625731,9,"[0.8681578947368421, 0.7394736842105263, 0.79, 0.8681578947368421, 0.8421052631578947, 0.7394736842105263, 0.8378947368421052, 0.7697368421052632, 0.8984210526315789, null]",5.9203245639801025,5.060727119445801,0.009559392929077148,0.0,0.0,0.27575111389160156,1117838,ai05,success,
roberta_base_agnews,AGNews,10,0.1,43,100,1.0,warmup_only_labelled,warmup_only,100,0.0,0.7931578947368421,0.6406842105263157,0.8606578947368421,0.9142105263157895,0.7931578947368421,-0.1757757013897347,0,10,"[-0.06701289998324678, -0.2593163176083608, -0.2041343669250646, -0.1765616045845273, -0.1843333712854378, -0.1724137931034483, -0.1558971013901912, -0.13913043478260867, -0.32049397236107025, -0.07846315187339115]","[0.9247221756854861, 0.7397260273972602, 0.7183462532299741, 0.7581661891117478, 0.778947967664807, 0.7398119122257053, 0.7896367564923152, 0.6956521739130435, 0.6781828873860629, 0.9161025836590714]","[0.9917350756687329, 0.9990423450056211, 0.9224806201550387, 0.9347277936962751, 0.9632813389502448, 0.9122257053291536, 0.9455338578825064, 0.8347826086956521, 0.9986768597471332, 0.9945657355324625]",0.877218045112782,7,"[null, 0.7452631578947368, 0.8836842105263157, null, 0.8410526315789474, 0.9431578947368421, 0.9431578947368421, 0.9431578947368421, 0.8410526315789474, null]",5.8739495277404785,5.020030975341797,0.009388923645019531,0.0,0.0,0.2707486152648926,1117838,ai05,success,
roberta_base_agnews,AGNews,10,0.1,44,100,1.0,warmup_only_labelled,warmup_only,100,0.0,0.7810526315789473,0.5343421052631578,0.6657894736842105,0.9142105263157895,0.7810526315789473,-0.2033259655268413,0,10,"[-0.14797297297297296, -0.18773129976449476, -0.15011037527593818, -0.10469702402294723, -0.12828818217510807, -0.3665128543177324, -0.3418187908223078, -0.18969250757903855, -0.10874334064556568, -0.3076923076923077]","[0.8304054054054054, 0.8101753205487645, 0.8101545253863135, 0.8931516672642524, 0.8674911660777385, 0.6262359920896506, 0.6489030313180372, 0.80940522592753, 0.8905254361224276, 0.6923076923076923]","[0.9783783783783784, 0.9979066203132593, 0.9602649006622517, 0.9978486912871997, 0.9957793482528465, 0.992748846407383, 0.990721822140345, 0.9990977335065685, 0.9992687767679933, 1.0]",0.7483040935672514,9,"[0.7628947368421053, 0.7163157894736842, 0.7163157894736842, 0.7163157894736842, 0.7202631578947368, 0.841842105263158, 0.7952631578947369, 0.7202631578947368, 0.7452631578947368, null]",5.886224031448364,5.027761220932007,0.008688926696777344,0.0,0.0,0.2771263122558594,1117838,ai05,success,
roberta_base_agnews,AGNews,10,0.3,42,100,1.0,dp_avg_eps2_K20,dp_avg,4,4.043601857518789,0.7810526315789473,0.7461184210526316,0.8382894736842105,0.9142105263157895,0.5876315789473684,-0.19115140710944986,0,10,"[-0.1560898002474811, -0.09404607559589107, -0.2515578121393953, -0.14382363233407203, -0.17760416666666667, -0.2606364579730197, -0.27254901960784317, -0.15961412594974522, -0.21672616012238655, -0.17886682045799818]","[0.7770903305639031, 0.9019148299591104, 0.7140549273021002, 0.8494109413274233, 0.7520833333333333, 0.7025250778277413, 0.7126696832579186, 0.7721749523348795, 0.7631310555838857, 0.7892871209137455]","[0.9331801308113842, 0.9959609055550015, 0.9656127394414955, 0.9932345736614954, 0.9296875, 0.963161535800761, 0.9852187028657617, 0.9317890782846248, 0.9798572157062723, 0.9681539413717437]",0.8084210526315788,3,"[null, null, null, null, 0.8952631578947369, null, 0.751578947368421, null, 0.7784210526315789, null]",6.976365327835083,5.077304124832153,0.06340622901916504,0.9976775646209717,0.0003695487976074219,0.2657604217529297,1117838,ai05,success,
roberta_base_agnews,AGNews,10,0.3,43,100,1.0,dp_avg_eps2_K20,dp_avg,4,4.050649764344406,0.7785526315789474,0.7474999999999998,0.8973684210526316,0.9142105263157895,0.5719736842105263,-0.18248680172372178,0,10,"[-0.11778645107332031, -0.13231197771587744, -0.23044859071059953, -0.16268146883005974, -0.18331099195710454, -0.13832658569500667, -0.29499526365645723, -0.22293265132139806, -0.13587848932676516, -0.20619554695062925]","[0.8739894061890159, 0.8440111420612814, 0.704446208813021, 0.7927697124964418, 0.7696045576407506, 0.8043184885290149, 0.6795074202715503, 0.7489343563512362, 0.805008210180624, 0.7878578343244365]","[0.9917758572623362, 0.9763231197771588, 0.9348947995236205, 0.9554511813265015, 0.9529155495978552, 0.9426450742240216, 0.9745026839280075, 0.9718670076726342, 0.9408866995073891, 0.9940533812750657]",0.8034210526315789,2,"[0.7278947368421053, null, null, null, null, null, 0.8789473684210526, null, null, null]",6.953394174575806,5.066842317581177,0.059876203536987305,0.9896411895751953,0.0003712177276611328,0.26438426971435547,1117838,ai05,success,
roberta_base_agnews,AGNews,10,0.3,44,100,1.0,dp_avg_eps2_K20,dp_avg,4,4.027436119744127,0.7522368421052632,0.7476184210526315,0.8761842105263158,0.9142105263157895,0.5319736842105263,-0.1948381867862037,0,10,"[-0.19974193548387098, -0.21042884426182074, -0.16563403552251132, -0.1348817387598551, -0.16999056307014782, -0.29175627240143365, -0.2828769017980637, -0.19320770345827298, -0.13509114583333337, -0.1647727272727273]","[0.7558709677419355, 0.7787487701834597, 0.8066914498141264, 0.8568080119326656, 0.7984900912236552, 0.6939068100358423, 0.7097095435684647, 0.719144750465935, 0.8620442708333333, 0.7897727272727273]","[0.9556129032258065, 0.9891776144452804, 0.9723254853366378, 0.9916897506925207, 0.968480654293803, 0.985663082437276, 0.9925864453665284, 0.9123524539242079, 0.9971354166666667, 0.9545454545454546]",0.6939473684210526,2,"[null, null, 0.6952631578947368, 0.6926315789473684, null, null, null, null, null, null]",6.953550338745117,5.058096170425415,0.06369185447692871,0.9905052185058594,0.000370025634765625,0.26529455184936523,1117838,ai05,success,
roberta_base_agnews,AGNews,10,0.3,42,100,1.0,dp_avg_eps8_K20,dp_avg,4,1.0109004643796973,0.8292105263157895,0.7461184210526316,0.8382894736842105,0.9142105263157895,0.7968421052631579,-0.14058718458316224,0,10,"[-0.11861410641682879, -0.056098533958312546, -0.1885529656127395, -0.11606205528986346, -0.13124999999999998, -0.20425458318920797, -0.2144796380090498, -0.113969437409294, -0.14533401325854156, -0.11725651268778492]","[0.8145660243945554, 0.939862371596689, 0.777059773828756, 0.8771725183716319, 0.7984375, 0.758906952611553, 0.770739064856712, 0.8178196408753308, 0.8345232024477307, 0.8508974286839588]","[0.9331801308113842, 0.9959609055550015, 0.9656127394414955, 0.9932345736614954, 0.9296875, 0.963161535800761, 0.9852187028657617, 0.9317890782846248, 0.9798572157062723, 0.9681539413717437]",0.8496491228070174,3,"[null, null, null, null, 0.9305263157894736, null, 0.8178947368421052, null, 0.8005263157894736, null]",6.895374536514282,5.011445760726929,0.06473731994628906,0.9781429767608643,0.0003712177276611328,0.2670621871948242,1117838,ai05,success,
roberta_base_agnews,AGNews,10,0.3,43,100,1.0,dp_avg_eps8_K20,dp_avg,4,1.0126624410861016,0.8298684210526316,0.7474999999999998,0.8973684210526316,0.9142105263157895,0.7914473684210527,-0.13738011747372034,0,10,"[-0.06370225815444663, -0.0933147632311978, -0.1742755061532355, -0.10297466552803869, -0.12935656836461118, -0.09928667823404658, -0.21866119355857272, -0.20630861040068194, -0.11371100164203607, -0.1722099294703361]","[0.9280735991078896, 0.883008356545961, 0.760619293370385, 0.8524765157984628, 0.823558981233244, 0.843358395989975, 0.7558414903694348, 0.7655583972719523, 0.827175697865353, 0.8218434518047296]","[0.9917758572623362, 0.9763231197771588, 0.9348947995236205, 0.9554511813265015, 0.9529155495978552, 0.9426450742240216, 0.9745026839280075, 0.9718670076726342, 0.9408866995073891, 0.9940533812750657]",0.8494736842105264,2,"[0.758421052631579, null, null, null, null, null, 0.9405263157894737, null, null, null]",6.962148666381836,5.04780125617981,0.06366682052612305,1.0063982009887695,0.00037479400634765625,0.2681398391723633,1117838,ai05,success,
roberta_base_agnews,AGNews,10,0.3,44,100,1.0,dp_avg_eps8_K20,dp_avg,4,1.0068590299360318,0.8103947368421053,0.7476184210526315,0.8761842105263158,0.9142105263157895,0.7610526315789473,-0.1343910060500853,0,10,"[-0.1522580645161291, -0.16511372185890383, -0.11441553077240807, -0.06456424461964627, -0.11374646115130538, -0.22329749103942653, -0.21964038727524204, -0.1482190929799131, -0.05970052083333344, -0.0829545454545455]","[0.8033548387096774, 0.8240638925863766, 0.8579099545642297, 0.9271255060728745, 0.8547341931424977, 0.7623655913978494, 0.7729460580912864, 0.7641333609442948, 0.9374348958333333, 0.8715909090909091]","[0.9556129032258065, 0.9891776144452804, 0.9723254853366378, 0.9916897506925207, 0.968480654293803, 0.985663082437276, 0.9925864453665284, 0.9123524539242079, 0.9971354166666667, 0.9545454545454546]",0.7505263157894737,2,"[null, null, 0.771578947368421, 0.7294736842105263, null, null, null, null, null, null]",6.978518962860107,5.076956510543823,0.06609320640563965,0.991734504699707,0.0003788471221923828,0.2656283378601074,1117838,ai05,success,
roberta_base_agnews,AGNews,10,0.3,42,100,1.0,labelled_probe_warmup,labelled,100,0.0,0.824078947368421,0.7461184210526316,0.8382894736842105,0.9142105263157895,0.7918421052631579,-0.15304060655206245,0,10,"[-0.13911967473926112, -0.06427645357534661, -0.22536348949919227, -0.11571211944476845, -0.15312499999999996, -0.24861639571082672, -0.26078431372549027, -0.10335505534845335, -0.11703212646608874, -0.10302143701119681]","[0.794060456072123, 0.9316844519796549, 0.7402492499423032, 0.8775224542167269, 0.7765625, 0.7145451400899343, 0.7244343891402715, 0.8284340229361714, 0.8628250892401835, 0.8651325043605469]","[0.9331801308113842, 0.9959609055550015, 0.9656127394414955, 0.9932345736614954, 0.9296875, 0.963161535800761, 0.9852187028657617, 0.9317890782846248, 0.9798572157062723, 0.9681539413717437]",0.8642105263157894,3,"[null, null, null, null, 0.9294736842105263, null, 0.858421052631579, null, 0.8047368421052632, null]",6.915661811828613,5.063391208648682,0.01164555549621582,1.0027880668640137,0.0003719329833984375,0.2646188735961914,1117838,ai05,success,
roberta_base_agnews,AGNews,10,0.3,43,100,1.0,labelled_probe_warmup,labelled,100,0.0,0.8275,0.7474999999999998,0.8973684210526316,0.9142105263157895,0.7931578947368421,-0.13407024185506405,0,10,"[-0.05248118204627816, -0.08286908077994426, -0.16256450972608183, -0.0908055792769712, -0.12918900804289535, -0.11027568922305764, -0.1975844647931796, -0.21611253196930946, -0.11986863711001638, -0.1789517355829069]","[0.939294675216058, 0.8934540389972145, 0.7723302897975387, 0.8646456020495303, 0.8237265415549598, 0.8323693850009639, 0.776918219134828, 0.7557544757033248, 0.8210180623973727, 0.8151016456921588]","[0.9917758572623362, 0.9763231197771588, 0.9348947995236205, 0.9554511813265015, 0.9529155495978552, 0.9426450742240216, 0.9745026839280075, 0.9718670076726342, 0.9408866995073891, 0.9940533812750657]",0.8444736842105263,2,"[0.7357894736842105, null, null, null, null, null, 0.9531578947368421, null, null, null]",6.889058351516724,5.037116289138794,0.011200666427612305,1.0030403137207031,0.0003724098205566406,0.2639610767364502,1117838,ai05,success,
roberta_base_agnews,AGNews,10,0.3,44,100,1.0,labelled_probe_warmup,labelled,100,0.0,0.8214473684210526,0.7476184210526315,0.8761842105263158,0.9142105263157895,0.7810526315789473,-0.1371142052023237,0,10,"[-0.1254193548387097, -0.15359685166965686, -0.10119785212722021, -0.07074366077136152, -0.09525007864108204, -0.27706093189964154, -0.2627385892116183, -0.11837336922758335, -0.06562500000000004, -0.10113636363636369]","[0.8301935483870968, 0.8355807627756235, 0.8711276332094176, 0.9209460899211592, 0.873230575652721, 0.7086021505376344, 0.7298478561549101, 0.7939790846966246, 0.9315104166666667, 0.8534090909090909]","[0.9556129032258065, 0.9891776144452804, 0.9723254853366378, 0.9916897506925207, 0.968480654293803, 0.985663082437276, 0.9925864453665284, 0.9123524539242079, 0.9971354166666667, 0.9545454545454546]",0.7626315789473684,2,"[null, null, 0.7205263157894737, 0.8047368421052632, null, null, null, null, null, null]",6.88069486618042,5.028618812561035,0.011464595794677734,0.9999358654022217,0.0003693103790283203,0.26474952697753906,1117838,ai05,success,
roberta_base_agnews,AGNews,10,0.3,42,100,1.0,no_phase0,none,0,0.0,0.7223684210526315,0.7461184210526316,0.8382894736842105,0.9142105263157895,0.20355263157894737,-0.26157451640412355,0,10,"[-0.20894467031995767, -0.1517901665503142, -0.37202861758596817, -0.17601773008281818, -0.23854166666666665, -0.36881701833275693, -0.38536953242835603, -0.18727412424233802, -0.28378378378378377, -0.24317785404827552]","[0.7242354604914265, 0.8441707390046873, 0.5935841218555273, 0.8172168435786772, 0.6911458333333333, 0.5943445174680041, 0.5998491704374057, 0.7445149540422867, 0.6960734319224885, 0.7249760873234682]","[0.9331801308113842, 0.9959609055550015, 0.9656127394414955, 0.9932345736614954, 0.9296875, 0.963161535800761, 0.9852187028657617, 0.9317890782846248, 0.9798572157062723, 0.9681539413717437]",0.771578947368421,3,"[null, null, null, null, 0.8447368421052631, null, 0.6994736842105264, null, 0.7705263157894737, null]",6.877439737319946,5.040328502655029,0.004894733428955078,0.9935731887817383,0.0003814697265625,0.26583194732666016,1117838,ai05,success,
roberta_base_agnews,AGNews,10,0.3,43,100,1.0,no_phase0,none,0,0.0,0.7692105263157895,0.7474999999999998,0.8973684210526316,0.9142105263157895,0.27407894736842103,-0.20089766290075542,0,10,"[-0.13479230554781152, -0.1615598885793872, -0.23600635172687578, -0.17164816396242522, -0.19241510277033058, -0.1673896279159437, -0.2762867066624566, -0.2600170502983802, -0.1691297208538588, -0.23973171069008437]","[0.8569835517145247, 0.8147632311977716, 0.6988884477967447, 0.7838030173640763, 0.7605004468275246, 0.7752554463080779, 0.698215977265551, 0.711849957374254, 0.7717569786535303, 0.7543216705849813]","[0.9917758572623362, 0.9763231197771588, 0.9348947995236205, 0.9554511813265015, 0.9529155495978552, 0.9426450742240216, 0.9745026839280075, 0.9718670076726342, 0.9408866995073891, 0.9940533812750657]",0.7889473684210526,2,"[0.6989473684210527, null, null, null, null, null, 0.8789473684210526, null, null, null]",6.901855945587158,5.054961681365967,0.004966259002685547,1.0036702156066895,0.00037789344787597656,0.2633390426635742,1117838,ai05,success,
roberta_base_agnews,AGNews,10,0.3,44,100,1.0,no_phase0,none,0,0.0,0.7094736842105264,0.7476184210526315,0.8761842105263158,0.9142105263157895,0.22263157894736843,-0.24338047887450132,0,10,"[-0.21522580645161293, -0.23537241738526538, -0.19083023543990085, -0.1992329000639249, -0.20817867253853406, -0.38351254480286734, -0.36846473029045645, -0.23063781321184518, -0.19212239583333335, -0.21022727272727282]","[0.7403870967741936, 0.753805197060015, 0.7814952498967369, 0.7924568506285958, 0.760301981755269, 0.6021505376344086, 0.624121715076072, 0.6817146407123628, 0.8050130208333334, 0.7443181818181818]","[0.9556129032258065, 0.9891776144452804, 0.9723254853366378, 0.9916897506925207, 0.968480654293803, 0.985663082437276, 0.9925864453665284, 0.9123524539242079, 0.9971354166666667, 0.9545454545454546]",0.6410526315789473,2,"[null, null, 0.6042105263157894, 0.6778947368421052, null, null, null, null, null, null]",6.867276906967163,5.036920070648193,0.005059242248535156,0.9871976375579834,0.0003838539123535156,0.2639002799987793,1117838,ai05,success,
roberta_base_agnews,AGNews,10,0.3,42,100,1.0,raw_union_K20,raw_union,703,0.0,0.8826315789473684,0.7461184210526316,0.8382894736842105,0.9142105263157895,0.8807894736842106,-0.08344088196155323,0,10,"[-0.07707265334983215, -0.02617931584721256, -0.10050773136395108, -0.09249970838679578, -0.08489583333333328, -0.1004842615012107, -0.11478129713423835, -0.07950826669702049, -0.09000509943906165, -0.06847465256287633]","[0.856107477461552, 0.9697815897077889, 0.8651050080775444, 0.9007348652746996, 0.8447916666666667, 0.8626772742995503, 0.8704374057315234, 0.8522808115876043, 0.8898521162672106, 0.8996792888088674]","[0.9331801308113842, 0.9959609055550015, 0.9656127394414955, 0.9932345736614954, 0.9296875, 0.963161535800761, 0.9852187028657617, 0.9317890782846248, 0.9798572157062723, 0.9681539413717437]",0.8864912280701756,3,"[null, null, null, null, 0.9663157894736842, null, 0.8705263157894737, null, 0.8226315789473684, null]",6.913641691207886,5.028809547424316,0.07208871841430664,0.976248025894165,0.0003695487976074219,0.2648763656616211,1117838,ai05,success,
roberta_base_agnews,AGNews,10,0.3,43,100,1.0,raw_union_K20,raw_union,668,0.0,0.8764473684210526,0.7474999999999998,0.8973684210526316,0.9142105263157895,0.8739473684210526,-0.08350875457276696,0,10,"[-0.042654028436018954, -0.054317548746518174, -0.08535132989281469, -0.05294619982920579, -0.08009383378016077, -0.07166955851166368, -0.12409220082096617, -0.1376811594202898, -0.06814449917898191, -0.1181371871110497]","[0.9491218288263172, 0.9220055710306406, 0.8495434696308058, 0.9025049814972957, 0.8728217158176944, 0.8709755157123579, 0.8504104831070414, 0.8341858482523444, 0.8727422003284072, 0.875916194164016]","[0.9917758572623362, 0.9763231197771588, 0.9348947995236205, 0.9554511813265015, 0.9529155495978552, 0.9426450742240216, 0.9745026839280075, 0.9718670076726342, 0.9408866995073891, 0.9940533812750657]",0.8889473684210527,2,"[0.8210526315789474, null, null, null, null, null, 0.9568421052631579, null, null, null]",6.905822038650513,5.008466005325317,0.07409143447875977,0.9860036373138428,0.0003743171691894531,0.2635195255279541,1117838,ai05,success,
roberta_base_agnews,AGNews,10,0.3,44,100,1.0,raw_union_K20,raw_union,695,0.0,0.8813157894736842,0.7476184210526315,0.8761842105263158,0.9142105263157895,0.8778947368421053,-0.07360204957874958,0,10,"[-0.08929032258064518, -0.10093176688465766, -0.053696819496075965, -0.03068399744300021, -0.06580685750235915, -0.12580645161290316, -0.1275795297372061, -0.08102091530337552, -0.025976562500000022, -0.035227272727272774]","[0.8663225806451613, 0.8882458475606227, 0.9186286658405618, 0.9610057532495205, 0.9026737967914439, 0.8598566308243728, 0.8650069156293223, 0.8313315386208324, 0.9711588541666667, 0.9193181818181818]","[0.9556129032258065, 0.9891776144452804, 0.9723254853366378, 0.9916897506925207, 0.968480654293803, 0.985663082437276, 0.9925864453665284, 0.9123524539242079, 0.9971354166666667, 0.9545454545454546]",0.8292105263157894,2,"[null, null, 0.8673684210526316, 0.7910526315789473, null, null, null, null, null, null]",6.934677839279175,5.041811466217041,0.07184171676635742,0.9802703857421875,0.00038170814514160156,0.26419615745544434,1117838,ai05,success,
roberta_base_agnews,AGNews,10,0.3,42,100,1.0,warmup_only_labelled,warmup_only,100,0.0,0.7918421052631579,0.7461184210526316,0.8382894736842105,0.9142105263157895,0.7918421052631579,-0.18929744122829165,0,10,"[-0.17040834364504165, -0.09703799740700114, -0.28386798984537276, -0.1370582059955675, -0.18593749999999998, -0.30318228986509865, -0.3116138763197587, -0.1224780171309866, -0.1463539010708822, -0.13503629100320713]","[0.7627717871663425, 0.8989229081480004, 0.6817447495961227, 0.8561763676659279, 0.74375, 0.6599792459356624, 0.6736048265460031, 0.8093110611536382, 0.8335033146353901, 0.8331176503685366]","[0.9331801308113842, 0.9959609055550015, 0.9656127394414955, 0.9932345736614954, 0.9296875, 0.963161535800761, 0.9852187028657617, 0.9317890782846248, 0.9798572157062723, 0.9681539413717437]",0.8421052631578947,3,"[null, null, null, null, 0.8984210526315789, null, 0.8378947368421052, null, 0.79, null]",5.920198202133179,5.074328899383545,0.009131431579589844,0.0,0.0,0.26555490493774414,1117838,ai05,success,
roberta_base_agnews,AGNews,10,0.3,43,100,1.0,warmup_only_labelled,warmup_only,100,0.0,0.7931578947368421,0.7474999999999998,0.8973684210526316,0.9142105263157895,0.7931578947368421,-0.17333243748290955,0,10,"[-0.06432952327850572, -0.10933147632311979, -0.21834061135371186, -0.11884429262738394, -0.16130473637176046, -0.1432427221900906, -0.23279128512788128, -0.283461210571185, -0.17159277504105086, -0.230085741944406]","[0.9274463339838305, 0.866991643454039, 0.7165541881699087, 0.8366068886991176, 0.7916108132260947, 0.799402352033931, 0.7417113988001263, 0.6884057971014492, 0.7692939244663383, 0.7639676393306597]","[0.9917758572623362, 0.9763231197771588, 0.9348947995236205, 0.9554511813265015, 0.9529155495978552, 0.9426450742240216, 0.9745026839280075, 0.9718670076726342, 0.9408866995073891, 0.9940533812750657]",0.8047368421052632,2,"[0.6663157894736842, null, null, null, null, null, 0.9431578947368421, null, null, null]",5.911223649978638,5.053170442581177,0.009237527847290039,0.0,0.0,0.274458646774292,1117838,ai05,success,
roberta_base_agnews,AGNews,10,0.3,44,100,1.0,warmup_only_labelled,warmup_only,100,0.0,0.7810526315789473,0.7476184210526315,0.8761842105263158,0.9142105263157895,0.7810526315789473,-0.17665440674890828,0,10,"[-0.14916129032258074, -0.1792927831471729, -0.13424204874018997, -0.11101640741529939, -0.12431582258571872, -0.3451612903225806, -0.32923928077455056, -0.1464588941809899, -0.11015625000000007, -0.13750000000000007]","[0.8064516129032258, 0.8098848312981075, 0.8380834365964478, 0.8806733432772214, 0.8441648317080843, 0.6405017921146954, 0.6633471645919778, 0.765893559743218, 0.8869791666666667, 0.8170454545454545]","[0.9556129032258065, 0.9891776144452804, 0.9723254853366378, 0.9916897506925207, 0.968480654293803, 0.985663082437276, 0.9925864453665284, 0.9123524539242079, 0.9971354166666667, 0.9545454545454546]",0.7163157894736842,2,"[null, null, 0.6373684210526316, 0.7952631578947369, null, null, null, null, null, null]",5.856649875640869,5.002418518066406,0.008849859237670898,0.0,0.0,0.2722330093383789,1117838,ai05,success,
roberta_base_agnews,AGNews,10,1.0,42,100,1.0,dp_avg_eps2_K20,dp_avg,4,4.043601857518789,0.7798684210526315,0.8683815789473683,0.8975,0.9142105263157895,0.5753947368421053,-0.159547972573735,0,10,"[-0.24954846478025283, -0.1857724448253697, -0.1189050470487597, -0.1455972806733571, -0.14061248108252478, -0.15884013343597647, -0.19303135888501743, -0.1604591239166081, -0.11042621964970312, -0.1322871714397803]","[0.7179409993979531, 0.7311977715877437, 0.8296549757627601, 0.7762220783425057, 0.7984955043176355, 0.7529723719100162, 0.7333333333333333, 0.7830873740922932, 0.8625873863038412, 0.7994507650058846]","[0.9674894641782059, 0.9169702164131134, 0.9485600228115199, 0.9218193590158628, 0.9391079854001603, 0.9118125053459927, 0.9263646922183507, 0.9435464980089013, 0.9730136059535444, 0.9317379364456649]",,0,"[null, null, null, null, null, null, null, null, null, null]",7.010244607925415,5.076704263687134,0.04803729057312012,0.9977588653564453,0.00036787986755371094,0.26443934440612793,1117838,ai05,success,
roberta_base_agnews,AGNews,10,1.0,43,100,1.0,dp_avg_eps2_K20,dp_avg,4,4.050649764344406,0.8019736842105263,0.8622499999999998,0.9031578947368422,0.9142105263157895,0.6159210526315789,-0.1427043075996471,0,10,"[-0.09571566816222399, -0.11482959778937674, -0.228310502283105, -0.15764596848934198, -0.11814385150812068, -0.15827044666530699, -0.17163943068002108, -0.13233439655811885, -0.15465785546791722, -0.09549535839293866]","[0.8684789302366499, 0.855541909732883, 0.7488584474885844, 0.7566265060240964, 0.817169373549884, 0.7722482833639268, 0.7680548234053769, 0.7818411097099621, 0.7796845022383287, 0.8556536295845382]","[0.9641945983988739, 0.9703715075222598, 0.9771689497716894, 0.9142724745134384, 0.9353132250580046, 0.9305187300292338, 0.939694254085398, 0.914175506268081, 0.934342357706246, 0.9511489879774768]",,0,"[null, null, null, null, null, null, null, null, null, null]",7.080342054367065,5.185551881790161,0.046915531158447266,1.0040900707244873,0.00038170814514160156,0.26491641998291016,1117838,ai05,success,
roberta_base_agnews,AGNews,10,1.0,44,100,1.0,dp_avg_eps2_K20,dp_avg,4,4.027436119744127,0.7856578947368421,0.861578947368421,0.9055263157894737,0.9142105263157895,0.6067105263157895,-0.14392695197025357,0,10,"[-0.16872427983539096, -0.1263565058558075, -0.17797888386123673, -0.15484320557491282, -0.12219702695893175, -0.1425187032418953, -0.12298339957914428, -0.13161625708884694, -0.15579682047305154, -0.13625443723331776]","[0.7598007364089235, 0.8536585365853658, 0.7777004292841397, 0.7677351916376307, 0.8163265306122449, 0.7945137157107232, 0.8317512274959084, 0.8379017013232514, 0.7647150058162079, 0.7740327727777977]","[0.9285250162443145, 0.9800150424411733, 0.9556793131453765, 0.9225783972125435, 0.9385235575711767, 0.9370324189526185, 0.9547346270750526, 0.9695179584120983, 0.9205118262892594, 0.9102872100111155]",,0,"[null, null, null, null, null, null, null, null, null, null]",7.036352872848511,5.149889707565308,0.04401040077209473,1.0023353099822998,0.0003826618194580078,0.26350998878479004,1117838,ai05,success,
roberta_base_agnews,AGNews,10,1.0,42,100,1.0,dp_avg_eps8_K20,dp_avg,4,1.0109004643796973,0.8265789473684211,0.8683815789473683,0.8975,0.9142105263157895,0.7844736842105263,-0.11343083448537425,0,10,"[-0.1887417218543046, -0.13338332976215983, -0.08411747932706015, -0.10553577209452902, -0.09378616576159537, -0.11342057993328203, -0.14262485481997678, -0.10775357226516746, -0.07487033000075172, -0.09007453903491558]","[0.7787477423239013, 0.7835868866509536, 0.8644425434844597, 0.8162835869213337, 0.8453218196385649, 0.7983919254127106, 0.7837398373983739, 0.8357929257437339, 0.8981432759527926, 0.8416633974107494]","[0.9674894641782059, 0.9169702164131134, 0.9485600228115199, 0.9218193590158628, 0.9391079854001603, 0.9118125053459927, 0.9263646922183507, 0.9435464980089013, 0.9730136059535444, 0.9317379364456649]",,0,"[null, null, null, null, null, null, null, null, null, null]",6.976214647293091,5.085691928863525,0.04739260673522949,1.0016160011291504,0.00037550926208496094,0.26456451416015625,1117838,ai05,success,
roberta_base_agnews,AGNews,10,1.0,43,100,1.0,dp_avg_eps8_K20,dp_avg,4,1.0126624410861016,0.8382894736842105,0.8622499999999998,0.9031578947368422,0.9142105263157895,0.8073684210526316,-0.1068427951125249,0,10,"[-0.06430896454649415, -0.0825913417255143, -0.18762972187629712, -0.1160333642261353, -0.08269141531322499, -0.12251002787409071, -0.13178703215603582, -0.09613530153549432, -0.1199104668514176, -0.06483031502054482]","[0.8998856338523797, 0.8877801657967455, 0.7895392278953923, 0.7982391102873031, 0.8526218097447796, 0.8080087021551431, 0.8079072219293622, 0.8180402047325867, 0.8144318908548284, 0.886318672956932]","[0.9641945983988739, 0.9703715075222598, 0.9771689497716894, 0.9142724745134384, 0.9353132250580046, 0.9305187300292338, 0.939694254085398, 0.914175506268081, 0.934342357706246, 0.9511489879774768]",,0,"[null, null, null, null, null, null, null, null, null, null]",7.043956279754639,5.145636796951294,0.04523348808288574,1.0024135112762451,0.0003848075866699219,0.27242350578308105,1117838,ai05,success,
roberta_base_agnews,AGNews,10,1.0,44,100,1.0,dp_avg_eps8_K20,dp_avg,4,1.0068590299360318,0.8261842105263157,0.861578947368421,0.9055263157894737,0.9142105263157895,0.7853947368421053,-0.10597159605004573,0,10,"[-0.1299545159194282, -0.08015472225206832, -0.1398074022508411, -0.12327526132404176, -0.08037288989669944, -0.1059850374064838, -0.08113163432312376, -0.09215500945179589, -0.12407910042652193, -0.10280038724945317]","[0.7985705003248863, 0.899860320189105, 0.8158719108945354, 0.7993031358885018, 0.8581506676744772, 0.8310473815461347, 0.8736029927519289, 0.8773629489603024, 0.7964327258627375, 0.8074868227616623]","[0.9285250162443145, 0.9800150424411733, 0.9556793131453765, 0.9225783972125435, 0.9385235575711767, 0.9370324189526185, 0.9547346270750526, 0.9695179584120983, 0.9205118262892594, 0.9102872100111155]",,0,"[null, null, null, null, null, null, null, null, null, null]",7.038958787918091,5.13436222076416,0.045393943786621094,1.0075490474700928,0.0003771781921386719,0.27579617500305176,1117838,ai05,success,
roberta_base_agnews,AGNews,10,1.0,42,100,1.0,labelled_probe_warmup,labelled,100,0.0,0.8278947368421052,0.8683815789473683,0.8975,0.9142105263157895,0.7918421052631579,-0.11582060137630364,0,10,"[-0.19235400361228172, -0.14345403899721454, -0.08759623609923017, -0.10772094528973775, -0.08434968396688336, -0.11855273287143964, -0.148664343786295, -0.11267275708596858, -0.07990678794256934, -0.08293448411141624]","[0.7751354605659242, 0.7735161774158988, 0.8609637867122897, 0.814098413726125, 0.8547583014332769, 0.793259772474553, 0.7777003484320557, 0.8308737409229328, 0.893106818010975, 0.8488034523342487]","[0.9674894641782059, 0.9169702164131134, 0.9485600228115199, 0.9218193590158628, 0.9391079854001603, 0.9118125053459927, 0.9263646922183507, 0.9435464980089013, 0.9730136059535444, 0.9317379364456649]",,0,"[null, null, null, null, null, null, null, null, null, null]",7.031164884567261,5.163538932800293,0.011661291122436523,1.0133166313171387,0.00036525726318359375,0.2636451721191406,1117838,ai05,success,
roberta_base_agnews,AGNews,10,1.0,43,100,1.0,labelled_probe_warmup,labelled,100,0.0,0.8286842105263158,0.8622499999999998,0.9031578947368422,0.9142105263157895,0.7931578947368421,-0.11231586088224202,0,10,"[-0.05841470924606318, -0.0843823559512844, -0.16216964162169634, -0.12279888785912885, -0.10505800464037118, -0.13903052552858797, -0.12915129151291516, -0.10896817743490839, -0.14964826263056918, -0.06353675239689549]","[0.9057798891528107, 0.8859891515709754, 0.8149993081499931, 0.7914735866543096, 0.8302552204176334, 0.7914882045006458, 0.8105429625724828, 0.8052073288331726, 0.7846940950756768, 0.8876122355805813]","[0.9641945983988739, 0.9703715075222598, 0.9771689497716894, 0.9142724745134384, 0.9353132250580046, 0.9305187300292338, 0.939694254085398, 0.914175506268081, 0.934342357706246, 0.9511489879774768]",,0,"[null, null, null, null, null, null, null, null, null, null]",7.00390887260437,5.142415523529053,0.011268377304077148,1.0104873180389404,0.00037550926208496094,0.2643094062805176,1117838,ai05,success,
roberta_base_agnews,AGNews,10,1.0,44,100,1.0,labelled_probe_warmup,labelled,100,0.0,0.8243421052631579,0.861578947368421,0.9055263157894737,0.9142105263157895,0.7810526315789473,-0.1082757781918621,0,10,"[-0.13526099198613817, -0.09229612119909747, -0.12101171829678614, -0.12655052264808364, -0.08944318468127999, -0.12007481296758105, -0.08024316109422491, -0.0834120982986768, -0.12958511050794885, -0.10488006023880381]","[0.7932640242581763, 0.8877189212420759, 0.8346675948485903, 0.7960278745644599, 0.8490803728898967, 0.8169576059850374, 0.8744914659808277, 0.8861058601134215, 0.7909267157813106, 0.8054071497723116]","[0.9285250162443145, 0.9800150424411733, 0.9556793131453765, 0.9225783972125435, 0.9385235575711767, 0.9370324189526185, 0.9547346270750526, 0.9695179584120983, 0.9205118262892594, 0.9102872100111155]",,0,"[null, null, null, null, null, null, null, null, null, null]",7.003390312194824,5.1372833251953125,0.011836767196655273,1.0147290229797363,0.0003783702850341797,0.2633826732635498,1117838,ai05,success,
roberta_base_agnews,AGNews,10,1.0,42,100,1.0,no_phase0,none,0,0.0,0.7582894736842105,0.8683815789473683,0.8975,0.9142105263157895,0.20355263157894737,-0.18760875848930975,0,10,"[-0.28898254063816975, -0.2205913863295479, -0.14308525805531802, -0.1570087406927808, -0.16981216059823734, -0.18304678812761954, -0.2249709639953542, -0.1930194424923869, -0.13433060211982262, -0.16123970184386027]","[0.6785069235400362, 0.6963788300835655, 0.8054747647562018, 0.764810618323082, 0.7692958248019229, 0.7287657172183731, 0.7013937282229965, 0.7505270555165144, 0.8386830038337217, 0.7704982346018047]","[0.9674894641782059, 0.9169702164131134, 0.9485600228115199, 0.9218193590158628, 0.9391079854001603, 0.9118125053459927, 0.9263646922183507, 0.9435464980089013, 0.9730136059535444, 0.9317379364456649]",,0,"[null, null, null, null, null, null, null, null, null, null]",6.915853500366211,5.06639552116394,0.004775047302246094,1.0061819553375244,0.00038623809814453125,0.26331353187561035,1117838,ai05,success,
roberta_base_agnews,AGNews,10,1.0,43,100,1.0,no_phase0,none,0,0.0,0.7885526315789474,0.8622499999999998,0.9031578947368422,0.9142105263157895,0.27407894736842103,-0.16267048235846643,0,10,"[-0.11049529339315556, -0.13412137959267223, -0.23467552234675515, -0.17516218721038002, -0.14515081206496516, -0.186008566183969, -0.18397469688982604, -0.15443958163340998, -0.19143039863568534, -0.1112463856338457]","[0.8536993050057183, 0.8362501279295875, 0.7424934274249343, 0.7391102873030584, 0.7901624129930395, 0.7445101638452648, 0.7557195571955719, 0.759735924634671, 0.7429119590705606, 0.8399026023436311]","[0.9641945983988739, 0.9703715075222598, 0.9771689497716894, 0.9142724745134384, 0.9353132250580046, 0.9305187300292338, 0.939694254085398, 0.914175506268081, 0.934342357706246, 0.9511489879774768]",,0,"[null, null, null, null, null, null, null, null, null, null]",6.8755881786346436,5.04138708114624,0.004788398742675781,0.9883573055267334,0.0003859996795654297,0.2648935317993164,1117838,ai05,success,
roberta_base_agnews,AGNews,10,1.0,44,100,1.0,no_phase0,none,0,0.0,0.7480263157894737,0.861578947368421,0.9055263157894737,0.9142105263157895,0.22263157894736843,-0.17901687934933574,0,10,"[-0.2047866580030323, -0.15977221446223278, -0.18668058939552146, -0.2089198606271777, -0.15721844293272869, -0.18815461346633422, -0.14697217675941088, -0.14650283553875243, -0.21062427297402098, -0.180537129334146]","[0.7237383582412822, 0.8202428279789405, 0.768998723749855, 0.7136585365853658, 0.781305114638448, 0.7488778054862842, 0.8077624503156418, 0.8230151228733459, 0.7098875533152385, 0.7297500806769694]","[0.9285250162443145, 0.9800150424411733, 0.9556793131453765, 0.9225783972125435, 0.9385235575711767, 0.9370324189526185, 0.9547346270750526, 0.9695179584120983, 0.9205118262892594, 0.9102872100111155]",,0,"[null, null, null, null, null, null, null, null, null, null]",6.91530966758728,5.072264194488525,0.00487518310546875,1.0005125999450684,0.0003745555877685547,0.2639594078063965,1117838,ai05,success,
roberta_base_agnews,AGNews,10,1.0,42,100,1.0,raw_union_K20,raw_union,800,0.0,0.8739473684210526,0.8683815789473683,0.8975,0.9142105263157895,0.8692105263157894,-0.06955140511669702,0,10,"[-0.11890427453341357, -0.08420827083779736, -0.05018534359851734, -0.08133700226610552, -0.05020920502092052, -0.07604139936703447, -0.08524970963995349, -0.05914734129772781, -0.044801924377959934, -0.04542958022754018]","[0.8485851896447923, 0.832761945575316, 0.8983746792130025, 0.8404823567497572, 0.8888987803792398, 0.8357711059789582, 0.8411149825783972, 0.8843991567111735, 0.9282116815755844, 0.8863083562181248]","[0.9674894641782059, 0.9169702164131134, 0.9485600228115199, 0.9218193590158628, 0.9391079854001603, 0.9118125053459927, 0.9263646922183507, 0.9435464980089013, 0.9730136059535444, 0.9317379364456649]",,0,"[null, null, null, null, null, null, null, null, null, null]",7.0847487449646,5.170183181762695,0.06435894966125488,1.0112926959991455,0.0003826618194580078,0.26418638229370117,1117838,ai05,success,
roberta_base_agnews,AGNews,10,1.0,43,100,1.0,raw_union_K20,raw_union,800,0.0,0.8838157894736842,0.8622499999999998,0.9031578947368422,0.9142105263157895,0.8826315789473684,-0.06012111833747223,0,10,"[-0.033430104689011975, -0.055470269163852226, -0.10557631105576304, -0.05838739573679341, -0.05642691415313228, -0.06173091304643419, -0.07190300474433309, -0.05229582375194719, -0.0731187380089533, -0.03287170902450165]","[0.9307644937098619, 0.9149012383584075, 0.8715926387159264, 0.855885078776645, 0.8788863109048723, 0.8687878169827996, 0.8677912493410649, 0.8618796825161338, 0.8612236196972927, 0.9182772789529752]","[0.9641945983988739, 0.9703715075222598, 0.9771689497716894, 0.9142724745134384, 0.9353132250580046, 0.9305187300292338, 0.939694254085398, 0.914175506268081, 0.934342357706246, 0.9511489879774768]",,0,"[null, null, null, null, null, null, null, null, null, null]",7.0625128746032715,5.150134086608887,0.05632948875427246,1.0027992725372314,0.0003719329833984375,0.2637612819671631,1117838,ai05,success,
roberta_base_agnews,AGNews,10,1.0,44,100,1.0,raw_union_K20,raw_union,800,0.0,0.8757894736842106,0.861578947368421,0.9055263157894737,0.9142105263157895,0.8736842105263158,-0.05472303988492477,0,10,"[-0.05912930474333988, -0.04544966154507357, -0.07297830374753445, -0.07365853658536581, -0.03325774754346189, -0.05748129675810476, -0.03918634556932432, -0.04914933837429114, -0.06971694455215205, -0.04722291943059986]","[0.8693957115009746, 0.9345653808960998, 0.882701009397842, 0.8489198606271777, 0.9052658100277148, 0.8795511221945137, 0.9155482815057283, 0.9203686200378072, 0.8507948817371074, 0.8630642905805156]","[0.9285250162443145, 0.9800150424411733, 0.9556793131453765, 0.9225783972125435, 0.9385235575711767, 0.9370324189526185, 0.9547346270750526, 0.9695179584120983, 0.9205118262892594, 0.9102872100111155]",,0,"[null, null, null, null, null, null, null, null, null, null]",7.031533718109131,5.125640392303467,0.06179070472717285,0.9997127056121826,0.000377655029296875,0.26326847076416016,1117838,ai05,success,
roberta_base_agnews,AGNews,10,1.0,42,100,1.0,warmup_only_labelled,warmup_only,100,0.0,0.7918421052631579,0.8683815789473683,0.8975,0.9142105263157895,0.7918421052631579,-0.1541847966946615,0,10,"[-0.2483443708609272, -0.1923076923076923, -0.11958939264328494, -0.13507607640012953, -0.11719932342206008, -0.14891797108887184, -0.19210220673635303, -0.15542281564769267, -0.11441028339472303, -0.11847783444488036]","[0.7191450933172787, 0.7246625241054211, 0.8289706301682349, 0.7867432826157332, 0.8219086619781002, 0.7628945342571208, 0.7342624854819977, 0.7881236823612087, 0.8586033225588213, 0.8132601020007846]","[0.9674894641782059, 0.9169702164131134, 0.9485600228115199, 0.9218193590158628, 0.9391079854001603, 0.9118125053459927, 0.9263646922183507, 0.9435464980089013, 0.9730136059535444, 0.9317379364456649]",,0,"[null, null, null, null, null, null, null, null, null, null]",5.938043832778931,5.09075665473938,0.009298563003540039,0.0,0.0,0.2654578685760498,1117838,ai05,success,
roberta_base_agnews,AGNews,10,1.0,43,100,1.0,warmup_only_labelled,warmup_only,100,0.0,0.7931578947368421,0.8622499999999998,0.9031578947368422,0.9142105263157895,0.7931578947368421,-0.15116499786684295,0,10,"[-0.08076009501187642, -0.10776788455634023, -0.1966237719662377, -0.1685820203892493, -0.15313225058004643, -0.19124345638724594, -0.16700052714812863, -0.1517691565907573, -0.20528671924962694, -0.089484096788921]","[0.8834345033869975, 0.8626036229659195, 0.7805451778054517, 0.7456904541241891, 0.7821809744779582, 0.7392752736419879, 0.7726937269372693, 0.7624063496773237, 0.729055638456619, 0.8616648911885558]","[0.9641945983988739, 0.9703715075222598, 0.9771689497716894, 0.9142724745134384, 0.9353132250580046, 0.9305187300292338, 0.939694254085398, 0.914175506268081, 0.934342357706246, 0.9511489879774768]",,0,"[null, null, null, null, null, null, null, null, null, null]",5.9617931842803955,5.113325357437134,0.00928807258605957,0.0,0.0,0.26436448097229004,1117838,ai05,success,
roberta_base_agnews,AGNews,10,1.0,44,100,1.0,warmup_only_labelled,warmup_only,100,0.0,0.7810526315789473,0.861578947368421,0.9055263157894737,0.9142105263157895,0.7810526315789473,-0.14875216699186092,0,10,"[-0.1806367771280052, -0.14730847749006126, -0.14827706230421156, -0.16167247386759576, -0.12622826908541196, -0.1706982543640898, -0.12181435585690903, -0.11743856332703217, -0.17138425746413344, -0.14206317903115917]","[0.7478882391163093, 0.8327065649511121, 0.8074022508411649, 0.7609059233449478, 0.8122952884857647, 0.7663341645885287, 0.8329202712181436, 0.8520793950850661, 0.749127568825126, 0.7682240309799563]","[0.9285250162443145, 0.9800150424411733, 0.9556793131453765, 0.9225783972125435, 0.9385235575711767, 0.9370324189526185, 0.9547346270750526, 0.9695179584120983, 0.9205118262892594, 0.9102872100111155]",,0,"[null, null, null, null, null, null, null, null, null, null]",5.949824810028076,5.093240976333618,0.009069442749023438,0.0,0.0,0.2794992923736572,1117838,ai05,success,
roberta_base_agnews,AGNews,20,0.01,42,100,1.0,dp_avg_eps2_K20,dp_avg,4,4.043601857518789,0.6402631578947369,0.3376184210526315,0.4701315789473684,0.9142105263157895,0.41539473684210526,-0.3266517980446996,0,12,"[-0.3297150610583447, -0.264278089137977, null, null, -0.4162018255578094, -0.3219506624029237, null, -0.3018205046311082, null, -0.42278617710583144, -0.29166666666666674, -0.32386901381790656, null, -0.4147487083137623, -0.423928296591372, null, null, null, -0.40885657125269315, 0.0]","[0.6657620985979195, 0.7352215105417668, null, null, 0.5824036511156186, 0.6774783005938785, null, 0.6946662408176302, null, 0.5647948164146869, 0.6666666666666666, 0.6751845542305508, null, 0.5711601690934711, 0.5752568919469467, null, null, null, 0.5889504462911666, 1.0]","[0.9954771596562642, 0.9994995996797438, null, null, 0.998605476673428, 0.9994289629968022, null, 0.9964867454487384, null, 0.9875809935205183, 0.9583333333333334, 0.9990535680484574, null, 0.9859088774072334, 0.9991851885383187, null, null, null, 0.9978070175438597, 1.0]",0.6394824561403507,20,"[0.6328070175438596, 0.6078947368421053, 0.6402631578947369, 0.6402631578947369, 0.6598245614035088, 0.6328070175438596, 0.6402631578947369, 0.6328070175438596, 0.6402631578947369, 0.6605263157894737, 0.6328070175438596, 0.6328070175438596, 0.6402631578947369, 0.6605263157894737, 0.6598245614035088, 0.6402631578947369, 0.6402631578947369, 0.6402631578947369, 0.6221052631578947, 0.6328070175438596]",7.231794118881226,5.097538709640503,0.062097787857055664,1.18263840675354,0.0006954669952392578,0.31064915657043457,1117838,ai05,success,
roberta_base_agnews,AGNews,20,0.01,43,100,1.0,dp_avg_eps2_K20,dp_avg,4,4.050649764344406,0.7080263157894737,0.3198355263157895,0.6619736842105263,0.9142105263157895,0.5125,-0.24255231156886406,0,7,"[null, null, -0.21880201223047147, 0.0, null, -0.09999999999999998, null, -0.5, null, -0.2360060514372163, null, null, null, null, null, -0.4968157113800806, null, null, null, -0.14624240593427984]","[null, null, 0.7428982851158529, 1.0, null, 0.8666666666666667, null, 0.5, null, 0.7588502269288956, null, null, null, null, null, 0.5021839885298923, null, null, null, 0.8530191655758064]","[null, null, 0.9617002973463243, 1.0, null, 0.9666666666666667, null, 1.0, null, 0.9948562783661119, null, null, null, null, null, 0.998999699909973, null, null, null, 0.9992615715100862]",0.7071168051708218,19,"[0.7080263157894737, 0.7080263157894737, 0.48473684210526313, 0.7824561403508772, 0.7080263157894737, 0.6924561403508772, 0.7080263157894737, 0.7824561403508772, 0.7080263157894737, 0.6924561403508772, 0.7080263157894737, 0.7080263157894737, 0.7080263157894737, 0.7080263157894737, 0.7080263157894737, 0.7963157894736842, 0.7080263157894737, 0.7080263157894737, 0.7080263157894737, null]",6.809293985366821,5.124504566192627,0.06801390647888184,0.7258169651031494,0.0007066726684570312,0.3078787326812744,1117838,ai05,success,
roberta_base_agnews,AGNews,20,0.01,44,100,1.0,dp_avg_eps2_K20,dp_avg,4,4.027436119744127,0.6510526315789473,0.34394736842105267,0.5427631578947368,0.9142105263157895,0.38644736842105265,-0.2446967652459786,0,12,"[-0.20075187969924813, -0.27356789958605954, 0.0, -0.21972076788830708, null, null, null, -0.24603174603174605, 0.0, null, null, -0.3939871296420432, null, -0.5034592868547099, null, -0.17391304347826086, -0.4310344827586208, null, 0.0, -0.4938949470127476]","[0.7977443609022556, 0.724462545066097, 1.0, 0.7797556719022688, null, null, null, 0.6666666666666666, 1.0, null, null, 0.6054430888859096, null, 0.4936136242682278, null, 0.8260869565217391, 0.5344827586206896, null, 1.0, 0.5053755183535555]","[0.9984962406015038, 0.9980304446521565, 1.0, 0.9994764397905759, null, null, null, 0.9126984126984127, 1.0, null, null, 0.9994302185279528, null, 0.9970729111229377, null, 1.0, 0.9655172413793104, null, 1.0, 0.9992704653663032]",0.645421052631579,20,"[0.6019298245614035, 0.501578947368421, 0.6264912280701754, 0.6019298245614035, 0.6510526315789473, 0.6510526315789473, 0.6510526315789473, 0.6749122807017544, 0.6019298245614035, 0.6510526315789473, 0.6510526315789473, 0.6749122807017544, 0.6510526315789473, 0.7008771929824561, 0.6510526315789473, 0.6264912280701754, 0.7008771929824561, 0.6510526315789473, 0.6264912280701754, 0.761578947368421]",7.278844356536865,5.144107341766357,0.06869387626647949,1.1742393970489502,0.0007016658782958984,0.3101205825805664,1117838,ai05,success,
roberta_base_agnews,AGNews,20,0.01,42,100,1.0,dp_avg_eps8_K20,dp_avg,4,1.0109004643796973,0.765921052631579,0.3376184210526315,0.4701315789473684,0.9142105263157895,0.6368421052631579,-0.20879168226556644,0,12,"[-0.19990954319312526, -0.13564184681078195, null, null, -0.3237829614604463, -0.20123343992690723, null, -0.18077291600127754, null, -0.25269978401727855, -0.16666666666666674, -0.20531263802132627, null, -0.25364020666979803, -0.3338010954687429, null, null, null, -0.25203908895044635, 0.0]","[0.7955676164631389, 0.8638577528689618, null, null, 0.6748225152129818, 0.7981955230698949, null, 0.8157138294474608, null, 0.7348812095032398, 0.7916666666666666, 0.7937409300271311, null, 0.7322686707374354, 0.6653840930695758, null, null, null, 0.7457679285934133, 1.0]","[0.9954771596562642, 0.9994995996797438, null, null, 0.998605476673428, 0.9994289629968022, null, 0.9964867454487384, null, 0.9875809935205183, 0.9583333333333334, 0.9990535680484574, null, 0.9859088774072334, 0.9991851885383187, null, null, null, 0.9978070175438597, 1.0]",0.7650263157894737,20,"[0.7612280701754386, 0.732280701754386, 0.765921052631579, 0.765921052631579, 0.7924561403508772, 0.7612280701754386, 0.765921052631579, 0.7612280701754386, 0.765921052631579, 0.777719298245614, 0.7612280701754386, 0.7612280701754386, 0.765921052631579, 0.777719298245614, 0.7924561403508772, 0.765921052631579, 0.765921052631579, 0.765921052631579, 0.7331578947368421, 0.7612280701754386]",7.331952810287476,5.179977178573608,0.06553363800048828,1.1955952644348145,0.0006997585296630859,0.30998945236206055,1117838,ai05,success,
roberta_base_agnews,AGNews,20,0.01,43,100,1.0,dp_avg_eps8_K20,dp_avg,4,1.0126624410861016,0.8064473684210526,0.3198355263157895,0.6619736842105263,0.9142105263157895,0.7359210526315789,-0.10737419801141261,0,7,"[null, null, -0.15183363566659813, 0.0, null, -0.06666666666666665, null, 0.0, null, -0.14099848714069585, null, null, null, null, null, -0.33106598646260543, null, null, null, -0.06105461014332225]","[null, null, 0.8098666616797262, 1.0, null, 0.9, null, 1.0, null, 0.853857791225416, null, null, null, null, null, 0.6679337134473675, null, null, null, 0.938206961366764]","[null, null, 0.9617002973463243, 1.0, null, 0.9666666666666667, null, 1.0, null, 0.9948562783661119, null, null, null, null, null, 0.998999699909973, null, null, null, 0.9992615715100862]",0.8048176361957523,19,"[0.8064473684210526, 0.8064473684210526, 0.6689473684210526, 0.852280701754386, 0.8064473684210526, 0.7910526315789473, 0.8064473684210526, 0.852280701754386, 0.8064473684210526, 0.7910526315789473, 0.8064473684210526, 0.8064473684210526, 0.8064473684210526, 0.8064473684210526, 0.8064473684210526, 0.8521052631578947, 0.8064473684210526, 0.8064473684210526, 0.8064473684210526, null]",6.879072904586792,5.187422275543213,0.06862664222717285,0.7309134006500244,0.0006928443908691406,0.3079555034637451,1117838,ai05,success,
roberta_base_agnews,AGNews,20,0.01,44,100,1.0,dp_avg_eps8_K20,dp_avg,4,1.0068590299360318,0.7551315789473684,0.34394736842105267,0.5427631578947368,0.9142105263157895,0.6469736842105264,-0.15464280567995772,0,12,"[-0.08120300751879705, -0.20807183869675527, 0.0, -0.0968237347294939, null, null, null, -0.15873015873015872, 0.0, null, null, -0.3089891406354739, null, -0.32517296434273546, null, -0.08695652173913049, -0.2701149425287357, null, 0.0, -0.3196513592382122]","[0.9172932330827067, 0.7899586059554012, 1.0, 0.902652705061082, null, null, null, 0.753968253968254, 1.0, null, null, 0.6904410778924789, null, 0.6718999467802023, null, 0.9130434782608695, 0.6954022988505747, null, 1.0, 0.679619106128091]","[0.9984962406015038, 0.9980304446521565, 1.0, 0.9994764397905759, null, null, null, 0.9126984126984127, 1.0, null, null, 0.9994302185279528, null, 0.9970729111229377, null, 1.0, 0.9655172413793104, null, 1.0, 0.9992704653663032]",0.7528947368421052,20,"[0.7047368421052631, 0.6805263157894736, 0.7457894736842106, 0.7047368421052631, 0.7551315789473684, 0.7551315789473684, 0.7551315789473684, 0.79, 0.7047368421052631, 0.7551315789473684, 0.7551315789473684, 0.79, 0.7551315789473684, 0.78, 0.7551315789473684, 0.7457894736842106, 0.78, 0.7551315789473684, 0.7457894736842106, 0.8447368421052631]",7.329031467437744,5.183637857437134,0.06833028793334961,1.179490566253662,0.0006890296936035156,0.30941176414489746,1117838,ai05,success,
roberta_base_agnews,AGNews,20,0.01,42,100,1.0,labelled_probe_warmup,labelled,100,0.0,0.8205263157894737,0.3376184210526315,0.4701315789473684,0.9142105263157895,0.7918421052631579,-0.15946889026297953,0,12,"[-0.1867933061962913, -0.06698692287163066, null, null, -0.29754056795131845, -0.18821379625399726, null, -0.17183008623442986, null, -0.13066954643628503, -0.125, -0.19010663133320715, null, -0.12118365429779243, -0.3036078040831107, null, null, null, -0.1316943674976917, 0.0]","[0.8086838534599728, 0.9325126768081131, null, null, 0.7010649087221096, 0.8112151667428049, null, 0.8246566592143085, null, 0.8569114470842333, 0.8333333333333334, 0.8089469367152502, null, 0.864725223109441, 0.695577384455208, null, null, null, 0.866112650046168, 1.0]","[0.9954771596562642, 0.9994995996797438, null, null, 0.998605476673428, 0.9994289629968022, null, 0.9964867454487384, null, 0.9875809935205183, 0.9583333333333334, 0.9990535680484574, null, 0.9859088774072334, 0.9991851885383187, null, null, null, 0.9978070175438597, 1.0]",0.8199166666666666,20,"[0.8263157894736842, 0.786140350877193, 0.8205263157894737, 0.8205263157894737, 0.8612280701754386, 0.8263157894736842, 0.8205263157894737, 0.8263157894736842, 0.8205263157894737, 0.8084210526315789, 0.8263157894736842, 0.8263157894736842, 0.8205263157894737, 0.8084210526315789, 0.8612280701754386, 0.8205263157894737, 0.8205263157894737, 0.8205263157894737, 0.7507894736842106, 0.8263157894736842]",7.306090831756592,5.205402135848999,0.011313438415527344,1.1944189071655273,0.0007014274597167969,0.3139200210571289,1117838,ai05,success,
roberta_base_agnews,AGNews,20,0.01,43,100,1.0,labelled_probe_warmup,labelled,100,0.0,0.825,0.3198355263157895,0.6619736842105263,0.9142105263157895,0.7931578947368421,-0.3070459958040545,0,7,"[null, null, -0.16181998391711705, -1.0, null, -0.06666666666666665, null, -0.5, null, -0.13797276853252638, null, null, null, null, null, -0.23573738788303156, null, null, null, -0.04712516362904029]","[null, null, 0.7998803134292073, 0.0, null, 0.9, null, 0.5, null, 0.8568835098335855, null, null, null, null, null, 0.7632623120269414, null, null, null, 0.9521364078810459]","[null, null, 0.9617002973463243, 1.0, null, 0.9666666666666667, null, 1.0, null, 0.9948562783661119, null, null, null, null, null, 0.998999699909973, null, null, null, 0.9992615715100862]",0.8237719298245612,19,"[0.825, 0.825, 0.7568421052631579, 0.847719298245614, 0.825, 0.8150877192982456, 0.825, 0.847719298245614, 0.825, 0.8150877192982456, 0.825, 0.825, 0.825, 0.825, 0.825, 0.8442105263157895, 0.825, 0.825, 0.825, null]",6.860254764556885,5.224301099777222,0.011478662490844727,0.7297356128692627,0.0006859302520751953,0.3111720085144043,1117838,ai05,success,
roberta_base_agnews,AGNews,20,0.01,44,100,1.0,labelled_probe_warmup,labelled,100,0.0,0.8173684210526316,0.34394736842105267,0.5427631578947368,0.9142105263157895,0.7810526315789473,-0.20945450508064525,0,12,"[-0.0541353383458647, -0.16353985845907337, 0.0, -0.0689703315881326, null, null, null, -0.0714285714285714, 0.0, null, null, -0.18598337578763902, null, -0.2951037786056413, null, -0.08695652173913049, -0.2931034482758621, null, -1.0, -0.2942328367378283]","[0.9443609022556391, 0.8344905861930831, 1.0, 0.9305061082024433, null, null, null, 0.8412698412698413, 1.0, null, null, 0.8134468427403138, null, 0.7019691325172964, null, 0.9130434782608695, 0.6724137931034483, null, 0.0, 0.7050376286284749]","[0.9984962406015038, 0.9980304446521565, 1.0, 0.9994764397905759, null, null, null, 0.9126984126984127, 1.0, null, null, 0.9994302185279528, null, 0.9970729111229377, null, 1.0, 0.9655172413793104, null, 1.0, 0.9992704653663032]",0.8130745614035089,20,"[0.7798245614035088, 0.7110526315789474, 0.8140350877192982, 0.7798245614035088, 0.8173684210526316, 0.8173684210526316, 0.8173684210526316, 0.8228070175438597, 0.7798245614035088, 0.8173684210526316, 0.8173684210526316, 0.8228070175438597, 0.8173684210526316, 0.8528070175438597, 0.8173684210526316, 0.8140350877192982, 0.8528070175438597, 0.8173684210526316, 0.8140350877192982, 0.8786842105263157]",7.289844512939453,5.183197498321533,0.011189699172973633,1.194775104522705,0.0006930828094482422,0.31150102615356445,1117838,ai05,success,
roberta_base_agnews,AGNews,20,0.01,42,100,1.0,no_phase0,none,0,0.0,0.6518421052631579,0.3376184210526315,0.4701315789473684,0.9142105263157895,0.20355263157894737,-0.299362234694538,0,12,"[-0.24966078697421978, -0.21467173738991197, null, null, -0.4977180527383368, -0.25365463682046596, null, -0.2280421590546151, null, -0.4222462203023758, -0.16666666666666674, -0.25383304940374796, null, -0.4011272898074213, -0.4987551491557648, null, null, null, -0.4059710680209295, 0.0]","[0.7458163726820444, 0.7848278622898318, null, null, 0.5008874239350912, 0.7457743261763362, null, 0.7684445863941233, null, 0.5653347732181425, 0.7916666666666666, 0.7452205186447094, null, 0.5847815875998121, 0.5004300393825539, null, null, null, 0.5918359495229302, 1.0]","[0.9954771596562642, 0.9994995996797438, null, null, 0.998605476673428, 0.9994289629968022, null, 0.9964867454487384, null, 0.9875809935205183, 0.9583333333333334, 0.9990535680484574, null, 0.9859088774072334, 0.9991851885383187, null, null, null, 0.9978070175438597, 1.0]",0.6466403508771932,20,"[0.6214035087719298, 0.6075438596491228, 0.6518421052631579, 0.6518421052631579, 0.7, 0.6214035087719298, 0.6518421052631579, 0.6214035087719298, 0.6518421052631579, 0.6784210526315789, 0.6214035087719298, 0.6214035087719298, 0.6518421052631579, 0.6784210526315789, 0.7, 0.6518421052631579, 0.6518421052631579, 0.6518421052631579, 0.6252631578947369, 0.6214035087719298]",7.199261426925659,5.120795249938965,0.004889965057373047,1.1800117492675781,0.0006968975067138672,0.3109297752380371,1117838,ai05,success,
roberta_base_agnews,AGNews,20,0.01,43,100,1.0,no_phase0,none,0,0.0,0.74,0.3198355263157895,0.6619736842105263,0.9142105263157895,0.27407894736842103,-0.4364772994860729,0,7,"[null, null, -0.21018083892805717, -1.0, null, -0.09999999999999998, null, -1.0, null, -0.17564296520423595, null, null, null, null, null, -0.37561268380514146, null, null, null, -0.19390460846507562]","[null, null, 0.7515194584182672, 0.0, null, 0.8666666666666667, null, 0.0, null, 0.819213313161876, null, null, null, null, null, 0.6233870161048315, null, null, null, 0.8053569630450106]","[null, null, 0.9617002973463243, 1.0, null, 0.9666666666666667, null, 1.0, null, 0.9948562783661119, null, null, null, null, null, 0.998999699909973, null, null, null, 0.9992615715100862]",0.7363065558633427,19,"[0.74, 0.74, 0.6268421052631579, 0.777719298245614, 0.74, 0.714561403508772, 0.74, 0.777719298245614, 0.74, 0.714561403508772, 0.74, 0.74, 0.74, 0.74, 0.74, 0.758421052631579, 0.74, 0.74, 0.74, null]",6.7799694538116455,5.124016523361206,0.004806995391845703,0.7613954544067383,0.0006933212280273438,0.30714917182922363,1117838,ai05,success,
roberta_base_agnews,AGNews,20,0.01,44,100,1.0,no_phase0,none,0,0.0,0.645,0.34394736842105267,0.5427631578947368,0.9142105263157895,0.22263157894736843,-0.3192570906414343,0,12,"[-0.281203007518797, -0.27540392575777806, 0.0, -0.2900872600349039, null, null, null, -0.19047619047619047, 0.0, null, null, -0.35658265183000404, null, -0.4616817456093667, null, -0.13043478260869568, -0.39655172413793105, null, -1.0, -0.44866379972354475]","[0.7172932330827068, 0.7226265188943785, 1.0, 0.709389179755672, null, null, null, 0.7222222222222222, 1.0, null, null, 0.6428475666979487, null, 0.535391165513571, null, 0.8695652173913043, 0.5689655172413793, null, 0.0, 0.5506066656427584]","[0.9984962406015038, 0.9980304446521565, 1.0, 0.9994764397905759, null, null, null, 0.9126984126984127, 1.0, null, null, 0.9994302185279528, null, 0.9970729111229377, null, 1.0, 0.9655172413793104, null, 1.0, 0.9992704653663032]",0.6410482456140352,20,"[0.627719298245614, 0.5452631578947369, 0.6208771929824561, 0.627719298245614, 0.645, 0.645, 0.645, 0.6531578947368422, 0.627719298245614, 0.645, 0.645, 0.6531578947368422, 0.645, 0.6782456140350878, 0.645, 0.6208771929824561, 0.6782456140350878, 0.645, 0.6208771929824561, 0.7071052631578948]",7.238750457763672,5.138458967208862,0.0049207210540771484,1.2036960124969482,0.000701904296875,0.3096482753753662,1117838,ai05,success,
roberta_base_agnews,AGNews,20,0.01,42,100,1.0,raw_union_K20,raw_union,222,0.0,0.8439473684210527,0.3376184210526315,0.4701315789473684,0.9142105263157895,0.8273684210526315,-0.12981920509698305,0,12,"[-0.14473089099954772, -0.10248198558847077, null, null, -0.25443711967545646, -0.1484696208314299, null, -0.13605876716703924, null, -0.0998920086393088, -0.08333333333333337, -0.1439207520979242, null, -0.08595584781587595, -0.2590195102077769, null, null, null, -0.0995306248076332, 0.0]","[0.8507462686567164, 0.897017614091273, null, null, 0.7441683569979716, 0.8509593421653723, null, 0.8604279782816991, null, 0.8876889848812095, 0.875, 0.8551328159505331, null, 0.8999530295913575, 0.7401656783305418, null, null, null, 0.8982763927362265, 1.0]","[0.9954771596562642, 0.9994995996797438, null, null, 0.998605476673428, 0.9994289629968022, null, 0.9964867454487384, null, 0.9875809935205183, 0.9583333333333334, 0.9990535680484574, null, 0.9859088774072334, 0.9991851885383187, null, null, null, 0.9978070175438597, 1.0]",0.8423596491228071,20,"[0.8436842105263158, 0.8285964912280702, 0.8439473684210527, 0.8439473684210527, 0.8749122807017544, 0.8436842105263158, 0.8439473684210527, 0.8436842105263158, 0.8439473684210527, 0.8285964912280702, 0.8436842105263158, 0.8436842105263158, 0.8439473684210527, 0.8285964912280702, 0.8749122807017544, 0.8439473684210527, 0.8439473684210527, 0.8439473684210527, 0.7978947368421052, 0.8436842105263158]",7.330344200134277,5.176857233047485,0.061783552169799805,1.1951696872711182,0.0006899833679199219,0.31316375732421875,1117838,ai05,success,
roberta_base_agnews,AGNews,20,0.01,43,100,1.0,raw_union_K20,raw_union,183,0.0,0.8331578947368421,0.3198355263157895,0.6619736842105263,0.9142105263157895,0.8077631578947368,-0.15861596573902537,0,7,"[null, null, -0.11562844800179528, 0.0, null, -0.033333333333333326, null, -0.5, null, -0.10015128593040845, null, null, null, null, null, -0.3020572838518222, null, null, null, -0.05914140905581844]","[null, null, 0.8460718493445291, 1.0, null, 0.9333333333333333, null, 0.5, null, 0.8947049924357035, null, null, null, null, null, 0.6969424160581508, null, null, null, 0.9401201624542678]","[null, null, 0.9617002973463243, 1.0, null, 0.9666666666666667, null, 1.0, null, 0.9948562783661119, null, null, null, null, null, 0.998999699909973, null, null, null, 0.9992615715100862]",0.8305863342566946,19,"[0.8331578947368421, 0.8331578947368421, 0.7026315789473684, 0.8766666666666667, 0.8331578947368421, 0.8129824561403509, 0.8331578947368421, 0.8766666666666667, 0.8331578947368421, 0.8129824561403509, 0.8331578947368421, 0.8331578947368421, 0.8331578947368421, 0.8331578947368421, 0.8331578947368421, 0.8681578947368421, 0.8331578947368421, 0.8331578947368421, 0.8331578947368421, null]",6.873767375946045,5.179203033447266,0.07334303855895996,0.7283902168273926,0.0006952285766601562,0.3071019649505615,1117838,ai05,success,
roberta_base_agnews,AGNews,20,0.01,44,100,1.0,raw_union_K20,raw_union,187,0.0,0.8655263157894737,0.34394736842105267,0.5427631578947368,0.9142105263157895,0.86,-0.07868199240481757,0,12,"[-0.021804511278195493, -0.13282814795032716, 0.0, -0.03232111692844675, null, null, null, -0.06349206349206349, 0.0, null, null, -0.2161482772489609, null, -0.14608834486428945, null, -0.04347826086956519, -0.13793103448275867, null, 0.0, -0.15009215174320378]","[0.9766917293233083, 0.8652022967018294, 1.0, 0.9671553228621291, null, null, null, 0.8492063492063492, 1.0, null, null, 0.7832819412789919, null, 0.8509845662586483, null, 0.9565217391304348, 0.8275862068965517, null, 1.0, 0.8491783136230994]","[0.9984962406015038, 0.9980304446521565, 1.0, 0.9994764397905759, null, null, null, 0.9126984126984127, 1.0, null, null, 0.9994302185279528, null, 0.9970729111229377, null, 1.0, 0.9655172413793104, null, 1.0, 0.9992704653663032]",0.8661666666666668,20,"[0.8315789473684211, 0.8621052631578947, 0.8670175438596491, 0.8315789473684211, 0.8655263157894737, 0.8655263157894737, 0.8655263157894737, 0.8968421052631579, 0.8315789473684211, 0.8655263157894737, 0.8655263157894737, 0.8968421052631579, 0.8655263157894737, 0.8666666666666667, 0.8655263157894737, 0.8670175438596491, 0.8666666666666667, 0.8655263157894737, 0.8670175438596491, 0.9142105263157895]",7.280951738357544,5.142649173736572,0.06714248657226562,1.1818830966949463,0.0006949901580810547,0.3091132640838623,1117838,ai05,success,
roberta_base_agnews,AGNews,20,0.01,42,100,1.0,warmup_only_labelled,warmup_only,100,0.0,0.7918421052631579,0.3376184210526315,0.4701315789473684,0.9142105263157895,0.7918421052631579,-0.1799375614138394,0,12,"[-0.20217096336499318, -0.09714438217240462, null, null, -0.35674442190669375, -0.19677935130196433, null, -0.1763015011178537, null, -0.15280777537796975, -0.125, -0.20058047826361292, null, -0.14185063410051668, -0.3577474989814856, null, null, null, -0.15212373037857807, 0.0]","[0.793306196291271, 0.9023552175073392, null, null, 0.6418610547667343, 0.8026496116948378, null, 0.8201852443308847, null, 0.8347732181425486, 0.8333333333333334, 0.7984730897848444, null, 0.8440582433067167, 0.6414376895568331, null, null, null, 0.8456832871652816, 1.0]","[0.9954771596562642, 0.9994995996797438, null, null, 0.998605476673428, 0.9994289629968022, null, 0.9964867454487384, null, 0.9875809935205183, 0.9583333333333334, 0.9990535680484574, null, 0.9859088774072334, 0.9991851885383187, null, null, null, 0.9978070175438597, 1.0]",0.7899254385964911,20,"[0.7924561403508772, 0.7563157894736842, 0.7918421052631579, 0.7918421052631579, 0.8421052631578947, 0.7924561403508772, 0.7918421052631579, 0.7924561403508772, 0.7918421052631579, 0.7764912280701755, 0.7924561403508772, 0.7924561403508772, 0.7918421052631579, 0.7764912280701755, 0.8421052631578947, 0.7918421052631579, 0.7918421052631579, 0.7918421052631579, 0.7155263157894737, 0.7924561403508772]",6.00357985496521,5.106195449829102,0.009075641632080078,0.0,0.0,0.3097214698791504,1117838,ai05,success,
roberta_base_agnews,AGNews,20,0.01,43,100,1.0,warmup_only_labelled,warmup_only,100,0.0,0.7931578947368421,0.3198355263157895,0.6619736842105263,0.9142105263157895,0.7931578947368421,-0.3278288396516998,0,7,"[null, null, -0.21665139416153945, -1.0, null, -0.09999999999999998, null, -0.5, null, -0.16308623298033276, null, null, null, null, null, -0.2590443799806609, null, null, null, -0.05601987043936485]","[null, null, 0.7450489031847849, 0.0, null, 0.8666666666666667, null, 0.5, null, 0.8317700453857791, null, null, null, null, null, 0.7399553199293121, null, null, null, 0.9432417010707214]","[null, null, 0.9617002973463243, 1.0, null, 0.9666666666666667, null, 1.0, null, 0.9948562783661119, null, null, null, null, null, 0.998999699909973, null, null, null, 0.9992615715100862]",0.7917266851338872,19,"[0.7931578947368421, 0.7931578947368421, 0.7389473684210527, 0.8112280701754386, 0.7931578947368421, 0.7828070175438596, 0.7931578947368421, 0.8112280701754386, 0.7931578947368421, 0.7828070175438596, 0.7931578947368421, 0.7931578947368421, 0.7931578947368421, 0.7931578947368421, 0.7931578947368421, 0.8047368421052632, 0.7931578947368421, 0.7931578947368421, 0.7931578947368421, null]",5.989201545715332,5.090254068374634,0.009055137634277344,0.0,0.0,0.3077061176300049,1117838,ai05,success,
roberta_base_agnews,AGNews,20,0.01,44,100,1.0,warmup_only_labelled,warmup_only,100,0.0,0.7810526315789473,0.34394736842105267,0.5427631578947368,0.9142105263157895,0.7810526315789473,-0.23768049403158856,0,12,"[-0.10075187969924815, -0.18647349445853922, 0.0, -0.11043630017452, null, null, null, -0.0714285714285714, 0.0, null, null, -0.19060866067837512, null, -0.36428951569984036, null, -0.13043478260869568, -0.33908045977011503, null, -1.0, -0.35866226386115796]","[0.8977443609022556, 0.8115569501936173, 1.0, 0.8890401396160559, null, null, null, 0.8412698412698413, 1.0, null, null, 0.8088215578495777, null, 0.6327833954230974, null, 0.8695652173913043, 0.6264367816091954, null, 0.0, 0.6406082015051452]","[0.9984962406015038, 0.9980304446521565, 1.0, 0.9994764397905759, null, null, null, 0.9126984126984127, 1.0, null, null, 0.9994302185279528, null, 0.9970729111229377, null, 1.0, 0.9655172413793104, null, 1.0, 0.9992704653663032]",0.7749473684210527,20,"[0.7452631578947368, 0.6373684210526316, 0.7736842105263158, 0.7452631578947368, 0.7810526315789473, 0.7810526315789473, 0.7810526315789473, 0.7763157894736842, 0.7452631578947368, 0.7810526315789473, 0.7810526315789473, 0.7763157894736842, 0.7810526315789473, 0.8289473684210527, 0.7810526315789473, 0.7736842105263158, 0.8289473684210527, 0.7810526315789473, 0.7736842105263158, 0.8457894736842105]",6.016016006469727,5.114576101303101,0.00912785530090332,0.0,0.0,0.31135010719299316,1117838,ai05,success,
roberta_base_agnews,AGNews,20,0.05,42,100,1.0,dp_avg_eps2_K20,dp_avg,4,4.043601857518789,0.745,0.47964473684210523,0.7122368421052632,0.9142105263157895,0.5246052631578947,-0.20550738321442863,0,18,"[-0.18867924528301883, -0.1183213232274204, -0.21818181818181814, null, -0.22885687732342008, -0.10889570552147243, 0.0, -0.08791208791208793, -0.21504024144869216, -0.21569767441860466, -0.2823529411764706, -0.3090909090909091, -0.052631578947368474, -0.2615537283810604, -0.38767550702028075, -0.14821428571428574, null, -0.25, -0.2496151872755259, -0.37641378693727934]","[0.7610062893081762, 0.8811186200201621, 0.6863636363636364, null, 0.7699039653035935, 0.8865030674846626, 1.0, 0.8351648351648352, 0.7620724346076458, 0.7509966777408638, 0.6352941176470588, 0.6636363636363637, 0.9473684210526315, 0.7283810603912674, 0.608424336973479, 0.8232142857142857, null, 0.7142857142857143, 0.7110826064648538, 0.6227368232822209]","[0.949685534591195, 0.9994399432475825, 0.9045454545454545, null, 0.9987608426270136, 0.995398773006135, 1.0, 0.9230769230769231, 0.977112676056338, 0.9666943521594684, 0.9176470588235294, 0.9727272727272728, 1.0, 0.9899347887723278, 0.9960998439937597, 0.9714285714285714, null, 0.9642857142857143, 0.9606977937403797, 0.9991506102195002]",0.7334064327485381,18,"[0.7944736842105263, 0.7012280701754386, 0.6289473684210526, 0.745, 0.7126315789473684, 0.7126315789473684, 0.7836842105263158, 0.7373684210526316, 0.7526315789473684, 0.6289473684210526, 0.7944736842105263, 0.7557894736842106, 0.7392982456140351, null, 0.7836842105263158, 0.6707894736842105, 0.745, 0.7526315789473684, 0.7621052631578947, null]",7.92367696762085,5.221124887466431,0.07217764854431152,1.7583069801330566,0.0006909370422363281,0.2962455749511719,1117838,ai05,success,
roberta_base_agnews,AGNews,20,0.05,43,100,1.0,dp_avg_eps2_K20,dp_avg,4,4.050649764344406,0.7711842105263158,0.5005131578947368,0.7672368421052631,0.9142105263157895,0.5710526315789474,-0.17550494436328717,0,18,"[0.0, -0.32996632996633, -0.17492077300689746, -0.1397538015930485, 0.0, null, -0.3064148485835233, -0.2259414225941423, -0.14607879234167898, -0.13829787234042556, -0.255600814663951, -0.04054054054054057, -0.15909090909090917, null, -0.2738085301727735, 0.0, -0.2727272727272727, -0.30903104421448735, -0.2272727272727273, -0.15964331943046162]","[1.0, 0.6655443322109988, 0.7849168375484165, 0.8573497465604635, 1.0, null, 0.6893520026050146, 0.702928870292887, 0.8241899852724595, 0.8191489361702128, 0.719959266802444, 0.9054054054054054, 0.8068181818181818, null, 0.7082881228611969, 1.0, 0.7272727272727273, 0.6754468485418627, 0.7727272727272727, 0.8136415935567382]","[1.0, 0.9955106621773289, 0.9598376105553139, 0.997103548153512, 1.0, null, 0.9957668511885379, 0.9288702928870293, 0.9702687776141384, 0.9574468085106383, 0.9755600814663951, 0.9459459459459459, 0.9659090909090909, null, 0.9820966530339704, 1.0, 1.0, 0.98447789275635, 1.0, 0.9732849129871998]",0.7692105263157896,20,"[0.7492982456140351, 0.7992982456140351, 0.6868421052631579, 0.7408771929824561, 0.7492982456140351, 0.7711842105263158, 0.7678947368421053, 0.7952631578947369, 0.6868421052631579, 0.7744736842105263, 0.8368421052631579, 0.7492982456140351, 0.7408771929824561, 0.7711842105263158, 0.7805263157894737, 0.7992982456140351, 0.7492982456140351, 0.8494736842105263, 0.7492982456140351, 0.8368421052631579]",7.87386679649353,5.189316987991333,0.06255412101745605,1.741358757019043,0.0006866455078125,0.30332183837890625,1117838,ai05,success,
roberta_base_agnews,AGNews,20,0.05,44,100,1.0,dp_avg_eps2_K20,dp_avg,4,4.027436119744127,0.7372368421052632,0.4754802631578948,0.729078947368421,0.9142105263157895,0.5311842105263158,-0.2100792895041032,0,18,"[-0.14504672897196258, -0.21082388202036717, 0.0, -0.14138704909956756, -0.18666666666666665, null, 0.0, -0.27307811052794073, -0.12903225806451613, -0.3548387096774194, -0.1461538461538462, -0.2743252438194602, -0.22372881355932206, -0.3446108032095293, -0.22203016970458833, -0.4, -0.1923076923076923, -0.19999999999999996, null, -0.33739723729097926]","[0.8534579439252337, 0.7513368073294506, 1.0, 0.8572992500957907, 0.7653333333333333, null, 1.0, 0.7246063599876506, 0.8709677419354839, 0.6451612903225806, 0.7769230769230769, 0.7249943297799955, 0.735593220338983, 0.6541483993713293, 0.7479572595851666, 0.6, 0.8076923076923077, 0.7767441860465116, null, 0.6606453777752922]","[0.9985046728971962, 0.9621606893498178, 1.0, 0.9986862991953582, 0.952, null, 1.0, 0.9976844705155913, 1.0, 1.0, 0.9230769230769231, 0.9993195735994557, 0.9593220338983051, 0.9987592025808586, 0.9699874292897549, 1.0, 1.0, 0.9767441860465116, null, 0.9980426150662715]",0.7269834307992201,18,"[0.6813157894736842, null, 0.7568421052631579, 0.7352631578947368, 0.6626315789473685, 0.7372368421052632, 0.7621052631578947, 0.7568421052631579, 0.6992982456140351, 0.7621052631578947, 0.7496491228070176, 0.7568421052631579, 0.7378947368421053, 0.7, 0.7568421052631579, 0.7496491228070176, 0.6626315789473685, 0.6813157894736842, 0.7372368421052632, null]",7.8280253410339355,5.156322240829468,0.06932306289672852,1.7321500778198242,0.0007016658782958984,0.29703521728515625,1117838,ai05,success,
roberta_base_agnews,AGNews,20,0.05,42,100,1.0,dp_avg_eps8_K20,dp_avg,4,1.0109004643796973,0.8117105263157894,0.47964473684210523,0.7122368421052632,0.9142105263157895,0.761578947368421,-0.14455459138870708,0,18,"[-0.14465408805031443, -0.0761303812119628, -0.11818181818181817, null, -0.19663878562577441, -0.06134969325153372, 0.0, -0.04395604395604402, -0.1685110663983903, -0.15444352159468433, -0.19999999999999996, -0.25454545454545463, -0.10526315789473684, -0.16487099518003967, -0.2800312012480499, -0.11428571428571432, null, -0.0892857142857143, -0.1566444330425859, -0.2731905762439091]","[0.8050314465408805, 0.9233095620356196, 0.7863636363636364, null, 0.8021220570012392, 0.9340490797546013, 1.0, 0.8791208791208791, 0.8086016096579477, 0.8122508305647841, 0.7176470588235294, 0.7181818181818181, 0.8947368421052632, 0.8250637935922881, 0.7160686427457098, 0.8571428571428571, null, 0.875, 0.8040533606977938, 0.7259600339755912]","[0.949685534591195, 0.9994399432475825, 0.9045454545454545, null, 0.9987608426270136, 0.995398773006135, 1.0, 0.9230769230769231, 0.977112676056338, 0.9666943521594684, 0.9176470588235294, 0.9727272727272728, 1.0, 0.9899347887723278, 0.9960998439937597, 0.9714285714285714, null, 0.9642857142857143, 0.9606977937403797, 0.9991506102195002]",0.8070224171539961,18,"[0.8639473684210527, 0.7766666666666666, 0.7305263157894737, 0.8117105263157894, 0.8110526315789474, 0.8110526315789474, 0.8387719298245614, 0.7997368421052632, 0.8236842105263158, 0.7305263157894737, 0.8639473684210527, 0.8119298245614035, 0.8194736842105264, null, 0.8387719298245614, 0.7707894736842106, 0.8117105263157894, 0.8236842105263158, 0.7884210526315789, null]",7.832008600234985,5.155927896499634,0.0677497386932373,1.7353858947753906,0.0006911754608154297,0.2968277931213379,1117838,ai05,success,
roberta_base_agnews,AGNews,20,0.05,43,100,1.0,dp_avg_eps8_K20,dp_avg,4,1.0126624410861016,0.8267105263157895,0.5005131578947368,0.7672368421052631,0.9142105263157895,0.7947368421052632,-0.12066217026343214,0,18,"[0.0, -0.24803591470258135, -0.12632821723730814, -0.06082548877624916, 0.0, null, -0.22533376750244216, -0.18410041841004188, -0.11469072164948457, -0.07446808510638303, -0.20061099796334003, 0.0, -0.09090909090909094, null, -0.20611802019864778, 0.0, -0.18181818181818177, -0.23142050799623715, -0.13636363636363635, -0.09089601610815479]","[1.0, 0.7474747474747475, 0.8335093933180058, 0.9362780593772628, 1.0, null, 0.7704330836860958, 0.7447698744769874, 0.8555780559646539, 0.8829787234042553, 0.774949083503055, 0.9459459459459459, 0.875, null, 0.7759786328353226, 1.0, 0.8181818181818182, 0.7530573847601129, 0.8636363636363636, 0.882388896879045]","[1.0, 0.9955106621773289, 0.9598376105553139, 0.997103548153512, 1.0, null, 0.9957668511885379, 0.9288702928870293, 0.9702687776141384, 0.9574468085106383, 0.9755600814663951, 0.9459459459459459, 0.9659090909090909, null, 0.9820966530339704, 1.0, 1.0, 0.98447789275635, 1.0, 0.9732849129871998]",0.8246184210526314,20,"[0.8131578947368421, 0.8512280701754386, 0.7531578947368421, 0.7929824561403509, 0.8131578947368421, 0.8267105263157895, 0.8128947368421052, 0.8494736842105263, 0.7531578947368421, 0.8405263157894737, 0.8673684210526316, 0.8131578947368421, 0.7929824561403509, 0.8267105263157895, 0.8431578947368421, 0.8512280701754386, 0.8131578947368421, 0.8976315789473684, 0.8131578947368421, 0.8673684210526316]",7.824792385101318,5.148096799850464,0.06183290481567383,1.7258284091949463,0.0006961822509765625,0.311781644821167,1117838,ai05,success,
roberta_base_agnews,AGNews,20,0.05,44,100,1.0,dp_avg_eps8_K20,dp_avg,4,1.0068590299360318,0.8106578947368421,0.4754802631578948,0.729078947368421,0.9142105263157895,0.7660526315789473,-0.14265064261456184,0,18,"[-0.06056074766355135, -0.1520043595245394, 0.0, -0.0618534128852154, -0.12, null, 0.0, -0.23402284655757954, -0.06451612903225812, -0.25806451612903225, -0.15384615384615385, -0.2333295531866637, -0.16271186440677965, -0.24402349243113575, -0.1712759270898806, -0.19999999999999996, -0.07692307692307687, -0.1348837209302325, null, -0.23969576645601476]","[0.9379439252336449, 0.8101563298252784, 1.0, 0.9368328863101428, 0.832, null, 1.0, 0.7636616239580117, 0.9354838709677419, 0.7419354838709677, 0.7692307692307693, 0.765990020412792, 0.7966101694915254, 0.7547357101497228, 0.7987115021998743, 0.8, 0.9230769230769231, 0.8418604651162791, null, 0.7583468486102567]","[0.9985046728971962, 0.9621606893498178, 1.0, 0.9986862991953582, 0.952, null, 1.0, 0.9976844705155913, 1.0, 1.0, 0.9230769230769231, 0.9993195735994557, 0.9593220338983051, 0.9987592025808586, 0.9699874292897549, 1.0, 1.0, 0.9767441860465116, null, 0.9980426150662715]",0.8061159844054582,18,"[0.7528947368421053, null, 0.8521052631578947, 0.7994736842105263, 0.7668421052631579, 0.8106578947368421, 0.8252631578947368, 0.8521052631578947, 0.7684210526315789, 0.8252631578947368, 0.834561403508772, 0.8521052631578947, 0.8143859649122807, 0.7389473684210527, 0.8521052631578947, 0.834561403508772, 0.7668421052631579, 0.7528947368421053, 0.8106578947368421, null]",7.898051023483276,5.17348837852478,0.06754708290100098,1.7795939445495605,0.0006997585296630859,0.3013455867767334,1117838,ai05,success,
roberta_base_agnews,AGNews,20,0.05,42,100,1.0,labelled_probe_warmup,labelled,100,0.0,0.8225,0.47964473684210523,0.7122368421052632,0.9142105263157895,0.7918421052631579,-0.16467654214934768,0,18,"[-0.11949685534591192, -0.06705746182279804, -0.0636363636363636, null, -0.18223358116480792, -0.05214723926380371, -0.5, -0.03296703296703307, -0.14864185110663986, -0.13193521594684388, -0.2941176470588235, -0.15454545454545454, -0.1578947368421053, -0.12446838673093286, -0.3182527301092043, -0.10892857142857137, null, -0.0714285714285714, -0.1401231400718317, -0.29630291921856144]","[0.8301886792452831, 0.9323824814247844, 0.8409090909090909, null, 0.8165272614622057, 0.9432515337423313, 0.5, 0.8901098901098901, 0.8284708249496981, 0.8347591362126245, 0.6235294117647059, 0.8181818181818182, 0.8421052631578947, 0.8654664020413949, 0.6778471138845554, 0.8625, null, 0.8928571428571429, 0.820574653668548, 0.7028476910009388]","[0.949685534591195, 0.9994399432475825, 0.9045454545454545, null, 0.9987608426270136, 0.995398773006135, 1.0, 0.9230769230769231, 0.977112676056338, 0.9666943521594684, 0.9176470588235294, 0.9727272727272728, 1.0, 0.9899347887723278, 0.9960998439937597, 0.9714285714285714, null, 0.9642857142857143, 0.9606977937403797, 0.9991506102195002]",0.8189863547758285,18,"[0.8910526315789473, 0.7884210526315789, 0.7015789473684211, 0.8225, 0.8573684210526316, 0.8573684210526316, 0.8628070175438597, 0.8318421052631579, 0.8131578947368421, 0.7015789473684211, 0.8910526315789473, 0.8108771929824561, 0.8278947368421052, null, 0.8628070175438597, 0.7794736842105263, 0.8225, 0.8131578947368421, 0.8063157894736842, null]",7.799057483673096,5.1668572425842285,0.011402130126953125,1.7419500350952148,0.0006880760192871094,0.2975916862487793,1117838,ai05,success,
roberta_base_agnews,AGNews,20,0.05,43,100,1.0,labelled_probe_warmup,labelled,100,0.0,0.8278947368421052,0.5005131578947368,0.7672368421052631,0.9142105263157895,0.7931578947368421,-0.1241331432749378,0,18,"[0.0, -0.23569023569023573, -0.131982849686199, -0.04127443881245474, 0.0, null, -0.2168674698795181, -0.18828451882845187, -0.12720913107511045, -0.07446808510638303, -0.21995926680244393, -0.04054054054054057, -0.045454545454545525, null, -0.20503296886737332, 0.0, -0.2727272727272727, -0.22436500470366894, -0.13636363636363635, -0.07417661441104562]","[1.0, 0.7598204264870931, 0.8278547608691149, 0.9558291093410572, 1.0, null, 0.7788993813090198, 0.7405857740585774, 0.843059646539028, 0.8829787234042553, 0.7556008146639511, 0.9054054054054054, 0.9204545454545454, null, 0.7770636841665971, 1.0, 0.7272727272727273, 0.7601128880526811, 0.8636363636363636, 0.8991082985761542]","[1.0, 0.9955106621773289, 0.9598376105553139, 0.997103548153512, 1.0, null, 0.9957668511885379, 0.9288702928870293, 0.9702687776141384, 0.9574468085106383, 0.9755600814663951, 0.9459459459459459, 0.9659090909090909, null, 0.9820966530339704, 1.0, 1.0, 0.98447789275635, 1.0, 0.9732849129871998]",0.8259078947368422,20,"[0.8194736842105264, 0.85, 0.761578947368421, 0.7863157894736842, 0.8194736842105264, 0.8278947368421052, 0.7986842105263158, 0.8557894736842105, 0.761578947368421, 0.8571052631578947, 0.8531578947368421, 0.8194736842105264, 0.7863157894736842, 0.8278947368421052, 0.848421052631579, 0.85, 0.8194736842105264, 0.9028947368421053, 0.8194736842105264, 0.8531578947368421]",7.820297956466675,5.192066431045532,0.011556148529052734,1.733867883682251,0.000701904296875,0.30310630798339844,1117838,ai05,success,
roberta_base_agnews,AGNews,20,0.05,44,100,1.0,labelled_probe_warmup,labelled,100,0.0,0.8181578947368421,0.4754802631578948,0.729078947368421,0.9142105263157895,0.7810526315789473,-0.14112339585102046,0,18,"[-0.06691588785046731, -0.12499574265181701, 0.0, -0.06853139197547753, -0.11199999999999999, null, 0.0, -0.18107440568076572, -0.09677419354838712, -0.22580645161290325, -0.13846153846153852, -0.18235427534588344, -0.12542372881355934, -0.30316816941020763, -0.1393777498428661, -0.19999999999999996, -0.15384615384615385, -0.13023255813953483, null, -0.2912588781388066]","[0.9315887850467289, 0.8371649466980008, 1.0, 0.9301549072198807, 0.84, null, 1.0, 0.8166100648348256, 0.9032258064516129, 0.7741935483870968, 0.7846153846153846, 0.8169652982535722, 0.8338983050847457, 0.695591033170651, 0.8306096794468888, 0.8, 0.8461538461538461, 0.8465116279069768, null, 0.7067837369274649]","[0.9985046728971962, 0.9621606893498178, 1.0, 0.9986862991953582, 0.952, null, 1.0, 0.9976844705155913, 1.0, 1.0, 0.9230769230769231, 0.9993195735994557, 0.9593220338983051, 0.9987592025808586, 0.9699874292897549, 1.0, 1.0, 0.9767441860465116, null, 0.9980426150662715]",0.8018128654970761,18,"[0.756578947368421, null, 0.8202631578947368, 0.8289473684210527, 0.71, 0.8181578947368421, 0.8542105263157894, 0.8202631578947368, 0.7807017543859649, 0.8542105263157894, 0.8231578947368421, 0.8202631578947368, 0.8145614035087719, 0.8031578947368421, 0.8202631578947368, 0.8231578947368421, 0.71, 0.756578947368421, 0.8181578947368421, null]",7.859054803848267,5.192468881607056,0.011570453643798828,1.7773611545562744,0.0007066726684570312,0.29959821701049805,1117838,ai05,success,
roberta_base_agnews,AGNews,20,0.05,42,100,1.0,no_phase0,none,0,0.0,0.6943421052631579,0.47964473684210523,0.7122368421052632,0.9142105263157895,0.20355263157894737,-0.2850347786987515,0,18,"[-0.19496855345911945, -0.18776836052720014, -0.25909090909090904, null, -0.22885687732342008, -0.18251533742331294, -0.5, -0.13186813186813195, -0.22409456740442657, -0.23824750830564778, -0.3764705882352941, -0.4, -0.1578947368421053, -0.3208108874397505, -0.44227769110764426, -0.19107142857142856, null, -0.3214285714285714, -0.3147255002565418, -0.45853636729402303]","[0.7547169811320755, 0.8116715827203823, 0.6454545454545455, null, 0.7699039653035935, 0.8128834355828221, 0.5, 0.7912087912087912, 0.7530181086519114, 0.7284468438538206, 0.5411764705882353, 0.5727272727272728, 0.8421052631578947, 0.6691239013325773, 0.5538221528861155, 0.7803571428571429, null, 0.6428571428571429, 0.6459722934838379, 0.5406142429254772]","[0.949685534591195, 0.9994399432475825, 0.9045454545454545, null, 0.9987608426270136, 0.995398773006135, 1.0, 0.9230769230769231, 0.977112676056338, 0.9666943521594684, 0.9176470588235294, 0.9727272727272728, 1.0, 0.9899347887723278, 0.9960998439937597, 0.9714285714285714, null, 0.9642857142857143, 0.9606977937403797, 0.9991506102195002]",0.6798830409356725,18,"[0.7405263157894737, 0.6549122807017543, 0.541578947368421, 0.6943421052631579, 0.6684210526315789, 0.6684210526315789, 0.7452631578947368, 0.7115789473684211, 0.6771052631578948, 0.541578947368421, 0.7405263157894737, 0.7029824561403509, 0.6742105263157895, null, 0.7452631578947368, 0.605, 0.6943421052631579, 0.6771052631578948, 0.7547368421052632, null]",7.93694806098938,5.184352159500122,0.005311012268066406,1.7501733303070068,0.00069427490234375,0.2965235710144043,1117838,ai05,success,
roberta_base_agnews,AGNews,20,0.05,43,100,1.0,no_phase0,none,0,0.0,0.7701315789473684,0.5005131578947368,0.7672368421052631,0.9142105263157895,0.27407894736842103,-0.20045238017012226,0,18,"[-0.5, -0.351290684624018, -0.17686778930798075, -0.1368573497465605, 0.0, null, -0.34288505372842726, -0.21338912133891208, -0.1656848306332842, -0.12765957446808518, -0.26476578411405294, -0.027027027027026973, -0.1477272727272727, null, -0.3033970453217594, 0.0, -0.18181818181818177, -0.33443085606773293, -0.18181818181818177, -0.1525240903207249]","[0.5, 0.6442199775533108, 0.7829698212473332, 0.8602461984069515, 1.0, null, 0.6528817974601107, 0.7154811715481172, 0.8045839469808542, 0.8297872340425532, 0.7107942973523421, 0.918918918918919, 0.8181818181818182, null, 0.678699607712211, 1.0, 0.8181818181818182, 0.6500470366886171, 0.8181818181818182, 0.8207608226664749]","[1.0, 0.9955106621773289, 0.9598376105553139, 0.997103548153512, 1.0, null, 0.9957668511885379, 0.9288702928870293, 0.9702687776141384, 0.9574468085106383, 0.9755600814663951, 0.9459459459459459, 0.9659090909090909, null, 0.9820966530339704, 1.0, 1.0, 0.98447789275635, 1.0, 0.9732849129871998]",0.7660043859649122,20,"[0.7547368421052632, 0.8078947368421052, 0.6568421052631579, 0.7324561403508771, 0.7547368421052632, 0.7701315789473684, 0.7702631578947369, 0.785438596491228, 0.6568421052631579, 0.77, 0.8163157894736842, 0.7547368421052632, 0.7324561403508771, 0.7701315789473684, 0.8036842105263158, 0.8078947368421052, 0.7547368421052632, 0.8497368421052631, 0.7547368421052632, 0.8163157894736842]",7.7833099365234375,5.153887748718262,0.004898548126220703,1.7410693168640137,0.0007069110870361328,0.30415844917297363,1117838,ai05,success,
roberta_base_agnews,AGNews,20,0.05,44,100,1.0,no_phase0,none,0,0.0,0.6653947368421053,0.4754802631578948,0.729078947368421,0.9142105263157895,0.22263157894736843,-0.26882026182990093,0,18,"[-0.2491588785046729, -0.2357549129798031, 0.0, -0.25726640757567465, -0.22666666666666657, null, 0.0, -0.32293917875887623, -0.3548387096774194, -0.4193548387096774, -0.24615384615384617, -0.3255273304604219, -0.22372881355932206, -0.44767970882620556, -0.24764299182903837, -0.33333333333333337, -0.3076923076923077, -0.19999999999999996, null, -0.4410267882109502]","[0.7493457943925234, 0.7264057763700147, 1.0, 0.7414198916196836, 0.7253333333333334, null, 1.0, 0.674745291756715, 0.6451612903225806, 0.5806451612903226, 0.676923076923077, 0.6737922431390337, 0.735593220338983, 0.551079493754653, 0.7223444374607165, 0.6666666666666666, 0.6923076923076923, 0.7767441860465116, null, 0.5570158268553212]","[0.9985046728971962, 0.9621606893498178, 1.0, 0.9986862991953582, 0.952, null, 1.0, 0.9976844705155913, 1.0, 1.0, 0.9230769230769231, 0.9993195735994557, 0.9593220338983051, 0.9987592025808586, 0.9699874292897549, 1.0, 1.0, 0.9767441860465116, null, 0.9980426150662715]",0.6451120857699806,18,"[0.6023684210526316, null, 0.6402631578947369, 0.7263157894736842, 0.55, 0.6653947368421053, 0.703859649122807, 0.6402631578947369, 0.6436842105263157, 0.703859649122807, 0.6689473684210526, 0.6402631578947369, 0.6450877192982456, 0.6547368421052632, 0.6402631578947369, 0.6689473684210526, 0.55, 0.6023684210526316, 0.6653947368421053, null]",7.801393508911133,5.186651706695557,0.0053255558013916016,1.732511043548584,0.0007071495056152344,0.29810166358947754,1117838,ai05,success,
roberta_base_agnews,AGNews,20,0.05,42,100,1.0,raw_union_K20,raw_union,551,0.0,0.8714473684210526,0.47964473684210523,0.7122368421052632,0.9142105263157895,0.8686842105263158,-0.08437762050275564,1,18,"[-0.10062893081761004, -0.03707575701004373, -0.040909090909090895, null, -0.17441140024783142, -0.018404907975460127, 0.0, 0.04395604395604391, -0.14587525150905434, -0.11764950166112953, -0.11764705882352933, -0.10000000000000009, -0.052631578947368474, -0.11142614119648431, -0.17160686427457095, -0.09107142857142858, null, -0.0357142857142857, -0.0826064648537711, -0.16509455049398725]","[0.8490566037735849, 0.9623641862375387, 0.8636363636363636, null, 0.8243494423791822, 0.9769938650306749, 1.0, 0.967032967032967, 0.8312374245472837, 0.8490448504983389, 0.8, 0.8727272727272727, 0.9473684210526315, 0.8785086475758435, 0.8244929797191888, 0.8803571428571428, null, 0.9285714285714286, 0.8780913288866086, 0.834056059725513]","[0.949685534591195, 0.9994399432475825, 0.9045454545454545, null, 0.9987608426270136, 0.995398773006135, 1.0, 0.9230769230769231, 0.977112676056338, 0.9666943521594684, 0.9176470588235294, 0.9727272727272728, 1.0, 0.9899347887723278, 0.9960998439937597, 0.9714285714285714, null, 0.9642857142857143, 0.9606977937403797, 0.9991506102195002]",0.8715448343079921,18,"[0.9176315789473685, 0.842280701754386, 0.8389473684210527, 0.8714473684210526, 0.8763157894736842, 0.8763157894736842, 0.882280701754386, 0.8439473684210527, 0.8989473684210526, 0.8389473684210527, 0.9176315789473685, 0.8698245614035087, 0.8914035087719299, null, 0.882280701754386, 0.8576315789473684, 0.8714473684210526, 0.8989473684210526, 0.8115789473684211, null]",7.991688966751099,5.291301727294922,0.06280899047851562,1.7597556114196777,0.0006961822509765625,0.3002920150756836,1117838,ai05,success,
roberta_base_agnews,AGNews,20,0.05,43,100,1.0,raw_union_K20,raw_union,522,0.0,0.8822368421052632,0.5005131578947368,0.7672368421052631,0.9142105263157895,0.8814473684210526,-0.07007286252918717,0,18,"[0.0, -0.1582491582491583, -0.07707284740777565, -0.022447501810282433, 0.0, null, -0.14881146206447404, -0.06276150627615062, -0.08762886597938147, -0.042553191489361764, -0.10386965376782076, -0.013513513513513487, -0.022727272727272707, null, -0.14360237041983137, 0.0, -0.09090909090909094, -0.15098777046095957, -0.09090909090909094, -0.04526822954120524]","[1.0, 0.8372615039281706, 0.8827647631475383, 0.9746560463432296, 1.0, null, 0.8469553891240639, 0.8661087866108786, 0.882639911634757, 0.9148936170212766, 0.8716904276985743, 0.9324324324324325, 0.9431818181818182, null, 0.838494282614139, 1.0, 0.9090909090909091, 0.8334901222953904, 0.9090909090909091, 0.9280166834459945]","[1.0, 0.9955106621773289, 0.9598376105553139, 0.997103548153512, 1.0, null, 0.9957668511885379, 0.9288702928870293, 0.9702687776141384, 0.9574468085106383, 0.9755600814663951, 0.9459459459459459, 0.9659090909090909, null, 0.9820966530339704, 1.0, 1.0, 0.98447789275635, 1.0, 0.9732849129871998]",0.8803245614035088,20,"[0.8817543859649123, 0.8970175438596492, 0.8378947368421052, 0.8571929824561404, 0.8817543859649123, 0.8822368421052632, 0.8668421052631579, 0.8929824561403509, 0.8378947368421052, 0.8976315789473684, 0.8836842105263157, 0.8817543859649123, 0.8571929824561404, 0.8822368421052632, 0.9036842105263158, 0.8970175438596492, 0.8817543859649123, 0.9205263157894736, 0.8817543859649123, 0.8836842105263157]",7.995742082595825,5.287974119186401,0.0715935230255127,1.7395529747009277,0.0007007122039794922,0.31780457496643066,1117838,ai05,success,
roberta_base_agnews,AGNews,20,0.05,44,100,1.0,raw_union_K20,raw_union,525,0.0,0.8713157894736843,0.4754802631578948,0.729078947368421,0.9142105263157895,0.8688157894736842,-0.10445367364014187,0,18,"[-0.03355140186915884, -0.07894826470488059, -0.33333333333333337, -0.035688871859434035, -0.04799999999999993, null, 0.0, -0.1602346403210868, -0.032258064516129004, -0.09677419354838712, -0.08461538461538465, -0.1642095713313677, -0.07457627118644061, -0.18264538009760933, -0.09098051539912011, -0.19999999999999996, 0.0, -0.07906976744186045, null, -0.1852804652983614]","[0.9649532710280374, 0.8832124246449372, 0.6666666666666666, 0.9629974273359242, 0.904, null, 1.0, 0.8374498301945045, 0.967741935483871, 0.9032258064516129, 0.8384615384615385, 0.835110002268088, 0.8847457627118644, 0.8161138224832493, 0.8790069138906348, 0.8, 1.0, 0.8976744186046511, null, 0.8127621497679101]","[0.9985046728971962, 0.9621606893498178, 1.0, 0.9986862991953582, 0.952, null, 1.0, 0.9976844705155913, 1.0, 1.0, 0.9230769230769231, 0.9993195735994557, 0.9593220338983051, 0.9987592025808586, 0.9699874292897549, 1.0, 1.0, 0.9767441860465116, null, 0.9980426150662715]",0.8634405458089668,18,"[0.8186842105263158, null, 0.8905263157894737, 0.8831578947368421, 0.8163157894736842, 0.8713157894736843, 0.8896491228070176, 0.8905263157894737, 0.8401754385964912, 0.8896491228070176, 0.8880701754385965, 0.8905263157894737, 0.8673684210526316, 0.8210526315789474, 0.8905263157894737, 0.8880701754385965, 0.8163157894736842, 0.8186842105263158, 0.8713157894736843, null]",7.946520566940308,5.245945453643799,0.07284688949584961,1.7511441707611084,0.0007028579711914062,0.3007628917694092,1117838,ai05,success,
roberta_base_agnews,AGNews,20,0.05,42,100,1.0,warmup_only_labelled,warmup_only,100,0.0,0.7918421052631579,0.47964473684210523,0.7122368421052632,0.9142105263157895,0.7918421052631579,-0.18908798376603525,0,18,"[-0.1383647798742138, -0.09718851510286375, -0.09999999999999998, null, -0.19338599752168517, -0.09202453987730064, -0.5, -0.05494505494505497, -0.16272635814889336, -0.14784053156146182, -0.3647058823529411, -0.18181818181818188, -0.1578947368421053, -0.14729231641621776, -0.374414976599064, -0.125, null, -0.0357142857142857, -0.17629553617239613, -0.35397201484196883]","[0.8113207547169812, 0.9022514281447187, 0.8045454545454546, null, 0.8053748451053284, 0.9033742331288344, 0.5, 0.8681318681318682, 0.8143863179074446, 0.8188538205980066, 0.5529411764705883, 0.7909090909090909, 0.8421052631578947, 0.84264247235611, 0.6216848673946958, 0.8464285714285714, null, 0.9285714285714286, 0.7844022575679835, 0.6451785953775314]","[0.949685534591195, 0.9994399432475825, 0.9045454545454545, null, 0.9987608426270136, 0.995398773006135, 1.0, 0.9230769230769231, 0.977112676056338, 0.9666943521594684, 0.9176470588235294, 0.9727272727272728, 1.0, 0.9899347887723278, 0.9960998439937597, 0.9714285714285714, null, 0.9642857142857143, 0.9606977937403797, 0.9991506102195002]",0.7872368421052632,18,"[0.8681578947368421, 0.7563157894736842, 0.6410526315789473, 0.7918421052631579, 0.8378947368421052, 0.8378947368421052, 0.8421052631578947, 0.8139473684210526, 0.7697368421052632, 0.6410526315789473, 0.8681578947368421, 0.7764912280701755, 0.7924561403508772, null, 0.8421052631578947, 0.7394736842105263, 0.7918421052631579, 0.7697368421052632, 0.79, null]",6.12791633605957,5.237399339675903,0.009600639343261719,0.0,0.0,0.30584025382995605,1117838,ai05,success,
roberta_base_agnews,AGNews,20,0.05,43,100,1.0,warmup_only_labelled,warmup_only,100,0.0,0.7931578947368421,0.5005131578947368,0.7672368421052631,0.9142105263157895,0.7931578947368421,-0.1476095393996469,0,18,"[0.0, -0.2671156004489338, -0.1824395699993786, -0.05213613323678501, 0.0, null, -0.24715076522305435, -0.2343096234309623, -0.15924153166421207, -0.11702127659574468, -0.2841140529531567, -0.05405405405405406, -0.06818181818181823, null, -0.22994741674317665, 0.0, -0.2727272727272727, -0.25587958607714023, -0.13636363636363635, -0.09628937149431904]","[1.0, 0.7283950617283951, 0.7773980405559353, 0.944967414916727, 1.0, null, 0.7486160859654836, 0.694560669456067, 0.8110272459499264, 0.8404255319148937, 0.6914460285132383, 0.8918918918918919, 0.8977272727272727, null, 0.7521492362907938, 1.0, 0.7272727272727273, 0.7285983066792098, 0.8636363636363636, 0.8769955414928807]","[1.0, 0.9955106621773289, 0.9598376105553139, 0.997103548153512, 1.0, null, 0.9957668511885379, 0.9288702928870293, 0.9702687776141384, 0.9574468085106383, 0.9755600814663951, 0.9459459459459459, 0.9659090909090909, null, 0.9820966530339704, 1.0, 1.0, 0.98447789275635, 1.0, 0.9732849129871998]",0.792280701754386,20,"[0.7828070175438596, 0.8112280701754386, 0.7389473684210527, 0.7431578947368421, 0.7828070175438596, 0.7931578947368421, 0.7452631578947368, 0.8354385964912281, 0.7389473684210527, 0.8410526315789474, 0.8242105263157895, 0.7828070175438596, 0.7431578947368421, 0.7931578947368421, 0.8047368421052632, 0.8112280701754386, 0.7828070175438596, 0.8836842105263157, 0.7828070175438596, 0.8242105263157895]",6.068682432174683,5.172645092010498,0.009540081024169922,0.0,0.0,0.30762672424316406,1117838,ai05,success,
roberta_base_agnews,AGNews,20,0.05,44,100,1.0,warmup_only_labelled,warmup_only,100,0.0,0.7810526315789473,0.4754802631578948,0.729078947368421,0.9142105263157895,0.7810526315789473,-0.16707945252559953,0,18,"[-0.10785046728971959, -0.14812165798167642, 0.0, -0.11188351852865508, -0.1253333333333333, null, 0.0, -0.1892559431923434, -0.16129032258064513, -0.29032258064516125, -0.13846153846153852, -0.18932864595146293, -0.13559322033898302, -0.3650426007113905, -0.1587052168447518, -0.19999999999999996, -0.1923076923076923, -0.13953488372093015, null, -0.3543985235725071]","[0.8906542056074767, 0.8140390313681414, 1.0, 0.8868027806667031, 0.8266666666666667, null, 1.0, 0.8084285273232479, 0.8387096774193549, 0.7096774193548387, 0.7846153846153846, 0.8099909276479927, 0.823728813559322, 0.6337166018694681, 0.8112822124450031, 0.8, 0.8076923076923077, 0.8372093023255814, null, 0.6436440914937643]","[0.9985046728971962, 0.9621606893498178, 1.0, 0.9986862991953582, 0.952, null, 1.0, 0.9976844705155913, 1.0, 1.0, 0.9230769230769231, 0.9993195735994557, 0.9593220338983051, 0.9987592025808586, 0.9699874292897549, 1.0, 1.0, 0.9767441860465116, null, 0.9980426150662715]",0.7582748538011698,18,"[0.7163157894736842, null, 0.7628947368421053, 0.8031578947368421, 0.6373684210526316, 0.7810526315789473, 0.8289473684210527, 0.7628947368421053, 0.7452631578947368, 0.8289473684210527, 0.7763157894736842, 0.7628947368421053, 0.7736842105263158, 0.7952631578947369, 0.7628947368421053, 0.7763157894736842, 0.6373684210526316, 0.7163157894736842, 0.7810526315789473, null]",6.0839033126831055,5.191282272338867,0.009638071060180664,0.0,0.0,0.3034079074859619,1117838,ai05,success,
roberta_base_agnews,AGNews,20,0.1,42,100,1.0,dp_avg_eps2_K20,dp_avg,4,4.043601857518789,0.7707894736842106,0.6134671052631578,0.8718421052631579,0.9142105263157895,0.5901315789473685,-0.17052797661957486,0,20,"[-0.25084997218272853, -0.1875, -0.19999999999999996, -0.2333333333333334, -0.1584699453551912, -0.17805818436733256, -0.16666666666666663, -0.19723638756374406, -0.2199904351984696, -0.10344827586206895, -0.12285872167986744, -0.1536697247706421, -0.20899666790077753, -0.21795487277964476, -0.17239900506046824, 0.0, -0.11711711711711714, -0.2142857142857143, -0.17291236352906458, -0.13481214473866632]","[0.6869629721209124, 0.7395833333333334, 0.8, 0.7333333333333333, 0.7978142076502732, 0.7981072555205048, 0.7083333333333334, 0.7927290672808027, 0.7580105212816834, 0.8448275862068966, 0.8441701970897034, 0.8291284403669725, 0.7829507589781562, 0.7215554488718194, 0.7527232181147612, 1.0, 0.7747747747747747, 0.7142857142857143, 0.7848922986131602, 0.8392901705254402]","[0.9378129443036409, 0.9270833333333334, 1.0, 0.9666666666666667, 0.9562841530054644, 0.9761654398878373, 0.875, 0.9899654548445468, 0.9780009564801531, 0.9482758620689655, 0.9670289187695709, 0.9827981651376146, 0.9919474268789338, 0.9395103216514642, 0.9251222231752294, 1.0, 0.8918918918918919, 0.9285714285714286, 0.9578046621422248, 0.9741023152641065]",0.7857839912280702,16,"[0.8310526315789474, 0.8310526315789474, 0.7707017543859649, 0.7705263157894737, 0.7710526315789473, 0.7710526315789473, 0.8310526315789474, 0.8910526315789473, 0.8313157894736842, 0.7702631578947369, null, 0.6494736842105263, 0.771578947368421, null, 0.7710526315789473, 0.7705263157894737, 0.7702631578947369, 0.7705263157894737, null, null]",8.014013528823853,5.155912637710571,0.06841611862182617,1.9180045127868652,0.0006811618804931641,0.29119420051574707,1117838,ai05,success,
roberta_base_agnews,AGNews,20,0.1,43,100,1.0,dp_avg_eps2_K20,dp_avg,4,4.050649764344406,0.7873684210526316,0.5260986842105263,0.6753947368421053,0.9142105263157895,0.6713157894736842,-0.22161484366510065,0,20,"[-0.28967478229962684, -0.31337437045327365, -0.10575266965208407, -0.24783362218370875, -0.1674611581920904, -0.10751617720258833, -0.15599095704596844, -0.25495708789582716, -0.13263358778625955, -0.2583276682528892, -0.10291858678955446, -0.30227272727272725, -0.18181818181818188, -0.16000000000000003, -0.29824561403508776, -0.33333333333333337, -0.2142857142857143, -0.30674981658107126, -0.28, -0.21915081822202565]","[0.7049937799893371, 0.6852825965304981, 0.8934722700654495, 0.7175043327556326, 0.8287429378531074, 0.8917371826779492, 0.8128767897513187, 0.737348327907665, 0.8632769901853872, 0.7370836165873556, 0.8903225806451613, 0.6916666666666667, 0.7727272727272727, 0.69, 0.7017543859649122, 0.6666666666666666, 0.75, 0.6887013939838591, 0.72, 0.7749889429455993]","[0.9946685622889639, 0.9986569669837717, 0.9992249397175336, 0.9653379549393414, 0.9962040960451978, 0.9992533598805375, 0.9688677467972872, 0.9923054158034922, 0.9959105779716467, 0.9954112848402448, 0.9932411674347158, 0.9939393939393939, 0.9545454545454546, 0.85, 1.0, 1.0, 0.9642857142857143, 0.9954512105649304, 1.0, 0.9941397611676249]",0.782843137254902,17,"[0.8113157894736842, 0.8170175438596491, 0.763421052631579, 0.8113157894736842, 0.7157894736842105, 0.7331578947368421, null, null, 0.6984210526315789, 0.7939473684210526, 0.6984210526315789, 0.8170175438596491, 0.8170175438596491, null, 0.8170175438596491, 0.7736842105263158, 0.7939473684210526, 0.8894736842105263, 0.8589473684210527, 0.6984210526315789]",8.025657653808594,5.164963006973267,0.054390907287597656,1.9328594207763672,0.0006895065307617188,0.29410457611083984,1117838,ai05,success,
roberta_base_agnews,AGNews,20,0.1,44,100,1.0,dp_avg_eps2_K20,dp_avg,4,4.027436119744127,0.7601315789473684,0.602625,0.7767105263157895,0.9142105263157895,0.5813157894736842,-0.18574153531593462,0,20,"[-0.16666666666666663, -0.22397123840062194, -0.13099099099099099, -0.11662315056570927, -0.2444736842105264, -0.13268729034662685, -0.13968253968253963, -0.21933576218385342, -0.15102974828375293, -0.2857142857142857, -0.2234848484848485, -0.14974619289340108, -0.19041068972293174, -0.2783216783216783, -0.1879432624113475, -0.16666666666666663, -0.1791443850267379, -0.1429073033707865, -0.09999999999999998, -0.2850303223747207]","[0.817283950617284, 0.7459311081960841, 0.8616216216216216, 0.8772845953002611, 0.6831578947368421, 0.8647036898993664, 0.817989417989418, 0.7749617192037594, 0.8352402745995423, 0.6938775510204082, 0.75, 0.7944162436548223, 0.8048732560424445, 0.6914685314685315, 0.7686170212765957, 0.8333333333333334, 0.7901069518716578, 0.8279494382022472, 0.9, 0.6742738589211619]","[0.9839506172839506, 0.969902346596706, 0.9926126126126126, 0.9939077458659704, 0.9276315789473685, 0.9973909802459933, 0.9576719576719577, 0.9942974813876129, 0.9862700228832952, 0.9795918367346939, 0.9734848484848485, 0.9441624365482234, 0.9952839457653763, 0.9697902097902098, 0.9565602836879432, 1.0, 0.9692513368983957, 0.9708567415730337, 1.0, 0.9593041812958826]",0.7545394736842105,16,"[0.7456140350877193, 0.6473684210526316, null, 0.7231578947368421, 0.835, 0.6473684210526316, 0.6852631578947368, 0.763421052631579, 0.763421052631579, 0.8663157894736843, 0.8663157894736843, 0.7231578947368421, 0.7456140350877193, null, 0.7231578947368421, 0.7255263157894737, 0.8663157894736843, null, 0.7456140350877193, null]",8.135515213012695,5.175017833709717,0.07015705108642578,1.914555549621582,0.0006852149963378906,0.2887718677520752,1117838,ai05,success,
roberta_base_agnews,AGNews,20,0.1,42,100,1.0,dp_avg_eps8_K20,dp_avg,4,1.0109004643796973,0.8239473684210527,0.6134671052631578,0.8718421052631579,0.9142105263157895,0.7772368421052631,-0.1425831830768282,0,20,"[-0.18371762378685785, -0.15104166666666674, 0.0, -0.19999999999999996, -0.11475409836065564, -0.1587802313354364, -0.11111111111111116, -0.17700279651258433, -0.16164514586322332, -0.051724137931034475, -0.0797568613004237, -0.12958715596330272, -0.15707145501666053, -0.15794527124339885, -0.12831289132858736, -0.33333333333333337, -0.09009009009009006, -0.25, -0.12894659191501912, -0.08684319977817834]","[0.7540953205167831, 0.7760416666666666, 1.0, 0.7666666666666667, 0.8415300546448088, 0.8173852085524009, 0.7638888888888888, 0.8129626583319625, 0.8163558106169297, 0.896551724137931, 0.8872720574691472, 0.8532110091743119, 0.8348759718622732, 0.7815650504080653, 0.796809331846642, 0.6666666666666666, 0.8018018018018018, 0.6785714285714286, 0.8288580702272057, 0.8872591154859282]","[0.9378129443036409, 0.9270833333333334, 1.0, 0.9666666666666667, 0.9562841530054644, 0.9761654398878373, 0.875, 0.9899654548445468, 0.9780009564801531, 0.9482758620689655, 0.9670289187695709, 0.9827981651376146, 0.9919474268789338, 0.9395103216514642, 0.9251222231752294, 1.0, 0.8918918918918919, 0.9285714285714286, 0.9578046621422248, 0.9741023152641065]",0.8390625000000003,16,"[0.8742105263157894, 0.8742105263157894, 0.8252631578947368, 0.8331578947368421, 0.82, 0.82, 0.8742105263157894, 0.9284210526315789, 0.8623684210526316, 0.8397368421052631, null, 0.7510526315789474, 0.7963157894736842, null, 0.82, 0.8331578947368421, 0.8397368421052631, 0.8331578947368421, null, null]",8.167595386505127,5.221310377120972,0.06342029571533203,1.9574134349822998,0.0007021427154541016,0.30121636390686035,1117838,ai05,success,
roberta_base_agnews,AGNews,20,0.1,43,100,1.0,dp_avg_eps8_K20,dp_avg,4,1.0126624410861016,0.8311842105263157,0.5260986842105263,0.6753947368421053,0.9142105263157895,0.7985526315789474,-0.16713962482684946,0,20,"[-0.21841123156211129, -0.23838836038052602, -0.06579400620048226, -0.20450606585788556, -0.1342690677966102, -0.06470881035340958, -0.12514129615674463, -0.21722403077833685, -0.0898309705561614, -0.22195785180149563, -0.06175115207373272, -0.2257575757575757, -0.11363636363636365, -0.04999999999999993, -0.19298245614035092, -0.2777777777777778, -0.1428571428571429, -0.23668378576669113, -0.28, -0.1811145510835913]","[0.7762573307268527, 0.7602686066032457, 0.9334309335170513, 0.7608318890814558, 0.8619350282485876, 0.934544549527128, 0.8437264506405425, 0.7750813850251553, 0.9060796074154853, 0.7734534330387491, 0.9314900153609831, 0.7681818181818182, 0.8409090909090909, 0.8, 0.8070175438596491, 0.7222222222222222, 0.8214285714285714, 0.7587674247982392, 0.72, 0.8130252100840336]","[0.9946685622889639, 0.9986569669837717, 0.9992249397175336, 0.9653379549393414, 0.9962040960451978, 0.9992533598805375, 0.9688677467972872, 0.9923054158034922, 0.9959105779716467, 0.9954112848402448, 0.9932411674347158, 0.9939393939393939, 0.9545454545454546, 0.85, 1.0, 1.0, 0.9642857142857143, 0.9954512105649304, 1.0, 0.9941397611676249]",0.8297265221878225,17,"[0.8486842105263158, 0.8524561403508772, 0.8136842105263158, 0.8486842105263158, 0.7655263157894737, 0.7636842105263157, null, null, 0.7673684210526316, 0.8505263157894737, 0.7673684210526316, 0.8524561403508772, 0.8524561403508772, null, 0.8524561403508772, 0.8215789473684211, 0.8505263157894737, 0.9336842105263158, 0.8968421052631579, 0.7673684210526316]",8.194135427474976,5.305690288543701,0.054598331451416016,1.9553582668304443,0.0007035732269287109,0.29674577713012695,1117838,ai05,success,
roberta_base_agnews,AGNews,20,0.1,44,100,1.0,dp_avg_eps8_K20,dp_avg,4,1.0068590299360318,0.8076315789473684,0.602625,0.7767105263157895,0.9142105263157895,0.7626315789473684,-0.13262780006252767,0,20,"[-0.13703703703703707, -0.18731477432832921, -0.07675675675675675, -0.048738033072236786, -0.19210526315789478, -0.06671636228102862, -0.11322751322751323, -0.15745287501980043, -0.09839816933638446, -0.20408163265306123, -0.1742424242424243, -0.1065989847715737, -0.16476714482216537, -0.2218181818181818, -0.13829787234042545, 0.0, -0.1470588235294118, -0.0951544943820225, -0.09999999999999998, -0.22278965847430576]","[0.8469135802469135, 0.7825875722683768, 0.9158558558558558, 0.9451697127937336, 0.7355263157894737, 0.9306746179649646, 0.8444444444444444, 0.8368446063678124, 0.8878718535469108, 0.7755102040816326, 0.7992424242424242, 0.8375634517766497, 0.8305168009432109, 0.747972027972028, 0.8182624113475178, 1.0, 0.8221925133689839, 0.8757022471910112, 0.9, 0.7365145228215768]","[0.9839506172839506, 0.969902346596706, 0.9926126126126126, 0.9939077458659704, 0.9276315789473685, 0.9973909802459933, 0.9576719576719577, 0.9942974813876129, 0.9862700228832952, 0.9795918367346939, 0.9734848484848485, 0.9441624365482234, 0.9952839457653763, 0.9697902097902098, 0.9565602836879432, 1.0, 0.9692513368983957, 0.9708567415730337, 1.0, 0.9593041812958826]",0.8051480263157896,16,"[0.8012280701754386, 0.7094736842105264, null, 0.7668421052631579, 0.8771052631578947, 0.7094736842105264, 0.7381578947368421, 0.7968421052631579, 0.7968421052631579, 0.9273684210526316, 0.9273684210526316, 0.7668421052631579, 0.8012280701754386, null, 0.7668421052631579, 0.7681578947368422, 0.9273684210526316, null, 0.8012280701754386, null]",8.146124839782715,5.258700847625732,0.07175278663635254,1.9452226161956787,0.0006852149963378906,0.2909891605377197,1117838,ai05,success,
roberta_base_agnews,AGNews,20,0.1,42,100,1.0,labelled_probe_warmup,labelled,100,0.0,0.825,0.6134671052631578,0.8718421052631579,0.9142105263157895,0.7918421052631579,-0.14332748517884306,0,20,"[-0.20464239352166647, -0.19270833333333337, -0.19999999999999996, -0.16666666666666663, -0.12568306010928953, -0.1556256572029442, -0.08333333333333337, -0.1717387728244777, -0.12242945958871354, -0.06896551724137934, -0.07275741388837731, -0.11582568807339444, -0.12273232136245837, -0.1829092654824772, -0.1380907453469422, -0.33333333333333337, -0.05405405405405406, -0.1785714285714286, -0.10475066391265853, -0.07173159572993215]","[0.7331705507819745, 0.734375, 0.8, 0.8, 0.8306010928961749, 0.8205397826848931, 0.7916666666666666, 0.8182266820200691, 0.8555714968914395, 0.8793103448275862, 0.8942715048811936, 0.8669724770642202, 0.8692151055164754, 0.756601056168987, 0.7870314778282872, 0.6666666666666666, 0.8378378378378378, 0.75, 0.8530539982295663, 0.9023707195341744]","[0.9378129443036409, 0.9270833333333334, 1.0, 0.9666666666666667, 0.9562841530054644, 0.9761654398878373, 0.875, 0.9899654548445468, 0.9780009564801531, 0.9482758620689655, 0.9670289187695709, 0.9827981651376146, 0.9919474268789338, 0.9395103216514642, 0.9251222231752294, 1.0, 0.8918918918918919, 0.9285714285714286, 0.9578046621422248, 0.9741023152641065]",0.8444462719298246,16,"[0.8942105263157895, 0.8942105263157895, 0.8140350877192982, 0.8314035087719298, 0.8578947368421053, 0.8578947368421053, 0.8942105263157895, 0.9305263157894736, 0.8681578947368421, 0.8181578947368421, null, 0.7057894736842105, 0.8057894736842105, null, 0.8578947368421053, 0.8314035087719298, 0.8181578947368421, 0.8314035087719298, null, null]",7.974789142608643,5.15902853012085,0.011353731155395508,1.929886817932129,0.0006823539733886719,0.2910149097442627,1117838,ai05,success,
roberta_base_agnews,AGNews,20,0.1,43,100,1.0,labelled_probe_warmup,labelled,100,0.0,0.8246052631578947,0.5260986842105263,0.6753947368421053,0.9142105263157895,0.7931578947368421,-0.17168062372180165,0,20,"[-0.21023636040518934, -0.23469501958589822, -0.04538408542886663, -0.1767764298093587, -0.1380649717514124, -0.04629168740666989, -0.13253579502637536, -0.23557265463154786, -0.07061068702290085, -0.23895309313392255, -0.04608294930875578, -0.23712121212121207, -0.09090909090909094, -0.030000000000000027, -0.22807017543859653, -0.33333333333333337, -0.2321428571428572, -0.23587674247982393, -0.28, -0.1909553295002211]","[0.7844322018837746, 0.7639619473978735, 0.9538408542886669, 0.7885615251299827, 0.8581391242937854, 0.9529616724738676, 0.8363319517709118, 0.7567327611719443, 0.9252998909487459, 0.7564581917063222, 0.94715821812596, 0.7568181818181818, 0.8636363636363636, 0.82, 0.7719298245614035, 0.6666666666666666, 0.7321428571428571, 0.7595744680851064, 0.72, 0.8031844316674038]","[0.9946685622889639, 0.9986569669837717, 0.9992249397175336, 0.9653379549393414, 0.9962040960451978, 0.9992533598805375, 0.9688677467972872, 0.9923054158034922, 0.9959105779716467, 0.9954112848402448, 0.9932411674347158, 0.9939393939393939, 0.9545454545454546, 0.85, 1.0, 1.0, 0.9642857142857143, 0.9954512105649304, 1.0, 0.9941397611676249]",0.8251238390092878,17,"[0.8439473684210527, 0.8457894736842105, 0.8052631578947368, 0.8439473684210527, 0.7478947368421053, 0.7347368421052631, null, null, 0.7610526315789473, 0.8571052631578947, 0.7610526315789473, 0.8457894736842105, 0.8457894736842105, null, 0.8457894736842105, 0.8163157894736842, 0.8571052631578947, 0.9531578947368421, 0.9013157894736842, 0.7610526315789473]",8.029935598373413,5.207665205001831,0.011527061462402344,1.937276840209961,0.0006837844848632812,0.2934398651123047,1117838,ai05,success,
roberta_base_agnews,AGNews,20,0.1,44,100,1.0,labelled_probe_warmup,labelled,100,0.0,0.8219736842105263,0.602625,0.7767105263157895,0.9142105263157895,0.7810526315789473,-0.12690989960266955,0,20,"[-0.13209876543209875, -0.21172812515182438, -0.08270270270270264, -0.06266318537859006, -0.17842105263157904, -0.07677972418934031, -0.11111111111111116, -0.11811605681398174, -0.09610983981693366, -0.18367346938775508, -0.19696969696969702, -0.09898477157360408, -0.15592454313224602, -0.15412587412587408, -0.10106382978723394, -0.08333333333333337, -0.14973262032085566, -0.0877808988764045, -0.09999999999999998, -0.15687839131822534]","[0.8518518518518519, 0.7581742214448817, 0.9099099099099099, 0.9312445604873804, 0.7492105263157894, 0.920611256056653, 0.8465608465608465, 0.8761814245736311, 0.8901601830663616, 0.7959183673469388, 0.7765151515151515, 0.8451776649746193, 0.8393594026331302, 0.8156643356643357, 0.8554964539007093, 0.9166666666666666, 0.81951871657754, 0.8830758426966292, 0.9, 0.8024257899776572]","[0.9839506172839506, 0.969902346596706, 0.9926126126126126, 0.9939077458659704, 0.9276315789473685, 0.9973909802459933, 0.9576719576719577, 0.9942974813876129, 0.9862700228832952, 0.9795918367346939, 0.9734848484848485, 0.9441624365482234, 0.9952839457653763, 0.9697902097902098, 0.9565602836879432, 1.0, 0.9692513368983957, 0.9708567415730337, 1.0, 0.9593041812958826]",0.8150657894736841,16,"[0.8191228070175438, 0.8015789473684211, null, 0.7226315789473684, 0.8818421052631579, 0.8015789473684211, 0.7621052631578947, 0.776578947368421, 0.776578947368421, 0.9331578947368421, 0.9331578947368421, 0.7226315789473684, 0.8191228070175438, null, 0.7226315789473684, 0.8160526315789474, 0.9331578947368421, null, 0.8191228070175438, null]",8.071350574493408,5.263955116271973,0.013171672821044922,1.9268031120300293,0.0006861686706542969,0.28918910026550293,1117838,ai05,success,
roberta_base_agnews,AGNews,20,0.1,42,100,1.0,no_phase0,none,0,0.0,0.7231578947368421,0.6134671052631578,0.8718421052631579,0.9142105263157895,0.20355263157894737,-0.22906812208241406,0,20,"[-0.30456821413117385, -0.296875, -0.19999999999999996, -0.2666666666666667, -0.23497267759562834, -0.19418156326673675, -0.19444444444444442, -0.20496792235565053, -0.2917264466762315, -0.1724137931034483, -0.16071099650027632, -0.1674311926605504, -0.2808219178082192, -0.26644263082093134, -0.1915258598507591, -0.33333333333333337, -0.18018018018018023, -0.2142857142857143, -0.24136913543818228, -0.1844447525301539]","[0.6332447301724671, 0.6302083333333334, 0.8, 0.7, 0.7213114754098361, 0.7819838766211006, 0.6805555555555556, 0.7849975324888963, 0.6862745098039216, 0.7758620689655172, 0.8063179222692946, 0.8153669724770642, 0.7111255090707146, 0.6730676908305329, 0.7335963633244703, 0.6666666666666666, 0.7117117117117117, 0.7142857142857143, 0.7164355267040425, 0.7896575627339526]","[0.9378129443036409, 0.9270833333333334, 1.0, 0.9666666666666667, 0.9562841530054644, 0.9761654398878373, 0.875, 0.9899654548445468, 0.9780009564801531, 0.9482758620689655, 0.9670289187695709, 0.9827981651376146, 0.9919474268789338, 0.9395103216514642, 0.9251222231752294, 1.0, 0.8918918918918919, 0.9285714285714286, 0.9578046621422248, 0.9741023152641065]",0.7305756578947368,16,"[0.7707894736842106, 0.7707894736842106, 0.7342105263157894, 0.708421052631579, 0.69, 0.69, 0.7707894736842106, 0.8515789473684211, 0.8094736842105263, 0.7176315789473684, null, 0.5836842105263158, 0.7673684210526316, null, 0.69, 0.708421052631579, 0.7176315789473684, 0.708421052631579, null, null]",8.107303142547607,5.270538568496704,0.005022525787353516,1.9579806327819824,0.0006935596466064453,0.2938077449798584,1117838,ai05,success,
roberta_base_agnews,AGNews,20,0.1,43,100,1.0,no_phase0,none,0,0.0,0.733421052631579,0.5260986842105263,0.6753947368421053,0.9142105263157895,0.27407894736842103,-0.2852954026920368,0,20,"[-0.364137195663764, -0.3824286513710129, -0.17137444023424042, -0.30329289428076256, -0.2140713276836158, -0.17645594823295163, -0.20228899773926157, -0.2984610831606984, -0.19193020719738285, -0.2948674371176071, -0.17726574500768044, -0.359090909090909, -0.2272727272727273, -0.19999999999999996, -0.368421052631579, -0.38888888888888884, -0.3035714285714286, -0.3737344093910492, -0.43999999999999995, -0.26835471030517466]","[0.6305313666251999, 0.6162283156127588, 0.8278504994832931, 0.6620450606585788, 0.782132768361582, 0.8227974116475859, 0.7665787490580256, 0.6938443326427938, 0.8039803707742639, 0.7005438477226377, 0.8159754224270354, 0.6348484848484849, 0.7272727272727273, 0.65, 0.631578947368421, 0.6111111111111112, 0.6607142857142857, 0.6217168011738812, 0.56, 0.7257850508624503]","[0.9946685622889639, 0.9986569669837717, 0.9992249397175336, 0.9653379549393414, 0.9962040960451978, 0.9992533598805375, 0.9688677467972872, 0.9923054158034922, 0.9959105779716467, 0.9954112848402448, 0.9932411674347158, 0.9939393939393939, 0.9545454545454546, 0.85, 1.0, 1.0, 0.9642857142857143, 0.9954512105649304, 1.0, 0.9941397611676249]",0.7264654282765737,17,"[0.7613157894736842, 0.769298245614035, 0.7055263157894737, 0.7613157894736842, 0.6563157894736842, 0.6868421052631579, null, null, 0.6257894736842106, 0.7307894736842105, 0.6257894736842106, 0.769298245614035, 0.769298245614035, null, 0.769298245614035, 0.716140350877193, 0.7307894736842105, 0.8357894736842105, 0.8105263157894737, 0.6257894736842106]",8.075113534927368,5.261897563934326,0.004800319671630859,1.9333257675170898,0.0006804466247558594,0.2966771125793457,1117838,ai05,success,
roberta_base_agnews,AGNews,20,0.1,44,100,1.0,no_phase0,none,0,0.0,0.7119736842105263,0.602625,0.7767105263157895,0.9142105263157895,0.22263157894736843,-0.22939641148522835,0,20,"[-0.18765432098765433, -0.30515473934800563, -0.1938738738738739, -0.164490861618799, -0.29552631578947375, -0.18896757361162875, -0.17989417989417988, -0.24056180368551672, -0.1990846681922197, -0.36734693877551017, -0.3257575757575758, -0.20558375634517767, -0.23246217331499308, -0.2724475524475525, -0.20833333333333326, -0.16666666666666663, -0.23529411764705876, -0.1871488764044944, -0.15000000000000002, -0.2816789020108522]","[0.7962962962962963, 0.6647476072487004, 0.7987387387387387, 0.8294168842471714, 0.6321052631578947, 0.8084234066343645, 0.7777777777777778, 0.7537356777020962, 0.7871853546910755, 0.6122448979591837, 0.6477272727272727, 0.7385786802030457, 0.7628217724503832, 0.6973426573426573, 0.74822695035461, 0.8333333333333334, 0.733957219251337, 0.7837078651685393, 0.85, 0.6776252792850304]","[0.9839506172839506, 0.969902346596706, 0.9926126126126126, 0.9939077458659704, 0.9276315789473685, 0.9973909802459933, 0.9576719576719577, 0.9942974813876129, 0.9862700228832952, 0.9795918367346939, 0.9734848484848485, 0.9441624365482234, 0.9952839457653763, 0.9697902097902098, 0.9565602836879432, 1.0, 0.9692513368983957, 0.9708567415730337, 1.0, 0.9593041812958826]",0.7000822368421052,16,"[0.6970175438596491, 0.6621052631578948, null, 0.6089473684210527, 0.7884210526315789, 0.6621052631578948, 0.6355263157894737, 0.6828947368421052, 0.6828947368421052, 0.82, 0.82, 0.6089473684210527, 0.6970175438596491, null, 0.6089473684210527, 0.7094736842105264, 0.82, null, 0.6970175438596491, null]",8.115489721298218,5.289714336395264,0.004990816116333008,1.950906753540039,0.0006909370422363281,0.2913796901702881,1117838,ai05,success,
roberta_base_agnews,AGNews,20,0.1,42,100,1.0,raw_union_K20,raw_union,876,0.0,0.8747368421052631,0.6134671052631578,0.8718421052631579,0.9142105263157895,0.8718421052631579,-0.07295112868574485,1,20,"[-0.0981640600853062, -0.04166666666666674, 0.0, -0.06666666666666665, -0.04371584699453546, -0.09358569926393268, 0.04166666666666663, -0.11153150189175853, -0.0956480153036825, -0.03448275862068961, -0.0561797752808989, -0.07224770642201828, -0.10718252499074421, -0.09073451752280359, -0.06467106955999657, -0.33333333333333337, -0.022522522522522515, -0.0357142857142857, -0.07022720566538798, -0.06241508387633443]","[0.8396488842183347, 0.8854166666666666, 1.0, 0.9, 0.912568306010929, 0.8825797406239047, 0.9166666666666666, 0.8784339529527883, 0.8823529411764706, 0.9137931034482759, 0.910849143488672, 0.9105504587155964, 0.8847649018881896, 0.8487758041286606, 0.8604511536152328, 0.6666666666666666, 0.8693693693693694, 0.8928571428571429, 0.8875774564768368, 0.9116872313877721]","[0.9378129443036409, 0.9270833333333334, 1.0, 0.9666666666666667, 0.9562841530054644, 0.9761654398878373, 0.875, 0.9899654548445468, 0.9780009564801531, 0.9482758620689655, 0.9670289187695709, 0.9827981651376146, 0.9919474268789338, 0.9395103216514642, 0.9251222231752294, 1.0, 0.8918918918918919, 0.9285714285714286, 0.9578046621422248, 0.9741023152641065]",0.8813486842105263,16,"[0.8992105263157895, 0.8992105263157895, 0.8747368421052631, 0.8764912280701754, 0.8747368421052631, 0.8747368421052631, 0.8992105263157895, 0.9236842105263158, 0.896578947368421, 0.8773684210526316, null, 0.8310526315789474, 0.8694736842105263, null, 0.8747368421052631, 0.8764912280701754, 0.8773684210526316, 0.8764912280701754, null, null]",8.109279155731201,5.2392578125,0.07503890991210938,1.9247379302978516,0.0006902217864990234,0.2907700538635254,1117838,ai05,success,
roberta_base_agnews,AGNews,20,0.1,43,100,1.0,raw_union_K20,raw_union,723,0.0,0.8806578947368421,0.5260986842105263,0.6753947368421053,0.9142105263157895,0.8780263157894737,-0.08857997910002909,1,20,"[-0.10858361471476807, -0.12333519865696696, -0.04555632104719254, -0.07625649913344879, -0.09286723163841815, -0.04629168740666989, -0.08091559909570467, -0.17238828055637767, -0.062431842966194195, -0.17641060503059147, -0.03932411674347158, -0.12045454545454537, -0.022727272727272818, 0.050000000000000044, -0.08771929824561409, -0.05555555555555558, -0.125, -0.12347762289068243, -0.12, -0.14230429013710744]","[0.8860849475741959, 0.8753217683268047, 0.953668618670341, 0.8890814558058926, 0.9033368644067796, 0.9529616724738676, 0.8879521477015825, 0.8199171352471145, 0.9334787350054525, 0.8190006798096533, 0.9539170506912442, 0.8734848484848485, 0.9318181818181818, 0.9, 0.9122807017543859, 0.9444444444444444, 0.8392857142857143, 0.8719735876742479, 0.88, 0.8518354710305175]","[0.9946685622889639, 0.9986569669837717, 0.9992249397175336, 0.9653379549393414, 0.9962040960451978, 0.9992533598805375, 0.9688677467972872, 0.9923054158034922, 0.9959105779716467, 0.9954112848402448, 0.9932411674347158, 0.9939393939393939, 0.9545454545454546, 0.85, 1.0, 1.0, 0.9642857142857143, 0.9954512105649304, 1.0, 0.9941397611676249]",0.8834778121775024,17,"[0.8726315789473684, 0.8794736842105263, 0.8886842105263157, 0.8726315789473684, 0.8410526315789474, 0.7978947368421052, null, null, 0.8842105263157894, 0.9157894736842105, 0.8842105263157894, 0.8794736842105263, 0.8794736842105263, null, 0.8794736842105263, 0.8764912280701754, 0.9157894736842105, 0.9473684210526315, 0.9202631578947369, 0.8842105263157894]",8.010658025741577,5.1641857624053955,0.06529450416564941,1.9079065322875977,0.0007028579711914062,0.2947871685028076,1117838,ai05,success,
roberta_base_agnews,AGNews,20,0.1,44,100,1.0,raw_union_K20,raw_union,836,0.0,0.8673684210526316,0.602625,0.7767105263157895,0.9142105263157895,0.8610526315789474,-0.07498121440578309,0,20,"[-0.07037037037037042, -0.09502987902638105, -0.037657657657657606, -0.0252393385552655, -0.10236842105263166, -0.036153559448378614, -0.05502645502645498, -0.12513860288294, -0.059496567505720854, -0.020408163265306145, -0.09848484848484851, -0.045685279187817285, -0.10021615248575355, -0.18713286713286714, -0.08953900709219853, 0.0, -0.0762032085561497, -0.0488061797752809, -0.050000000000000044, -0.17666773060963936]","[0.9135802469135802, 0.874872467570325, 0.954954954954955, 0.9686684073107049, 0.8252631578947368, 0.9612374207976147, 0.9026455026455027, 0.8691588785046729, 0.9267734553775744, 0.9591836734693877, 0.875, 0.8984771573604061, 0.8950677932796227, 0.7826573426573427, 0.8670212765957447, 1.0, 0.893048128342246, 0.9220505617977528, 0.95, 0.7826364506862432]","[0.9839506172839506, 0.969902346596706, 0.9926126126126126, 0.9939077458659704, 0.9276315789473685, 0.9973909802459933, 0.9576719576719577, 0.9942974813876129, 0.9862700228832952, 0.9795918367346939, 0.9734848484848485, 0.9441624365482234, 0.9952839457653763, 0.9697902097902098, 0.9565602836879432, 1.0, 0.9692513368983957, 0.9708567415730337, 1.0, 0.9593041812958826]",0.8669901315789473,16,"[0.8594736842105263, 0.7536842105263157, null, 0.8636842105263158, 0.9260526315789473, 0.7536842105263157, 0.8086842105263158, 0.8773684210526316, 0.8773684210526316, 0.9610526315789474, 0.9610526315789474, 0.8636842105263158, 0.8594736842105263, null, 0.8636842105263158, 0.8223684210526315, 0.9610526315789474, null, 0.8594736842105263, null]",7.959237575531006,5.120360374450684,0.08030891418457031,1.8907623291015625,0.0006885528564453125,0.28812241554260254,1117838,ai05,success,
roberta_base_agnews,AGNews,20,0.1,42,100,1.0,warmup_only_labelled,warmup_only,100,0.0,0.7918421052631579,0.6134671052631578,0.8718421052631579,0.9142105263157895,0.7918421052631579,-0.17450532985374126,0,20,"[-0.25440440131050257, -0.22916666666666674, -0.4, -0.16666666666666663, -0.180327868852459, -0.16824395373291268, -0.06944444444444442, -0.17848330317486427, -0.15016738402678143, -0.0862068965517242, -0.10176828145146444, -0.1272935779816513, -0.14355794150314705, -0.22467594815170422, -0.16039111416073415, -0.33333333333333337, -0.06756756756756754, -0.2142857142857143, -0.1313071702567129, -0.10281436295577429]","[0.6834085429931384, 0.6979166666666666, 0.6, 0.8, 0.7759562841530054, 0.8079214861549247, 0.8055555555555556, 0.8114821516696825, 0.8278335724533716, 0.8620689655172413, 0.8652606373181064, 0.8555045871559633, 0.8483894853757867, 0.71483437349976, 0.7647311090144953, 0.6666666666666666, 0.8243243243243243, 0.7142857142857143, 0.8264974918855119, 0.8712879523083322]","[0.9378129443036409, 0.9270833333333334, 1.0, 0.9666666666666667, 0.9562841530054644, 0.9761654398878373, 0.875, 0.9899654548445468, 0.9780009564801531, 0.9482758620689655, 0.9670289187695709, 0.9827981651376146, 0.9919474268789338, 0.9395103216514642, 0.9251222231752294, 1.0, 0.8918918918918919, 0.9285714285714286, 0.9578046621422248, 0.9741023152641065]",0.8115734649122808,16,"[0.8681578947368421, 0.8681578947368421, 0.7764912280701755, 0.7924561403508772, 0.8378947368421052, 0.8378947368421052, 0.8681578947368421, 0.8984210526315789, 0.8442105263157895, 0.7697368421052632, null, 0.6410526315789473, 0.79, null, 0.8378947368421052, 0.7924561403508772, 0.7697368421052632, 0.7924561403508772, null, null]",6.179013252258301,5.297936916351318,0.009504079818725586,0.0,0.0,0.2935910224914551,1117838,ai05,success,
roberta_base_agnews,AGNews,20,0.1,43,100,1.0,warmup_only_labelled,warmup_only,100,0.0,0.7931578947368421,0.5260986842105263,0.6753947368421053,0.9142105263157895,0.7931578947368421,-0.21018165157967866,0,20,"[-0.24240270126177366, -0.2579742585338557, -0.054770926627626615, -0.20103986135181973, -0.16463629943502833, -0.05500248880039815, -0.16597588545591568, -0.307635395087304, -0.08996728462377324, -0.3084636301835486, -0.05745007680491554, -0.2606060606060606, -0.13636363636363635, -0.039999999999999925, -0.3508771929824561, -0.33333333333333337, -0.3928571428571429, -0.261408657373441, -0.28, -0.24286819991154351]","[0.7522658610271903, 0.740682708449916, 0.944454013089907, 0.7642980935875217, 0.8315677966101694, 0.9442508710801394, 0.8028918613413715, 0.6846700207161882, 0.9059432933478735, 0.6869476546566962, 0.9357910906298003, 0.7333333333333333, 0.8181818181818182, 0.81, 0.6491228070175439, 0.6666666666666666, 0.5714285714285714, 0.7340425531914894, 0.72, 0.7512715612560814]","[0.9946685622889639, 0.9986569669837717, 0.9992249397175336, 0.9653379549393414, 0.9962040960451978, 0.9992533598805375, 0.9688677467972872, 0.9923054158034922, 0.9959105779716467, 0.9954112848402448, 0.9932411674347158, 0.9939393939393939, 0.9545454545454546, 0.85, 1.0, 1.0, 0.9642857142857143, 0.9954512105649304, 1.0, 0.9941397611676249]",0.7949122807017543,17,"[0.8047368421052632, 0.8112280701754386, 0.781578947368421, 0.8047368421052632, 0.7026315789473684, 0.6663157894736842, null, null, 0.7389473684210527, 0.8410526315789474, 0.7389473684210527, 0.8112280701754386, 0.8112280701754386, null, 0.8112280701754386, 0.7828070175438596, 0.8410526315789474, 0.9431578947368421, 0.8836842105263157, 0.7389473684210527]",6.054185390472412,5.174737215042114,0.009108304977416992,0.0,0.0,0.29253172874450684,1117838,ai05,success,
roberta_base_agnews,AGNews,20,0.1,44,100,1.0,warmup_only_labelled,warmup_only,100,0.0,0.7810526315789473,0.602625,0.7767105263157895,0.9142105263157895,0.7810526315789473,-0.1698944166031549,0,20,"[-0.1493827160493827, -0.2683282320361463, -0.12954954954954956, -0.09921671018276768, -0.21894736842105267, -0.1308237048080506, -0.14074074074074072, -0.14414699825756372, -0.13958810068649885, -0.30612244897959184, -0.2954545454545455, -0.13451776649746194, -0.17979956769502847, -0.16111888111888117, -0.11524822695035453, -0.16666666666666663, -0.1791443850267379, -0.1218398876404494, -0.15000000000000002, -0.1672518353016279]","[0.8345679012345679, 0.7015741145605597, 0.863063063063063, 0.8946910356832027, 0.7086842105263158, 0.8665672754379427, 0.816931216931217, 0.8501504831300492, 0.8466819221967964, 0.673469387755102, 0.678030303030303, 0.8096446700507615, 0.8154843780703478, 0.8086713286713286, 0.8413120567375887, 0.8333333333333334, 0.7901069518716578, 0.8490168539325843, 0.85, 0.7920523459942547]","[0.9839506172839506, 0.969902346596706, 0.9926126126126126, 0.9939077458659704, 0.9276315789473685, 0.9973909802459933, 0.9576719576719577, 0.9942974813876129, 0.9862700228832952, 0.9795918367346939, 0.9734848484848485, 0.9441624365482234, 0.9952839457653763, 0.9697902097902098, 0.9565602836879432, 1.0, 0.9692513368983957, 0.9708567415730337, 1.0, 0.9593041812958826]",0.7681743421052631,16,"[0.7736842105263158, 0.7952631578947369, null, 0.6373684210526316, 0.8457894736842105, 0.7952631578947369, 0.7163157894736842, 0.7202631578947368, 0.7202631578947368, 0.888421052631579, 0.888421052631579, 0.6373684210526316, 0.7736842105263158, null, 0.6373684210526316, 0.7992105263157895, 0.888421052631579, null, 0.7736842105263158, null]",6.0427141189575195,5.160914421081543,0.009092330932617188,0.0,0.0,0.29603123664855957,1117838,ai05,success,
roberta_base_agnews,AGNews,20,0.3,42,100,1.0,dp_avg_eps2_K20,dp_avg,4,4.043601857518789,0.7843421052631578,0.7283421052631579,0.8726315789473684,0.9142105263157895,0.6476315789473684,-0.18079160130180796,0,20,"[-0.32429539778808425, -0.18077519379844964, -0.15268065268065267, -0.23149309912170646, -0.2178841309823678, -0.1998394863563403, -0.21702525724976618, -0.16824902723735413, -0.1555299539170507, -0.23571036417983282, -0.12243629583592297, -0.12950239433687272, -0.1367098248286368, -0.23240800516462234, -0.11548556430446189, -0.15529991783073138, -0.27933083865287256, -0.10425735216052667, -0.1176357612714265, -0.13928350833848047]","[0.6596503745986443, 0.7734883720930232, 0.7657342657342657, 0.7584692597239648, 0.7739294710327456, 0.7233547351524879, 0.7680074836295603, 0.7987548638132296, 0.8087557603686636, 0.727810650887574, 0.8495960223741454, 0.7996391144423625, 0.8217821782178217, 0.7006670970518614, 0.7664041994750657, 0.8274445357436319, 0.6913933524103015, 0.8755706550589234, 0.8524031305516877, 0.8448630842083591]","[0.9839457723867285, 0.9542635658914729, 0.9184149184149184, 0.9899623588456713, 0.9918136020151134, 0.9231942215088282, 0.9850327408793265, 0.9670038910505837, 0.9642857142857143, 0.9635210150674068, 0.9720323182100684, 0.9291415087792352, 0.9584920030464585, 0.9330751022164837, 0.8818897637795275, 0.9827444535743632, 0.9707241910631741, 0.9798280072194501, 0.9700388918231142, 0.9841465925468396]",0.7919005847953217,6,"[null, null, null, null, 0.8042105263157895, null, 0.8502631578947368, 0.7823684210526316, 0.7684210526315789, null, 0.7684210526315789, null, null, null, null, 0.777719298245614, null, null, null, null]",8.0562105178833,5.2115318775177,0.055213212966918945,1.9366145133972168,0.0006849765777587891,0.27776503562927246,1117838,ai05,success,
roberta_base_agnews,AGNews,20,0.3,43,100,1.0,dp_avg_eps2_K20,dp_avg,4,4.050649764344406,0.7961842105263158,0.7594934210526316,0.8819736842105264,0.9142105263157895,0.6752631578947368,-0.14862124811821462,0,20,"[-0.13954943679599496, -0.10174255199550308, -0.27024823337561155, -0.10310021629416, -0.1005253204454718, -0.14734539669914504, -0.18016037247801342, -0.19506354761466194, -0.11060171919770778, -0.056022408963585346, -0.26949941792782306, -0.11619283065512975, -0.08050655811849838, -0.09640102827763497, -0.153941651148355, -0.18956043956043966, -0.2061298076923077, -0.17948957651678044, -0.14065817409766446, -0.13568627450980386]","[0.8347934918648311, 0.8903878583473862, 0.7270338829498098, 0.8240807498197549, 0.866022273586888, 0.8123550076224564, 0.756078634247284, 0.7441517774912507, 0.859025787965616, 0.9243697478991597, 0.7267171129220024, 0.792336217552534, 0.9185888738127544, 0.8864610111396743, 0.8131595282433272, 0.7637362637362637, 0.7381810897435898, 0.7444143217724596, 0.8312101910828026, 0.7945098039215687]","[0.9743429286608261, 0.9921304103428893, 0.9972821163254213, 0.9271809661139149, 0.9665475940323598, 0.9597004043216014, 0.9362390067252975, 0.9392153251059127, 0.9696275071633238, 0.9803921568627451, 0.9962165308498254, 0.9085290482076638, 0.9990954319312528, 0.9828620394173093, 0.9671011793916822, 0.9532967032967034, 0.9443108974358975, 0.92390389828924, 0.971868365180467, 0.9301960784313725]",0.7561052631578946,5,"[null, null, 0.72, null, null, null, null, null, null, 0.7847368421052632, 0.8494736842105263, null, 0.72, null, 0.7063157894736842, null, null, null, null, null]",8.100081443786621,5.234285593032837,0.058113813400268555,1.9521660804748535,0.0006992816925048828,0.27562737464904785,1117838,ai05,success,
roberta_base_agnews,AGNews,20,0.3,44,100,1.0,dp_avg_eps2_K20,dp_avg,4,4.027436119744127,0.7894736842105263,0.8053486842105263,0.908157894736842,0.9142105263157895,0.6577631578947368,-0.16627013908467797,0,20,"[-0.14719101123595502, -0.17327133036797404, -0.20428253215491843, -0.1123188405797102, -0.1955612152082954, -0.07145434861060984, -0.19781682641107567, -0.16796424452133796, -0.12928970470869916, -0.23546682325308288, -0.23031406463359128, -0.15241435122740765, -0.1727785613540197, -0.12413342053629817, -0.15205855443732852, -0.1299028427491904, -0.1201044386422977, -0.15804982587731053, -0.26428571428571435, -0.1867441308987431]","[0.8241573033707865, 0.8117670845127376, 0.7694186965581663, 0.8619894598155468, 0.7669637984355103, 0.9231324431613136, 0.7798189563365282, 0.8103133410226836, 0.8499600957701516, 0.7157956547269524, 0.7255348202093764, 0.7844618289722147, 0.7665726375176305, 0.810377152823196, 0.7665141811527905, 0.836272040302267, 0.8120104438642297, 0.7723010983123493, 0.715, 0.7300213421863885]","[0.9713483146067415, 0.9850384148807116, 0.9737012287130847, 0.974308300395257, 0.9625250136438057, 0.9945867917719234, 0.9776357827476039, 0.9782775855440216, 0.9792498004788508, 0.9512624779800353, 0.9558488848429677, 0.9368761801996224, 0.9393511988716502, 0.9345105733594942, 0.918572735590119, 0.9661748830514574, 0.9321148825065274, 0.9303509241896598, 0.9792857142857143, 0.9167654730851316]",0.9184210526315789,1,"[null, null, null, null, null, null, null, null, null, 0.9184210526315789, null, null, null, null, null, null, null, null, null, null]",7.970836162567139,5.15696382522583,0.059980154037475586,1.9073617458343506,0.0006880760192871094,0.26746487617492676,1117838,ai05,success,
roberta_base_agnews,AGNews,20,0.3,42,100,1.0,dp_avg_eps8_K20,dp_avg,4,1.0109004643796973,0.8294736842105264,0.7283421052631579,0.8726315789473684,0.9142105263157895,0.7980263157894737,-0.1334866870780555,0,20,"[-0.24438102033535503, -0.148062015503876, -0.11072261072261069, -0.19008782936010038, -0.15491183879093207, -0.14109149277688604, -0.17025257249766135, -0.13961089494163426, -0.11751152073732718, -0.16732751784298183, -0.08017402113113736, -0.09202581719758485, -0.0990099009900991, -0.16634387777060466, -0.06824146981627299, -0.12736236647493837, -0.20581113801452777, -0.06561206072831516, -0.07917606952513556, -0.10201770640312946]","[0.7395647520513735, 0.8062015503875969, 0.8076923076923077, 0.7998745294855709, 0.8369017632241813, 0.7821027287319422, 0.8147801683816651, 0.8273929961089495, 0.8467741935483871, 0.796193497224425, 0.891858297078931, 0.8371156915816503, 0.8594821020563594, 0.766731224445879, 0.8136482939632546, 0.8553820870994249, 0.7649130530486463, 0.9142159464911349, 0.8908628222979786, 0.8821288861437101]","[0.9839457723867285, 0.9542635658914729, 0.9184149184149184, 0.9899623588456713, 0.9918136020151134, 0.9231942215088282, 0.9850327408793265, 0.9670038910505837, 0.9642857142857143, 0.9635210150674068, 0.9720323182100684, 0.9291415087792352, 0.9584920030464585, 0.9330751022164837, 0.8818897637795275, 0.9827444535743632, 0.9707241910631741, 0.9798280072194501, 0.9700388918231142, 0.9841465925468396]",0.830219298245614,6,"[null, null, null, null, 0.8326315789473684, null, 0.8863157894736842, 0.8455263157894737, 0.7942105263157895, null, 0.7942105263157895, null, null, null, null, 0.828421052631579, null, null, null, null]",7.897194862365723,5.09028697013855,0.05389809608459473,1.904320240020752,0.0006957054138183594,0.27470850944519043,1117838,ai05,success,
roberta_base_agnews,AGNews,20,0.3,43,100,1.0,dp_avg_eps8_K20,dp_avg,4,1.0126624410861016,0.8346052631578947,0.7594934210526316,0.8819736842105264,0.9142105263157895,0.804078947368421,-0.11516832643215649,0,20,"[-0.10025031289111397, -0.07251264755480613, -0.21779307845624207, -0.07642393655371305, -0.07320865728094139, -0.12003711804865125, -0.13683393688566992, -0.1567507828329342, -0.07765042979942693, -0.03361344537815125, -0.2220605355064028, -0.08899876390605688, -0.05653550429669829, -0.0689802913453299, -0.11918063314711358, -0.14560439560439564, -0.16446314102564108, -0.1425633355146303, -0.12261146496815278, -0.10729411764705876]","[0.8740926157697121, 0.9196177627880832, 0.7794890378691792, 0.8507570295602018, 0.8933389367514184, 0.8396632862729502, 0.7994050698396276, 0.7824645422729785, 0.8919770773638969, 0.9467787114845938, 0.7741559953434226, 0.8195302843016069, 0.9425599276345545, 0.9138817480719794, 0.8479205462445686, 0.8076923076923077, 0.7798477564102564, 0.7813405627746097, 0.8492569002123143, 0.8229019607843138]","[0.9743429286608261, 0.9921304103428893, 0.9972821163254213, 0.9271809661139149, 0.9665475940323598, 0.9597004043216014, 0.9362390067252975, 0.9392153251059127, 0.9696275071633238, 0.9803921568627451, 0.9962165308498254, 0.9085290482076638, 0.9990954319312528, 0.9828620394173093, 0.9671011793916822, 0.9532967032967034, 0.9443108974358975, 0.92390389828924, 0.971868365180467, 0.9301960784313725]",0.7958947368421052,5,"[null, null, 0.7668421052631579, null, null, null, null, null, null, 0.8152631578947368, 0.8636842105263158, null, 0.7668421052631579, null, 0.7668421052631579, null, null, null, null, null]",7.877933740615845,5.0422682762146,0.05778980255126953,1.9225497245788574,0.0007078647613525391,0.27774667739868164,1117838,ai05,success,
roberta_base_agnews,AGNews,20,0.3,44,100,1.0,dp_avg_eps8_K20,dp_avg,4,1.0068590299360318,0.8222368421052632,0.8053486842105263,0.908157894736842,0.9142105263157895,0.7863157894736842,-0.13142685430069995,0,20,"[-0.12471910112359552, -0.15093004448038816, -0.16066681037579944, -0.08135704874835314, -0.1664544296889212, -0.05016239624684227, -0.1616080937167199, -0.1341791618608228, -0.10534716679968081, -0.18731650029359959, -0.17796995903504786, -0.11653628270838956, -0.13610719322990128, -0.09042947460213646, -0.11820677035681615, -0.09751709247930918, -0.09007832898172319, -0.12858290918832038, -0.20607142857142857, -0.14429689352620345]","[0.846629213483146, 0.8341083704003235, 0.8130344183372853, 0.8929512516469038, 0.7960705839548845, 0.9444243955250812, 0.816027689030884, 0.8440984236831988, 0.87390263367917, 0.7639459776864357, 0.7778789258079198, 0.8203398974912328, 0.8032440056417489, 0.8440810987573577, 0.8003659652333028, 0.8686577905721482, 0.8420365535248042, 0.8017680150013394, 0.7732142857142857, 0.7724685795589281]","[0.9713483146067415, 0.9850384148807116, 0.9737012287130847, 0.974308300395257, 0.9625250136438057, 0.9945867917719234, 0.9776357827476039, 0.9782775855440216, 0.9792498004788508, 0.9512624779800353, 0.9558488848429677, 0.9368761801996224, 0.9393511988716502, 0.9345105733594942, 0.918572735590119, 0.9661748830514574, 0.9321148825065274, 0.9303509241896598, 0.9792857142857143, 0.9167654730851316]",0.9415789473684211,1,"[null, null, null, null, null, null, null, null, null, 0.9415789473684211, null, null, null, null, null, null, null, null, null, null]",7.9365997314453125,5.105085134506226,0.05733346939086914,1.9178359508514404,0.0006809234619140625,0.278850793838501,1117838,ai05,success,
roberta_base_agnews,AGNews,20,0.3,42,100,1.0,labelled_probe_warmup,labelled,100,0.0,0.8252631578947368,0.7283421052631579,0.8726315789473684,0.9142105263157895,0.7918421052631579,-0.13850013359037702,0,20,"[-0.2757759543346415, -0.14201550387596895, -0.10955710955710951, -0.1882057716436638, -0.1782115869017632, -0.15473515248796144, -0.17118802619270346, -0.13058365758754864, -0.11751152073732718, -0.18581101689745627, -0.0826600372902424, -0.08654313276424452, -0.09939070830159946, -0.18463524854744995, -0.06824146981627299, -0.11914543960558754, -0.2300242130750605, -0.06635523940970378, -0.07461468286359052, -0.10479719991764458]","[0.708169818052087, 0.8122480620155039, 0.8088578088578089, 0.8017565872020075, 0.8136020151133502, 0.7684590690208668, 0.813844714686623, 0.8364202334630351, 0.8467741935483871, 0.7777099981699506, 0.889372280919826, 0.8425983760149907, 0.8591012947448591, 0.7484398536690338, 0.8136482939632546, 0.8635990139687757, 0.7406999779881136, 0.9134727678097463, 0.8954242089595237, 0.879349392629195]","[0.9839457723867285, 0.9542635658914729, 0.9184149184149184, 0.9899623588456713, 0.9918136020151134, 0.9231942215088282, 0.9850327408793265, 0.9670038910505837, 0.9642857142857143, 0.9635210150674068, 0.9720323182100684, 0.9291415087792352, 0.9584920030464585, 0.9330751022164837, 0.8818897637795275, 0.9827444535743632, 0.9707241910631741, 0.9798280072194501, 0.9700388918231142, 0.9841465925468396]",0.832938596491228,6,"[null, null, null, null, 0.8568421052631578, null, 0.8944736842105263, 0.8189473684210526, 0.8063157894736842, null, 0.8063157894736842, null, null, null, null, 0.8147368421052632, null, null, null, null]",8.098005294799805,5.2409796714782715,0.011057376861572266,1.9530696868896484,0.0006976127624511719,0.27843379974365234,1117838,ai05,success,
roberta_base_agnews,AGNews,20,0.3,43,100,1.0,labelled_probe_warmup,labelled,100,0.0,0.8276315789473684,0.7594934210526316,0.8819736842105264,0.9142105263157895,0.7931578947368421,-0.11794374001620751,0,20,"[-0.08986232790988735, -0.057897695334457544, -0.2129914839644863, -0.07281903388608502, -0.0696785038873714, -0.13037714588718774, -0.1373512674599069, -0.18253822066678937, -0.0727793696275072, -0.03361344537815125, -0.22467986030267761, -0.10630407911001238, -0.046132971506105847, -0.0556983718937446, -0.12290502793296088, -0.16666666666666674, -0.1826923076923077, -0.15864261007759195, -0.12473460721868357, -0.11050980392156862]","[0.8844806007509387, 0.9342327150084317, 0.784290632360935, 0.8543619322278299, 0.8968690901449884, 0.8293232584344137, 0.7988877392653906, 0.7566771044391233, 0.8968481375358166, 0.9467787114845938, 0.7715366705471478, 0.8022249690976514, 0.952962460425147, 0.9271636675235647, 0.8441961514587213, 0.7866300366300366, 0.7616185897435898, 0.7652612882116481, 0.8471337579617835, 0.8196862745098039]","[0.9743429286608261, 0.9921304103428893, 0.9972821163254213, 0.9271809661139149, 0.9665475940323598, 0.9597004043216014, 0.9362390067252975, 0.9392153251059127, 0.9696275071633238, 0.9803921568627451, 0.9962165308498254, 0.9085290482076638, 0.9990954319312528, 0.9828620394173093, 0.9671011793916822, 0.9532967032967034, 0.9443108974358975, 0.92390389828924, 0.971868365180467, 0.9301960784313725]",0.7788421052631579,5,"[null, null, 0.74, null, null, null, null, null, null, 0.7968421052631579, 0.8536842105263158, null, 0.74, null, 0.7636842105263157, null, null, null, null, null]",8.093311786651611,5.2591636180877686,0.011411190032958984,1.9666776657104492,0.000713348388671875,0.2751498222351074,1117838,ai05,success,
roberta_base_agnews,AGNews,20,0.3,44,100,1.0,labelled_probe_warmup,labelled,100,0.0,0.8232894736842106,0.8053486842105263,0.908157894736842,0.9142105263157895,0.7810526315789473,-0.13558413898173086,0,20,"[-0.12865168539325844, -0.14799838253133846, -0.18804340015808008, -0.08300395256917004, -0.1437147535019101, -0.056297365571995606, -0.18317358892438773, -0.11803152633602465, -0.09537110933758985, -0.20082207868467417, -0.20527992717341836, -0.11653628270838956, -0.1375176304654443, -0.0947024198822759, -0.11582799634034768, -0.11191075926592298, -0.08746736292428203, -0.12322528797214038, -0.24178571428571427, -0.13232155560825232]","[0.8426966292134831, 0.8370400323493732, 0.7856578285550047, 0.8913043478260869, 0.8188102601418956, 0.9382894261999278, 0.7944621938232161, 0.8602460592079969, 0.8838786911412609, 0.7504403992953611, 0.7505689576695493, 0.8203398974912328, 0.8018335684062059, 0.8398081534772183, 0.8027447392497713, 0.8542641237855344, 0.8446475195822454, 0.8071256362175194, 0.7375, 0.7844439174768792]","[0.9713483146067415, 0.9850384148807116, 0.9737012287130847, 0.974308300395257, 0.9625250136438057, 0.9945867917719234, 0.9776357827476039, 0.9782775855440216, 0.9792498004788508, 0.9512624779800353, 0.9558488848429677, 0.9368761801996224, 0.9393511988716502, 0.9345105733594942, 0.918572735590119, 0.9661748830514574, 0.9321148825065274, 0.9303509241896598, 0.9792857142857143, 0.9167654730851316]",0.9336842105263158,1,"[null, null, null, null, null, null, null, null, null, 0.9336842105263158, null, null, null, null, null, null, null, null, null, null]",8.096869230270386,5.267244577407837,0.01171875,1.9669609069824219,0.0007064342498779297,0.2708139419555664,1117838,ai05,success,
roberta_base_agnews,AGNews,20,0.3,42,100,1.0,no_phase0,none,0,0.0,0.7359210526315789,0.7283421052631579,0.8726315789473684,0.9142105263157895,0.20355263157894737,-0.22646783841117152,0,20,"[-0.3931501962183376, -0.18434108527131787, -0.2156177156177156, -0.225219573400251, -0.2764483627204031, -0.23218298555377204, -0.18989710009354532, -0.21120622568093395, -0.2672811059907835, -0.2929909107545904, -0.16967060285891866, -0.18856270386563956, -0.15727341964965735, -0.27738325801592423, -0.14435695538057747, -0.27691043549712413, -0.3365617433414043, -0.15500583926106803, -0.17645364190713975, -0.1588429071443277]","[0.590795576168391, 0.769922480620155, 0.7027972027972028, 0.7647427854454203, 0.7153652392947103, 0.6910112359550562, 0.7951356407857811, 0.7557976653696498, 0.6970046082949308, 0.6705301043128165, 0.8023617153511498, 0.7405788049135956, 0.8012185833968012, 0.6556918442005595, 0.7375328083989501, 0.7058340180772391, 0.6341624477217698, 0.824822167958382, 0.7935852499159745, 0.8253036854025119]","[0.9839457723867285, 0.9542635658914729, 0.9184149184149184, 0.9899623588456713, 0.9918136020151134, 0.9231942215088282, 0.9850327408793265, 0.9670038910505837, 0.9642857142857143, 0.9635210150674068, 0.9720323182100684, 0.9291415087792352, 0.9584920030464585, 0.9330751022164837, 0.8818897637795275, 0.9827444535743632, 0.9707241910631741, 0.9798280072194501, 0.9700388918231142, 0.9841465925468396]",0.7536842105263157,6,"[null, null, null, null, 0.7189473684210527, null, 0.7926315789473685, 0.7268421052631578, 0.7710526315789473, null, 0.7710526315789473, null, null, null, null, 0.741578947368421, null, null, null, null]",8.048297882080078,5.208773612976074,0.004972219467163086,1.9778978824615479,0.0006892681121826172,0.27854490280151367,1117838,ai05,success,
roberta_base_agnews,AGNews,20,0.3,43,100,1.0,no_phase0,none,0,0.0,0.7728947368421053,0.7594934210526316,0.8819736842105264,0.9142105263157895,0.27407894736842103,-0.18098268300390086,0,20,"[-0.17271589486858574, -0.14558740865654862, -0.3081174125747418, -0.14203316510454211, -0.13380962387056106, -0.17008020149797842, -0.21611484738748066, -0.2219561613556824, -0.15071633237822346, -0.07843137254901955, -0.31082654249126895, -0.13720642768850433, -0.11442786069651745, -0.14524421593830328, -0.17877094972067042, -0.2280219780219781, -0.22876602564102566, -0.2122090305693185, -0.15552016985137995, -0.16909803921568622]","[0.8016270337922403, 0.8465430016863407, 0.6891647037506795, 0.7851478010093728, 0.8327379701617987, 0.789620202823623, 0.7201241593378168, 0.7172591637502302, 0.8189111747851003, 0.9019607843137255, 0.6853899883585565, 0.7713226205191595, 0.8846675712347354, 0.837617823479006, 0.7883302296710117, 0.7252747252747253, 0.7155448717948718, 0.7116948677199215, 0.8163481953290871, 0.7610980392156863]","[0.9743429286608261, 0.9921304103428893, 0.9972821163254213, 0.9271809661139149, 0.9665475940323598, 0.9597004043216014, 0.9362390067252975, 0.9392153251059127, 0.9696275071633238, 0.9803921568627451, 0.9962165308498254, 0.9085290482076638, 0.9990954319312528, 0.9828620394173093, 0.9671011793916822, 0.9532967032967034, 0.9443108974358975, 0.92390389828924, 0.971868365180467, 0.9301960784313725]",0.7390526315789473,5,"[null, null, 0.7157894736842105, null, null, null, null, null, null, 0.7668421052631579, 0.8178947368421052, null, 0.7157894736842105, null, 0.6789473684210526, null, null, null, null, null]",8.048912048339844,5.192511081695557,0.004815578460693359,1.940661907196045,0.0006935596466064453,0.2756497859954834,1117838,ai05,success,
roberta_base_agnews,AGNews,20,0.3,44,100,1.0,no_phase0,none,0,0.0,0.7378947368421053,0.8053486842105263,0.908157894736842,0.9142105263157895,0.22263157894736843,-0.21456792625132765,0,20,"[-0.19269662921348307, -0.22017792155276983, -0.26320327656822595, -0.15480895915678528, -0.2277605966891032, -0.13208228076506667, -0.26091586794462196, -0.20242214532871972, -0.174780526735834, -0.29888432178508517, -0.2881201638598089, -0.20420825465335857, -0.21720733427362482, -0.17340309570525392, -0.19359560841720036, -0.17956099316300833, -0.14490861618798956, -0.2126975622823467, -0.3253571428571429, -0.22456722788712347]","[0.7786516853932585, 0.7648604933279418, 0.7104979521448588, 0.8194993412384717, 0.7347644169547025, 0.8625045110068568, 0.7167199148029819, 0.7758554402153018, 0.8044692737430168, 0.6523781561949501, 0.6677287209831588, 0.7326679255462638, 0.7221438645980254, 0.7611074776542402, 0.7249771271729186, 0.786613889888449, 0.7872062663185379, 0.7176533619073131, 0.6539285714285714, 0.6921982451980081]","[0.9713483146067415, 0.9850384148807116, 0.9737012287130847, 0.974308300395257, 0.9625250136438057, 0.9945867917719234, 0.9776357827476039, 0.9782775855440216, 0.9792498004788508, 0.9512624779800353, 0.9558488848429677, 0.9368761801996224, 0.9393511988716502, 0.9345105733594942, 0.918572735590119, 0.9661748830514574, 0.9321148825065274, 0.9303509241896598, 0.9792857142857143, 0.9167654730851316]",0.8663157894736843,1,"[null, null, null, null, null, null, null, null, null, 0.8663157894736843, null, null, null, null, null, null, null, null, null, null]",8.091334104537964,5.281336069107056,0.0050089359283447266,1.9538438320159912,0.0007038116455078125,0.27080440521240234,1117838,ai05,success,
roberta_base_agnews,AGNews,20,0.3,42,100,1.0,raw_union_K20,raw_union,1237,0.0,0.8881578947368421,0.7283421052631579,0.8726315789473684,0.9142105263157895,0.8864473684210527,-0.0771638081814037,0,20,"[-0.12415269354263292, -0.10744186046511628, -0.037296037296037254, -0.14240903387703896, -0.08816120906801006, -0.07126805778491174, -0.1309635173058934, -0.0989883268482491, -0.06797235023041481, -0.0847922893918136, -0.05282784338098201, -0.05066278020681514, -0.04607768469154616, -0.07510221648375293, -0.002624671916010457, -0.09202958093672975, -0.10829848117983709, -0.04405987896804331, -0.046910260719258634, -0.07123738933498036]","[0.8597930788440956, 0.8468217054263566, 0.8811188811188811, 0.8475533249686323, 0.9036523929471033, 0.8519261637239165, 0.8540692235734331, 0.8680155642023346, 0.8963133640552995, 0.8787287256755932, 0.9192044748290864, 0.87847872857242, 0.9124143183549124, 0.8579728857327308, 0.8792650918635171, 0.8907148726376335, 0.862425709883337, 0.9357681282514068, 0.9231286311038556, 0.9129092032118592]","[0.9839457723867285, 0.9542635658914729, 0.9184149184149184, 0.9899623588456713, 0.9918136020151134, 0.9231942215088282, 0.9850327408793265, 0.9670038910505837, 0.9642857142857143, 0.9635210150674068, 0.9720323182100684, 0.9291415087792352, 0.9584920030464585, 0.9330751022164837, 0.8818897637795275, 0.9827444535743632, 0.9707241910631741, 0.9798280072194501, 0.9700388918231142, 0.9841465925468396]",0.8844005847953217,6,"[null, null, null, null, 0.8863157894736842, null, 0.9231578947368421, 0.908157894736842, 0.85, null, 0.85, null, null, null, null, 0.8887719298245614, null, null, null, null]",8.150163412094116,5.275179624557495,0.07207417488098145,1.9462833404541016,0.0007088184356689453,0.27825260162353516,1117838,ai05,success,
roberta_base_agnews,AGNews,20,0.3,43,100,1.0,raw_union_K20,raw_union,1302,0.0,0.8836842105263157,0.7594934210526316,0.8819736842105264,0.9142105263157895,0.8822368421052632,-0.06310555719487677,0,20,"[-0.04142678347934925, -0.025295109612141653, -0.13544120311650665, -0.0338860850757029, -0.03416684177348184, -0.08550407635712864, -0.06880496637351263, -0.0957819119543194, -0.036103151862464156, -0.008403361344537785, -0.14348079161816074, -0.040791100123609425, -0.023971053821800092, -0.033419023136246784, -0.06952203600248286, -0.06868131868131877, -0.09334935897435903, -0.07731139571842582, -0.0859872611464968, -0.0607843137254902]","[0.9329161451814768, 0.9668353007307476, 0.8618409132089146, 0.893294881038212, 0.932380752258878, 0.8741963279644728, 0.8674340403517848, 0.8434334131515933, 0.9335243553008596, 0.9719887955182073, 0.8527357392316647, 0.8677379480840544, 0.9751243781094527, 0.9494430162810625, 0.8975791433891993, 0.8846153846153846, 0.8509615384615384, 0.8465925025708142, 0.8858811040339702, 0.8694117647058823]","[0.9743429286608261, 0.9921304103428893, 0.9972821163254213, 0.9271809661139149, 0.9665475940323598, 0.9597004043216014, 0.9362390067252975, 0.9392153251059127, 0.9696275071633238, 0.9803921568627451, 0.9962165308498254, 0.9085290482076638, 0.9990954319312528, 0.9828620394173093, 0.9671011793916822, 0.9532967032967034, 0.9443108974358975, 0.92390389828924, 0.971868365180467, 0.9301960784313725]",0.8492631578947369,5,"[null, null, 0.83, null, null, null, null, null, null, 0.8552631578947368, 0.8805263157894737, null, 0.83, null, 0.8505263157894737, null, null, null, null, null]",8.176892757415771,5.259923458099365,0.07698321342468262,1.9574089050292969,0.0006978511810302734,0.30350184440612793,1117838,ai05,success,
roberta_base_agnews,AGNews,20,0.3,44,100,1.0,raw_union_K20,raw_union,1502,0.0,0.8880263157894737,0.8053486842105263,0.908157894736842,0.9142105263157895,0.8873684210526316,-0.06304416169222375,0,20,"[-0.0589887640449438, -0.0941164577436312, -0.08069267801968816, -0.03722002635046118, -0.10005457522284888, -0.028509563334536248, -0.07321618743343983, -0.08910034602076122, -0.051077414205905836, -0.08338226658837344, -0.08147473827947205, -0.04046398705152421, -0.06346967559943584, -0.033878351863963374, -0.03952424519670639, -0.05181720043181004, -0.037859007832898195, -0.052236806857755225, -0.10285714285714287, -0.060943798909177116]","[0.9123595505617977, 0.8909219571370804, 0.8930085506933966, 0.9370882740447958, 0.8624704384209568, 0.9660772284373872, 0.904419595314164, 0.8891772395232603, 0.928172386272945, 0.8678802113916618, 0.8743741465634957, 0.8964121931480982, 0.8758815232722144, 0.9006322214955308, 0.8790484903934126, 0.9143576826196473, 0.8942558746736292, 0.8781141173319046, 0.8764285714285714, 0.8558216741759544]","[0.9713483146067415, 0.9850384148807116, 0.9737012287130847, 0.974308300395257, 0.9625250136438057, 0.9945867917719234, 0.9776357827476039, 0.9782775855440216, 0.9792498004788508, 0.9512624779800353, 0.9558488848429677, 0.9368761801996224, 0.9393511988716502, 0.9345105733594942, 0.918572735590119, 0.9661748830514574, 0.9321148825065274, 0.9303509241896598, 0.9792857142857143, 0.9167654730851316]",0.9731578947368421,1,"[null, null, null, null, null, null, null, null, null, 0.9731578947368421, null, null, null, null, null, null, null, null, null, null]",8.159021377563477,5.261875152587891,0.08449006080627441,1.965475082397461,0.0006933212280273438,0.27089524269104004,1117838,ai05,success,
roberta_base_agnews,AGNews,20,0.3,42,100,1.0,warmup_only_labelled,warmup_only,100,0.0,0.7918421052631579,0.7283421052631579,0.8726315789473684,0.9142105263157895,0.7918421052631579,-0.17050442150700923,0,20,"[-0.3489118801284339, -0.1572093023255814, -0.1282051282051282, -0.205771643663739, -0.2273299748110832, -0.19229534510433388, -0.18147801683816644, -0.14739299610894951, -0.14400921658986177, -0.23668639053254437, -0.11497824735860784, -0.10958428759802896, -0.12300076161462303, -0.22874973100925322, -0.09973753280839892, -0.14626129827444545, -0.2859344045784723, -0.09682556534663977, -0.10457579104047632, -0.13115091620341768]","[0.6350338922582947, 0.7970542635658915, 0.7902097902097902, 0.7841907151819323, 0.7644836272040302, 0.7308988764044944, 0.80355472404116, 0.8196108949416342, 0.8202764976958525, 0.7268346245348625, 0.8570540708514606, 0.8195572211812062, 0.8354912414318355, 0.7043253712072305, 0.7821522309711286, 0.8364831552999178, 0.6847897864847018, 0.8830024418728103, 0.8654631007826379, 0.8529956763434219]","[0.9839457723867285, 0.9542635658914729, 0.9184149184149184, 0.9899623588456713, 0.9918136020151134, 0.9231942215088282, 0.9850327408793265, 0.9670038910505837, 0.9642857142857143, 0.9635210150674068, 0.9720323182100684, 0.9291415087792352, 0.9584920030464585, 0.9330751022164837, 0.8818897637795275, 0.9827444535743632, 0.9707241910631741, 0.9798280072194501, 0.9700388918231142, 0.9841465925468396]",0.8053801169590643,6,"[null, null, null, null, 0.8378947368421052, null, 0.8681578947368421, 0.7697368421052632, 0.79, null, 0.79, null, null, null, null, 0.7764912280701755, null, null, null, null]",6.116703510284424,5.253136157989502,0.00905466079711914,0.0,0.0,0.27852654457092285,1117838,ai05,success,
roberta_base_agnews,AGNews,20,0.3,43,100,1.0,warmup_only_labelled,warmup_only,100,0.0,0.7931578947368421,0.7594934210526316,0.8819736842105264,0.9142105263157895,0.7931578947368421,-0.15362637018623662,0,20,"[-0.1128911138923655, -0.07026419336706013, -0.2420728392824787, -0.10382119682768565, -0.09695314141626399, -0.17213495061973894, -0.17744438696326958, -0.24921716706575792, -0.09512893982808024, -0.0448179271708683, -0.2537834691501747, -0.15698393077873918, -0.056987788331071876, -0.07412167952013704, -0.1707014276846679, -0.2362637362637363, -0.2405849358974359, -0.21529400766570073, -0.15976645435244152, -0.1432941176470588]","[0.8614518147684606, 0.9218662169758292, 0.7552092770429426, 0.8233597692862292, 0.8695944526160958, 0.7875654537018625, 0.7587946197620279, 0.6899981580401547, 0.8744985673352436, 0.9355742296918768, 0.7424330616996507, 0.7515451174289246, 0.942107643600181, 0.9087403598971723, 0.7963997517070143, 0.717032967032967, 0.7037259615384616, 0.7086098906235393, 0.8121019108280255, 0.7869019607843137]","[0.9743429286608261, 0.9921304103428893, 0.9972821163254213, 0.9271809661139149, 0.9665475940323598, 0.9597004043216014, 0.9362390067252975, 0.9392153251059127, 0.9696275071633238, 0.9803921568627451, 0.9962165308498254, 0.9085290482076638, 0.9990954319312528, 0.9828620394173093, 0.9671011793916822, 0.9532967032967034, 0.9443108974358975, 0.92390389828924, 0.971868365180467, 0.9301960784313725]",0.7282105263157895,5,"[null, null, 0.6663157894736842, null, null, null, null, null, null, 0.7452631578947368, 0.8242105263157895, null, 0.6663157894736842, null, 0.7389473684210527, null, null, null, null, null]",6.172059535980225,5.301732063293457,0.010523557662963867,0.0,0.0,0.28046679496765137,1117838,ai05,success,
roberta_base_agnews,AGNews,20,0.3,44,100,1.0,warmup_only_labelled,warmup_only,100,0.0,0.7810526315789473,0.8053486842105263,0.908157894736842,0.9142105263157895,0.7810526315789473,-0.17675586877823737,0,20,"[-0.16067415730337076, -0.17589971694298423, -0.25242509161457216, -0.11660079051383399, -0.15608513734764418, -0.10285095633345354, -0.24813631522896706, -0.1421568627450981, -0.12170790103751006, -0.2748091603053435, -0.2690031861629495, -0.16293498786080396, -0.17559943582510573, -0.13738827120122077, -0.14821591948764867, -0.1529327096077726, -0.11096605744125321, -0.14572729708009646, -0.31714285714285717, -0.16386056438226226]","[0.8106741573033708, 0.8091386979377274, 0.7212761370985126, 0.857707509881423, 0.8064398762961615, 0.8917358354384699, 0.7294994675186368, 0.8361207227989235, 0.8575418994413407, 0.6764533176746917, 0.6868456986800182, 0.7739411923388184, 0.7637517630465445, 0.7971223021582734, 0.7703568161024703, 0.8132421734436848, 0.8211488250652742, 0.7846236271095633, 0.6621428571428571, 0.7529049087028693]","[0.9713483146067415, 0.9850384148807116, 0.9737012287130847, 0.974308300395257, 0.9625250136438057, 0.9945867917719234, 0.9776357827476039, 0.9782775855440216, 0.9792498004788508, 0.9512624779800353, 0.9558488848429677, 0.9368761801996224, 0.9393511988716502, 0.9345105733594942, 0.918572735590119, 0.9661748830514574, 0.9321148825065274, 0.9303509241896598, 0.9792857142857143, 0.9167654730851316]",0.888421052631579,1,"[null, null, null, null, null, null, null, null, null, 0.888421052631579, null, null, null, null, null, null, null, null, null, null]",6.138863801956177,5.2796244621276855,0.009330511093139648,0.0,0.0,0.27051711082458496,1117838,ai05,success,
roberta_base_agnews,AGNews,20,1.0,42,100,1.0,dp_avg_eps2_K20,dp_avg,4,4.043601857518789,0.7901315789473684,0.8589144736842105,0.8996052631578947,0.9142105263157895,0.6694736842105263,-0.15176904429390026,0,20,"[-0.19652431133296355, -0.1524784482758621, -0.11114152751163431, -0.14883551673944684, -0.12424733672996757, -0.15892763273173294, -0.1749805144193297, -0.13159216474133606, -0.24478063540090778, -0.10347043701799485, -0.16403283106700972, -0.1312630062429967, -0.15329168668909177, -0.11813426329555354, -0.14312004530011324, -0.16619642617224228, -0.15397215397215402, -0.1541938196342233, -0.19685400122174712, -0.10734412738169785]","[0.7263819559992605, 0.7766702586206896, 0.8549137695045168, 0.7973071324599709, 0.8224872626215841, 0.7813211845102506, 0.7447388932190179, 0.8151682571572074, 0.713161875945537, 0.8635925449871465, 0.7694475070439789, 0.7961421482311509, 0.8020182604517059, 0.8467741935483871, 0.7986976217440543, 0.8093510681176945, 0.8024160524160524, 0.7846331721673323, 0.7539706780696396, 0.8424724930673584]","[0.922906267332224, 0.9291487068965517, 0.9660552970161511, 0.9461426491994177, 0.9467345993515517, 0.9402488172419835, 0.9197194076383476, 0.9467604218985435, 0.9579425113464448, 0.9670629820051414, 0.9334803381109886, 0.9274051544741476, 0.9553099471407976, 0.9649084568439407, 0.9418176670441676, 0.9755474942899368, 0.9563882063882064, 0.9388269918015556, 0.9508246792913867, 0.9498166204490562]",,0,"[null, null, null, null, null, null, null, null, null, null, null, null, null, null, null, null, null, null, null, null]",8.028838872909546,5.180848836898804,0.056557655334472656,1.9441254138946533,0.0007097721099853516,0.26931333541870117,1117838,ai05,success,
roberta_base_agnews,AGNews,20,1.0,43,100,1.0,dp_avg_eps2_K20,dp_avg,4,4.050649764344406,0.805,0.8403552631578949,0.8957894736842106,0.9142105263157895,0.72,-0.14457759773962026,0,20,"[-0.10505609791636306, -0.1321388577827547, -0.2216879057465737, -0.16184112843355603, -0.15609375000000003, -0.1583657587548638, -0.16014234875444833, -0.13057324840764328, -0.15058715173842963, -0.09769775678866588, -0.10400734169470793, -0.13624539345328412, -0.14235074626865674, -0.22160044767767206, -0.1409315816413581, -0.1892978657593567, -0.1410895342842413, -0.14571428571428569, -0.09412089428650283, -0.10200985968904053]","[0.8672592160862597, 0.8407054871220605, 0.761000240442414, 0.7702301410541945, 0.7678125, 0.7753566796368353, 0.792482206405694, 0.805277525022748, 0.7699746718857933, 0.8637839433293979, 0.8682573671867033, 0.8342727075655756, 0.792910447761194, 0.7672076105204253, 0.7937212079849855, 0.7817816269718527, 0.7839835023199863, 0.7734065934065935, 0.8578526083356335, 0.8441410693970421]","[0.9723153140026227, 0.9728443449048152, 0.9826881461889877, 0.9320712694877505, 0.92390625, 0.9337224383916991, 0.9526245551601423, 0.9358507734303912, 0.9205618236242229, 0.9614817001180638, 0.9722647088814113, 0.9705181010188597, 0.9352611940298508, 0.9888080581980974, 0.9346527896263436, 0.9710794927312094, 0.9250730366042276, 0.9191208791208791, 0.9519735026221363, 0.9461509290860827]",,0,"[null, null, null, null, null, null, null, null, null, null, null, null, null, null, null, null, null, null, null, null]",8.120995998382568,5.257434606552124,0.06274056434631348,1.9523646831512451,0.0006885528564453125,0.2702174186706543,1117838,ai05,success,
roberta_base_agnews,AGNews,20,1.0,44,100,1.0,dp_avg_eps2_K20,dp_avg,4,4.027436119744127,0.7868421052631579,0.8451578947368421,0.8961842105263158,0.9142105263157895,0.6421052631578947,-0.16316899041114105,0,20,"[-0.15873869031622323, -0.2068694284216046, -0.1397398843930635, -0.16662316192464988, -0.14162627894453428, -0.16503703703703698, -0.14409499358151467, -0.13130193905817178, -0.15401340822612797, -0.1502646939052531, -0.24859504132231403, -0.1931132410365638, -0.20120630992885868, -0.1824586121873899, -0.18719984318337746, -0.1413868736291547, -0.12523520802843402, -0.1357857263943042, -0.1365687355860825, -0.15352070111816263]","[0.7688793335124966, 0.7538017829050865, 0.8020231213872833, 0.7838684416601409, 0.8260635433494884, 0.7742222222222223, 0.8252567394094994, 0.8299168975069252, 0.7740532705200217, 0.8064340980046152, 0.7279338842975207, 0.7628682996095136, 0.7602845654191154, 0.766114829165199, 0.7460550818386749, 0.811202969461785, 0.8373405812251725, 0.8118325139854212, 0.8245262207961496, 0.7892112420670897]","[0.9276180238287198, 0.9606712113266911, 0.9417630057803468, 0.9504916035847908, 0.9676898222940227, 0.9392592592592592, 0.9693517329910141, 0.961218836565097, 0.9280666787461497, 0.9566987919098683, 0.9765289256198347, 0.9559815406460774, 0.9614908753479741, 0.9485734413525889, 0.9332549250220523, 0.9525898430909397, 0.9625757892536065, 0.9476182403797254, 0.9610949563822321, 0.9427319431852523]",,0,"[null, null, null, null, null, null, null, null, null, null, null, null, null, null, null, null, null, null, null, null]",8.19665241241455,5.250060081481934,0.0543215274810791,1.9538986682891846,0.0006847381591796875,0.2722327709197998,1117838,ai05,success,
roberta_base_agnews,AGNews,20,1.0,42,100,1.0,dp_avg_eps8_K20,dp_avg,4,1.0109004643796973,0.8272368421052632,0.8589144736842105,0.8996052631578947,0.9142105263157895,0.7967105263157894,-0.1140001485812987,0,20,"[-0.152893325938251, -0.11503232758620685, -0.07664932931836843, -0.11208151382823872, -0.08661417322834652, -0.11494655685999644, -0.13016367887763047, -0.09492717227523861, -0.19485627836611197, -0.07422879177377895, -0.12507656498836217, -0.09532575636305429, -0.11677078327727053, -0.0850043591979075, -0.10503963759909396, -0.13180169286577992, -0.12141687141687141, -0.11971830985915488, -0.14828955406230915, -0.0791662939440021]","[0.770012941393973, 0.8141163793103449, 0.8894059676977827, 0.834061135371179, 0.8601204261232052, 0.8253022603819871, 0.7895557287607171, 0.8518332496233049, 0.7630862329803328, 0.8928341902313625, 0.8084037731226265, 0.8320793981110933, 0.8385391638635271, 0.8799040976460332, 0.8367780294450736, 0.8437458014241569, 0.834971334971335, 0.8191086819424007, 0.8025351252290776, 0.8706503265050541]","[0.922906267332224, 0.9291487068965517, 0.9660552970161511, 0.9461426491994177, 0.9467345993515517, 0.9402488172419835, 0.9197194076383476, 0.9467604218985435, 0.9579425113464448, 0.9670629820051414, 0.9334803381109886, 0.9274051544741476, 0.9553099471407976, 0.9649084568439407, 0.9418176670441676, 0.9755474942899368, 0.9563882063882064, 0.9388269918015556, 0.9508246792913867, 0.9498166204490562]",,0,"[null, null, null, null, null, null, null, null, null, null, null, null, null, null, null, null, null, null, null, null]",8.116209506988525,5.239081859588623,0.05462145805358887,1.9785304069519043,0.0007126331329345703,0.2697439193725586,1117838,ai05,success,
roberta_base_agnews,AGNews,20,1.0,43,100,1.0,dp_avg_eps8_K20,dp_avg,4,1.0126624410861016,0.8380263157894737,0.8403552631578949,0.8957894736842106,0.9142105263157895,0.8155263157894737,-0.11398487817898359,0,20,"[-0.08057700713973481, -0.102930197835013, -0.1839384467420052, -0.1262063845582776, -0.11359375000000005, -0.1264591439688716, -0.1221085409252669, -0.10395814376706092, -0.11766060326962935, -0.07585596221959856, -0.08249209748139086, -0.10643832646867546, -0.10708955223880601, -0.19511285207983586, -0.10731957003924242, -0.16053201360965053, -0.10775047258979209, -0.11142857142857143, -0.07259177477228818, -0.0756541524459613]","[0.8917383068628879, 0.8699141470698022, 0.7987496994469825, 0.805864884929473, 0.8103125, 0.8072632944228275, 0.8305160142348754, 0.8318926296633303, 0.8029012203545935, 0.8856257378984652, 0.8897726114000204, 0.8640797745501843, 0.8281716417910447, 0.7936952061182615, 0.8273332195871012, 0.8105474791215589, 0.8173225640144355, 0.8076923076923077, 0.8793817278498481, 0.8704967766401214]","[0.9723153140026227, 0.9728443449048152, 0.9826881461889877, 0.9320712694877505, 0.92390625, 0.9337224383916991, 0.9526245551601423, 0.9358507734303912, 0.9205618236242229, 0.9614817001180638, 0.9722647088814113, 0.9705181010188597, 0.9352611940298508, 0.9888080581980974, 0.9346527896263436, 0.9710794927312094, 0.9250730366042276, 0.9191208791208791, 0.9519735026221363, 0.9461509290860827]",,0,"[null, null, null, null, null, null, null, null, null, null, null, null, null, null, null, null, null, null, null, null]",8.10282301902771,5.24561619758606,0.05605292320251465,1.9520971775054932,0.00070953369140625,0.27009105682373047,1117838,ai05,success,
roberta_base_agnews,AGNews,20,1.0,44,100,1.0,dp_avg_eps8_K20,dp_avg,4,1.0068590299360318,0.8298684210526316,0.8451578947368421,0.8961842105263158,0.9142105263157895,0.7935526315789474,-0.11983701840400926,0,20,"[-0.12738511152915877, -0.1554798112218143, -0.1099710982658959, -0.11746280344557558, -0.10070005385029623, -0.13155555555555554, -0.11360718870346598, -0.08975069252077561, -0.11759376698677293, -0.1204017917741278, -0.17818181818181822, -0.1430599929002485, -0.14290133003402417, -0.13138429024304332, -0.13398020190140147, -0.11472920533153363, -0.08822914488814548, -0.08967621630784883, -0.08733580667803076, -0.1033544877606527]","[0.8002329122995611, 0.8051914001048768, 0.8317919075144509, 0.8330288001392152, 0.8669897684437264, 0.8077037037037037, 0.8557445442875481, 0.8714681440443214, 0.8104729117593767, 0.8362970001357405, 0.7983471074380165, 0.8129215477458289, 0.8185895453139499, 0.8171891511095456, 0.7992747231206508, 0.8378606377594061, 0.8743466443654611, 0.8579420240718766, 0.8737591497042013, 0.8393774554245996]","[0.9276180238287198, 0.9606712113266911, 0.9417630057803468, 0.9504916035847908, 0.9676898222940227, 0.9392592592592592, 0.9693517329910141, 0.961218836565097, 0.9280666787461497, 0.9566987919098683, 0.9765289256198347, 0.9559815406460774, 0.9614908753479741, 0.9485734413525889, 0.9332549250220523, 0.9525898430909397, 0.9625757892536065, 0.9476182403797254, 0.9610949563822321, 0.9427319431852523]",,0,"[null, null, null, null, null, null, null, null, null, null, null, null, null, null, null, null, null, null, null, null]",8.100450277328491,5.241476774215698,0.056396484375,1.9567809104919434,0.0006780624389648438,0.26891350746154785,1117838,ai05,success,
roberta_base_agnews,AGNews,20,1.0,42,100,1.0,labelled_probe_warmup,labelled,100,0.0,0.8257894736842105,0.8589144736842105,0.8996052631578947,0.9142105263157895,0.7918421052631579,-0.11951912881493972,0,20,"[-0.16435570345720096, -0.12257543103448276, -0.09033670955379136, -0.11863173216885003, -0.08626679018063921, -0.13036621692658135, -0.1465315666406859, -0.10572576594676042, -0.22662632375189107, -0.07455012853470433, -0.13622442729388706, -0.09500560268929092, -0.11436809226333489, -0.08195292066259807, -0.09470554926387309, -0.12145640198844543, -0.10851760851760861, -0.11929787681311754, -0.17577886377519858, -0.07710886483585289]","[0.7585505638750231, 0.806573275862069, 0.8757185874623598, 0.8275109170305677, 0.8604678091709125, 0.8098826003154022, 0.7731878409976617, 0.8410346559517831, 0.7313161875945537, 0.8925128534704371, 0.7972559108171016, 0.8323995517848567, 0.8409418548774628, 0.8829555361813426, 0.8471121177802945, 0.8540910923014914, 0.8478705978705978, 0.8195291149884381, 0.7750458155161881, 0.8727077556132034]","[0.922906267332224, 0.9291487068965517, 0.9660552970161511, 0.9461426491994177, 0.9467345993515517, 0.9402488172419835, 0.9197194076383476, 0.9467604218985435, 0.9579425113464448, 0.9670629820051414, 0.9334803381109886, 0.9274051544741476, 0.9553099471407976, 0.9649084568439407, 0.9418176670441676, 0.9755474942899368, 0.9563882063882064, 0.9388269918015556, 0.9508246792913867, 0.9498166204490562]",,0,"[null, null, null, null, null, null, null, null, null, null, null, null, null, null, null, null, null, null, null, null]",8.041692733764648,5.236060857772827,0.01114654541015625,1.9466211795806885,0.0007083415985107422,0.27515482902526855,1117838,ai05,success,
roberta_base_agnews,AGNews,20,1.0,43,100,1.0,labelled_probe_warmup,labelled,100,0.0,0.8285526315789473,0.8403552631578949,0.8957894736842106,0.9142105263157895,0.7931578947368421,-0.12039654913431272,0,20,"[-0.07955704502404193, -0.1014371033967898, -0.17383986535224805, -0.12880475129918334, -0.11687500000000006, -0.13022049286640724, -0.1292259786476868, -0.10987261146496818, -0.12825236011973296, -0.07644628099173556, -0.08116651371469363, -0.12356384131801423, -0.1205223880597015, -0.21544487968662562, -0.11533867940624465, -0.17816269718527689, -0.11462450592885376, -0.12263736263736269, -0.08059619100193205, -0.08134243458475543]","[0.8927582689785808, 0.8714072415080254, 0.8088482808367397, 0.8032665181885672, 0.80703125, 0.8035019455252919, 0.8233985765124555, 0.8259781619654231, 0.7923094635044899, 0.8850354191263282, 0.8910981951667176, 0.8469542597008455, 0.8147388059701492, 0.7733631785114717, 0.8193141102200989, 0.7929167955459325, 0.8104485306753738, 0.7964835164835165, 0.8713773116202043, 0.8648084945013272]","[0.9723153140026227, 0.9728443449048152, 0.9826881461889877, 0.9320712694877505, 0.92390625, 0.9337224383916991, 0.9526245551601423, 0.9358507734303912, 0.9205618236242229, 0.9614817001180638, 0.9722647088814113, 0.9705181010188597, 0.9352611940298508, 0.9888080581980974, 0.9346527896263436, 0.9710794927312094, 0.9250730366042276, 0.9191208791208791, 0.9519735026221363, 0.9461509290860827]",,0,"[null, null, null, null, null, null, null, null, null, null, null, null, null, null, null, null, null, null, null, null]",8.135650634765625,5.277108430862427,0.011449813842773438,1.9954824447631836,0.0007021427154541016,0.2711143493652344,1117838,ai05,success,
roberta_base_agnews,AGNews,20,1.0,44,100,1.0,labelled_probe_warmup,labelled,100,0.0,0.8239473684210527,0.8451578947368421,0.8961842105263158,0.9142105263157895,0.7810526315789473,-0.12530049386950481,0,20,"[-0.1167248947415569, -0.18117461982170946, -0.10476878612716756, -0.12668580875315416, -0.10016155088852996, -0.12325925925925929, -0.10959563543003847, -0.08836565096952909, -0.11904330494654825, -0.11578661599022666, -0.20561983471074385, -0.16826411075612357, -0.1642437364676771, -0.1352588939767524, -0.15093599921591683, -0.10663067319048425, -0.09157432573698521, -0.09391422274961858, -0.09505665296300014, -0.10894530069507402]","[0.8108931290871629, 0.7794965915049816, 0.8369942196531792, 0.8238057948316366, 0.8675282714054927, 0.816, 0.8597560975609756, 0.8728531855955679, 0.8090233737996014, 0.8409121759196416, 0.7709090909090909, 0.7877174298899539, 0.797247138880297, 0.8133145473758365, 0.7823189258061355, 0.8459591699004555, 0.8710014635166213, 0.8537040176301068, 0.8660383034192319, 0.8337866424901783]","[0.9276180238287198, 0.9606712113266911, 0.9417630057803468, 0.9504916035847908, 0.9676898222940227, 0.9392592592592592, 0.9693517329910141, 0.961218836565097, 0.9280666787461497, 0.9566987919098683, 0.9765289256198347, 0.9559815406460774, 0.9614908753479741, 0.9485734413525889, 0.9332549250220523, 0.9525898430909397, 0.9625757892536065, 0.9476182403797254, 0.9610949563822321, 0.9427319431852523]",,0,"[null, null, null, null, null, null, null, null, null, null, null, null, null, null, null, null, null, null, null, null]",8.116864919662476,5.284246444702148,0.011327266693115234,1.9719631671905518,0.0006773471832275391,0.2705974578857422,1117838,ai05,success,
roberta_base_agnews,AGNews,20,1.0,42,100,1.0,no_phase0,none,0,0.0,0.7497368421052631,0.8589144736842105,0.8996052631578947,0.9142105263157895,0.20355263157894737,-0.19458185110934453,0,20,"[-0.24588648548715097, -0.20177801724137934, -0.14590747330960852, -0.19432314410480345, -0.17554423344140813, -0.21324688978447515, -0.22954014029618075, -0.17076845806127583, -0.3173978819969743, -0.14428020565552702, -0.19955898566703423, -0.1848887465983673, -0.15185007208073031, -0.18265039232781166, -0.17936013590033972, -0.16162837565497779, -0.22113022113022118, -0.1602900988017658, -0.2585522296884545, -0.1530548349584041]","[0.677019781845073, 0.7273706896551724, 0.8201478237065426, 0.7518195050946143, 0.7711903659101436, 0.7270019274575084, 0.6901792673421668, 0.7759919638372677, 0.6405446293494705, 0.8227827763496144, 0.7339213524439544, 0.7425164078757803, 0.8034598750600673, 0.782258064516129, 0.7624575311438279, 0.813919118634959, 0.7352579852579852, 0.7785368929997898, 0.6922724496029322, 0.7967617854906521]","[0.922906267332224, 0.9291487068965517, 0.9660552970161511, 0.9461426491994177, 0.9467345993515517, 0.9402488172419835, 0.9197194076383476, 0.9467604218985435, 0.9579425113464448, 0.9670629820051414, 0.9334803381109886, 0.9274051544741476, 0.9553099471407976, 0.9649084568439407, 0.9418176670441676, 0.9755474942899368, 0.9563882063882064, 0.9388269918015556, 0.9508246792913867, 0.9498166204490562]",,0,"[null, null, null, null, null, null, null, null, null, null, null, null, null, null, null, null, null, null, null, null]",7.891430616378784,5.138836145401001,0.004791259765625,1.9091522693634033,0.0007145404815673828,0.26581788063049316,1117838,ai05,success,
roberta_base_agnews,AGNews,20,1.0,43,100,1.0,no_phase0,none,0,0.0,0.7855263157894737,0.8403552631578949,0.8957894736842106,0.9142105263157895,0.27407894736842103,-0.17274614686096915,0,20,"[-0.14279469619699836, -0.16349384098544228, -0.2464534743928829, -0.19153674832962142, -0.17953125000000003, -0.18780804150453956, -0.18883451957295372, -0.15309372156505918, -0.1736127101082201, -0.1371015348288076, -0.14275517487508926, -0.15683936700628653, -0.17220149253731343, -0.24734191382204807, -0.15884661320593751, -0.21187751314568515, -0.1639456951366215, -0.17010989010989008, -0.128898702732542, -0.13784603716344335]","[0.8295206178056244, 0.8093505039193729, 0.7362346717961048, 0.7405345211581291, 0.744375, 0.7459143968871595, 0.7637900355871886, 0.7827570518653321, 0.7469491135160028, 0.8243801652892562, 0.829509534006322, 0.8136787340125732, 0.7630597014925373, 0.7414661443760493, 0.7758061764204061, 0.7592019795855243, 0.7611273414676061, 0.7490109890109891, 0.8230747998895943, 0.8083048919226393]","[0.9723153140026227, 0.9728443449048152, 0.9826881461889877, 0.9320712694877505, 0.92390625, 0.9337224383916991, 0.9526245551601423, 0.9358507734303912, 0.9205618236242229, 0.9614817001180638, 0.9722647088814113, 0.9705181010188597, 0.9352611940298508, 0.9888080581980974, 0.9346527896263436, 0.9710794927312094, 0.9250730366042276, 0.9191208791208791, 0.9519735026221363, 0.9461509290860827]",,0,"[null, null, null, null, null, null, null, null, null, null, null, null, null, null, null, null, null, null, null, null]",7.878268241882324,5.135919809341431,0.004737377166748047,1.8951442241668701,0.0006875991821289062,0.26738429069519043,1117838,ai05,success,
roberta_base_agnews,AGNews,20,1.0,44,100,1.0,no_phase0,none,0,0.0,0.7461842105263158,0.8451578947368421,0.8961842105263158,0.9142105263157895,0.22263157894736843,-0.19704703719593158,0,20,"[-0.20648571172623842, -0.2477713686418458, -0.17341040462427737, -0.2000348037936136, -0.17447495961227788, -0.20918518518518514, -0.1755455712451861, -0.14958448753462605, -0.18427251313643778, -0.19207275688882852, -0.27504132231404965, -0.2364217252396167, -0.23074543767398703, -0.21028531172948217, -0.22130745859061063, -0.177661548844272, -0.1528329500313611, -0.1724021020511951, -0.16524616464454034, -0.18615896041100033]","[0.7211323121024814, 0.7128998426848453, 0.7683526011560694, 0.7504567997911772, 0.7932148626817448, 0.7300740740740741, 0.793806161745828, 0.8116343490304709, 0.7437941656097119, 0.7646260350210398, 0.7014876033057851, 0.7195598154064607, 0.730745437673987, 0.7382881296231067, 0.7119474664314417, 0.7749282942466678, 0.8097428392222454, 0.7752161383285303, 0.7958487917376917, 0.756572982774252]","[0.9276180238287198, 0.9606712113266911, 0.9417630057803468, 0.9504916035847908, 0.9676898222940227, 0.9392592592592592, 0.9693517329910141, 0.961218836565097, 0.9280666787461497, 0.9566987919098683, 0.9765289256198347, 0.9559815406460774, 0.9614908753479741, 0.9485734413525889, 0.9332549250220523, 0.9525898430909397, 0.9625757892536065, 0.9476182403797254, 0.9610949563822321, 0.9427319431852523]",,0,"[null, null, null, null, null, null, null, null, null, null, null, null, null, null, null, null, null, null, null, null]",7.8938798904418945,5.149552583694458,0.005000114440917969,1.9017980098724365,0.0006880760192871094,0.26604366302490234,1117838,ai05,success,
roberta_base_agnews,AGNews,20,1.0,42,100,1.0,raw_union_K20,raw_union,1582,0.0,0.8803947368421052,0.8589144736842105,0.8996052631578947,0.9142105263157895,0.8780263157894737,-0.06172022584974157,0,20,"[-0.06877426511369933, -0.0544181034482758, -0.04078839310156035, -0.0633187772925764, -0.04863362667901816, -0.0506395654459435, -0.06391270459859699, -0.047714716223003606, -0.10196671709531013, -0.03598971722365041, -0.05953693495038592, -0.051624779894349326, -0.07111965401249398, -0.05165649520488225, -0.06610985277463188, -0.08786779524385324, -0.0825143325143326, -0.07021231868824884, -0.0804825901038485, -0.037123177386170436]","[0.8541320022185247, 0.8747306034482759, 0.9252669039145908, 0.8828238719068413, 0.8981009726725335, 0.88960925179604, 0.8558067030397506, 0.8990457056755399, 0.8559757942511347, 0.931073264781491, 0.8739434031606027, 0.8757803745797983, 0.8841902931283037, 0.9132519616390584, 0.8757078142695357, 0.8876796990460836, 0.8738738738738738, 0.8686146731133068, 0.8703420891875382, 0.9126934430628858]","[0.922906267332224, 0.9291487068965517, 0.9660552970161511, 0.9461426491994177, 0.9467345993515517, 0.9402488172419835, 0.9197194076383476, 0.9467604218985435, 0.9579425113464448, 0.9670629820051414, 0.9334803381109886, 0.9274051544741476, 0.9553099471407976, 0.9649084568439407, 0.9418176670441676, 0.9755474942899368, 0.9563882063882064, 0.9388269918015556, 0.9508246792913867, 0.9498166204490562]",,0,"[null, null, null, null, null, null, null, null, null, null, null, null, null, null, null, null, null, null, null, null]",8.241778373718262,5.288095235824585,0.08230829238891602,1.9508826732635498,0.0007076263427734375,0.26991844177246094,1117838,ai05,success,
roberta_base_agnews,AGNews,20,1.0,43,100,1.0,raw_union_K20,raw_union,1588,0.0,0.8888157894736842,0.8403552631578949,0.8957894736842106,0.9142105263157895,0.8872368421052632,-0.06393854452362224,0,20,"[-0.04342124435378114, -0.0607502799552071, -0.09689829285886031, -0.06087602078693388, -0.050000000000000044, -0.06368352788586251, -0.06850533807829184, -0.053002729754322075, -0.05503108450379923, -0.039256198347107474, -0.04333639237279496, -0.09017992629525251, -0.057835820895522416, -0.12982652490207047, -0.05681624296195187, -0.10485617073925146, -0.05636707338030589, -0.06043956043956045, -0.04692243996687828, -0.040766021994690926]","[0.9288940696488416, 0.9120940649496081, 0.8857898533301274, 0.8711952487008167, 0.87390625, 0.8700389105058366, 0.8841192170818505, 0.8828480436760692, 0.8655307391204237, 0.9222255017709563, 0.9289283165086163, 0.8803381747236072, 0.8774253731343283, 0.8589815332960269, 0.8778365466643917, 0.866223321991958, 0.8687059632239217, 0.8586813186813187, 0.905051062655258, 0.9053849070913917]","[0.9723153140026227, 0.9728443449048152, 0.9826881461889877, 0.9320712694877505, 0.92390625, 0.9337224383916991, 0.9526245551601423, 0.9358507734303912, 0.9205618236242229, 0.9614817001180638, 0.9722647088814113, 0.9705181010188597, 0.9352611940298508, 0.9888080581980974, 0.9346527896263436, 0.9710794927312094, 0.9250730366042276, 0.9191208791208791, 0.9519735026221363, 0.9461509290860827]",,0,"[null, null, null, null, null, null, null, null, null, null, null, null, null, null, null, null, null, null, null, null]",8.162648916244507,5.261447906494141,0.08143877983093262,1.9332540035247803,0.0007102489471435547,0.26609182357788086,1117838,ai05,success,
roberta_base_agnews,AGNews,20,1.0,44,100,1.0,raw_union_K20,raw_union,1587,0.0,0.8876315789473684,0.8451578947368421,0.8961842105263158,0.9142105263157895,0.8859210526315789,-0.061169633985007396,0,20,"[-0.06172175938367819, -0.07656004195070787, -0.05043352601156059, -0.06247280953623946, -0.05977382875605819, -0.07288888888888889, -0.06081514762516038, -0.03628808864265931, -0.05055263634716434, -0.06678430840233474, -0.10314049586776863, -0.07916222932197381, -0.08072997216207856, -0.05988023952095811, -0.05988434774086049, -0.05871435802260838, -0.040978465398285646, -0.04475334802508901, -0.044821016745212106, -0.05303717135086128]","[0.8658962644450416, 0.8841111693759832, 0.8913294797687862, 0.8880187940485513, 0.9079159935379645, 0.8663703703703703, 0.9085365853658537, 0.9249307479224377, 0.8775140423989853, 0.8899144835075335, 0.8733884297520661, 0.8768193113241036, 0.8807609031858955, 0.8886932018316308, 0.8733705772811918, 0.8938754850683314, 0.9215973238553209, 0.9028648923546364, 0.91627393963702, 0.889694771834391]","[0.9276180238287198, 0.9606712113266911, 0.9417630057803468, 0.9504916035847908, 0.9676898222940227, 0.9392592592592592, 0.9693517329910141, 0.961218836565097, 0.9280666787461497, 0.9566987919098683, 0.9765289256198347, 0.9559815406460774, 0.9614908753479741, 0.9485734413525889, 0.9332549250220523, 0.9525898430909397, 0.9625757892536065, 0.9476182403797254, 0.9610949563822321, 0.9427319431852523]",,0,"[null, null, null, null, null, null, null, null, null, null, null, null, null, null, null, null, null, null, null, null]",7.971843957901001,5.125795602798462,0.07966375350952148,1.929917812347412,0.0007021427154541016,0.26958131790161133,1117838,ai05,success,
roberta_base_agnews,AGNews,20,1.0,42,100,1.0,warmup_only_labelled,warmup_only,100,0.0,0.7918421052631579,0.8589144736842105,0.8996052631578947,0.9142105263157895,0.7918421052631579,-0.15489018364480675,0,20,"[-0.21575152523571817, -0.1597521551724138, -0.1188064604434711, -0.15574963609898107, -0.12389995368226037, -0.1771508673558787, -0.18667186282151205, -0.14239075841285787, -0.2871406959152799, -0.10652313624678666, -0.1762832292049492, -0.12582039378901877, -0.13695338779432964, -0.11595466434176105, -0.11494903737259343, -0.1422813381700927, -0.1316543816543817, -0.13779693083876388, -0.22938301771533298, -0.11289024062975217]","[0.7071547420965059, 0.7693965517241379, 0.84724883657268, 0.7903930131004366, 0.8228346456692913, 0.7630979498861048, 0.7330475448168355, 0.8043696634856856, 0.6708018154311649, 0.8605398457583547, 0.7571971089060394, 0.8015847606851288, 0.818356559346468, 0.8489537925021796, 0.8268686296715742, 0.8332661561198441, 0.8247338247338247, 0.8010300609627917, 0.7214416615760537, 0.8369263798193041]","[0.922906267332224, 0.9291487068965517, 0.9660552970161511, 0.9461426491994177, 0.9467345993515517, 0.9402488172419835, 0.9197194076383476, 0.9467604218985435, 0.9579425113464448, 0.9670629820051414, 0.9334803381109886, 0.9274051544741476, 0.9553099471407976, 0.9649084568439407, 0.9418176670441676, 0.9755474942899368, 0.9563882063882064, 0.9388269918015556, 0.9508246792913867, 0.9498166204490562]",,0,"[null, null, null, null, null, null, null, null, null, null, null, null, null, null, null, null, null, null, null, null]",6.009653329849243,5.149260759353638,0.009606361389160156,0.0,0.0,0.2758820056915283,1117838,ai05,success,
roberta_base_agnews,AGNews,20,1.0,43,100,1.0,warmup_only_labelled,warmup_only,100,0.0,0.7931578947368421,0.8403552631578949,0.8957894736842106,0.9142105263157895,0.7931578947368421,-0.15966295324655805,0,20,"[-0.10155908494827326, -0.12681970884658456, -0.20654003366193796, -0.17446176688938375, -0.16609375000000004, -0.1800259403372244, -0.16303380782918142, -0.1503639672429481, -0.1904213677181672, -0.09755017709563163, -0.10451718160497603, -0.15543030565792326, -0.17779850746268655, -0.2751352359634397, -0.14929192970482852, -0.23368388493659142, -0.15191613679326343, -0.17230769230769238, -0.10709356886558097, -0.10921501706484638]","[0.8707562290543495, 0.8460246360582306, 0.7761481125270497, 0.7576095025983668, 0.7578125, 0.7536964980544747, 0.7895907473309609, 0.7854868061874432, 0.7301404559060557, 0.8639315230224321, 0.8677475272764352, 0.8150877953609365, 0.7574626865671642, 0.7136728222346577, 0.785360859921515, 0.737395607794618, 0.7731568998109641, 0.7468131868131868, 0.8448799337565553, 0.8369359120212363]","[0.9723153140026227, 0.9728443449048152, 0.9826881461889877, 0.9320712694877505, 0.92390625, 0.9337224383916991, 0.9526245551601423, 0.9358507734303912, 0.9205618236242229, 0.9614817001180638, 0.9722647088814113, 0.9705181010188597, 0.9352611940298508, 0.9888080581980974, 0.9346527896263436, 0.9710794927312094, 0.9250730366042276, 0.9191208791208791, 0.9519735026221363, 0.9461509290860827]",,0,"[null, null, null, null, null, null, null, null, null, null, null, null, null, null, null, null, null, null, null, null]",6.123657703399658,5.268136262893677,0.009853124618530273,0.0,0.0,0.26992011070251465,1117838,ai05,success,
roberta_base_agnews,AGNews,20,1.0,44,100,1.0,warmup_only_labelled,warmup_only,100,0.0,0.7810526315789473,0.8451578947368421,0.8961842105263158,0.9142105263157895,0.7810526315789473,-0.16577178465949444,0,20,"[-0.13759742004837405, -0.24069218668065018, -0.13815028901734094, -0.1773253284608023, -0.12924071082390953, -0.1499259259259259, -0.1379974326059049, -0.12603878116343492, -0.15057075557166155, -0.14239174697977464, -0.2720661157024794, -0.22328718494852684, -0.22517785338694718, -0.18069742867206762, -0.20317553660688026, -0.13109498903323769, -0.12774409366506378, -0.13239532124088838, -0.14118118921086942, -0.14868540344514958]","[0.7900206037803458, 0.7199790246460409, 0.8036127167630058, 0.7731662751239885, 0.8384491114701131, 0.7893333333333333, 0.8313543003851092, 0.8351800554016621, 0.7774959231744881, 0.8143070449300936, 0.7044628099173553, 0.7326943556975506, 0.7363130219610269, 0.7678760126805213, 0.7300793884151721, 0.8214948540577021, 0.8348316955885428, 0.815222919138837, 0.8199137671713627, 0.7940465397401028]","[0.9276180238287198, 0.9606712113266911, 0.9417630057803468, 0.9504916035847908, 0.9676898222940227, 0.9392592592592592, 0.9693517329910141, 0.961218836565097, 0.9280666787461497, 0.9566987919098683, 0.9765289256198347, 0.9559815406460774, 0.9614908753479741, 0.9485734413525889, 0.9332549250220523, 0.9525898430909397, 0.9625757892536065, 0.9476182403797254, 0.9610949563822321, 0.9427319431852523]",,0,"[null, null, null, null, null, null, null, null, null, null, null, null, null, null, null, null, null, null, null, null]",6.100119352340698,5.253934621810913,0.009410619735717773,0.0,0.0,0.2702956199645996,1117838,ai05,success,
roberta_base_agnews,AGNews,50,0.01,42,100,1.0,dp_avg_eps2_K20,dp_avg,4,4.043601857518789,0.7514473684210526,0.33298947368421056,0.533157894736842,0.9142105263157895,0.5707894736842105,-0.1852687976499131,0,24,"[null, 0.0, -0.2692307692307693, null, null, -0.21599861183411417, null, null, null, null, null, null, -0.3753910323253389, -0.23076923076923073, null, -0.1428571428571429, null, null, -0.125, 0.0, -0.2028301886792453, null, null, null, null, -0.18461538461538463, -0.32608695652173914, null, null, null, -0.2222222222222222, null, null, -0.2301845819761129, -0.3595432828569115, -0.13158008939808186, -0.28191489361702127, 0.0, -0.12186379928315405, null, null, -0.2402089652847995, null, -0.28936170212765955, -0.3620522749273959, null, null, -0.13474001507159006, 0.0, 0.0]","[null, 1.0, 0.7307692307692307, null, null, 0.7656775984730175, null, null, null, null, null, null, 0.6193952033368092, 0.7692307692307693, null, 0.8571428571428571, null, null, 0.875, 1.0, 0.7216981132075472, null, null, null, null, 0.7538461538461538, 0.6304347826086957, null, null, null, 0.75, null, null, 0.7643865363735071, 0.6398088914082112, 0.8679425422037061, 0.6968085106382979, 1.0, 0.8745519713261649, null, null, 0.7579036063363667, null, 0.676595744680851, 0.6337528234914489, null, null, 0.8639035418236624, 1.0, 1.0]","[null, 1.0, 1.0, null, null, 0.9816762103071317, null, null, null, null, null, null, 0.9947862356621481, 1.0, null, 1.0, null, null, 1.0, 1.0, 0.9245283018867925, null, null, null, null, 0.9384615384615385, 0.9565217391304348, null, null, null, 0.9722222222222222, null, null, 0.99457111834962, 0.9993521742651227, 0.999522631601788, 0.9787234042553191, 1.0, 0.996415770609319, null, null, 0.9981125716211662, null, 0.9659574468085106, 0.9958050984188448, null, null, 0.9986435568952524, 1.0, 1.0]",0.7540561403508778,50,"[0.7514473684210526, 0.7175438596491228, 0.7833333333333333, 0.7514473684210526, 0.7514473684210526, 0.7989473684210526, 0.7514473684210526, 0.7514473684210526, 0.7514473684210526, 0.7514473684210526, 0.7514473684210526, 0.7514473684210526, 0.7833333333333333, 0.7536842105263157, 0.7514473684210526, 0.7512280701754386, 0.7514473684210526, 0.7514473684210526, 0.7175438596491228, 0.7833333333333333, 0.7536842105263157, 0.7514473684210526, 0.7514473684210526, 0.7514473684210526, 0.7514473684210526, 0.7512280701754386, 0.7833333333333333, 0.7514473684210526, 0.7514473684210526, 0.7514473684210526, 0.7536842105263157, 0.7514473684210526, 0.7514473684210526, 0.7512280701754386, 0.7833333333333333, 0.7175438596491228, 0.7833333333333333, 0.7175438596491228, 0.7175438596491228, 0.7514473684210526, 0.7514473684210526, 0.7544736842105263, 0.7514473684210526, 0.7833333333333333, 0.8026315789473685, 0.7514473684210526, 0.7514473684210526, 0.7175438596491228, 0.7536842105263157, 0.7521052631578947]",8.652334928512573,5.293511629104614,0.07121539115905762,2.315891981124878,0.0016362667083740234,0.3887808322906494,1117838,ai05,success,
roberta_base_agnews,AGNews,50,0.01,43,100,1.0,dp_avg_eps2_K20,dp_avg,4,4.050649764344406,0.7539473684210526,0.31480526315789475,0.6326315789473684,0.9142105263157895,0.5506578947368421,-0.1897658581343699,0,17,"[null, null, null, 0.0, null, -0.09090909090909083, null, 0.0, null, -0.12103419351655398, null, null, null, -0.13242009132420085, null, -0.35775862068965525, null, null, -0.43243243243243246, -0.14910536779324046, -0.2949223369865174, null, null, -0.11698113207547167, -0.37549104467674277, null, -0.38181818181818183, null, null, null, null, null, null, null, null, null, null, -0.29674252565818837, null, null, null, null, null, -0.303030303030303, 0.0, null, null, 0.0, -0.1733742673737092, null]","[null, null, null, 1.0, null, 0.8409090909090909, null, 1.0, null, 0.8669265308136379, null, null, null, 0.8447488584474886, null, 0.6336206896551724, null, null, 0.5315315315315315, 0.8210735586481114, 0.7044468974217456, null, null, 0.8339622641509434, 0.6195485718090419, null, 0.5727272727272728, null, null, null, null, null, null, null, null, null, null, 0.7003569834895136, null, null, null, null, null, 0.696969696969697, 1.0, null, null, 1.0, 0.8235556795981022, null]","[null, null, null, 1.0, null, 0.9318181818181818, null, 1.0, null, 0.9879607243301919, null, null, null, 0.9771689497716894, null, 0.9913793103448276, null, null, 0.963963963963964, 0.9701789264413518, 0.999369234408263, null, null, 0.9509433962264151, 0.9950396164857847, null, 0.9545454545454546, null, null, null, null, null, null, null, null, null, null, 0.997099509147702, null, null, null, null, null, 1.0, 1.0, null, null, 1.0, 0.9969299469718114, null]",0.7524736842105262,50,"[0.7539473684210526, 0.7539473684210526, 0.7539473684210526, 0.7971929824561403, 0.7539473684210526, 0.7285964912280701, 0.7539473684210526, 0.7784210526315789, 0.7539473684210526, 0.6523684210526316, 0.7539473684210526, 0.7539473684210526, 0.7539473684210526, 0.7271052631578947, 0.7539473684210526, 0.7971929824561403, 0.7539473684210526, 0.7539473684210526, 0.7971929824561403, 0.7285964912280701, 0.7784210526315789, 0.7539473684210526, 0.7539473684210526, 0.7285964912280701, 0.6805263157894736, 0.7539473684210526, 0.7971929824561403, 0.7539473684210526, 0.7539473684210526, 0.7539473684210526, 0.7539473684210526, 0.7539473684210526, 0.7539473684210526, 0.7539473684210526, 0.7539473684210526, 0.7539473684210526, 0.7539473684210526, 0.7526315789473684, 0.7539473684210526, 0.7539473684210526, 0.7539473684210526, 0.7539473684210526, 0.7539473684210526, 0.7784210526315789, 0.7285964912280701, 0.7539473684210526, 0.7539473684210526, 0.7115789473684211, 0.7807894736842105, 0.7539473684210526]",7.98416543006897,5.2220377922058105,0.0680084228515625,1.6846401691436768,0.0016546249389648438,0.41973376274108887,1117838,ai05,success,
roberta_base_agnews,AGNews,50,0.01,44,100,1.0,dp_avg_eps2_K20,dp_avg,4,4.027436119744127,0.6917105263157894,0.3178868421052632,0.6042105263157894,0.9142105263157895,0.4611842105263158,-0.25669798570740915,0,19,"[null, -0.25857853294653954, -0.1878659524106142, -0.23076923076923073, null, null, null, -0.2857142857142857, null, -0.35026315789473683, null, 0.0, -0.4347853416305236, -0.1865831842576029, null, -0.19047619047619047, null, -0.13725490196078427, null, null, 0.0, null, -0.32570516232038316, null, null, null, null, null, null, -0.23178210678210676, null, -0.4008810572687225, null, null, null, null, null, null, null, null, -0.27368421052631575, null, null, null, -0.43668185434295215, null, null, -0.2129032258064516, -0.4, -0.33333333333333337]","[null, 0.70302527973477, 0.8113865703251526, 0.7692307692307693, null, null, null, 0.7142857142857143, null, 0.6473684210526316, null, 1.0, 0.5642717958388334, 0.8116279069767441, null, 0.7523809523809524, null, 0.803921568627451, null, null, 1.0, null, 0.6657796700372539, null, null, null, null, null, null, 0.7624458874458875, null, 0.5726872246696035, null, null, null, null, null, null, null, null, 0.6912280701754386, null, null, null, 0.561799378028495, null, null, 0.7806451612903226, 0.6, 0.6666666666666666]","[null, 0.9616038126813096, 0.9992525227357668, 1.0, null, null, null, 1.0, null, 0.9976315789473684, null, 1.0, 0.999057137469357, 0.998211091234347, null, 0.9428571428571428, null, 0.9411764705882353, null, null, 1.0, null, 0.9914848323576371, null, null, null, null, null, null, 0.9942279942279942, null, 0.973568281938326, null, null, null, null, null, null, null, null, 0.9649122807017544, null, null, null, 0.9984812323714471, null, null, 0.9935483870967742, 1.0, 1.0]",0.6902675438596486,50,"[0.6917105263157894, 0.6913157894736842, 0.5960526315789474, 0.7326315789473684, 0.6917105263157894, 0.6917105263157894, 0.6917105263157894, 0.714561403508772, 0.6917105263157894, 0.714561403508772, 0.6917105263157894, 0.6510526315789473, 0.7873684210526316, 0.6510526315789473, 0.6917105263157894, 0.6685964912280702, 0.6917105263157894, 0.6510526315789473, 0.6917105263157894, 0.6917105263157894, 0.714561403508772, 0.6917105263157894, 0.714561403508772, 0.6917105263157894, 0.6917105263157894, 0.6917105263157894, 0.6917105263157894, 0.6917105263157894, 0.6917105263157894, 0.6685964912280702, 0.6917105263157894, 0.7326315789473684, 0.6917105263157894, 0.6917105263157894, 0.6917105263157894, 0.6917105263157894, 0.6917105263157894, 0.6917105263157894, 0.6917105263157894, 0.6917105263157894, 0.714561403508772, 0.6917105263157894, 0.6917105263157894, 0.6917105263157894, 0.7326315789473684, 0.6917105263157894, 0.6917105263157894, 0.6510526315789473, 0.714561403508772, 0.5689473684210526]",8.108703136444092,5.2271223068237305,0.0688471794128418,1.8457350730895996,0.0016765594482421875,0.38595008850097656,1117838,ai05,success,
roberta_base_agnews,AGNews,50,0.01,42,100,1.0,dp_avg_eps8_K20,dp_avg,4,1.0109004643796973,0.8175,0.33298947368421056,0.533157894736842,0.9142105263157895,0.7748684210526315,-0.11805240316326215,0,24,"[null, 0.0, -0.07692307692307687, null, null, -0.19927121290994276, null, null, null, null, null, null, -0.2669447340980188, -0.23076923076923073, null, 0.0, null, null, 0.0, 0.0, -0.1556603773584906, null, null, null, null, -0.15384615384615385, -0.19565217391304346, null, null, null, -0.11111111111111105, null, null, -0.22204125950054288, -0.25913029395092724, -0.0576313848023261, -0.16489361702127658, 0.0, -0.04659498207885304, null, null, -0.17660936973373775, null, -0.19574468085106378, -0.261051952242659, null, null, -0.05938206480783714, 0.0, 0.0]","[null, 1.0, 0.9230769230769231, null, null, 0.7824049973971889, null, null, null, null, null, null, 0.7278415015641293, 0.7692307692307693, null, 1.0, null, null, 1.0, 1.0, 0.7688679245283019, null, null, null, null, 0.7846153846153846, 0.7608695652173914, null, null, null, 0.8611111111111112, null, null, 0.7725298588490771, 0.7402218803141954, 0.9418912467994619, 0.8138297872340425, 1.0, 0.9498207885304659, null, null, 0.8215032018874284, null, 0.7702127659574468, 0.7347531461761858, null, null, 0.9392614920874153, 1.0, 1.0]","[null, 1.0, 1.0, null, null, 0.9816762103071317, null, null, null, null, null, null, 0.9947862356621481, 1.0, null, 1.0, null, null, 1.0, 1.0, 0.9245283018867925, null, null, null, null, 0.9384615384615385, 0.9565217391304348, null, null, null, 0.9722222222222222, null, null, 0.99457111834962, 0.9993521742651227, 0.999522631601788, 0.9787234042553191, 1.0, 0.996415770609319, null, null, 0.9981125716211662, null, 0.9659574468085106, 0.9958050984188448, null, null, 0.9986435568952524, 1.0, 1.0]",0.8182701754385966,50,"[0.8175, 0.7768421052631579, 0.8371929824561404, 0.8175, 0.8175, 0.87, 0.8175, 0.8175, 0.8175, 0.8175, 0.8175, 0.8175, 0.8371929824561404, 0.8231578947368421, 0.8175, 0.8328070175438597, 0.8175, 0.8175, 0.7768421052631579, 0.8371929824561404, 0.8231578947368421, 0.8175, 0.8175, 0.8175, 0.8175, 0.8328070175438597, 0.8371929824561404, 0.8175, 0.8175, 0.8175, 0.8231578947368421, 0.8175, 0.8175, 0.8328070175438597, 0.8371929824561404, 0.7768421052631579, 0.8371929824561404, 0.7768421052631579, 0.7768421052631579, 0.8175, 0.8175, 0.8489473684210527, 0.8175, 0.8371929824561404, 0.8555263157894737, 0.8175, 0.8175, 0.7768421052631579, 0.8231578947368421, 0.771578947368421]",8.622606992721558,5.261035680770874,0.07027482986450195,2.323174238204956,0.0016374588012695312,0.38587164878845215,1117838,ai05,success,
roberta_base_agnews,AGNews,50,0.01,43,100,1.0,dp_avg_eps8_K20,dp_avg,4,1.0126624410861016,0.8156578947368421,0.31480526315789475,0.6326315789473684,0.9142105263157895,0.7627631578947368,-0.13485600541848786,0,17,"[null, null, null, 0.0, null, -0.045454545454545414, null, 0.0, null, -0.07280307889672866, null, null, null, -0.07762557077625565, null, -0.2629310344827587, null, null, -0.2702702702702703, -0.09343936381709739, -0.23393518883544895, null, null, -0.06792452830188678, -0.2705240029296224, null, -0.31818181818181823, null, null, null, null, null, null, null, null, null, null, -0.23672467648371265, null, null, null, null, null, -0.21212121212121215, 0.0, null, null, 0.0, -0.1306168015629361, null]","[null, null, null, 1.0, null, 0.8863636363636364, null, 1.0, null, 0.9151576454334632, null, null, null, 0.8995433789954338, null, 0.728448275862069, null, null, 0.6936936936936937, 0.8767395626242545, 0.765434045572814, null, null, 0.8830188679245283, 0.7245156135561622, null, 0.6363636363636364, null, null, null, null, null, null, null, null, null, null, 0.7603748326639893, null, null, null, null, null, 0.7878787878787878, 1.0, null, null, 1.0, 0.8663131454088753, null]","[null, null, null, 1.0, null, 0.9318181818181818, null, 1.0, null, 0.9879607243301919, null, null, null, 0.9771689497716894, null, 0.9913793103448276, null, null, 0.963963963963964, 0.9701789264413518, 0.999369234408263, null, null, 0.9509433962264151, 0.9950396164857847, null, 0.9545454545454546, null, null, null, null, null, null, null, null, null, null, 0.997099509147702, null, null, null, null, null, 1.0, 1.0, null, null, 1.0, 0.9969299469718114, null]",0.8148991228070175,50,"[0.8156578947368421, 0.8156578947368421, 0.8156578947368421, 0.8480701754385965, 0.8156578947368421, 0.8014035087719298, 0.8156578947368421, 0.8380701754385965, 0.8156578947368421, 0.733421052631579, 0.8156578947368421, 0.8156578947368421, 0.8156578947368421, 0.7884210526315789, 0.8156578947368421, 0.8480701754385965, 0.8156578947368421, 0.8156578947368421, 0.8480701754385965, 0.8014035087719298, 0.8380701754385965, 0.8156578947368421, 0.8156578947368421, 0.8014035087719298, 0.748421052631579, 0.8156578947368421, 0.8480701754385965, 0.8156578947368421, 0.8156578947368421, 0.8156578947368421, 0.8156578947368421, 0.8156578947368421, 0.8156578947368421, 0.8156578947368421, 0.8156578947368421, 0.8156578947368421, 0.8156578947368421, 0.8278947368421052, 0.8156578947368421, 0.8156578947368421, 0.8156578947368421, 0.8156578947368421, 0.8156578947368421, 0.8380701754385965, 0.8014035087719298, 0.8156578947368421, 0.8156578947368421, 0.7750877192982456, 0.8428947368421053, 0.8156578947368421]",7.946575164794922,5.230645179748535,0.06655645370483398,1.6773419380187988,0.0016522407531738281,0.38626551628112793,1117838,ai05,success,
roberta_base_agnews,AGNews,50,0.01,44,100,1.0,dp_avg_eps8_K20,dp_avg,4,1.0068590299360318,0.7861842105263158,0.3178868421052632,0.6042105263157894,0.9142105263157895,0.7231578947368421,-0.16679139312823896,0,19,"[null, -0.1797554910899295, -0.08068601802250741, -0.15384615384615385, null, null, null, -0.2857142857142857, null, -0.25526315789473686, null, 0.0, -0.30165315230372747, -0.07871198568872984, null, -0.1428571428571428, null, -0.07843137254901955, null, null, 0.0, null, -0.24055348589675363, null, null, null, null, null, null, -0.1829004329004329, null, -0.26431718061674014, null, null, null, null, null, null, null, null, -0.1473684210526316, null, null, null, -0.29955883416503937, null, null, -0.07741935483870965, -0.4, 0.0]","[null, 0.7818483215913801, 0.9185665047132594, 0.8461538461538461, null, null, null, 0.7142857142857143, null, 0.7423684210526316, null, 1.0, 0.6974039851656295, 0.9194991055456172, null, 0.8, null, 0.8627450980392157, null, null, 1.0, null, 0.7509313464608834, null, null, null, null, null, null, 0.8113275613275613, null, 0.7092511013215859, null, null, null, null, null, null, null, null, 0.8175438596491228, null, null, null, 0.6989223982064078, null, null, 0.9161290322580645, 0.6, 1.0]","[null, 0.9616038126813096, 0.9992525227357668, 1.0, null, null, null, 1.0, null, 0.9976315789473684, null, 1.0, 0.999057137469357, 0.998211091234347, null, 0.9428571428571428, null, 0.9411764705882353, null, null, 1.0, null, 0.9914848323576371, null, null, null, null, null, null, 0.9942279942279942, null, 0.973568281938326, null, null, null, null, null, null, null, null, 0.9649122807017544, null, null, null, 0.9984812323714471, null, null, 0.9935483870967742, 1.0, 1.0]",0.7855622807017543,50,"[0.7861842105263158, 0.81, 0.7123684210526315, 0.8136842105263158, 0.7861842105263158, 0.7861842105263158, 0.7861842105263158, 0.8078947368421052, 0.7861842105263158, 0.8078947368421052, 0.7861842105263158, 0.7428070175438597, 0.86, 0.7428070175438597, 0.7861842105263158, 0.7803508771929825, 0.7861842105263158, 0.7428070175438597, 0.7861842105263158, 0.7861842105263158, 0.8078947368421052, 0.7861842105263158, 0.8078947368421052, 0.7861842105263158, 0.7861842105263158, 0.7861842105263158, 0.7861842105263158, 0.7861842105263158, 0.7861842105263158, 0.7803508771929825, 0.7861842105263158, 0.8136842105263158, 0.7861842105263158, 0.7861842105263158, 0.7861842105263158, 0.7861842105263158, 0.7861842105263158, 0.7861842105263158, 0.7861842105263158, 0.7861842105263158, 0.8078947368421052, 0.7861842105263158, 0.7861842105263158, 0.7861842105263158, 0.8136842105263158, 0.7861842105263158, 0.7861842105263158, 0.7428070175438597, 0.8078947368421052, 0.7036842105263158]",8.149972677230835,5.255032777786255,0.06744766235351562,1.855504035949707,0.0016665458679199219,0.39112234115600586,1117838,ai05,success,
roberta_base_agnews,AGNews,50,0.01,42,100,1.0,labelled_probe_warmup,labelled,100,0.0,0.8205263157894737,0.33298947368421056,0.533157894736842,0.9142105263157895,0.7918421052631579,-0.12706144875442965,0,24,"[null, 0.0, -0.2692307692307693, null, null, -0.17268783619642547, null, null, null, null, null, null, -0.305526590198123, -0.07692307692307687, null, -0.1428571428571429, null, null, 0.0, 0.0, -0.09433962264150941, null, null, null, null, -0.10769230769230764, -0.21739130434782616, null, null, null, -0.08333333333333337, null, null, -0.18838219326818673, -0.30257510729613735, -0.06683157574968546, -0.21808510638297873, 0.0, -0.05734767025089604, null, null, -0.13211998651836876, null, -0.2425531914893616, -0.303323652791223, null, null, -0.06827430293895997, 0.0, 0.0]","[null, 1.0, 0.7307692307692307, null, null, 0.8089883741107062, null, null, null, null, null, null, 0.6892596454640251, 0.9230769230769231, null, 0.8571428571428571, null, null, 1.0, 1.0, 0.8301886792452831, null, null, null, null, 0.8307692307692308, 0.7391304347826086, null, null, null, 0.8888888888888888, null, null, 0.8061889250814332, 0.6967770669689853, 0.9326910558521025, 0.7606382978723404, 1.0, 0.9390681003584229, null, null, 0.8659925851027974, null, 0.723404255319149, 0.6924814456276218, null, null, 0.9303692539562924, 1.0, 1.0]","[null, 1.0, 1.0, null, null, 0.9816762103071317, null, null, null, null, null, null, 0.9947862356621481, 1.0, null, 1.0, null, null, 1.0, 1.0, 0.9245283018867925, null, null, null, null, 0.9384615384615385, 0.9565217391304348, null, null, null, 0.9722222222222222, null, null, 0.99457111834962, 0.9993521742651227, 0.999522631601788, 0.9787234042553191, 1.0, 0.996415770609319, null, null, 0.9981125716211662, null, 0.9659574468085106, 0.9958050984188448, null, null, 0.9986435568952524, 1.0, 1.0]",0.823231578947368,50,"[0.8205263157894737, 0.786140350877193, 0.8614035087719298, 0.8205263157894737, 0.8205263157894737, 0.89, 0.8205263157894737, 0.8205263157894737, 0.8205263157894737, 0.8205263157894737, 0.8205263157894737, 0.8205263157894737, 0.8614035087719298, 0.8085964912280702, 0.8205263157894737, 0.8259649122807018, 0.8205263157894737, 0.8205263157894737, 0.786140350877193, 0.8614035087719298, 0.8085964912280702, 0.8205263157894737, 0.8205263157894737, 0.8205263157894737, 0.8205263157894737, 0.8259649122807018, 0.8614035087719298, 0.8205263157894737, 0.8205263157894737, 0.8205263157894737, 0.8085964912280702, 0.8205263157894737, 0.8205263157894737, 0.8259649122807018, 0.8614035087719298, 0.786140350877193, 0.8614035087719298, 0.786140350877193, 0.786140350877193, 0.8205263157894737, 0.8205263157894737, 0.8107894736842105, 0.8205263157894737, 0.8614035087719298, 0.8639473684210527, 0.8205263157894737, 0.8205263157894737, 0.786140350877193, 0.8085964912280702, 0.8042105263157895]",8.581840753555298,5.264703989028931,0.011626005172729492,2.334272861480713,0.0016326904296875,0.3859069347381592,1117838,ai05,success,
roberta_base_agnews,AGNews,50,0.01,43,100,1.0,labelled_probe_warmup,labelled,100,0.0,0.8235526315789473,0.31480526315789475,0.6326315789473684,0.9142105263157895,0.7931578947368421,-0.1967296380182241,0,17,"[null, null, null, -1.0, null, -0.05681818181818177, null, 0.0, null, -0.05953027088370255, null, null, null, -0.0639269406392694, null, -0.21982758620689657, null, null, -0.2072072072072072, -0.09145129224652082, -0.25916581250492776, null, null, -0.10188679245283017, -0.22318396697516474, null, -0.26363636363636367, null, null, null, null, null, null, null, null, null, null, -0.2603748326639893, null, null, null, null, null, -0.3939393939393939, 0.0, null, null, 0.0, -0.14345520513536147, null]","[null, null, null, 0.0, null, 0.875, null, 1.0, null, 0.9284304534464893, null, null, null, 0.91324200913242, null, 0.771551724137931, null, null, 0.7567567567567568, 0.878727634194831, 0.7402034219033352, null, null, 0.8490566037735849, 0.7718556495106199, null, 0.6909090909090909, null, null, null, null, null, null, null, null, null, null, 0.7367246764837126, null, null, null, null, null, 0.6060606060606061, 1.0, null, null, 1.0, 0.8534747418364499, null]","[null, null, null, 1.0, null, 0.9318181818181818, null, 1.0, null, 0.9879607243301919, null, null, null, 0.9771689497716894, null, 0.9913793103448276, null, null, 0.963963963963964, 0.9701789264413518, 0.999369234408263, null, null, 0.9509433962264151, 0.9950396164857847, null, 0.9545454545454546, null, null, null, null, null, null, null, null, null, null, 0.997099509147702, null, null, null, null, null, 1.0, 1.0, null, null, 1.0, 0.9969299469718114, null]",0.8226587719298251,50,"[0.8235526315789473, 0.8235526315789473, 0.8235526315789473, 0.842280701754386, 0.8235526315789473, 0.8147368421052632, 0.8235526315789473, 0.8566666666666667, 0.8235526315789473, 0.7457894736842106, 0.8235526315789473, 0.8235526315789473, 0.8235526315789473, 0.8086842105263158, 0.8235526315789473, 0.842280701754386, 0.8235526315789473, 0.8235526315789473, 0.842280701754386, 0.8147368421052632, 0.8566666666666667, 0.8235526315789473, 0.8235526315789473, 0.8147368421052632, 0.7242105263157895, 0.8235526315789473, 0.842280701754386, 0.8235526315789473, 0.8235526315789473, 0.8235526315789473, 0.8235526315789473, 0.8235526315789473, 0.8235526315789473, 0.8235526315789473, 0.8235526315789473, 0.8235526315789473, 0.8235526315789473, 0.86, 0.8235526315789473, 0.8235526315789473, 0.8235526315789473, 0.8235526315789473, 0.8235526315789473, 0.8566666666666667, 0.8147368421052632, 0.8235526315789473, 0.8235526315789473, 0.7805263157894737, 0.838421052631579, 0.8235526315789473]",7.960141181945801,5.254977226257324,0.011213302612304688,1.7247741222381592,0.0016562938690185547,0.38616943359375,1117838,ai05,success,
roberta_base_agnews,AGNews,50,0.01,44,100,1.0,labelled_probe_warmup,labelled,100,0.0,0.8175,0.3178868421052632,0.6042105263157894,0.9142105263157895,0.7810526315789473,-0.15309932307706245,0,19,"[null, -0.1335681723995027, -0.0692246999709315, -0.07692307692307687, null, null, null, 0.0, null, -0.18736842105263163, null, 0.0, -0.30121314978942737, -0.0661896243291592, null, -0.07619047619047614, null, -0.05882352941176472, null, null, 0.0, null, -0.1681745609366685, null, null, null, null, null, null, -0.15854978354978355, null, -0.2555066079295154, null, null, null, null, null, null, null, null, -0.11228070175438598, null, null, null, -0.3007883127214869, null, null, -0.07741935483870965, -0.19999999999999996, -0.6666666666666667]","[null, 0.8280356402818069, 0.9300278227648353, 0.9230769230769231, null, null, null, 1.0, null, 0.8102631578947368, null, 1.0, 0.6978439876799296, 0.9320214669051878, null, 0.8666666666666667, null, 0.8823529411764706, null, null, 1.0, null, 0.8233102714209686, null, null, null, null, null, null, 0.8356782106782107, null, 0.7180616740088106, null, null, null, null, null, null, null, null, 0.8526315789473684, null, null, null, 0.6976929196499603, null, null, 0.9161290322580645, 0.8, 0.3333333333333333]","[null, 0.9616038126813096, 0.9992525227357668, 1.0, null, null, null, 1.0, null, 0.9976315789473684, null, 1.0, 0.999057137469357, 0.998211091234347, null, 0.9428571428571428, null, 0.9411764705882353, null, null, 1.0, null, 0.9914848323576371, null, null, null, null, null, null, 0.9942279942279942, null, 0.973568281938326, null, null, null, null, null, null, null, null, 0.9649122807017544, null, null, null, 0.9984812323714471, null, null, 0.9935483870967742, 1.0, 1.0]",0.814888596491228,50,"[0.8175, 0.8176315789473684, 0.7552631578947369, 0.854561403508772, 0.8175, 0.8175, 0.8175, 0.8219298245614035, 0.8175, 0.8219298245614035, 0.8175, 0.7803508771929825, 0.8797368421052632, 0.7803508771929825, 0.8175, 0.8131578947368421, 0.8175, 0.7803508771929825, 0.8175, 0.8175, 0.8219298245614035, 0.8175, 0.8219298245614035, 0.8175, 0.8175, 0.8175, 0.8175, 0.8175, 0.8175, 0.8131578947368421, 0.8175, 0.854561403508772, 0.8175, 0.8175, 0.8175, 0.8175, 0.8175, 0.8175, 0.8175, 0.8175, 0.8219298245614035, 0.8175, 0.8175, 0.8175, 0.854561403508772, 0.8175, 0.8175, 0.7803508771929825, 0.8219298245614035, 0.7063157894736842]",8.172995805740356,5.254508018493652,0.011233091354370117,1.8572726249694824,0.0016694068908691406,0.38707923889160156,1117838,ai05,success,
roberta_base_agnews,AGNews,50,0.01,42,100,1.0,no_phase0,none,0,0.0,0.6536842105263158,0.33298947368421056,0.533157894736842,0.9142105263157895,0.20355263157894737,-0.3791444327781679,0,24,"[null, 0.0, -0.3846153846153846, null, null, -0.2361270171785529, null, null, null, null, null, null, -0.483837330552659, -0.46153846153846156, null, -0.4285714285714286, null, null, -0.3125, -0.6666666666666667, -0.37735849056603776, null, null, null, null, -0.23076923076923073, -0.4782608695652174, null, null, null, -0.41666666666666663, null, null, -0.253528773072747, -0.49084946149485786, -0.21516295621229875, -0.45744680851063824, -1.0, -0.2222222222222222, null, null, -0.41017863161442536, null, -0.42553191489361697, -0.5033881897386254, null, null, -0.2156744536548606, -0.4285714285714286, 0.0]","[null, 1.0, 0.6153846153846154, null, null, 0.7455491931285788, null, null, null, null, null, null, 0.5109489051094891, 0.5384615384615384, null, 0.5714285714285714, null, null, 0.6875, 0.3333333333333333, 0.5471698113207547, null, null, null, null, 0.7076923076923077, 0.4782608695652174, null, null, null, 0.5555555555555556, null, null, 0.741042345276873, 0.5085027127702648, 0.7843596753894893, 0.5212765957446809, 0.0, 0.7741935483870968, null, null, 0.5879339400067408, null, 0.5404255319148936, 0.4924169086802194, null, null, 0.7829691032403918, 0.5714285714285714, 1.0]","[null, 1.0, 1.0, null, null, 0.9816762103071317, null, null, null, null, null, null, 0.9947862356621481, 1.0, null, 1.0, null, null, 1.0, 1.0, 0.9245283018867925, null, null, null, null, 0.9384615384615385, 0.9565217391304348, null, null, null, 0.9722222222222222, null, null, 0.99457111834962, 0.9993521742651227, 0.999522631601788, 0.9787234042553191, 1.0, 0.996415770609319, null, null, 0.9981125716211662, null, 0.9659574468085106, 0.9958050984188448, null, null, 0.9986435568952524, 1.0, 1.0]",0.6597473684210526,50,"[0.6536842105263158, 0.6096491228070176, 0.6998245614035088, 0.6536842105263158, 0.6536842105263158, 0.6776315789473685, 0.6536842105263158, 0.6536842105263158, 0.6536842105263158, 0.6536842105263158, 0.6536842105263158, 0.6536842105263158, 0.6998245614035088, 0.6817543859649123, 0.6536842105263158, 0.6235087719298246, 0.6536842105263158, 0.6536842105263158, 0.6096491228070176, 0.6998245614035088, 0.6817543859649123, 0.6536842105263158, 0.6536842105263158, 0.6536842105263158, 0.6536842105263158, 0.6235087719298246, 0.6998245614035088, 0.6536842105263158, 0.6536842105263158, 0.6536842105263158, 0.6817543859649123, 0.6536842105263158, 0.6536842105263158, 0.6235087719298246, 0.6998245614035088, 0.6096491228070176, 0.6998245614035088, 0.6096491228070176, 0.6096491228070176, 0.6536842105263158, 0.6536842105263158, 0.6505263157894737, 0.6536842105263158, 0.6998245614035088, 0.765, 0.6536842105263158, 0.6536842105263158, 0.6096491228070176, 0.6817543859649123, 0.7442105263157894]",8.610397577285767,5.296488285064697,0.004942893981933594,2.3383994102478027,0.0016438961029052734,0.38617849349975586,1117838,ai05,success,
roberta_base_agnews,AGNews,50,0.01,43,100,1.0,no_phase0,none,0,0.0,0.7326315789473684,0.31480526315789475,0.6326315789473684,0.9142105263157895,0.27407894736842103,-0.3214735228880305,0,17,"[null, null, null, 0.0, null, -0.11363636363636354, null, 0.0, null, -0.16667489021562143, null, null, null, -0.2009132420091324, null, -0.3275862068965517, null, null, -0.3783783783783784, -0.14314115308151087, -0.33667113458960807, null, null, -0.15094339622641506, -0.3657367334709368, null, -0.44545454545454555, null, null, null, null, null, null, null, null, null, null, -0.3377956269522535, null, null, null, null, null, -0.303030303030303, -1.0, null, null, -1.0, -0.1950879151548982, null]","[null, null, null, 1.0, null, 0.8181818181818182, null, 1.0, null, 0.8212858341145705, null, null, null, 0.776255707762557, null, 0.6637931034482759, null, null, 0.5855855855855856, 0.827037773359841, 0.6626980998186549, null, null, 0.8, 0.6293028830148478, null, 0.509090909090909, null, null, null, null, null, null, null, null, null, null, 0.6593038821954484, null, null, null, null, null, 0.696969696969697, 0.0, null, null, 0.0, 0.8018420318169132, null]","[null, null, null, 1.0, null, 0.9318181818181818, null, 1.0, null, 0.9879607243301919, null, null, null, 0.9771689497716894, null, 0.9913793103448276, null, null, 0.963963963963964, 0.9701789264413518, 0.999369234408263, null, null, 0.9509433962264151, 0.9950396164857847, null, 0.9545454545454546, null, null, null, null, null, null, null, null, null, null, 0.997099509147702, null, null, null, null, null, 1.0, 1.0, null, null, 1.0, 0.9969299469718114, null]",0.7311473684210532,50,"[0.7326315789473684, 0.7326315789473684, 0.7326315789473684, 0.7666666666666667, 0.7326315789473684, 0.7101754385964912, 0.7326315789473684, 0.7568421052631579, 0.7326315789473684, 0.6452631578947369, 0.7326315789473684, 0.7326315789473684, 0.7326315789473684, 0.7152631578947368, 0.7326315789473684, 0.7666666666666667, 0.7326315789473684, 0.7326315789473684, 0.7666666666666667, 0.7101754385964912, 0.7568421052631579, 0.7326315789473684, 0.7326315789473684, 0.7101754385964912, 0.66, 0.7326315789473684, 0.7666666666666667, 0.7326315789473684, 0.7326315789473684, 0.7326315789473684, 0.7326315789473684, 0.7326315789473684, 0.7326315789473684, 0.7326315789473684, 0.7326315789473684, 0.7326315789473684, 0.7326315789473684, 0.7352631578947368, 0.7326315789473684, 0.7326315789473684, 0.7326315789473684, 0.7326315789473684, 0.7326315789473684, 0.7568421052631579, 0.7101754385964912, 0.7326315789473684, 0.7326315789473684, 0.6968421052631579, 0.75, 0.7326315789473684]",7.899276971817017,5.233087062835693,0.0048749446868896484,1.6835241317749023,0.0016558170318603516,0.38706231117248535,1117838,ai05,success,
roberta_base_agnews,AGNews,50,0.01,44,100,1.0,no_phase0,none,0,0.0,0.6698684210526316,0.3178868421052632,0.6042105263157894,0.9142105263157895,0.22263157894736843,-0.2926403362712562,0,19,"[null, -0.2372358060505595, -0.2746563680910261, -0.23076923076923073, null, null, null, -0.2857142857142857, null, -0.3128947368421052, null, -0.33333333333333337, -0.4459739769941543, -0.2704830053667263, null, -0.17142857142857137, null, -0.2549019607843137, null, null, 0.0, null, -0.2857903139968069, null, null, null, null, null, null, -0.2420634920634921, null, -0.4361233480176212, null, null, null, null, null, null, null, null, -0.19298245614035092, null, null, null, -0.44818109495913794, null, null, -0.2709677419354839, -0.19999999999999996, -0.6666666666666667]","[null, 0.7243680066307501, 0.7245961546447407, 0.7692307692307693, null, null, null, 0.7142857142857143, null, 0.6847368421052632, null, 0.6666666666666666, 0.5530831604752027, 0.7277280858676207, null, 0.7714285714285715, null, 0.6862745098039216, null, null, 1.0, null, 0.7056945183608302, null, null, null, null, null, null, 0.7521645021645021, null, 0.5374449339207048, null, null, null, null, null, null, null, null, 0.7719298245614035, null, null, null, 0.5503001374123092, null, null, 0.7225806451612903, 0.8, 0.3333333333333333]","[null, 0.9616038126813096, 0.9992525227357668, 1.0, null, null, null, 1.0, null, 0.9976315789473684, null, 1.0, 0.999057137469357, 0.998211091234347, null, 0.9428571428571428, null, 0.9411764705882353, null, null, 1.0, null, 0.9914848323576371, null, null, null, null, null, null, 0.9942279942279942, null, 0.973568281938326, null, null, null, null, null, null, null, null, 0.9649122807017544, null, null, null, 0.9984812323714471, null, null, 0.9935483870967742, 1.0, 1.0]",0.6667640350877189,50,"[0.6698684210526316, 0.6281578947368421, 0.6081578947368421, 0.7115789473684211, 0.6698684210526316, 0.6698684210526316, 0.6698684210526316, 0.6692982456140351, 0.6698684210526316, 0.6692982456140351, 0.6698684210526316, 0.6559649122807018, 0.7315789473684211, 0.6559649122807018, 0.6698684210526316, 0.6426315789473684, 0.6698684210526316, 0.6559649122807018, 0.6698684210526316, 0.6698684210526316, 0.6692982456140351, 0.6698684210526316, 0.6692982456140351, 0.6698684210526316, 0.6698684210526316, 0.6698684210526316, 0.6698684210526316, 0.6698684210526316, 0.6698684210526316, 0.6426315789473684, 0.6698684210526316, 0.7115789473684211, 0.6698684210526316, 0.6698684210526316, 0.6698684210526316, 0.6698684210526316, 0.6698684210526316, 0.6698684210526316, 0.6698684210526316, 0.6698684210526316, 0.6692982456140351, 0.6698684210526316, 0.6698684210526316, 0.6698684210526316, 0.7115789473684211, 0.6698684210526316, 0.6698684210526316, 0.6559649122807018, 0.6692982456140351, 0.5447368421052632]",8.072570562362671,5.247857570648193,0.005292654037475586,1.8524284362792969,0.0016632080078125,0.3861393928527832,1117838,ai05,success,
roberta_base_agnews,AGNews,50,0.01,42,100,1.0,raw_union_K20,raw_union,413,0.0,0.8705263157894737,0.33298947368421056,0.533157894736842,0.9142105263157895,0.8692105263157894,-0.07480910170136075,0,24,"[null, 0.0, -0.07692307692307687, null, null, -0.21016831511365608, null, null, null, null, null, null, -0.09176225234619395, -0.07692307692307687, null, -0.1428571428571429, null, null, 0.0, 0.0, -0.09905660377358494, null, null, null, null, -0.18461538461538463, -0.0652173913043479, null, null, null, -0.05555555555555558, null, null, -0.23507057546145493, -0.10065592355656328, -0.03276483096818994, -0.06382978723404253, 0.0, -0.02508960573476704, null, null, -0.12170542635658921, null, -0.08085106382978724, -0.09906421426266543, null, null, -0.033308214016578686, 0.0, 0.0]","[null, 1.0, 0.9230769230769231, null, null, 0.7715078951934756, null, null, null, null, null, null, 0.9030239833159541, 0.9230769230769231, null, 0.8571428571428571, null, null, 1.0, 1.0, 0.8254716981132075, null, null, null, null, 0.7538461538461538, 0.8913043478260869, null, null, null, 0.9166666666666666, null, null, 0.759500542888165, 0.8986962507085594, 0.9667578006335981, 0.9148936170212766, 1.0, 0.9713261648745519, null, null, 0.876407145264577, null, 0.8851063829787233, 0.8967408841561794, null, null, 0.9653353428786737, 1.0, 1.0]","[null, 1.0, 1.0, null, null, 0.9816762103071317, null, null, null, null, null, null, 0.9947862356621481, 1.0, null, 1.0, null, null, 1.0, 1.0, 0.9245283018867925, null, null, null, null, 0.9384615384615385, 0.9565217391304348, null, null, null, 0.9722222222222222, null, null, 0.99457111834962, 0.9993521742651227, 0.999522631601788, 0.9787234042553191, 1.0, 0.996415770609319, null, null, 0.9981125716211662, null, 0.9659574468085106, 0.9958050984188448, null, null, 0.9986435568952524, 1.0, 1.0]",0.8674140350877195,50,"[0.8705263157894737, 0.8389473684210527, 0.8605263157894737, 0.8705263157894737, 0.8705263157894737, 0.9144736842105263, 0.8705263157894737, 0.8705263157894737, 0.8705263157894737, 0.8705263157894737, 0.8705263157894737, 0.8705263157894737, 0.8605263157894737, 0.8728070175438597, 0.8705263157894737, 0.9098245614035088, 0.8705263157894737, 0.8705263157894737, 0.8389473684210527, 0.8605263157894737, 0.8728070175438597, 0.8705263157894737, 0.8705263157894737, 0.8705263157894737, 0.8705263157894737, 0.9098245614035088, 0.8605263157894737, 0.8705263157894737, 0.8705263157894737, 0.8705263157894737, 0.8728070175438597, 0.8705263157894737, 0.8705263157894737, 0.9098245614035088, 0.8605263157894737, 0.8389473684210527, 0.8605263157894737, 0.8389473684210527, 0.8389473684210527, 0.8705263157894737, 0.8705263157894737, 0.9328947368421052, 0.8705263157894737, 0.8605263157894737, 0.8589473684210527, 0.8705263157894737, 0.8705263157894737, 0.8389473684210527, 0.8728070175438597, 0.7526315789473684]",8.66286301612854,5.250262975692749,0.07339215278625488,2.3190348148345947,0.0016543865203857422,0.38628149032592773,1117838,ai05,success,
roberta_base_agnews,AGNews,50,0.01,43,100,1.0,raw_union_K20,raw_union,334,0.0,0.8593421052631579,0.31480526315789475,0.6326315789473684,0.9142105263157895,0.854078947368421,-0.09151349246817447,0,17,"[null, null, null, 0.0, null, -0.011363636363636354, null, 0.0, null, -0.04055854344500909, null, null, null, -0.06849315068493145, null, -0.15517241379310354, null, null, -0.16216216216216217, -0.05367793240556651, -0.2297563667901915, null, null, -0.03396226415094339, -0.18007190891537384, null, -0.12727272727272732, null, null, null, null, null, null, null, null, null, null, -0.2237840249888443, null, null, null, null, null, -0.18181818181818177, 0.0, null, null, 0.0, -0.08763605916829476, null]","[null, null, null, 1.0, null, 0.9204545454545454, null, 1.0, null, 0.9474021808851828, null, null, null, 0.908675799086758, null, 0.8362068965517241, null, null, 0.8018018018018018, 0.9165009940357853, 0.7696128676180715, null, null, 0.9169811320754717, 0.8149677075704108, null, 0.8272727272727273, null, null, null, null, null, null, null, null, null, null, 0.7733154841588576, null, null, null, null, null, 0.8181818181818182, 1.0, null, null, 1.0, 0.9092938878035166, null]","[null, null, null, 1.0, null, 0.9318181818181818, null, 1.0, null, 0.9879607243301919, null, null, null, 0.9771689497716894, null, 0.9913793103448276, null, null, 0.963963963963964, 0.9701789264413518, 0.999369234408263, null, null, 0.9509433962264151, 0.9950396164857847, null, 0.9545454545454546, null, null, null, null, null, null, null, null, null, null, 0.997099509147702, null, null, null, null, null, 1.0, 1.0, null, null, 1.0, 0.9969299469718114, null]",0.8576377192982457,50,"[0.8593421052631579, 0.8593421052631579, 0.8593421052631579, 0.8750877192982456, 0.8593421052631579, 0.8426315789473684, 0.8593421052631579, 0.8929824561403509, 0.8593421052631579, 0.7852631578947369, 0.8593421052631579, 0.8593421052631579, 0.8593421052631579, 0.8607894736842105, 0.8593421052631579, 0.8750877192982456, 0.8593421052631579, 0.8593421052631579, 0.8750877192982456, 0.8426315789473684, 0.8929824561403509, 0.8593421052631579, 0.8593421052631579, 0.8426315789473684, 0.758421052631579, 0.8593421052631579, 0.8750877192982456, 0.8593421052631579, 0.8593421052631579, 0.8593421052631579, 0.8593421052631579, 0.8593421052631579, 0.8593421052631579, 0.8593421052631579, 0.8593421052631579, 0.8593421052631579, 0.8593421052631579, 0.8847368421052632, 0.8593421052631579, 0.8593421052631579, 0.8593421052631579, 0.8593421052631579, 0.8593421052631579, 0.8929824561403509, 0.8426315789473684, 0.8593421052631579, 0.8593421052631579, 0.8266666666666667, 0.8578947368421053, 0.8593421052631579]",7.937788486480713,5.2395384311676025,0.06805849075317383,1.6588387489318848,0.0016694068908691406,0.38625669479370117,1117838,ai05,success,
roberta_base_agnews,AGNews,50,0.01,44,100,1.0,raw_union_K20,raw_union,333,0.0,0.8659210526315789,0.3178868421052632,0.6042105263157894,0.9142105263157895,0.8623684210526316,-0.08944176598163621,0,19,"[null, -0.1071487774554496, -0.03239068145010593, 0.0, null, null, null, -0.1428571428571429, null, -0.1852631578947368, null, 0.0, -0.20227544157395183, -0.03220035778175312, null, -0.02857142857142858, null, 0.0, null, null, 0.0, null, -0.17402873869079305, null, null, null, null, null, null, -0.10299422799422797, null, -0.14977973568281944, null, null, null, null, null, null, null, null, -0.10877192982456141, null, null, null, -0.1944022564547624, null, null, -0.03870967741935483, -0.19999999999999996, 0.0]","[null, 0.85445503522586, 0.9668618412856609, 1.0, null, null, null, 0.8571428571428571, null, 0.8123684210526316, null, 1.0, 0.7967816958954052, 0.9660107334525939, null, 0.9142857142857143, null, 0.9411764705882353, null, null, 1.0, null, 0.817456093666844, null, null, null, null, null, null, 0.8912337662337663, null, 0.8237885462555066, null, null, null, null, null, null, null, null, 0.856140350877193, null, null, null, 0.8040789759166848, null, null, 0.9548387096774194, 0.8, 1.0]","[null, 0.9616038126813096, 0.9992525227357668, 1.0, null, null, null, 1.0, null, 0.9976315789473684, null, 1.0, 0.999057137469357, 0.998211091234347, null, 0.9428571428571428, null, 0.9411764705882353, null, null, 1.0, null, 0.9914848323576371, null, null, null, null, null, null, 0.9942279942279942, null, 0.973568281938326, null, null, null, null, null, null, null, null, 0.9649122807017544, null, null, null, 0.9984812323714471, null, null, 0.9935483870967742, 1.0, 1.0]",0.8660324561403503,50,"[0.8659210526315789, 0.8871052631578947, 0.8073684210526316, 0.883859649122807, 0.8659210526315789, 0.8659210526315789, 0.8659210526315789, 0.8870175438596491, 0.8659210526315789, 0.8870175438596491, 0.8659210526315789, 0.833859649122807, 0.9244736842105263, 0.833859649122807, 0.8659210526315789, 0.8589473684210527, 0.8659210526315789, 0.833859649122807, 0.8659210526315789, 0.8659210526315789, 0.8870175438596491, 0.8659210526315789, 0.8870175438596491, 0.8659210526315789, 0.8659210526315789, 0.8659210526315789, 0.8659210526315789, 0.8659210526315789, 0.8659210526315789, 0.8589473684210527, 0.8659210526315789, 0.883859649122807, 0.8659210526315789, 0.8659210526315789, 0.8659210526315789, 0.8659210526315789, 0.8659210526315789, 0.8659210526315789, 0.8659210526315789, 0.8659210526315789, 0.8870175438596491, 0.8659210526315789, 0.8659210526315789, 0.8659210526315789, 0.883859649122807, 0.8659210526315789, 0.8659210526315789, 0.833859649122807, 0.8870175438596491, 0.8121052631578948]",8.173649072647095,5.270591735839844,0.07013702392578125,1.865722894668579,0.0016672611236572266,0.386777400970459,1117838,ai05,success,
roberta_base_agnews,AGNews,50,0.01,42,100,1.0,warmup_only_labelled,warmup_only,100,0.0,0.7918421052631579,0.33298947368421056,0.533157894736842,0.9142105263157895,0.7918421052631579,-0.17765945399183491,0,24,"[null, 0.0, -0.34615384615384615, null, null, -0.18334200937011969, null, null, null, null, null, null, -0.35766423357664234, -0.23076923076923073, null, -0.1428571428571429, null, null, 0.0, -0.33333333333333337, -0.11792452830188682, null, null, null, null, -0.10769230769230764, -0.28260869565217395, null, null, null, -0.08333333333333337, null, null, -0.2041259500542888, -0.35735687100170055, -0.09664540207438277, -0.2872340425531914, 0.0, -0.08960573476702505, null, null, -0.15298281092012134, null, -0.28510638297872337, -0.3636656986124557, null, null, -0.0985681989449887, -0.1428571428571429, 0.0]","[null, 1.0, 0.6538461538461539, null, null, 0.798334200937012, null, null, null, null, null, null, 0.6371220020855057, 0.7692307692307693, null, 0.8571428571428571, null, null, 1.0, 0.6666666666666666, 0.8066037735849056, null, null, null, null, 0.8307692307692308, 0.6739130434782609, null, null, null, 0.8888888888888888, null, null, 0.7904451682953312, 0.6419953032634221, 0.9028772295274052, 0.6914893617021277, 1.0, 0.9068100358422939, null, null, 0.8451297607010448, null, 0.6808510638297872, 0.6321393998063891, null, null, 0.9000753579502637, 0.8571428571428571, 1.0]","[null, 1.0, 1.0, null, null, 0.9816762103071317, null, null, null, null, null, null, 0.9947862356621481, 1.0, null, 1.0, null, null, 1.0, 1.0, 0.9245283018867925, null, null, null, null, 0.9384615384615385, 0.9565217391304348, null, null, null, 0.9722222222222222, null, null, 0.99457111834962, 0.9993521742651227, 0.999522631601788, 0.9787234042553191, 1.0, 0.996415770609319, null, null, 0.9981125716211662, null, 0.9659574468085106, 0.9958050984188448, null, null, 0.9986435568952524, 1.0, 1.0]",0.7955192982456138,50,"[0.7918421052631579, 0.7563157894736842, 0.8421052631578947, 0.7918421052631579, 0.7918421052631579, 0.8681578947368421, 0.7918421052631579, 0.7918421052631579, 0.7918421052631579, 0.7918421052631579, 0.7918421052631579, 0.7918421052631579, 0.8421052631578947, 0.7764912280701755, 0.7918421052631579, 0.7924561403508772, 0.7918421052631579, 0.7918421052631579, 0.7563157894736842, 0.8421052631578947, 0.7764912280701755, 0.7918421052631579, 0.7918421052631579, 0.7918421052631579, 0.7918421052631579, 0.7924561403508772, 0.8421052631578947, 0.7918421052631579, 0.7918421052631579, 0.7918421052631579, 0.7764912280701755, 0.7918421052631579, 0.7918421052631579, 0.7924561403508772, 0.8421052631578947, 0.7563157894736842, 0.8421052631578947, 0.7563157894736842, 0.7563157894736842, 0.7918421052631579, 0.7918421052631579, 0.7697368421052632, 0.7918421052631579, 0.8421052631578947, 0.8442105263157895, 0.7918421052631579, 0.7918421052631579, 0.7563157894736842, 0.7764912280701755, 0.79]",6.2594990730285645,5.284407138824463,0.008953332901000977,0.0,0.0,0.3866386413574219,1117838,ai05,success,
roberta_base_agnews,AGNews,50,0.01,43,100,1.0,warmup_only_labelled,warmup_only,100,0.0,0.7931578947368421,0.31480526315789475,0.6326315789473684,0.9142105263157895,0.7931578947368421,-0.22324054352252093,0,17,"[null, null, null, -1.0, null, -0.09090909090909083, null, 0.0, null, -0.07398726994621796, null, null, null, -0.11415525114155245, null, -0.2543103448275863, null, null, -0.2432432432432433, -0.11729622266401585, -0.32082314909721665, null, null, -0.12452830188679243, -0.2532791797057061, null, -0.2909090909090909, null, null, null, null, null, null, null, null, null, null, -0.3174921909861669, null, null, null, null, null, -0.4242424242424242, 0.0, null, null, 0.0, -0.1699134803237511, null]","[null, null, null, 0.0, null, 0.8409090909090909, null, 1.0, null, 0.9139734543839739, null, null, null, 0.863013698630137, null, 0.7370689655172413, null, null, 0.7207207207207207, 0.852882703777336, 0.6785460853110463, null, null, 0.8264150943396227, 0.7417604367800785, null, 0.6636363636363637, null, null, null, null, null, null, null, null, null, null, 0.6796073181615351, null, null, null, null, null, 0.5757575757575758, 1.0, null, null, 1.0, 0.8270164666480603, null]","[null, null, null, 1.0, null, 0.9318181818181818, null, 1.0, null, 0.9879607243301919, null, null, null, 0.9771689497716894, null, 0.9913793103448276, null, null, 0.963963963963964, 0.9701789264413518, 0.999369234408263, null, null, 0.9509433962264151, 0.9950396164857847, null, 0.9545454545454546, null, null, null, null, null, null, null, null, null, null, 0.997099509147702, null, null, null, null, null, 1.0, 1.0, null, null, 1.0, 0.9969299469718114, null]",0.7919228070175444,50,"[0.7931578947368421, 0.7931578947368421, 0.7931578947368421, 0.8112280701754386, 0.7931578947368421, 0.7828070175438596, 0.7931578947368421, 0.8354385964912281, 0.7931578947368421, 0.7026315789473684, 0.7931578947368421, 0.7931578947368421, 0.7931578947368421, 0.781578947368421, 0.7931578947368421, 0.8112280701754386, 0.7931578947368421, 0.7931578947368421, 0.8112280701754386, 0.7828070175438596, 0.8354385964912281, 0.7931578947368421, 0.7931578947368421, 0.7828070175438596, 0.6663157894736842, 0.7931578947368421, 0.8112280701754386, 0.7931578947368421, 0.7931578947368421, 0.7931578947368421, 0.7931578947368421, 0.7931578947368421, 0.7931578947368421, 0.7931578947368421, 0.7931578947368421, 0.7931578947368421, 0.7931578947368421, 0.8410526315789474, 0.7931578947368421, 0.7931578947368421, 0.7931578947368421, 0.7931578947368421, 0.7931578947368421, 0.8354385964912281, 0.7828070175438596, 0.7931578947368421, 0.7931578947368421, 0.7431578947368421, 0.8047368421052632, 0.7931578947368421]",6.2022154331207275,5.222191095352173,0.009073495864868164,0.0,0.0,0.3896346092224121,1117838,ai05,success,
roberta_base_agnews,AGNews,50,0.01,44,100,1.0,warmup_only_labelled,warmup_only,100,0.0,0.7810526315789473,0.3178868421052632,0.6042105263157894,0.9142105263157895,0.7810526315789473,-0.18396261170031214,0,19,"[null, -0.15149191877331125, -0.11087579419459326, -0.15384615384615385, null, null, null, -0.1428571428571429, null, -0.1936842105263158, null, 0.0, -0.359859199195424, -0.10590339892665468, null, -0.08571428571428574, null, -0.07843137254901955, null, null, 0.0, null, -0.17189994678020226, null, null, null, null, null, null, -0.18326118326118324, null, -0.31277533039647576, null, null, null, null, null, null, null, null, -0.11578947368421055, null, null, null, -0.35900773848267875, null, null, -0.10322580645161283, -0.19999999999999996, -0.6666666666666667]","[null, 0.8101118939079983, 0.8883767285411736, 0.8461538461538461, null, null, null, 0.8571428571428571, null, 0.8039473684210526, null, 1.0, 0.639197938273933, 0.8923076923076924, null, 0.8571428571428571, null, 0.8627450980392157, null, null, 1.0, null, 0.8195848855774348, null, null, null, null, null, null, 0.810966810966811, null, 0.6607929515418502, null, null, null, null, null, null, null, null, 0.8491228070175438, null, null, null, 0.6394734938887684, null, null, 0.8903225806451613, 0.8, 0.3333333333333333]","[null, 0.9616038126813096, 0.9992525227357668, 1.0, null, null, null, 1.0, null, 0.9976315789473684, null, 1.0, 0.999057137469357, 0.998211091234347, null, 0.9428571428571428, null, 0.9411764705882353, null, null, 1.0, null, 0.9914848323576371, null, null, null, null, null, null, 0.9942279942279942, null, 0.973568281938326, null, null, null, null, null, null, null, null, 0.9649122807017544, null, null, null, 0.9984812323714471, null, null, 0.9935483870967742, 1.0, 1.0]",0.776963157894737,50,"[0.7810526315789473, 0.7628947368421053, 0.7163157894736842, 0.8289473684210527, 0.7810526315789473, 0.7810526315789473, 0.7810526315789473, 0.7763157894736842, 0.7810526315789473, 0.7763157894736842, 0.7810526315789473, 0.7452631578947368, 0.8457894736842105, 0.7452631578947368, 0.7810526315789473, 0.7736842105263158, 0.7810526315789473, 0.7452631578947368, 0.7810526315789473, 0.7810526315789473, 0.7763157894736842, 0.7810526315789473, 0.7763157894736842, 0.7810526315789473, 0.7810526315789473, 0.7810526315789473, 0.7810526315789473, 0.7810526315789473, 0.7810526315789473, 0.7736842105263158, 0.7810526315789473, 0.8289473684210527, 0.7810526315789473, 0.7810526315789473, 0.7810526315789473, 0.7810526315789473, 0.7810526315789473, 0.7810526315789473, 0.7810526315789473, 0.7810526315789473, 0.7763157894736842, 0.7810526315789473, 0.7810526315789473, 0.7810526315789473, 0.8289473684210527, 0.7810526315789473, 0.7810526315789473, 0.7452631578947368, 0.7763157894736842, 0.6373684210526316]",6.2703070640563965,5.27876353263855,0.009226799011230469,0.0,0.0,0.4023010730743408,1117838,ai05,success,
roberta_base_agnews,AGNews,50,0.05,42,100,1.0,dp_avg_eps2_K20,dp_avg,4,4.043601857518789,0.7846052631578947,0.4561052631578948,0.7673684210526316,0.9142105263157895,0.6710526315789473,-0.19318206698337495,0,46,"[null, -0.24856230031948878, -0.11871908357198646, -0.2615694164989939, -0.2058823529411764, -0.15841392649903285, -0.15929203539823011, -0.2515723270440252, -0.28077651515151514, -1.0, -0.1709199891018074, -0.12265084075173094, -0.1311475409836066, -0.33333333333333337, -0.2460345435318999, -0.26274886482710447, -0.1071428571428571, -0.22289613343441994, 0.0, -0.25400139178844816, -0.2652552926525529, -0.12592592592592589, -0.18141592920353988, -0.14012738853503182, -0.26315789473684215, -0.2153846153846154, -0.20079286422200193, -0.1610738255033557, null, -0.12686567164179108, -0.159369527145359, -0.19444444444444442, -0.16666666666666663, -0.17925147734734082, -0.12024665981500515, -0.1351351351351352, -0.5, -0.11693548387096775, -0.16551724137931034, null, -0.1428571428571429, -0.19883466860888566, -0.19567544423035754, -0.08695652173913049, -0.12098415789007877, -0.11946158160403819, null, 0.0, -0.06837606837606836, 0.0]","[null, 0.7284345047923323, 0.8804998698255663, 0.7203219315895373, 0.7352941176470589, 0.7951644100580271, 0.8230088495575221, 0.7442348008385744, 0.7154356060606061, 0.0, 0.7923894287530651, 0.874381800197824, 0.8688524590163934, 0.6666666666666666, 0.7527670074021854, 0.7333653510303877, 0.875, 0.7634571645185747, 1.0, 0.7383437717466945, 0.7272727272727273, 0.8666666666666667, 0.7522123893805309, 0.8556263269639066, 0.7368421052631579, 0.7461538461538462, 0.7958374628344896, 0.7986577181208053, null, 0.8432835820895522, 0.8231173380035026, 0.7777777777777778, 0.782051282051282, 0.8023637557452397, 0.8787255909558068, 0.8378378378378378, 0.5, 0.8778801843317973, 0.8068965517241379, null, 0.8571428571428571, 0.7876911871813547, 0.7910511667737101, 0.8695652173913043, 0.8740596512965749, 0.878855860908581, null, 1.0, 0.7863247863247863, 1.0]","[null, 0.9769968051118211, 0.9992189533975527, 0.9818913480885312, 0.9411764705882353, 0.9535783365570599, 0.9823008849557522, 0.9958071278825996, 0.9962121212121212, 1.0, 0.9633094178548725, 0.9970326409495549, 1.0, 1.0, 0.9988015509340853, 0.9961142158574922, 0.9821428571428571, 0.9863532979529946, 1.0, 0.9923451635351427, 0.9925280199252802, 0.9925925925925926, 0.9336283185840708, 0.9957537154989384, 1.0, 0.9615384615384616, 0.9966303270564916, 0.959731543624161, null, 0.9701492537313433, 0.9824868651488616, 0.9722222222222222, 0.9487179487179487, 0.9816152330925805, 0.998972250770812, 0.972972972972973, 1.0, 0.994815668202765, 0.9724137931034482, null, 1.0, 0.9865258557902403, 0.9867266110040677, 0.9565217391304348, 0.9950438091866537, 0.9983174425126192, null, 1.0, 0.8547008547008547, 1.0]",0.7774704618689582,49,"[0.7846052631578947, 0.8105263157894737, 0.753859649122807, 0.7992982456140351, 0.7405263157894737, 0.7768421052631579, 0.753859649122807, 0.7980701754385965, 0.7992982456140351, 0.7992982456140351, 0.7405263157894737, 0.7423684210526316, 0.753859649122807, 0.7992982456140351, 0.7980701754385965, 0.8105263157894737, 0.753859649122807, 0.7768421052631579, 0.7605263157894737, 0.8268421052631579, 0.7992982456140351, 0.753859649122807, 0.7871929824561403, 0.7605263157894737, 0.7586842105263157, 0.8268421052631579, 0.7871929824561403, 0.7871929824561403, 0.7846052631578947, 0.7605263157894737, 0.7871929824561403, 0.7871929824561403, 0.7980701754385965, 0.7871929824561403, 0.753859649122807, null, 0.7980701754385965, 0.7442105263157894, 0.7605263157894737, 0.7846052631578947, 0.7871929824561403, 0.7871929824561403, 0.7442105263157894, 0.7423684210526316, 0.7442105263157894, 0.753859649122807, 0.7846052631578947, 0.7992982456140351, 0.7586842105263157, 0.8086842105263158]",10.725830554962158,5.3626086711883545,0.06885695457458496,4.342020511627197,0.001634359359741211,0.3691291809082031,1117838,ai05,success,
roberta_base_agnews,AGNews,50,0.05,43,100,1.0,dp_avg_eps2_K20,dp_avg,4,4.050649764344406,0.7905263157894736,0.4660763157894738,0.7675,0.9142105263157895,0.6830263157894737,-0.172140803298644,0,43,"[-0.19999999999999996, -0.07586206896551728, -0.08447937131630656, null, -0.2899117476087302, -0.2093023255813954, null, -0.09235866639055712, -0.08412197686645628, -0.27844969763606375, -0.2535885167464115, -0.05714285714285716, -0.12452058297110713, -0.22811671087533159, -0.25, -0.1441513455901945, -0.6, -0.08333333333333337, -0.0921052631578948, -0.31176470588235294, null, -0.09904153354632594, -0.22653721682847905, -0.2821011673151751, -0.23319745947483173, null, -0.25, -0.2800693670258888, -0.09167482859941234, null, -0.19047619047619047, -0.10285714285714287, -0.33333333333333337, -0.14175563463819685, -0.07109004739336489, -0.20243876119564042, -0.06878980891719744, -0.09176788124156543, null, -0.07317073170731703, -0.14636653304553404, null, -0.25, -0.09975062344139651, -0.33333333333333337, 0.0, 0.0, -0.09306930693069304, -0.17769376181474472, -0.10433070866141725]","[0.8, 0.8896551724137931, 0.9135559921414538, null, 0.7074459652275009, 0.7248062015503876, null, 0.9066059225512528, 0.9144759901857694, 0.7163276525563497, 0.7081339712918661, 0.9, 0.8412170800306827, 0.6948206058913863, 0.75, 0.8518518518518519, 0.4, 0.9166666666666666, 0.8421052631578947, 0.6808823529411765, null, 0.8798722044728434, 0.7508090614886731, 0.7003891050583657, 0.7630581097734382, null, 0.6785714285714286, 0.7065527065527065, 0.9075416258570029, null, 0.8095238095238095, 0.8971428571428571, 0.6666666666666666, 0.8517200474495848, 0.8657187993680885, 0.7915182907089673, 0.9299363057324841, 0.8812415654520918, null, 0.9146341463414634, 0.8493164765135163, null, 0.75, 0.8403990024937655, 0.6666666666666666, 1.0, 1.0, 0.9056930693069307, 0.782608695652174, 0.844488188976378]","[1.0, 0.9655172413793104, 0.9980353634577603, null, 0.9973577128362311, 0.9341085271317829, null, 0.99896458894181, 0.9985979670522257, 0.9947773501924134, 0.9617224880382775, 0.9571428571428572, 0.9657376630017899, 0.9229373167667179, 1.0, 0.9960031974420464, 1.0, 1.0, 0.9342105263157895, 0.9926470588235294, null, 0.9789137380191694, 0.9773462783171522, 0.9824902723735408, 0.99625556924827, null, 0.9285714285714286, 0.9866220735785953, 0.9992164544564153, null, 1.0, 1.0, 1.0, 0.9934756820877817, 0.9368088467614534, 0.9939570519046077, 0.9987261146496815, 0.9730094466936572, null, 0.9878048780487805, 0.9956830095590503, null, 1.0, 0.940149625935162, 1.0, 1.0, 1.0, 0.9987623762376238, 0.9603024574669187, 0.9488188976377953]",0.7811296097386323,49,"[0.7781578947368422, 0.77, 0.7496491228070176, 0.7905263157894736, 0.8826315789473684, 0.8086842105263158, 0.7905263157894736, 0.7496491228070176, 0.7496491228070176, 0.8521052631578947, 0.8231578947368421, 0.8086842105263158, 0.7042105263157895, 0.8826315789473684, 0.77, 0.77, 0.8192982456140351, 0.77, 0.77, 0.8192982456140351, 0.7905263157894736, 0.6984210526315789, 0.7723684210526316, 0.8521052631578947, 0.6926315789473684, 0.7905263157894736, 0.8826315789473684, 0.8028947368421052, 0.7496491228070176, 0.7905263157894736, 0.6984210526315789, 0.7723684210526316, 0.77, 0.8086842105263158, 0.7042105263157895, 0.7781578947368422, 0.7496491228070176, 0.8086842105263158, 0.7905263157894736, 0.8028947368421052, 0.6984210526315789, 0.7905263157894736, 0.8192982456140351, 0.8028947368421052, 0.7723684210526316, 0.7496491228070176, 0.7496491228070176, 0.7496491228070176, 0.7781578947368422, null]",10.44945478439331,5.360425233840942,0.06320381164550781,4.075291872024536,0.0016467571258544922,0.36855244636535645,1117838,ai05,success,
roberta_base_agnews,AGNews,50,0.05,44,100,1.0,dp_avg_eps2_K20,dp_avg,4,4.027436119744127,0.7598684210526315,0.4460052631578947,0.6998684210526316,0.9142105263157895,0.6547368421052632,-0.21923763868136786,0,39,"[-0.10638297872340419, -0.21964991530208922, null, null, -0.18518518518518512, -0.2889655172413793, -0.3710144927536232, -0.33615819209039555, -0.2809806550469258, -0.16666666666666663, -0.09282700421940926, -0.3307034845496384, -0.16688407687625018, -0.22388059701492535, -0.2896018332855915, null, -0.24101198402130486, -0.07530689329556184, null, -0.3125, -0.17403708987161193, -0.28205128205128205, -0.21666666666666667, -0.12, -0.25, -0.375, null, null, -0.12295081967213117, -0.20517560073937147, null, null, -0.25863770977295164, -0.21494056235469583, -0.16666666666666663, -0.2576142131979696, -0.234375, null, -0.24815724815724816, -0.35236195936682047, -0.2276315789473684, -0.11111111111111116, -0.17647058823529416, -0.0747596153846154, -0.16842105263157892, -0.34427889483581653, null, null, -0.08242187499999998, -0.19881889763779537]","[0.8404255319148937, 0.769621682665161, null, null, 0.7777777777777778, 0.7039080459770115, 0.6144927536231884, 0.6468926553672316, 0.7183170529272809, 0.8333333333333334, 0.869198312236287, 0.6600920447074293, 0.8275502217584138, 0.7114427860696517, 0.7063878544829562, null, 0.7363515312916112, 0.9238668555240793, null, 0.6875, 0.8131241084165478, 0.6666666666666666, 0.7519607843137255, 0.84, 0.7222222222222222, 0.625, null, null, 0.8114754098360656, 0.7888170055452866, null, null, 0.7265547877591313, 0.7647936131947186, 0.8333333333333334, 0.7258883248730964, 0.71875, null, 0.7182637182637183, 0.646516265736009, 0.7460526315789474, 0.8888888888888888, 0.8235294117647058, 0.9233173076923077, 0.7578947368421053, 0.6476204252856936, null, null, 0.916015625, 0.7755905511811023]","[0.9468085106382979, 0.9892715979672502, null, null, 0.9629629629629629, 0.9928735632183908, 0.9855072463768116, 0.9830508474576272, 0.9992977079742067, 1.0, 0.9620253164556962, 0.9907955292570677, 0.9944342986346639, 0.9353233830845771, 0.9959896877685477, null, 0.9773635153129161, 0.9991737488196412, null, 1.0, 0.9871611982881597, 0.9487179487179487, 0.9686274509803922, 0.96, 0.9722222222222222, 1.0, null, null, 0.9344262295081968, 0.993992606284658, null, null, 0.9851924975320829, 0.9797341755494144, 1.0, 0.983502538071066, 0.953125, null, 0.9664209664209664, 0.9988782251028294, 0.9736842105263158, 1.0, 1.0, 0.9980769230769231, 0.9263157894736842, 0.9918993201215102, null, null, 0.9984375, 0.9744094488188977]",0.7663489079842464,49,"[0.6605263157894737, 0.7873684210526316, 0.7598684210526315, 0.7598684210526315, 0.6789473684210526, 0.8407894736842105, 0.9142105263157895, 0.7929824561403509, 0.9142105263157895, 0.8407894736842105, 0.6789473684210526, 0.7673684210526316, 0.6973684210526315, 0.7807017543859649, 0.7807017543859649, 0.7598684210526315, 0.7873684210526316, 0.6789473684210526, 0.7598684210526315, 0.7929824561403509, 0.6605263157894737, 0.7807017543859649, 0.8057894736842105, 0.7873684210526316, 0.7929824561403509, 0.7807017543859649, 0.7598684210526315, 0.7598684210526315, 0.7573684210526316, 0.6973684210526315, 0.7598684210526315, 0.7598684210526315, 0.7807017543859649, 0.6605263157894737, 0.7807017543859649, 0.7807017543859649, 0.9142105263157895, 0.7598684210526315, 0.8407894736842105, 0.7929824561403509, 0.7573684210526316, 0.6973684210526315, 0.7873684210526316, 0.7323684210526316, 0.7807017543859649, 0.6973684210526315, 0.7598684210526315, 0.7598684210526315, 0.7323684210526316, null]",10.020234107971191,5.302146911621094,0.07079386711120605,3.6914424896240234,0.0016736984252929688,0.3705165386199951,1117838,ai05,success,
roberta_base_agnews,AGNews,50,0.05,42,100,1.0,dp_avg_eps8_K20,dp_avg,4,1.0109004643796973,0.8325,0.4561052631578948,0.7673684210526316,0.9142105263157895,0.805,-0.135993543250782,0,46,"[null, -0.21661341853035143, -0.05259047123145011, -0.2535211267605634, -0.1470588235294118, -0.10670535138620241, -0.017699115044247815, -0.20754716981132082, -0.24431818181818177, -1.0, -0.12260466805921355, -0.055390702274975334, -0.06557377049180324, -0.33333333333333337, -0.1956291857596052, -0.23987076493188964, 0.0, -0.1713419257012888, 0.0, -0.20250521920668063, -0.23287671232876705, -0.059259259259259234, -0.11946902654867253, -0.05944798301486198, -0.10526315789473684, -0.17692307692307696, -0.14737363726461838, -0.11409395973154357, null, -0.059701492537313494, -0.10858143607705772, -0.16666666666666663, -0.15384615384615385, -0.1332895600787919, -0.05385405960945533, -0.10810810810810811, 0.0, -0.054723502304147464, -0.1586206896551724, null, -0.1428571428571429, -0.14457392571012384, -0.14536501819738812, -0.031620553359683834, -0.05885476590848748, -0.05384183959618627, null, 0.0, -0.03418803418803418, 0.0]","[null, 0.7603833865814696, 0.9466284821661026, 0.7283702213279678, 0.7941176470588235, 0.8468729851708575, 0.9646017699115044, 0.7882599580712788, 0.7518939393939394, 0.0, 0.8407047497956589, 0.9416419386745796, 0.9344262295081968, 0.6666666666666666, 0.8031723651744801, 0.7562434509256025, 0.9821428571428571, 0.8150113722517058, 1.0, 0.789839944328462, 0.7596513075965131, 0.9333333333333333, 0.8141592920353983, 0.9363057324840764, 0.8947368421052632, 0.7846153846153846, 0.8492566897918732, 0.8456375838926175, null, 0.9104477611940298, 0.8739054290718039, 0.8055555555555556, 0.7948717948717948, 0.8483256730137886, 0.9451181911613566, 0.8648648648648649, 1.0, 0.9400921658986175, 0.8137931034482758, null, 0.8571428571428571, 0.8419519300801165, 0.8413615928066795, 0.924901185770751, 0.9361890432781662, 0.944475602916433, null, 1.0, 0.8205128205128205, 1.0]","[null, 0.9769968051118211, 0.9992189533975527, 0.9818913480885312, 0.9411764705882353, 0.9535783365570599, 0.9823008849557522, 0.9958071278825996, 0.9962121212121212, 1.0, 0.9633094178548725, 0.9970326409495549, 1.0, 1.0, 0.9988015509340853, 0.9961142158574922, 0.9821428571428571, 0.9863532979529946, 1.0, 0.9923451635351427, 0.9925280199252802, 0.9925925925925926, 0.9336283185840708, 0.9957537154989384, 1.0, 0.9615384615384616, 0.9966303270564916, 0.959731543624161, null, 0.9701492537313433, 0.9824868651488616, 0.9722222222222222, 0.9487179487179487, 0.9816152330925805, 0.998972250770812, 0.972972972972973, 1.0, 0.994815668202765, 0.9724137931034482, null, 1.0, 0.9865258557902403, 0.9867266110040677, 0.9565217391304348, 0.9950438091866537, 0.9983174425126192, null, 1.0, 0.8547008547008547, 1.0]",0.8248227712137484,49,"[0.8325, 0.8671052631578947, 0.7964912280701755, 0.8550877192982456, 0.7647368421052632, 0.8310526315789474, 0.7964912280701755, 0.8454385964912281, 0.8550877192982456, 0.8550877192982456, 0.7647368421052632, 0.7792105263157895, 0.7964912280701755, 0.8550877192982456, 0.8454385964912281, 0.8671052631578947, 0.7964912280701755, 0.8310526315789474, 0.8123684210526316, 0.8857894736842106, 0.8550877192982456, 0.7964912280701755, 0.8329824561403508, 0.8123684210526316, 0.7978947368421052, 0.8857894736842106, 0.8329824561403508, 0.8329824561403508, 0.8325, 0.8123684210526316, 0.8329824561403508, 0.8329824561403508, 0.8454385964912281, 0.8329824561403508, 0.7964912280701755, null, 0.8454385964912281, 0.7936842105263158, 0.8123684210526316, 0.8325, 0.8329824561403508, 0.8329824561403508, 0.7936842105263158, 0.7792105263157895, 0.7936842105263158, 0.7964912280701755, 0.8325, 0.8550877192982456, 0.7978947368421052, 0.8526315789473684]",10.766959428787231,5.3398144245147705,0.06438398361206055,4.407819747924805,0.0016384124755859375,0.3700554370880127,1117838,ai05,success,
roberta_base_agnews,AGNews,50,0.05,43,100,1.0,dp_avg_eps8_K20,dp_avg,4,1.0126624410861016,0.8336842105263158,0.4660763157894738,0.7675,0.9142105263157895,0.8034210526315789,-0.13191593014799768,0,43,"[-0.1333333333333333, -0.06896551724137934, -0.056974459724950854, null, -0.23558632352164033, -0.14341085271317833, null, -0.057154690412093645, -0.04591657903960744, -0.23172072567344693, -0.19617224880382778, -0.04285714285714293, -0.09051393505497318, -0.1752059193075527, -0.25, -0.11564082067679193, -0.4, -0.08333333333333337, -0.06140350877192979, -0.261764705882353, null, -0.059424920127795544, -0.18446601941747576, -0.22762645914396884, -0.18925964546402496, null, -0.1785714285714286, -0.23436145175275613, -0.05837414299706167, null, -0.09523809523809523, -0.05714285714285716, -0.33333333333333337, -0.11526294978252272, -0.042654028436018954, -0.15722456026761622, -0.04585987261146496, -0.08097165991902833, null, -0.060975609756097504, -0.11974509199301064, null, -0.125, -0.05735660847880297, -0.33333333333333337, 0.0, 0.0, -0.056683168316831734, -0.12098298676748576, -0.08858267716535428]","[0.8666666666666667, 0.896551724137931, 0.9410609037328095, null, 0.7617713893145908, 0.7906976744186046, null, 0.9418098985297163, 0.9526813880126183, 0.7630566245189665, 0.7655502392344498, 0.9142857142857143, 0.8752237279468167, 0.7477313974591652, 0.75, 0.8803623767652544, 0.6, 0.9166666666666666, 0.8728070175438597, 0.7308823529411764, null, 0.9194888178913738, 0.7928802588996764, 0.754863813229572, 0.806995923784245, null, 0.75, 0.7522606218258392, 0.9408423114593536, null, 0.9047619047619048, 0.9428571428571428, 0.6666666666666666, 0.878212732305259, 0.8941548183254344, 0.8367324916369915, 0.9528662420382166, 0.8920377867746289, null, 0.926829268292683, 0.8759379175660397, null, 0.875, 0.8827930174563591, 0.6666666666666666, 1.0, 1.0, 0.942079207920792, 0.8393194706994329, 0.860236220472441]","[1.0, 0.9655172413793104, 0.9980353634577603, null, 0.9973577128362311, 0.9341085271317829, null, 0.99896458894181, 0.9985979670522257, 0.9947773501924134, 0.9617224880382775, 0.9571428571428572, 0.9657376630017899, 0.9229373167667179, 1.0, 0.9960031974420464, 1.0, 1.0, 0.9342105263157895, 0.9926470588235294, null, 0.9789137380191694, 0.9773462783171522, 0.9824902723735408, 0.99625556924827, null, 0.9285714285714286, 0.9866220735785953, 0.9992164544564153, null, 1.0, 1.0, 1.0, 0.9934756820877817, 0.9368088467614534, 0.9939570519046077, 0.9987261146496815, 0.9730094466936572, null, 0.9878048780487805, 0.9956830095590503, null, 1.0, 0.940149625935162, 1.0, 1.0, 1.0, 0.9987623762376238, 0.9603024574669187, 0.9488188976377953]",0.8248084496956675,49,"[0.8144736842105263, 0.8177192982456141, 0.7947368421052632, 0.8336842105263158, 0.9160526315789473, 0.8489473684210527, 0.8336842105263158, 0.7947368421052632, 0.7947368421052632, 0.881578947368421, 0.8598245614035088, 0.8489473684210527, 0.7473684210526316, 0.9160526315789473, 0.8177192982456141, 0.8177192982456141, 0.8624561403508771, 0.8177192982456141, 0.8177192982456141, 0.8624561403508771, 0.8336842105263158, 0.7513157894736842, 0.8184210526315789, 0.881578947368421, 0.7552631578947369, 0.8336842105263158, 0.9160526315789473, 0.8528947368421053, 0.7947368421052632, 0.8336842105263158, 0.7513157894736842, 0.8184210526315789, 0.8177192982456141, 0.8489473684210527, 0.7473684210526316, 0.8144736842105263, 0.7947368421052632, 0.8489473684210527, 0.8336842105263158, 0.8528947368421053, 0.7513157894736842, 0.8336842105263158, 0.8624561403508771, 0.8528947368421053, 0.8184210526315789, 0.7947368421052632, 0.7947368421052632, 0.7947368421052632, 0.8144736842105263, null]",10.446368932723999,5.334371566772461,0.06372904777526855,4.095009803771973,0.0016400814056396484,0.3675875663757324,1117838,ai05,success,
roberta_base_agnews,AGNews,50,0.05,44,100,1.0,dp_avg_eps8_K20,dp_avg,4,1.0068590299360318,0.8134210526315789,0.4460052631578947,0.6998684210526316,0.9142105263157895,0.7771052631578947,-0.17090954753342694,0,39,"[-0.08510638297872342, -0.16167890080933567, null, null, -0.14814814814814814, -0.24643678160919547, -0.27826086956521745, -0.2231638418079096, -0.24318457511332436, -0.16666666666666663, -0.05063291139240511, -0.23997370151216302, -0.11601008783372468, -0.1691542288557214, -0.24119163563448864, null, -0.19973368841544603, -0.04615203021718606, null, -0.1875, -0.14336661911554915, -0.2564102564102564, -0.15588235294117647, -0.15999999999999992, -0.16666666666666663, -0.375, null, null, -0.0901639344262295, -0.14787430683918668, null, null, -0.21322803553800596, -0.15975786287669436, -0.16666666666666663, -0.21954314720812185, -0.1875, null, -0.20556920556920555, -0.26872740869998757, -0.16447368421052633, -0.11111111111111116, -0.05882352941176472, -0.04254807692307694, -0.12631578947368416, -0.25748589613771156, null, null, -0.05052083333333335, -0.13484251968503946]","[0.8617021276595744, 0.8275926971579145, null, null, 0.8148148148148148, 0.7464367816091954, 0.7072463768115942, 0.7598870056497176, 0.7561131328608823, 0.8333333333333334, 0.9113924050632911, 0.7508218277449047, 0.8784242108009392, 0.7661691542288557, 0.754798052134059, null, 0.7776298268974701, 0.9530217186024551, null, 0.8125, 0.8437945791726106, 0.6923076923076923, 0.8127450980392157, 0.8, 0.8055555555555556, 0.625, null, null, 0.8442622950819673, 0.8461182994454713, null, null, 0.771964461994077, 0.8199763126727201, 0.8333333333333334, 0.7639593908629442, 0.765625, null, 0.7608517608517609, 0.7301508164028419, 0.8092105263157895, 0.8888888888888888, 0.9411764705882353, 0.9555288461538461, 0.8, 0.7344134239837986, null, null, 0.9479166666666666, 0.8395669291338582]","[0.9468085106382979, 0.9892715979672502, null, null, 0.9629629629629629, 0.9928735632183908, 0.9855072463768116, 0.9830508474576272, 0.9992977079742067, 1.0, 0.9620253164556962, 0.9907955292570677, 0.9944342986346639, 0.9353233830845771, 0.9959896877685477, null, 0.9773635153129161, 0.9991737488196412, null, 1.0, 0.9871611982881597, 0.9487179487179487, 0.9686274509803922, 0.96, 0.9722222222222222, 1.0, null, null, 0.9344262295081968, 0.993992606284658, null, null, 0.9851924975320829, 0.9797341755494144, 1.0, 0.983502538071066, 0.953125, null, 0.9664209664209664, 0.9988782251028294, 0.9736842105263158, 1.0, 1.0, 0.9980769230769231, 0.9263157894736842, 0.9918993201215102, null, null, 0.9984375, 0.9744094488188977]",0.819332259219477,49,"[0.7410526315789474, 0.845, 0.8134210526315789, 0.8134210526315789, 0.7418421052631579, 0.885, 0.9489473684210527, 0.8375438596491228, 0.9489473684210527, 0.885, 0.7418421052631579, 0.8210526315789474, 0.7426315789473684, 0.8370175438596491, 0.8370175438596491, 0.8134210526315789, 0.845, 0.7418421052631579, 0.8134210526315789, 0.8375438596491228, 0.7410526315789474, 0.8370175438596491, 0.8457894736842105, 0.845, 0.8375438596491228, 0.8370175438596491, 0.8134210526315789, 0.8134210526315789, 0.8108771929824561, 0.7426315789473684, 0.8134210526315789, 0.8134210526315789, 0.8370175438596491, 0.7410526315789474, 0.8370175438596491, 0.8370175438596491, 0.9489473684210527, 0.8134210526315789, 0.885, 0.8375438596491228, 0.8108771929824561, 0.7426315789473684, 0.845, 0.7818421052631579, 0.8370175438596491, 0.7426315789473684, 0.8134210526315789, 0.8134210526315789, 0.7818421052631579, null]",10.018914461135864,5.276538848876953,0.07352495193481445,3.7237162590026855,0.0016636848449707031,0.3644979000091553,1117838,ai05,success,
roberta_base_agnews,AGNews,50,0.05,42,100,1.0,labelled_probe_warmup,labelled,100,0.0,0.8219736842105263,0.4561052631578948,0.7673684210526316,0.9142105263157895,0.7918421052631579,-0.16235770793546314,0,46,"[null, -0.27667731629392966, -0.06769070554543088, -0.2796780684104627, -0.11764705882352944, -0.11005802707930368, -0.06194690265486724, -0.19654088050314467, -0.3039772727272727, -1.0, -0.10761965307419863, -0.06231454005934722, -0.06557377049180324, -0.33333333333333337, -0.18843849136411706, -0.29658574921411107, -0.05357142857142849, -0.16982562547384372, 0.0, -0.18719554627696589, -0.28642590286425895, -0.06666666666666665, -0.07964601769911506, -0.05307855626326963, -0.10526315789473684, -0.17692307692307696, -0.1281466798810703, -0.1029082774049217, null, -0.08208955223880599, -0.09106830122591947, -0.13888888888888884, -0.1794871794871794, -0.11818778726198298, -0.06865364850976363, -0.16216216216216217, -0.5, -0.06451612903225812, -0.19999999999999996, null, 0.0, -0.12308812818645298, -0.1310211946050096, -0.03952569169960474, -0.06602354190636339, -0.06618059450364555, null, 0.0, -0.05982905982905984, -0.5]","[null, 0.7003194888178914, 0.9315282478521218, 0.7022132796780685, 0.8235294117647058, 0.8435203094777562, 0.9203539823008849, 0.799266247379455, 0.6922348484848485, 0.0, 0.8556897647806738, 0.9347181008902077, 0.9344262295081968, 0.6666666666666666, 0.8103630595699682, 0.6995284666433811, 0.9285714285714286, 0.8165276724791509, 1.0, 0.8051496172581768, 0.7061021170610212, 0.9259259259259259, 0.8539823008849557, 0.9426751592356688, 0.8947368421052632, 0.7846153846153846, 0.8684836471754213, 0.8568232662192393, null, 0.8880597014925373, 0.8914185639229422, 0.8333333333333334, 0.7692307692307693, 0.8634274458305975, 0.9303186022610483, 0.8108108108108109, 0.5, 0.9302995391705069, 0.7724137931034483, null, 1.0, 0.8634377276037873, 0.8557054163990581, 0.9169960474308301, 0.9290202672802903, 0.9321368480089737, null, 1.0, 0.7948717948717948, 0.5]","[null, 0.9769968051118211, 0.9992189533975527, 0.9818913480885312, 0.9411764705882353, 0.9535783365570599, 0.9823008849557522, 0.9958071278825996, 0.9962121212121212, 1.0, 0.9633094178548725, 0.9970326409495549, 1.0, 1.0, 0.9988015509340853, 0.9961142158574922, 0.9821428571428571, 0.9863532979529946, 1.0, 0.9923451635351427, 0.9925280199252802, 0.9925925925925926, 0.9336283185840708, 0.9957537154989384, 1.0, 0.9615384615384616, 0.9966303270564916, 0.959731543624161, null, 0.9701492537313433, 0.9824868651488616, 0.9722222222222222, 0.9487179487179487, 0.9816152330925805, 0.998972250770812, 0.972972972972973, 1.0, 0.994815668202765, 0.9724137931034482, null, 1.0, 0.9865258557902403, 0.9867266110040677, 0.9565217391304348, 0.9950438091866537, 0.9983174425126192, null, 1.0, 0.8547008547008547, 1.0]",0.8164661654135338,49,"[0.8219736842105263, 0.8660526315789474, 0.7870175438596492, 0.8624561403508771, 0.7005263157894737, 0.8552631578947368, 0.7870175438596492, 0.8275438596491228, 0.8624561403508771, 0.8624561403508771, 0.7005263157894737, 0.7528947368421053, 0.7870175438596492, 0.8624561403508771, 0.8275438596491228, 0.8660526315789474, 0.7870175438596492, 0.8552631578947368, 0.8302631578947368, 0.8910526315789473, 0.8624561403508771, 0.7870175438596492, 0.8108771929824561, 0.8302631578947368, 0.7778947368421053, 0.8910526315789473, 0.8108771929824561, 0.8108771929824561, 0.8219736842105263, 0.8302631578947368, 0.8108771929824561, 0.8108771929824561, 0.8275438596491228, 0.8108771929824561, 0.7870175438596492, null, 0.8275438596491228, 0.8052631578947368, 0.8302631578947368, 0.8219736842105263, 0.8108771929824561, 0.8108771929824561, 0.8052631578947368, 0.7528947368421053, 0.8052631578947368, 0.7870175438596492, 0.8219736842105263, 0.8624561403508771, 0.7778947368421053, 0.8136842105263158]",10.770687580108643,5.402975559234619,0.011659860610961914,4.405398845672607,0.001644134521484375,0.3695647716522217,1117838,ai05,success,
roberta_base_agnews,AGNews,50,0.05,43,100,1.0,labelled_probe_warmup,labelled,100,0.0,0.8252631578947368,0.4660763157894738,0.7675,0.9142105263157895,0.7931578947368421,-0.14033720260492563,0,43,"[-0.06666666666666665, -0.1103448275862069, -0.04125736738703345, null, -0.2495375997463405, -0.17248062015503873, null, -0.04597225098364055, -0.04030844724851035, -0.20945574491478836, -0.22488038277511968, -0.04285714285714293, -0.11506008693428793, -0.16794639117688115, -0.25, -0.13802291500133224, -0.4, -0.16666666666666663, -0.0921052631578948, -0.21911764705882353, null, -0.08242811501597447, -0.15533980582524276, -0.2315175097276264, -0.1693999431225709, null, -0.1785714285714286, -0.21095008051529796, -0.046816846229187026, null, -0.09523809523809523, -0.05714285714285716, -0.33333333333333337, -0.14294187425860017, -0.05529225908372826, -0.16628898241070456, -0.03821656050955413, -0.10526315789473684, null, -0.12195121951219512, -0.14616096207215545, null, -0.25, -0.07730673316708225, -0.33333333333333337, 0.0, 0.0, -0.04381188118811885, -0.13421550094517953, -0.10629921259842523]","[0.9333333333333333, 0.8551724137931035, 0.9567779960707269, null, 0.7478201130898906, 0.7616279069767442, null, 0.9529923379581694, 0.9582895198037154, 0.7853216052776251, 0.7368421052631579, 0.9142857142857143, 0.8506775760675019, 0.7549909255898367, 0.75, 0.8579802824407141, 0.6, 0.8333333333333334, 0.8421052631578947, 0.7735294117647059, null, 0.8964856230031949, 0.8220064724919094, 0.7509727626459144, 0.8268556261256991, null, 0.75, 0.7756719930632974, 0.9523996082272282, null, 0.9047619047619048, 0.9428571428571428, 0.6666666666666666, 0.8505338078291815, 0.8815165876777251, 0.8276680694939031, 0.9605095541401274, 0.8677462887989204, null, 0.8658536585365854, 0.8495220474868949, null, 0.75, 0.8628428927680798, 0.6666666666666666, 1.0, 1.0, 0.9549504950495049, 0.8260869565217391, 0.84251968503937]","[1.0, 0.9655172413793104, 0.9980353634577603, null, 0.9973577128362311, 0.9341085271317829, null, 0.99896458894181, 0.9985979670522257, 0.9947773501924134, 0.9617224880382775, 0.9571428571428572, 0.9657376630017899, 0.9229373167667179, 1.0, 0.9960031974420464, 1.0, 1.0, 0.9342105263157895, 0.9926470588235294, null, 0.9789137380191694, 0.9773462783171522, 0.9824902723735408, 0.99625556924827, null, 0.9285714285714286, 0.9866220735785953, 0.9992164544564153, null, 1.0, 1.0, 1.0, 0.9934756820877817, 0.9368088467614534, 0.9939570519046077, 0.9987261146496815, 0.9730094466936572, null, 0.9878048780487805, 0.9956830095590503, null, 1.0, 0.940149625935162, 1.0, 1.0, 1.0, 0.9987623762376238, 0.9603024574669187, 0.9488188976377953]",0.8166058002148224,49,"[0.8094736842105263, 0.8173684210526316, 0.7826315789473685, 0.8252631578947368, 0.9010526315789473, 0.861578947368421, 0.8252631578947368, 0.7826315789473685, 0.7826315789473685, 0.8489473684210527, 0.8573684210526316, 0.861578947368421, 0.77, 0.9010526315789473, 0.8173684210526316, 0.8173684210526316, 0.8436842105263158, 0.8173684210526316, 0.8173684210526316, 0.8436842105263158, 0.8252631578947368, 0.7494736842105263, 0.7889473684210526, 0.8489473684210527, 0.7289473684210527, 0.8252631578947368, 0.9010526315789473, 0.8410526315789474, 0.7826315789473685, 0.8252631578947368, 0.7494736842105263, 0.7889473684210526, 0.8173684210526316, 0.861578947368421, 0.77, 0.8094736842105263, 0.7826315789473685, 0.861578947368421, 0.8252631578947368, 0.8410526315789474, 0.7494736842105263, 0.8252631578947368, 0.8436842105263158, 0.8410526315789474, 0.7889473684210526, 0.7826315789473685, 0.7826315789473685, 0.7826315789473685, 0.8094736842105263, null]",10.490675687789917,5.3788206577301025,0.01154184341430664,4.083301067352295,0.0016434192657470703,0.3909885883331299,1117838,ai05,success,
roberta_base_agnews,AGNews,50,0.05,44,100,1.0,labelled_probe_warmup,labelled,100,0.0,0.8182894736842106,0.4460052631578947,0.6998684210526316,0.9142105263157895,0.7810526315789473,-0.16582261895246805,0,39,"[-0.07446808510638292, -0.15132693393562957, null, null, -0.14814814814814814, -0.18298850574712644, -0.28695652173913044, -0.268361581920904, -0.18406435548745448, -0.25, -0.07594936708860767, -0.2649572649572649, -0.13809896512740238, -0.12935323383084574, -0.18905757662560874, null, -0.15446071904127823, -0.06739848914069879, null, -0.15625, -0.12054208273894429, -0.15384615384615385, -0.14803921568627454, -0.12, -0.2777777777777778, -0.375, null, null, -0.08196721311475419, -0.17375231053604434, null, null, -0.16979269496544913, -0.14703689081896743, -0.16666666666666663, -0.16370558375634525, -0.15104166666666663, null, -0.14905814905814907, -0.29128754829864145, -0.1618421052631579, -0.11111111111111116, -0.11764705882352944, -0.0591346153846154, -0.12631578947368416, -0.28308983075365246, null, null, -0.06666666666666665, -0.12992125984251968]","[0.8723404255319149, 0.8379446640316206, null, null, 0.8148148148148148, 0.8098850574712644, 0.6985507246376812, 0.7146892655367232, 0.8152333524867522, 0.75, 0.8860759493670886, 0.7258382642998028, 0.8563353335072615, 0.8059701492537313, 0.806932111142939, null, 0.8229027962716379, 0.9317752596789424, null, 0.84375, 0.8666191155492154, 0.7948717948717948, 0.8205882352941176, 0.84, 0.6944444444444444, 0.625, null, null, 0.8524590163934426, 0.8202402957486137, null, null, 0.8153998025666338, 0.832697284730447, 0.8333333333333334, 0.8197969543147208, 0.8020833333333334, null, 0.8173628173628174, 0.707590676804188, 0.8118421052631579, 0.8888888888888888, 0.8823529411764706, 0.9389423076923077, 0.8, 0.7088094893678577, null, null, 0.9317708333333333, 0.844488188976378]","[0.9468085106382979, 0.9892715979672502, null, null, 0.9629629629629629, 0.9928735632183908, 0.9855072463768116, 0.9830508474576272, 0.9992977079742067, 1.0, 0.9620253164556962, 0.9907955292570677, 0.9944342986346639, 0.9353233830845771, 0.9959896877685477, null, 0.9773635153129161, 0.9991737488196412, null, 1.0, 0.9871611982881597, 0.9487179487179487, 0.9686274509803922, 0.96, 0.9722222222222222, 1.0, null, null, 0.9344262295081968, 0.993992606284658, null, null, 0.9851924975320829, 0.9797341755494144, 1.0, 0.983502538071066, 0.953125, null, 0.9664209664209664, 0.9988782251028294, 0.9736842105263158, 1.0, 1.0, 0.9980769230769231, 0.9263157894736842, 0.9918993201215102, null, null, 0.9984375, 0.9744094488188977]",0.8224015395631938,49,"[0.7136842105263158, 0.8223684210526315, 0.8182894736842106, 0.8182894736842106, 0.7578947368421053, 0.8786842105263157, 0.9310526315789474, 0.8531578947368421, 0.9310526315789474, 0.8786842105263157, 0.7578947368421053, 0.8263157894736842, 0.8021052631578948, 0.8236842105263158, 0.8236842105263158, 0.8182894736842106, 0.8223684210526315, 0.7578947368421053, 0.8182894736842106, 0.8531578947368421, 0.7136842105263158, 0.8236842105263158, 0.866578947368421, 0.8223684210526315, 0.8531578947368421, 0.8236842105263158, 0.8182894736842106, 0.8182894736842106, 0.8156140350877193, 0.8021052631578948, 0.8182894736842106, 0.8182894736842106, 0.8236842105263158, 0.7136842105263158, 0.8236842105263158, 0.8236842105263158, 0.9310526315789474, 0.8182894736842106, 0.8786842105263157, 0.8531578947368421, 0.8156140350877193, 0.8021052631578948, 0.8223684210526315, 0.8142105263157895, 0.8236842105263158, 0.8021052631578948, 0.8182894736842106, 0.8182894736842106, 0.8142105263157895, null]",10.040186405181885,5.370378732681274,0.011113405227661133,3.7131128311157227,0.0016379356384277344,0.36479830741882324,1117838,ai05,success,
roberta_base_agnews,AGNews,50,0.05,42,100,1.0,no_phase0,none,0,0.0,0.6752631578947368,0.4561052631578948,0.7673684210526316,0.9142105263157895,0.20355263157894737,-0.2953635618514377,0,46,"[null, -0.4319488817891374, -0.1801614162978391, -0.4708249496981891, -0.2058823529411764, -0.1965183752417795, -0.23893805309734506, -0.24528301886792458, -0.4758522727272727, -1.0, -0.3116883116883118, -0.18793273986152326, -0.16393442622950816, -0.33333333333333337, -0.23679943602396902, -0.4685644428920712, -0.2142857142857142, -0.22517058377558752, -0.19999999999999996, -0.2345163535142658, -0.4657534246575342, -0.20740740740740737, -0.3407079646017699, -0.20169851380042458, -0.1578947368421053, -0.23076923076923084, -0.37591674925668983, -0.3422818791946308, null, -0.16417910447761197, -0.329246935201401, -0.38888888888888884, -0.14102564102564097, -0.3545633617859488, -0.18232271325796512, -0.32432432432432434, -0.5, -0.1964285714285715, -0.42068965517241375, null, -0.2857142857142857, -0.36890021849963583, -0.37465210875615507, -0.20948616600790515, -0.19090184972121427, -0.20022434099831754, null, 0.0, -0.11111111111111105, -0.5]","[null, 0.5450479233226837, 0.8190575370997136, 0.5110663983903421, 0.7352941176470589, 0.7570599613152804, 0.7433628318584071, 0.750524109014675, 0.5203598484848485, 0.0, 0.6516211061665607, 0.8090999010880316, 0.8360655737704918, 0.6666666666666666, 0.7620021149101163, 0.5275497729654209, 0.7678571428571429, 0.7611827141774071, 0.8, 0.7578288100208769, 0.526774595267746, 0.7851851851851852, 0.5929203539823009, 0.7940552016985138, 0.8421052631578947, 0.7307692307692307, 0.6207135777998017, 0.6174496644295302, null, 0.8059701492537313, 0.6532399299474606, 0.5833333333333334, 0.8076923076923077, 0.6270518713066316, 0.8166495375128469, 0.6486486486486487, 0.5, 0.7983870967741935, 0.5517241379310345, null, 0.7142857142857143, 0.6176256372906045, 0.6120745022479126, 0.7470355731225297, 0.8041419594654394, 0.7980931015143017, null, 1.0, 0.7435897435897436, 0.5]","[null, 0.9769968051118211, 0.9992189533975527, 0.9818913480885312, 0.9411764705882353, 0.9535783365570599, 0.9823008849557522, 0.9958071278825996, 0.9962121212121212, 1.0, 0.9633094178548725, 0.9970326409495549, 1.0, 1.0, 0.9988015509340853, 0.9961142158574922, 0.9821428571428571, 0.9863532979529946, 1.0, 0.9923451635351427, 0.9925280199252802, 0.9925925925925926, 0.9336283185840708, 0.9957537154989384, 1.0, 0.9615384615384616, 0.9966303270564916, 0.959731543624161, null, 0.9701492537313433, 0.9824868651488616, 0.9722222222222222, 0.9487179487179487, 0.9816152330925805, 0.998972250770812, 0.972972972972973, 1.0, 0.994815668202765, 0.9724137931034482, null, 1.0, 0.9865258557902403, 0.9867266110040677, 0.9565217391304348, 0.9950438091866537, 0.9983174425126192, null, 1.0, 0.8547008547008547, 1.0]",0.672361260293591,49,"[0.6752631578947368, 0.7844736842105263, 0.628421052631579, 0.7236842105263158, 0.53, 0.6021052631578947, 0.628421052631579, 0.649298245614035, 0.7236842105263158, 0.7236842105263158, 0.53, 0.641578947368421, 0.628421052631579, 0.7236842105263158, 0.649298245614035, 0.7844736842105263, 0.628421052631579, 0.6021052631578947, 0.6776315789473685, 0.7089473684210527, 0.7236842105263158, 0.628421052631579, 0.6996491228070175, 0.6776315789473685, 0.5660526315789474, 0.7089473684210527, 0.6996491228070175, 0.6996491228070175, 0.6752631578947368, 0.6776315789473685, 0.6996491228070175, 0.6996491228070175, 0.649298245614035, 0.6996491228070175, 0.628421052631579, null, 0.649298245614035, 0.7531578947368421, 0.6776315789473685, 0.6752631578947368, 0.6996491228070175, 0.6996491228070175, 0.7531578947368421, 0.641578947368421, 0.7531578947368421, 0.628421052631579, 0.6752631578947368, 0.7236842105263158, 0.5660526315789474, 0.6728947368421052]",10.788052082061768,5.437304496765137,0.004857778549194336,4.396726131439209,0.0016651153564453125,0.37000536918640137,1117838,ai05,success,
roberta_base_agnews,AGNews,50,0.05,43,100,1.0,no_phase0,none,0,0.0,0.7417105263157895,0.4660763157894738,0.7675,0.9142105263157895,0.27407894736842103,-0.24159520343956115,0,43,"[-0.4, -0.15172413793103456, -0.17288801571709234, null, -0.3110500449188819, -0.25387596899224807, null, -0.1577966452681715, -0.1440588853838065, -0.33232545354590437, -0.2535885167464115, -0.18571428571428572, -0.19048836614676556, -0.2602261622225325, -0.25, -0.21489475086597387, -0.6, -0.16666666666666663, -0.16228070175438603, -0.37941176470588234, null, -0.17444089456869016, -0.2750809061488674, -0.31712062256809337, -0.28595127500236983, null, -0.2857142857142857, -0.3296172426607209, -0.15435847208619002, null, -0.23809523809523814, -0.17142857142857137, -0.4444444444444444, -0.2156979043100039, -0.1311216429699842, -0.2521851731952087, -0.13503184713375793, -0.19568151147098511, null, -0.23170731707317072, -0.21482166718059414, null, -0.375, -0.14214463840398994, -0.6666666666666667, 0.0, 0.0, -0.15742574257425745, -0.22873345935727785, -0.17913385826771655]","[0.6, 0.8137931034482758, 0.825147347740668, null, 0.6863076679173492, 0.6802325581395349, null, 0.8411679436736385, 0.8545390816684192, 0.662451896646509, 0.7081339712918661, 0.7714285714285715, 0.7752492968550243, 0.6627111545441854, 0.75, 0.7811084465760725, 0.4, 0.8333333333333334, 0.7719298245614035, 0.6132352941176471, null, 0.8044728434504792, 0.7022653721682848, 0.6653696498054474, 0.7103042942459001, null, 0.6428571428571429, 0.6570048309178744, 0.8448579823702252, null, 0.7619047619047619, 0.8285714285714286, 0.5555555555555556, 0.7777777777777778, 0.8056872037914692, 0.741771878709399, 0.8636942675159236, 0.7773279352226721, null, 0.7560975609756098, 0.7808613423784562, null, 0.625, 0.7980049875311721, 0.3333333333333333, 1.0, 1.0, 0.8413366336633663, 0.7315689981096408, 0.7696850393700787]","[1.0, 0.9655172413793104, 0.9980353634577603, null, 0.9973577128362311, 0.9341085271317829, null, 0.99896458894181, 0.9985979670522257, 0.9947773501924134, 0.9617224880382775, 0.9571428571428572, 0.9657376630017899, 0.9229373167667179, 1.0, 0.9960031974420464, 1.0, 1.0, 0.9342105263157895, 0.9926470588235294, null, 0.9789137380191694, 0.9773462783171522, 0.9824902723735408, 0.99625556924827, null, 0.9285714285714286, 0.9866220735785953, 0.9992164544564153, null, 1.0, 1.0, 1.0, 0.9934756820877817, 0.9368088467614534, 0.9939570519046077, 0.9987261146496815, 0.9730094466936572, null, 0.9878048780487805, 0.9956830095590503, null, 1.0, 0.940149625935162, 1.0, 1.0, 1.0, 0.9987623762376238, 0.9603024574669187, 0.9488188976377953]",0.7330871822413177,49,"[0.7163157894736842, 0.727719298245614, 0.7043859649122807, 0.7417105263157895, 0.8186842105263158, 0.7513157894736842, 0.7417105263157895, 0.7043859649122807, 0.7043859649122807, 0.7836842105263158, 0.7621052631578947, 0.7513157894736842, 0.6489473684210526, 0.8186842105263158, 0.727719298245614, 0.727719298245614, 0.7726315789473684, 0.727719298245614, 0.727719298245614, 0.7726315789473684, 0.7417105263157895, 0.6647368421052632, 0.7321052631578947, 0.7836842105263158, 0.6805263157894736, 0.7417105263157895, 0.8186842105263158, 0.7671052631578947, 0.7043859649122807, 0.7417105263157895, 0.6647368421052632, 0.7321052631578947, 0.727719298245614, 0.7513157894736842, 0.6489473684210526, 0.7163157894736842, 0.7043859649122807, 0.7513157894736842, 0.7417105263157895, 0.7671052631578947, 0.6647368421052632, 0.7417105263157895, 0.7726315789473684, 0.7671052631578947, 0.7321052631578947, 0.7043859649122807, 0.7043859649122807, 0.7043859649122807, 0.7163157894736842, null]",10.440765380859375,5.393496513366699,0.005124807357788086,4.093433618545532,0.0016276836395263672,0.36817240715026855,1117838,ai05,success,
roberta_base_agnews,AGNews,50,0.05,44,100,1.0,no_phase0,none,0,0.0,0.6644736842105263,0.4460052631578947,0.6998684210526316,0.9142105263157895,0.22263157894736843,-0.29998387141742927,0,39,"[-0.26595744680851063, -0.25992847731978175, null, null, -0.33333333333333326, -0.3485057471264368, -0.43768115942028996, -0.40960451977401136, -0.3379939985954159, -0.25, -0.21097046413502107, -0.41222879684418146, -0.3020262631533177, -0.29850746268656714, -0.3523345746204526, null, -0.30226364846870835, -0.2581444759206799, null, -0.34375, -0.2874465049928673, -0.28205128205128205, -0.25784313725490193, -0.15999999999999992, -0.3055555555555556, -0.5, null, null, -0.1721311475409837, -0.338724584103512, null, null, -0.31490621915103656, -0.2539369215247621, -0.16666666666666663, -0.3109137055837564, -0.32291666666666663, null, -0.3063063063063063, -0.42671070671818523, -0.27105263157894743, -0.2777777777777778, -0.23529411764705888, -0.2432692307692308, -0.231578947368421, -0.4194994937075076, null, null, -0.2553385416666667, -0.2362204724409449]","[0.6808510638297872, 0.7293431206474684, null, null, 0.6296296296296297, 0.644367816091954, 0.5478260869565217, 0.5734463276836158, 0.6613037093787908, 0.75, 0.7510548523206751, 0.5785667324128863, 0.6924080354813462, 0.6368159203980099, 0.6436551131480951, null, 0.6750998668442078, 0.7410292728989613, null, 0.65625, 0.6997146932952925, 0.6666666666666666, 0.7107843137254902, 0.8, 0.6666666666666666, 0.5, null, null, 0.7622950819672131, 0.655268022181146, null, null, 0.6702862783810464, 0.7257972540246523, 0.8333333333333334, 0.6725888324873096, 0.6302083333333334, null, 0.6601146601146601, 0.5721675183846442, 0.7026315789473684, 0.7222222222222222, 0.7647058823529411, 0.7548076923076923, 0.6947368421052632, 0.5723998264140026, null, null, 0.7430989583333333, 0.7381889763779528]","[0.9468085106382979, 0.9892715979672502, null, null, 0.9629629629629629, 0.9928735632183908, 0.9855072463768116, 0.9830508474576272, 0.9992977079742067, 1.0, 0.9620253164556962, 0.9907955292570677, 0.9944342986346639, 0.9353233830845771, 0.9959896877685477, null, 0.9773635153129161, 0.9991737488196412, null, 1.0, 0.9871611982881597, 0.9487179487179487, 0.9686274509803922, 0.96, 0.9722222222222222, 1.0, null, null, 0.9344262295081968, 0.993992606284658, null, null, 0.9851924975320829, 0.9797341755494144, 1.0, 0.983502538071066, 0.953125, null, 0.9664209664209664, 0.9988782251028294, 0.9736842105263158, 1.0, 1.0, 0.9980769230769231, 0.9263157894736842, 0.9918993201215102, null, null, 0.9984375, 0.9744094488188977]",0.6646759756534195,49,"[0.5663157894736842, 0.6489473684210526, 0.6644736842105263, 0.6644736842105263, 0.6018421052631578, 0.7271052631578947, 0.7315789473684211, 0.6971929824561404, 0.7315789473684211, 0.7271052631578947, 0.6018421052631578, 0.7226315789473684, 0.6373684210526316, 0.6735087719298246, 0.6735087719298246, 0.6644736842105263, 0.6489473684210526, 0.6018421052631578, 0.6644736842105263, 0.6971929824561404, 0.5663157894736842, 0.6735087719298246, 0.6844736842105263, 0.6489473684210526, 0.6971929824561404, 0.6735087719298246, 0.6644736842105263, 0.6644736842105263, 0.6450877192982456, 0.6373684210526316, 0.6644736842105263, 0.6644736842105263, 0.6735087719298246, 0.5663157894736842, 0.6735087719298246, 0.6735087719298246, 0.7315789473684211, 0.6644736842105263, 0.7271052631578947, 0.6971929824561404, 0.6450877192982456, 0.6373684210526316, 0.6489473684210526, 0.68, 0.6735087719298246, 0.6373684210526316, 0.6644736842105263, 0.6644736842105263, 0.68, null]",10.019967079162598,5.370181083679199,0.0049784183502197266,3.706087350845337,0.0016322135925292969,0.36489057540893555,1117838,ai05,success,
roberta_base_agnews,AGNews,50,0.05,42,100,1.0,raw_union_K20,raw_union,1138,0.0,0.8855263157894737,0.4561052631578948,0.7673684210526316,0.9142105263157895,0.8852631578947369,-0.06171796376060044,3,46,"[null, -0.13865814696485623, -0.022129653736006283, -0.17303822937625757, 0.02941176470588236, -0.05886524822695027, 0.008849557522123908, -0.15251572327044027, -0.15246212121212122, 0.0, -0.0838252656434475, -0.01879327398615238, -0.016393442622950838, -0.33333333333333337, -0.14219245682058512, -0.15805099545930845, 0.0, -0.11523881728582253, 0.0, -0.13917884481558807, -0.1643835616438356, -0.029629629629629672, -0.0663716814159292, -0.010615711252653925, 0.0, -0.05384615384615388, -0.11228939544103067, -0.05145413870246085, null, -0.014925373134328401, -0.06479859894921192, -0.08333333333333337, -0.07692307692307687, -0.0938936309914643, -0.02096608427543689, -0.05405405405405406, 0.0, -0.012096774193548376, -0.06206896551724128, null, 0.0, -0.09941733430444277, -0.10361806893598802, -0.0039525691699604515, -0.020444287105053527, -0.016264722378014573, null, 0.0, 0.042735042735042805, 0.0]","[null, 0.8383386581469648, 0.9770892996615465, 0.8088531187122736, 0.9705882352941176, 0.8947130883301097, 0.9911504424778761, 0.8432914046121593, 0.84375, 1.0, 0.879484152211425, 0.9782393669634025, 0.9836065573770492, 0.6666666666666666, 0.8566090941135002, 0.8380632203981837, 0.9821428571428571, 0.8711144806671721, 1.0, 0.8531663187195546, 0.8281444582814446, 0.9629629629629629, 0.8672566371681416, 0.9851380042462845, 1.0, 0.9076923076923077, 0.8843409316154609, 0.9082774049217002, null, 0.9552238805970149, 0.9176882661996497, 0.8888888888888888, 0.8717948717948718, 0.8877216021011162, 0.9780061664953751, 0.918918918918919, 1.0, 0.9827188940092166, 0.9103448275862069, null, 1.0, 0.8871085214857976, 0.8831085420680796, 0.9525691699604744, 0.9745995220816002, 0.9820527201346047, null, 1.0, 0.8974358974358975, 1.0]","[null, 0.9769968051118211, 0.9992189533975527, 0.9818913480885312, 0.9411764705882353, 0.9535783365570599, 0.9823008849557522, 0.9958071278825996, 0.9962121212121212, 1.0, 0.9633094178548725, 0.9970326409495549, 1.0, 1.0, 0.9988015509340853, 0.9961142158574922, 0.9821428571428571, 0.9863532979529946, 1.0, 0.9923451635351427, 0.9925280199252802, 0.9925925925925926, 0.9336283185840708, 0.9957537154989384, 1.0, 0.9615384615384616, 0.9966303270564916, 0.959731543624161, null, 0.9701492537313433, 0.9824868651488616, 0.9722222222222222, 0.9487179487179487, 0.9816152330925805, 0.998972250770812, 0.972972972972973, 1.0, 0.994815668202765, 0.9724137931034482, null, 1.0, 0.9865258557902403, 0.9867266110040677, 0.9565217391304348, 0.9950438091866537, 0.9983174425126192, null, 1.0, 0.8547008547008547, 1.0]",0.8788954529180096,49,"[0.8855263157894737, 0.9134210526315789, 0.8550877192982456, 0.9043859649122807, 0.8289473684210527, 0.8863157894736842, 0.8550877192982456, 0.8973684210526316, 0.9043859649122807, 0.9043859649122807, 0.8289473684210527, 0.8394736842105263, 0.8550877192982456, 0.9043859649122807, 0.8973684210526316, 0.9134210526315789, 0.8550877192982456, 0.8863157894736842, 0.8681578947368421, 0.9315789473684211, 0.9043859649122807, 0.8550877192982456, 0.8852631578947369, 0.8681578947368421, 0.8576315789473684, 0.9315789473684211, 0.8852631578947369, 0.8852631578947369, 0.8855263157894737, 0.8681578947368421, 0.8852631578947369, 0.8852631578947369, 0.8973684210526316, 0.8852631578947369, 0.8550877192982456, null, 0.8973684210526316, 0.85, 0.8681578947368421, 0.8855263157894737, 0.8852631578947369, 0.8852631578947369, 0.85, 0.8394736842105263, 0.85, 0.8550877192982456, 0.8855263157894737, 0.9043859649122807, 0.8576315789473684, 0.9028947368421053]",10.78059434890747,5.380621910095215,0.07729244232177734,4.374191761016846,0.0016450881958007812,0.3695530891418457,1117838,ai05,success,
roberta_base_agnews,AGNews,50,0.05,43,100,1.0,raw_union_K20,raw_union,1127,0.0,0.8785526315789474,0.4660763157894738,0.7675,0.9142105263157895,0.8759210526315789,-0.07903612996692026,0,43,"[0.0, -0.04137931034482767, -0.02161100196463661, null, -0.17306980922686688, -0.09883720930232553, null, -0.02588527645475258, -0.019978969505783373, -0.15338097855964816, -0.12440191387559807, -0.02857142857142858, -0.07236001022756333, -0.09632835404160267, 0.0, -0.09419131361577404, -0.19999999999999996, -0.08333333333333337, -0.030701754385964897, -0.15735294117647058, null, -0.04856230031948883, -0.09708737864077677, -0.1575875486381323, -0.11669352545264955, null, 0.0, -0.15087328130806388, -0.027228207639569013, null, 0.0, -0.02285714285714291, -0.33333333333333337, -0.09885330170027673, -0.017377567140600347, -0.11049962231574395, -0.017834394904458595, -0.07692307692307687, null, -0.07317073170731703, -0.10237434474252238, null, 0.0, -0.04738154613466328, -0.33333333333333337, 0.0, 0.0, -0.023762376237623783, -0.06238185255198481, -0.05905511811023623]","[1.0, 0.9241379310344827, 0.9764243614931237, null, 0.8242879036093642, 0.8352713178294574, null, 0.9730793124870574, 0.9786189975464423, 0.8413963716327653, 0.8373205741626795, 0.9285714285714286, 0.8933776527742265, 0.8266089627251152, 1.0, 0.9018118838262723, 0.8, 0.9166666666666666, 0.9035087719298246, 0.8352941176470589, null, 0.9303514376996805, 0.8802588996763754, 0.8249027237354085, 0.8795620437956204, null, 0.9285714285714286, 0.8357487922705314, 0.9719882468168463, null, 1.0, 0.9771428571428571, 0.6666666666666666, 0.894622380387505, 0.919431279620853, 0.8834574295888638, 0.9808917197452229, 0.8960863697705803, null, 0.9146341463414634, 0.8933086648165279, null, 1.0, 0.8927680798004988, 0.6666666666666666, 1.0, 1.0, 0.975, 0.8979206049149339, 0.889763779527559]","[1.0, 0.9655172413793104, 0.9980353634577603, null, 0.9973577128362311, 0.9341085271317829, null, 0.99896458894181, 0.9985979670522257, 0.9947773501924134, 0.9617224880382775, 0.9571428571428572, 0.9657376630017899, 0.9229373167667179, 1.0, 0.9960031974420464, 1.0, 1.0, 0.9342105263157895, 0.9926470588235294, null, 0.9789137380191694, 0.9773462783171522, 0.9824902723735408, 0.99625556924827, null, 0.9285714285714286, 0.9866220735785953, 0.9992164544564153, null, 1.0, 1.0, 1.0, 0.9934756820877817, 0.9368088467614534, 0.9939570519046077, 0.9987261146496815, 0.9730094466936572, null, 0.9878048780487805, 0.9956830095590503, null, 1.0, 0.940149625935162, 1.0, 1.0, 1.0, 0.9987623762376238, 0.9603024574669187, 0.9488188976377953]",0.8722081990691017,49,"[0.8639473684210527, 0.875438596491228, 0.8464912280701754, 0.8785526315789474, 0.9313157894736842, 0.9073684210526316, 0.8785526315789474, 0.8464912280701754, 0.8464912280701754, 0.8878947368421053, 0.9008771929824562, 0.9073684210526316, 0.84, 0.9313157894736842, 0.875438596491228, 0.875438596491228, 0.8914035087719299, 0.875438596491228, 0.875438596491228, 0.8914035087719299, 0.8785526315789474, 0.8257894736842105, 0.8497368421052631, 0.8878947368421053, 0.8115789473684211, 0.8785526315789474, 0.9313157894736842, 0.8931578947368422, 0.8464912280701754, 0.8785526315789474, 0.8257894736842105, 0.8497368421052631, 0.875438596491228, 0.9073684210526316, 0.84, 0.8639473684210527, 0.8464912280701754, 0.9073684210526316, 0.8785526315789474, 0.8931578947368422, 0.8257894736842105, 0.8785526315789474, 0.8914035087719299, 0.8931578947368422, 0.8497368421052631, 0.8464912280701754, 0.8464912280701754, 0.8464912280701754, 0.8639473684210527, null]",10.519361734390259,5.4039695262908936,0.07867813110351562,4.091552972793579,0.001649618148803711,0.36714673042297363,1117838,ai05,success,
roberta_base_agnews,AGNews,50,0.05,44,100,1.0,raw_union_K20,raw_union,1118,0.0,0.8818421052631579,0.4460052631578947,0.6998684210526316,0.9142105263157895,0.8805263157894737,-0.07828521408179824,1,39,"[0.0, -0.09636740071522687, null, null, 0.03703703703703709, -0.1333333333333333, -0.17101449275362324, -0.12994350282485878, -0.1399476473217136, 0.0, -0.021097046413502074, -0.13740959894806049, -0.07739803461170536, -0.07462686567164178, -0.13405900887997713, null, -0.11451398135818902, -0.037535410764872545, null, 0.0, -0.09058487874465049, -0.02564102564102555, -0.08333333333333337, -0.07999999999999996, -0.11111111111111105, -0.125, null, null, -0.040983606557377095, -0.0910351201478743, null, null, -0.11846001974333664, -0.09922358205026982, 0.0, -0.11675126903553301, -0.0625, null, -0.09254709254709259, -0.16228343512401855, -0.09473684210526323, 0.0, -0.05882352941176472, -0.0353365384615385, -0.05263157894736836, -0.1568060176479097, null, null, -0.042447916666666696, -0.08267716535433078]","[0.9468085106382979, 0.8929041972520233, null, null, 1.0, 0.8595402298850575, 0.8144927536231884, 0.8531073446327684, 0.8593500606524931, 1.0, 0.9409282700421941, 0.8533859303090072, 0.9170362640229586, 0.8606965174129353, 0.8619306788885706, null, 0.8628495339547271, 0.9616383380547686, null, 1.0, 0.8965763195435092, 0.9230769230769231, 0.8852941176470588, 0.88, 0.8611111111111112, 0.875, null, null, 0.8934426229508197, 0.9029574861367837, null, null, 0.8667324777887463, 0.8805105934991446, 1.0, 0.866751269035533, 0.890625, null, 0.8738738738738738, 0.8365947899788109, 0.8789473684210526, 1.0, 0.9411764705882353, 0.9627403846153846, 0.8736842105263158, 0.8350933024736005, null, null, 0.9559895833333333, 0.8917322834645669]","[0.9468085106382979, 0.9892715979672502, null, null, 0.9629629629629629, 0.9928735632183908, 0.9855072463768116, 0.9830508474576272, 0.9992977079742067, 1.0, 0.9620253164556962, 0.9907955292570677, 0.9944342986346639, 0.9353233830845771, 0.9959896877685477, null, 0.9773635153129161, 0.9991737488196412, null, 1.0, 0.9871611982881597, 0.9487179487179487, 0.9686274509803922, 0.96, 0.9722222222222222, 1.0, null, null, 0.9344262295081968, 0.993992606284658, null, null, 0.9851924975320829, 0.9797341755494144, 1.0, 0.983502538071066, 0.953125, null, 0.9664209664209664, 0.9988782251028294, 0.9736842105263158, 1.0, 1.0, 0.9980769230769231, 0.9263157894736842, 0.9918993201215102, null, null, 0.9984375, 0.9744094488188977]",0.8855477980665952,49,"[0.8363157894736842, 0.8986842105263158, 0.8818421052631579, 0.8818421052631579, 0.845, 0.9186842105263158, 0.9610526315789474, 0.8970175438596492, 0.9610526315789474, 0.9186842105263158, 0.845, 0.8763157894736842, 0.8536842105263158, 0.8912280701754386, 0.8912280701754386, 0.8818421052631579, 0.8986842105263158, 0.845, 0.8818421052631579, 0.8970175438596492, 0.8363157894736842, 0.8912280701754386, 0.9073684210526316, 0.8986842105263158, 0.8970175438596492, 0.8912280701754386, 0.8818421052631579, 0.8818421052631579, 0.8836842105263157, 0.8536842105263158, 0.8818421052631579, 0.8818421052631579, 0.8912280701754386, 0.8363157894736842, 0.8912280701754386, 0.8912280701754386, 0.9610526315789474, 0.8818421052631579, 0.9186842105263158, 0.8970175438596492, 0.8836842105263157, 0.8536842105263158, 0.8986842105263158, 0.865, 0.8912280701754386, 0.8536842105263158, 0.8818421052631579, 0.8818421052631579, 0.865, null]",10.08897852897644,5.331342935562134,0.08362126350402832,3.7251718044281006,0.001638650894165039,0.36441874504089355,1117838,ai05,success,
roberta_base_agnews,AGNews,50,0.05,42,100,1.0,warmup_only_labelled,warmup_only,100,0.0,0.7918421052631579,0.4561052631578948,0.7673684210526316,0.9142105263157895,0.7918421052631579,-0.18911569557109748,0,46,"[null, -0.33226837060702874, -0.09763082530590994, -0.35412474849094566, -0.2058823529411764, -0.13442940038684714, -0.08849557522123896, -0.2101677148846961, -0.3664772727272727, -1.0, -0.1252383979656707, -0.09990108803165187, -0.09836065573770492, -0.33333333333333337, -0.19873105393020796, -0.35168529514495284, -0.08928571428571419, -0.17513267626990137, 0.0, -0.1962421711899791, -0.3524283935242839, -0.11851851851851847, -0.10619469026548678, -0.08704883227176219, -0.10526315789473684, -0.1923076923076923, -0.14846382556987114, -0.1185682326621923, null, -0.09701492537313439, -0.10157618213660247, -0.16666666666666663, -0.1923076923076923, -0.13919894944189104, -0.10092497430626934, -0.21621621621621623, -0.5, -0.09619815668202769, -0.2551724137931034, null, 0.0, -0.14603058994901674, -0.15178762577606508, -0.059288537549407105, -0.09859279582263913, -0.09814918676388118, null, 0.0, -0.09401709401709402, -0.5]","[null, 0.6447284345047923, 0.9015881280916428, 0.6277665995975855, 0.7352941176470589, 0.8191489361702128, 0.8938053097345132, 0.7856394129979035, 0.6297348484848485, 0.0, 0.8380710198892017, 0.897131552917903, 0.9016393442622951, 0.6666666666666666, 0.8000704970038773, 0.6444289207125393, 0.8928571428571429, 0.8112206216830933, 1.0, 0.7961029923451636, 0.6400996264009963, 0.8740740740740741, 0.827433628318584, 0.9087048832271762, 0.8947368421052632, 0.7692307692307693, 0.8481665014866204, 0.8411633109619687, null, 0.8731343283582089, 0.8809106830122592, 0.8055555555555556, 0.7564102564102564, 0.8424162836506894, 0.8980472764645426, 0.7567567567567568, 0.5, 0.8986175115207373, 0.7172413793103448, null, 1.0, 0.8404952658412236, 0.8349389852280026, 0.8972332015810277, 0.8964510133640146, 0.900168255748738, null, 1.0, 0.7606837606837606, 0.5]","[null, 0.9769968051118211, 0.9992189533975527, 0.9818913480885312, 0.9411764705882353, 0.9535783365570599, 0.9823008849557522, 0.9958071278825996, 0.9962121212121212, 1.0, 0.9633094178548725, 0.9970326409495549, 1.0, 1.0, 0.9988015509340853, 0.9961142158574922, 0.9821428571428571, 0.9863532979529946, 1.0, 0.9923451635351427, 0.9925280199252802, 0.9925925925925926, 0.9336283185840708, 0.9957537154989384, 1.0, 0.9615384615384616, 0.9966303270564916, 0.959731543624161, null, 0.9701492537313433, 0.9824868651488616, 0.9722222222222222, 0.9487179487179487, 0.9816152330925805, 0.998972250770812, 0.972972972972973, 1.0, 0.994815668202765, 0.9724137931034482, null, 1.0, 0.9865258557902403, 0.9867266110040677, 0.9565217391304348, 0.9950438091866537, 0.9983174425126192, null, 1.0, 0.8547008547008547, 1.0]",0.7874310776942355,49,"[0.7918421052631579, 0.8442105263157895, 0.7563157894736842, 0.8421052631578947, 0.6410526315789473, 0.8378947368421052, 0.7563157894736842, 0.7924561403508772, 0.8421052631578947, 0.8421052631578947, 0.6410526315789473, 0.7155263157894737, 0.7563157894736842, 0.8421052631578947, 0.7924561403508772, 0.8442105263157895, 0.7563157894736842, 0.8378947368421052, 0.8139473684210526, 0.8681578947368421, 0.8421052631578947, 0.7563157894736842, 0.7764912280701755, 0.8139473684210526, 0.7394736842105263, 0.8681578947368421, 0.7764912280701755, 0.7764912280701755, 0.7918421052631579, 0.8139473684210526, 0.7764912280701755, 0.7764912280701755, 0.7924561403508772, 0.7764912280701755, 0.7563157894736842, null, 0.7924561403508772, 0.79, 0.8139473684210526, 0.7918421052631579, 0.7764912280701755, 0.7764912280701755, 0.79, 0.7155263157894737, 0.79, 0.7563157894736842, 0.7918421052631579, 0.8421052631578947, 0.7394736842105263, 0.7697368421052632]",6.3227410316467285,5.363905429840088,0.008987188339233398,0.0,0.0,0.3686070442199707,1117838,ai05,success,
roberta_base_agnews,AGNews,50,0.05,43,100,1.0,warmup_only_labelled,warmup_only,100,0.0,0.7931578947368421,0.4660763157894738,0.7675,0.9142105263157895,0.7931578947368421,-0.1620505625853819,0,43,"[-0.06666666666666665, -0.14482758620689662, -0.05108055009823187, null, -0.31739153411192733, -0.21899224806201545, null, -0.056326361565541605, -0.04942166140904314, -0.24518966465090708, -0.2870813397129187, -0.07142857142857151, -0.1457427767834314, -0.21666899343850343, -0.25, -0.16346922462030378, -0.4, -0.16666666666666663, -0.11403508771929827, -0.25, null, -0.10159744408945692, -0.1779935275080906, -0.2937743190661478, -0.19385723765285812, null, -0.1785714285714286, -0.2441471571906355, -0.0558276199804113, null, -0.09523809523809523, -0.08571428571428574, -0.33333333333333337, -0.16785290628706995, -0.07740916271721954, -0.20697097226718464, -0.042038216560509545, -0.1309041835357625, null, -0.1585365853658537, -0.17052112241751471, null, -0.25, -0.09226932668329169, -0.33333333333333337, 0.0, 0.0, -0.055445544554455495, -0.17202268431001888, -0.1358267716535433]","[0.9333333333333333, 0.8206896551724138, 0.9469548133595285, null, 0.6799661787243038, 0.7151162790697675, null, 0.9426382273762683, 0.9491763056431826, 0.7495876855415063, 0.6746411483253588, 0.8857142857142857, 0.8199948862183585, 0.7062683233282144, 0.75, 0.8325339728217426, 0.6, 0.8333333333333334, 0.8201754385964912, 0.7426470588235294, null, 0.8773162939297124, 0.7993527508090615, 0.688715953307393, 0.8023983315954119, null, 0.75, 0.7424749163879598, 0.943388834476004, null, 0.9047619047619048, 0.9142857142857143, 0.6666666666666666, 0.8256227758007118, 0.8593996840442338, 0.7869860796374231, 0.956687898089172, 0.8421052631578947, null, 0.8292682926829268, 0.8251618871415356, null, 0.75, 0.8478802992518704, 0.6666666666666666, 1.0, 1.0, 0.9433168316831683, 0.7882797731568998, 0.812992125984252]","[1.0, 0.9655172413793104, 0.9980353634577603, null, 0.9973577128362311, 0.9341085271317829, null, 0.99896458894181, 0.9985979670522257, 0.9947773501924134, 0.9617224880382775, 0.9571428571428572, 0.9657376630017899, 0.9229373167667179, 1.0, 0.9960031974420464, 1.0, 1.0, 0.9342105263157895, 0.9926470588235294, null, 0.9789137380191694, 0.9773462783171522, 0.9824902723735408, 0.99625556924827, null, 0.9285714285714286, 0.9866220735785953, 0.9992164544564153, null, 1.0, 1.0, 1.0, 0.9934756820877817, 0.9368088467614534, 0.9939570519046077, 0.9987261146496815, 0.9730094466936572, null, 0.9878048780487805, 0.9956830095590503, null, 1.0, 0.940149625935162, 1.0, 1.0, 1.0, 0.9987623762376238, 0.9603024574669187, 0.9488188976377953]",0.7831399928392409,49,"[0.781578947368421, 0.7828070175438596, 0.7431578947368421, 0.7931578947368421, 0.8836842105263157, 0.8410526315789474, 0.7931578947368421, 0.7431578947368421, 0.7431578947368421, 0.8242105263157895, 0.8354385964912281, 0.8410526315789474, 0.7389473684210527, 0.8836842105263157, 0.7828070175438596, 0.7828070175438596, 0.8112280701754386, 0.7828070175438596, 0.7828070175438596, 0.8112280701754386, 0.7931578947368421, 0.7026315789473684, 0.7452631578947368, 0.8242105263157895, 0.6663157894736842, 0.7931578947368421, 0.8836842105263157, 0.8047368421052632, 0.7431578947368421, 0.7931578947368421, 0.7026315789473684, 0.7452631578947368, 0.7828070175438596, 0.8410526315789474, 0.7389473684210527, 0.781578947368421, 0.7431578947368421, 0.8410526315789474, 0.7931578947368421, 0.8047368421052632, 0.7026315789473684, 0.7931578947368421, 0.8112280701754386, 0.8047368421052632, 0.7452631578947368, 0.7431578947368421, 0.7431578947368421, 0.7431578947368421, 0.781578947368421, null]",6.314036130905151,5.3609654903411865,0.008867502212524414,0.0,0.0,0.3680117130279541,1117838,ai05,success,
roberta_base_agnews,AGNews,50,0.05,44,100,1.0,warmup_only_labelled,warmup_only,100,0.0,0.7810526315789473,0.4460052631578947,0.6998684210526316,0.9142105263157895,0.7810526315789473,-0.18729628175737312,0,39,"[-0.0957446808510638, -0.17410126105778279, null, null, -0.18518518518518512, -0.1894252873563218, -0.34782608695652184, -0.3389830508474577, -0.18910808912724253, -0.16666666666666663, -0.12658227848101267, -0.33136094674556216, -0.18958170275676145, -0.12935323383084574, -0.19335433973073612, null, -0.16511318242343542, -0.11296033994334276, null, -0.1875, -0.13980028530670463, -0.15384615384615385, -0.1774509803921569, -0.12, -0.3055555555555556, -0.375, null, null, -0.09836065573770492, -0.232902033271719, null, null, -0.1717670286278381, -0.16756590779488534, -0.16666666666666663, -0.1649746192893401, -0.16145833333333337, null, -0.15561015561015556, -0.3594665337155678, -0.18552631578947376, -0.16666666666666663, -0.05882352941176472, -0.10216346153846156, -0.10526315789473684, -0.3464487198032692, null, null, -0.1098958333333333, -0.15649606299212604]","[0.851063829787234, 0.8151703369094674, null, null, 0.7777777777777778, 0.803448275862069, 0.6376811594202898, 0.6440677966101694, 0.8101896188469642, 0.8333333333333334, 0.8354430379746836, 0.6594345825115056, 0.8048525958779025, 0.8059701492537313, 0.8026353480378116, null, 0.8122503328894807, 0.8862134088762984, null, 0.8125, 0.8473609129814551, 0.7948717948717948, 0.7911764705882353, 0.84, 0.6666666666666666, 0.625, null, null, 0.8360655737704918, 0.761090573012939, null, null, 0.8134254689042448, 0.8121682677545291, 0.8333333333333334, 0.8185279187817259, 0.7916666666666666, null, 0.8108108108108109, 0.6394116913872616, 0.7881578947368421, 0.8333333333333334, 0.9411764705882353, 0.8959134615384615, 0.8210526315789474, 0.645450600318241, null, null, 0.8885416666666667, 0.8179133858267716]","[0.9468085106382979, 0.9892715979672502, null, null, 0.9629629629629629, 0.9928735632183908, 0.9855072463768116, 0.9830508474576272, 0.9992977079742067, 1.0, 0.9620253164556962, 0.9907955292570677, 0.9944342986346639, 0.9353233830845771, 0.9959896877685477, null, 0.9773635153129161, 0.9991737488196412, null, 1.0, 0.9871611982881597, 0.9487179487179487, 0.9686274509803922, 0.96, 0.9722222222222222, 1.0, null, null, 0.9344262295081968, 0.993992606284658, null, null, 0.9851924975320829, 0.9797341755494144, 1.0, 0.983502538071066, 0.953125, null, 0.9664209664209664, 0.9988782251028294, 0.9736842105263158, 1.0, 1.0, 0.9980769230769231, 0.9263157894736842, 0.9918993201215102, null, null, 0.9984375, 0.9744094488188977]",0.7837755102040818,49,"[0.6373684210526316, 0.7628947368421053, 0.7810526315789473, 0.7810526315789473, 0.7163157894736842, 0.8457894736842105, 0.888421052631579, 0.8289473684210527, 0.888421052631579, 0.8457894736842105, 0.7163157894736842, 0.8031578947368421, 0.7952631578947369, 0.7763157894736842, 0.7763157894736842, 0.7810526315789473, 0.7628947368421053, 0.7163157894736842, 0.7810526315789473, 0.8289473684210527, 0.6373684210526316, 0.7763157894736842, 0.841842105263158, 0.7628947368421053, 0.8289473684210527, 0.7763157894736842, 0.7810526315789473, 0.7810526315789473, 0.7736842105263158, 0.7952631578947369, 0.7810526315789473, 0.7810526315789473, 0.7763157894736842, 0.6373684210526316, 0.7763157894736842, 0.7763157894736842, 0.888421052631579, 0.7810526315789473, 0.8457894736842105, 0.8289473684210527, 0.7736842105263158, 0.7952631578947369, 0.7628947368421053, 0.7992105263157895, 0.7763157894736842, 0.7952631578947369, 0.7810526315789473, 0.7810526315789473, 0.7992105263157895, null]",6.340381860733032,5.377847671508789,0.009398221969604492,0.0,0.0,0.3737053871154785,1117838,ai05,success,
roberta_base_agnews,AGNews,50,0.1,42,100,1.0,dp_avg_eps2_K20,dp_avg,4,4.043601857518789,0.7706578947368421,0.5314815789473684,0.8264473684210526,0.9142105263157895,0.6232894736842105,-0.21880640008897817,0,49,"[-0.044871794871794934, -0.17223650385604106, -0.5, -0.0892857142857143, -0.6666666666666667, -0.08177931410897843, -0.292904290429043, -0.2142857142857142, -0.2576636288318144, -0.19339045287637702, -0.24044389642416775, -0.44999999999999996, -0.21494644595910417, -0.3727429062768701, -0.5, -0.07326007326007322, -0.12307692307692308, -0.18575391321577173, -0.13534753754802664, -0.22909768211920523, -0.3241520600956066, -0.1586021505376345, -0.14876033057851246, -0.1280827366746221, -0.07407407407407407, -0.11111111111111116, -0.21157024793388424, -0.08333333333333337, -0.2942967884828349, -0.14166350170907704, -0.20032516548600632, -0.10457516339869288, -0.08328826392644673, -0.11111111111111116, -0.2954545454545454, -0.16265060240963858, -0.17988929889298888, -0.17799029403368538, -0.10713031260976469, -0.22047088307063245, null, -0.08940042826552463, -0.21219091431857384, -0.07455012853470444, -0.40525672371638144, -0.38008415147265073, -0.0717255717255717, -0.375, -0.3848987108655617, -0.3721215424444747]","[0.9423076923076923, 0.8209083119108826, 0.5, 0.8839285714285714, 0.3333333333333333, 0.9152187755844629, 0.6955445544554455, 0.7380952380952381, 0.7067108533554267, 0.7894736842105263, 0.7102342786683107, 0.55, 0.7663096397273612, 0.61865864144454, 0.5, 0.926007326007326, 0.7846153846153846, 0.8134535367545076, 0.846315054139015, 0.7640728476821192, 0.6633280218529479, 0.7956989247311828, 0.8016528925619835, 0.8665473349244233, 0.837037037037037, 0.8888888888888888, 0.7570247933884298, 0.9166666666666666, 0.6531007751937985, 0.8518799848082036, 0.7175705492974103, 0.8823529411764706, 0.9150892374256355, 0.8888888888888888, 0.625, 0.8032128514056225, 0.8053505535055351, 0.754210676562946, 0.8739023533544081, 0.7711534656730199, null, 0.9073875802997858, 0.7711328349626222, 0.8946015424164524, 0.5916870415647921, 0.6115007012622721, 0.9251559251559252, 0.625, 0.6068139963167587, 0.612617522823273]","[0.9871794871794872, 0.9931448157669237, 1.0, 0.9732142857142857, 1.0, 0.9969980896934413, 0.9884488448844885, 0.9523809523809523, 0.9643744821872411, 0.9828641370869033, 0.9506781750924784, 1.0, 0.9812560856864654, 0.9914015477214101, 1.0, 0.9992673992673993, 0.9076923076923077, 0.9992074499702793, 0.9816625916870416, 0.9931705298013245, 0.9874800819485545, 0.9543010752688172, 0.9504132231404959, 0.9946300715990454, 0.9111111111111111, 1.0, 0.968595041322314, 1.0, 0.9473975636766334, 0.9935434865172806, 0.9178957147834166, 0.9869281045751634, 0.9983775013520823, 1.0, 0.9204545454545454, 0.9658634538152611, 0.985239852398524, 0.9322009705966314, 0.9810326659641728, 0.9916243487436524, null, 0.9967880085653105, 0.983323749281196, 0.9691516709511568, 0.9969437652811736, 0.9915848527349228, 0.9968814968814969, 1.0, 0.9917127071823204, 0.9847390652677477]",0.7701588693957112,45,"[0.7236842105263158, 0.6863157894736842, 0.7724561403508772, 0.6863157894736842, 0.7614035087719299, 0.6863157894736842, 0.7818421052631579, 0.7724561403508772, 0.911578947368421, null, 0.855, 0.855, 0.911578947368421, 0.7818421052631579, 0.855, 0.7236842105263158, 0.7724561403508772, 0.7614035087719299, null, 0.7724561403508772, 0.7652631578947369, 0.911578947368421, 0.7594736842105263, 0.6863157894736842, null, 0.7818421052631579, 0.7724561403508772, 0.7818421052631579, 0.838421052631579, 0.7984210526315789, 0.838421052631579, 0.6863157894736842, 0.7236842105263158, 0.855, 0.838421052631579, 0.6073684210526316, 0.6863157894736842, 0.838421052631579, null, 0.6073684210526316, 0.7706578947368421, 0.7818421052631579, 0.7028947368421052, 0.6073684210526316, 0.7818421052631579, 0.7818421052631579, 0.7028947368421052, 0.8250877192982456, 0.855, null]",11.120660543441772,5.4113311767578125,0.06490540504455566,4.700670003890991,0.0016608238220214844,0.3638005256652832,1117838,ai05,success,
roberta_base_agnews,AGNews,50,0.1,43,100,1.0,dp_avg_eps2_K20,dp_avg,4,4.050649764344406,0.8094736842105263,0.5819131578947367,0.8106578947368421,0.9142105263157895,0.7448684210526316,-0.15836065035490096,0,50,"[-0.1956989247311829, -0.25748987854251015, -0.2539325842696629, -0.21218573417410536, -0.1314437555358724, -0.10843373493975905, -0.13311201542086104, -0.2902255639097745, 0.0, 0.0, -0.2653721682847897, -0.23547400611620806, -0.1670329670329671, -0.23904939422180804, -0.28301886792452835, -0.19736842105263164, -0.10526315789473684, -0.2857142857142857, 0.0, -0.04761904761904756, -0.23636363636363633, -0.05954465849387036, -0.11609907120743035, -0.11815856777493605, -0.22358346094946402, -0.28776333482743166, -0.1724137931034483, -0.08371385083713856, -0.19089288608005184, -0.15365276545400763, -0.17647058823529416, -0.046462513199577615, -0.04795486600846266, -0.12903225806451613, -0.11718388142658642, -0.18055555555555558, -0.26199261992619927, -0.11998598703801022, -0.21600000000000008, -0.07254237288135601, -0.2639766650461838, -0.125, -0.09523809523809523, -0.2580061983471075, -0.1515151515151515, -0.2810644614079728, -0.058361391694725095, -0.08695652173913038, -0.1021897810218978, -0.07692307692307698]","[0.7612903225806451, 0.7396761133603239, 0.7303370786516854, 0.7391696011792646, 0.8492471213463242, 0.8313253012048193, 0.8442921396444635, 0.7037593984962406, 1.0, 0.958904109589041, 0.7216828478964401, 0.7553516819571865, 0.756043956043956, 0.7530288909599254, 0.6981132075471698, 0.7255639097744361, 0.8947368421052632, 0.7142857142857143, 1.0, 0.9259259259259259, 0.7272727272727273, 0.9368397265691204, 0.8670665634674922, 0.8385336743393009, 0.7166921898928025, 0.709995517705065, 0.7370689655172413, 0.882800608828006, 0.7340787554691298, 0.8149955634427685, 0.7598039215686274, 0.9503695881731784, 0.9435825105782792, 0.8064516129032258, 0.8554886521537749, 0.7974537037037037, 0.7306273062730627, 0.8677526712208793, 0.688, 0.9240677966101695, 0.7311618862421001, 0.875, 0.8707482993197279, 0.7383780991735537, 0.7575757575757576, 0.7150127226463104, 0.936026936026936, 0.8369565217391305, 0.8394160583941606, 0.7912087912087912]","[0.956989247311828, 0.9971659919028341, 0.9842696629213483, 0.9513553353533699, 0.9806908768821966, 0.9397590361445783, 0.9774041550653245, 0.9939849624060151, 1.0, 0.958904109589041, 0.9870550161812298, 0.9908256880733946, 0.9230769230769231, 0.9920782851817335, 0.9811320754716981, 0.9229323308270677, 1.0, 1.0, 1.0, 0.9735449735449735, 0.9636363636363636, 0.9963843850629908, 0.9831656346749226, 0.956692242114237, 0.9402756508422665, 0.9977588525324966, 0.9094827586206896, 0.9665144596651446, 0.9249716415491817, 0.9686483288967761, 0.9362745098039216, 0.996832101372756, 0.9915373765867419, 0.9354838709677419, 0.9726725335803613, 0.9780092592592593, 0.992619926199262, 0.9877386582588895, 0.904, 0.9966101694915255, 0.9951385512882839, 1.0, 0.9659863945578231, 0.9963842975206612, 0.9090909090909091, 0.9960771840542832, 0.9943883277216611, 0.9239130434782609, 0.9416058394160584, 0.8681318681318682]",0.8081322207958921,41,"[0.8263157894736842, 0.9034210526315789, 0.7926315789473685, null, 0.8323684210526315, null, 0.7215789473684211, 0.9431578947368421, 0.7155263157894737, 0.7155263157894737, null, 0.7926315789473685, 0.8636842105263158, 0.8263157894736842, 0.9034210526315789, null, 0.8263157894736842, 0.9431578947368421, 0.7649122807017544, 0.7155263157894737, 0.7215789473684211, null, 0.7215789473684211, 0.7094736842105264, 0.9431578947368421, 0.8428070175438597, null, null, 0.8636842105263158, 0.7215789473684211, 0.9431578947368421, 0.7155263157894737, 0.7926315789473685, 0.9431578947368421, null, 0.7094736842105264, 0.8428070175438597, 0.7215789473684211, 0.9431578947368421, 0.7094736842105264, 0.8263157894736842, 0.7649122807017544, 0.7914035087719298, 0.7094736842105264, 0.8263157894736842, 0.9431578947368421, 0.7926315789473685, 0.7215789473684211, 0.8263157894736842, null]",11.163023233413696,5.447135925292969,0.07979798316955566,4.722379446029663,0.0016617774963378906,0.33279919624328613,1117838,ai05,success,
roberta_base_agnews,AGNews,50,0.1,44,100,1.0,dp_avg_eps2_K20,dp_avg,4,4.027436119744127,0.765,0.5733105263157896,0.828421052631579,0.9142105263157895,0.665921052631579,-0.22390533972482135,0,50,"[-0.2996306555863343, -0.1990110095167008, -0.29328821206993794, -0.1428571428571428, -0.31159420289855067, -0.06517857142857142, -0.17475728155339798, -0.22597526165556614, -0.6666666666666667, -0.1298701298701298, -0.19999999999999996, -0.1690821256038647, -0.2020016915703412, -0.18681318681318682, -0.28777324045159736, -0.23502304147465436, -0.2542600896860987, -0.18819938962360117, -0.4, -0.3464905985359552, -0.27710843373493976, -0.07240704500978468, -0.17661346287300483, -0.3179723502304148, -0.21927846674182638, -0.2415644171779141, -0.08163265306122458, -0.29999999999999993, -0.2687344351369708, -0.11202830188679247, -0.10153516198216506, -0.12137203166226918, -0.23383685800604226, -0.35096002518098834, -0.1448275862068965, -0.2142857142857143, -0.2960457856399584, 0.0, -0.09677419354838712, -0.13802559414990867, -0.13888888888888884, -0.14423076923076927, -0.3456692913385827, -0.26405405405405413, -0.34372217275155836, -0.22141560798548088, -0.35286688557716595, -0.2692307692307693, -0.1777777777777778, -0.19393575502852]","[0.6851338873499538, 0.7922186975181937, 0.6751269035532995, 0.8095238095238095, 0.6594202898550725, 0.9321428571428572, 0.7922330097087379, 0.7331113225499524, 0.3333333333333333, 0.7142857142857143, 0.8, 0.7536231884057971, 0.7933464899915421, 0.7362637362637363, 0.6992553447033389, 0.7023041474654378, 0.7307922272047832, 0.7934893184130214, 0.6, 0.6517869958375198, 0.6867469879518072, 0.8864970645792564, 0.8105482303955587, 0.6728110599078341, 0.7547914317925591, 0.7292944785276073, 0.9168556311413454, 0.65, 0.7266244057052298, 0.8514150943396226, 0.893498137487301, 0.8469656992084432, 0.7558912386706949, 0.6421152030217187, 0.8275862068965517, 0.7857142857142857, 0.6805411030176899, 1.0, 0.8064516129032258, 0.8135283363802559, 0.8333333333333334, 0.7307692307692307, 0.6433070866141732, 0.7316216216216216, 0.6438112199465716, 0.7513611615245009, 0.6446072240464764, 0.7307692307692307, 0.7777777777777778, 0.7961573101170819]","[0.9847645429362881, 0.9912297070348945, 0.9684151156232375, 0.9523809523809523, 0.9710144927536232, 0.9973214285714286, 0.9669902912621359, 0.9590865842055185, 1.0, 0.8441558441558441, 1.0, 0.9227053140096618, 0.9953481815618833, 0.9230769230769231, 0.9870285851549363, 0.9373271889400921, 0.9850523168908819, 0.9816887080366226, 1.0, 0.998277594373475, 0.963855421686747, 0.958904109589041, 0.9871616932685635, 0.9907834101382489, 0.9740698985343855, 0.9708588957055214, 0.99848828420257, 0.95, 0.9953588408422006, 0.9634433962264151, 0.9950332994694661, 0.9683377308707124, 0.9897280966767371, 0.993075228202707, 0.9724137931034482, 1.0, 0.9765868886576483, 1.0, 0.9032258064516129, 0.9515539305301646, 0.9722222222222222, 0.875, 0.988976377952756, 0.9956756756756757, 0.98753339269813, 0.9727767695099818, 0.9974741096236424, 1.0, 0.9555555555555556, 0.9900930651456019]",0.758773923444976,44,"[0.9152631578947369, null, null, 0.6478947368421053, 0.853421052631579, 0.7052631578947368, 0.756140350877193, 0.791578947368421, 0.7849122807017543, null, 0.6765789473684211, 0.6478947368421053, 0.756140350877193, 0.9152631578947369, 0.7052631578947368, 0.791578947368421, null, 0.781578947368421, 0.781578947368421, null, 0.781578947368421, 0.6478947368421053, 0.7052631578947368, 0.8040350877192982, 0.781578947368421, 0.853421052631579, 0.6478947368421053, 0.8102631578947368, 0.6478947368421053, 0.6478947368421053, null, 0.6478947368421053, 0.7197368421052631, 0.853421052631579, 0.748421052631579, 0.756140350877193, 0.7052631578947368, 0.756140350877193, 0.6765789473684211, 0.7052631578947368, 0.756140350877193, 0.7052631578947368, 0.9152631578947369, 0.7849122807017543, 0.9152631578947369, 0.7849122807017543, 0.8102631578947368, 0.8102631578947368, 0.791578947368421, 0.7052631578947368]",11.156838655471802,5.4270243644714355,0.07256150245666504,4.736003875732422,0.0016489028930664062,0.3400115966796875,1117838,ai05,success,
roberta_base_agnews,AGNews,50,0.1,42,100,1.0,dp_avg_eps8_K20,dp_avg,4,1.0109004643796973,0.8243421052631579,0.5314815789473684,0.8264473684210526,0.9142105263157895,0.7832894736842105,-0.16168565147188343,0,49,"[-0.019230769230769273, -0.170522707797772, 0.0, -0.017857142857142794, -0.6666666666666667, -0.057582097698535395, -0.1955445544554456, -0.16666666666666663, -0.18392709196354595, -0.17747858017135865, -0.15043156596794083, -0.4, -0.14776046738072046, -0.2704213241616509, -0.5, -0.04688644688644694, -0.10769230769230764, -0.18129581929859317, -0.0885434858539994, -0.16659768211920523, -0.22922831777828367, -0.10215053763440862, -0.07024793388429762, -0.10680190930787592, -0.02962962962962956, -0.11111111111111116, -0.13884297520661149, -0.08333333333333337, -0.20611849390919157, -0.09456893277630074, -0.14655672976425504, -0.06862745098039225, -0.05029745808545161, -0.11111111111111116, -0.21590909090909083, -0.14658634538152615, -0.16420664206642066, -0.14173565515272624, -0.08043554618897086, -0.15979687396953113, null, -0.05781584582441113, -0.1569867740080505, -0.05655526992287918, -0.2830073349633252, -0.2805049088359046, -0.04729729729729726, -0.3125, -0.2965009208103131, -0.2590271154108189]","[0.967948717948718, 0.8226221079691517, 1.0, 0.9553571428571429, 0.3333333333333333, 0.9394159919949059, 0.7929042904290429, 0.7857142857142857, 0.7804473902236951, 0.8053855569155447, 0.8002466091245376, 0.6, 0.8334956183057449, 0.7209802235597592, 0.5, 0.9523809523809523, 0.8, 0.8179116306716862, 0.8931191058330422, 0.8265728476821192, 0.7582517641702708, 0.8521505376344086, 0.8801652892561983, 0.8878281622911695, 0.8814814814814815, 0.8888888888888888, 0.8297520661157025, 0.9166666666666666, 0.7412790697674418, 0.8989745537409799, 0.7713389850191615, 0.9183006535947712, 0.9480800432666306, 0.8888888888888888, 0.7045454545454546, 0.8192771084337349, 0.8210332103321033, 0.7904653154439052, 0.900597119775202, 0.8318274747741212, null, 0.9389721627408993, 0.8263369752731455, 0.9125964010282777, 0.7139364303178484, 0.7110799438990182, 0.9495841995841996, 0.6875, 0.6952117863720073, 0.7257119498569288]","[0.9871794871794872, 0.9931448157669237, 1.0, 0.9732142857142857, 1.0, 0.9969980896934413, 0.9884488448844885, 0.9523809523809523, 0.9643744821872411, 0.9828641370869033, 0.9506781750924784, 1.0, 0.9812560856864654, 0.9914015477214101, 1.0, 0.9992673992673993, 0.9076923076923077, 0.9992074499702793, 0.9816625916870416, 0.9931705298013245, 0.9874800819485545, 0.9543010752688172, 0.9504132231404959, 0.9946300715990454, 0.9111111111111111, 1.0, 0.968595041322314, 1.0, 0.9473975636766334, 0.9935434865172806, 0.9178957147834166, 0.9869281045751634, 0.9983775013520823, 1.0, 0.9204545454545454, 0.9658634538152611, 0.985239852398524, 0.9322009705966314, 0.9810326659641728, 0.9916243487436524, null, 0.9967880085653105, 0.983323749281196, 0.9691516709511568, 0.9969437652811736, 0.9915848527349228, 0.9968814968814969, 1.0, 0.9917127071823204, 0.9847390652677477]",0.8237124756335283,45,"[0.7835087719298246, 0.7707894736842106, 0.8270175438596491, 0.7707894736842106, 0.8294736842105264, 0.7707894736842106, 0.8126315789473684, 0.8270175438596491, 0.9468421052631579, null, 0.8778947368421053, 0.8778947368421053, 0.9468421052631579, 0.8126315789473684, 0.8778947368421053, 0.7835087719298246, 0.8270175438596491, 0.8294736842105264, null, 0.8270175438596491, 0.8163157894736842, 0.9468421052631579, 0.8360526315789474, 0.7707894736842106, null, 0.8126315789473684, 0.8270175438596491, 0.8126315789473684, 0.881578947368421, 0.8089473684210526, 0.881578947368421, 0.7707894736842106, 0.7835087719298246, 0.8778947368421053, 0.881578947368421, 0.7252631578947368, 0.7707894736842106, 0.881578947368421, null, 0.7252631578947368, 0.8243421052631579, 0.8126315789473684, 0.7671052631578947, 0.7252631578947368, 0.8126315789473684, 0.8126315789473684, 0.7671052631578947, 0.8573684210526316, 0.8778947368421053, null]",11.158899307250977,5.425572395324707,0.06455087661743164,4.69746732711792,0.0016655921936035156,0.3624992370605469,1117838,ai05,success,
roberta_base_agnews,AGNews,50,0.1,43,100,1.0,dp_avg_eps8_K20,dp_avg,4,1.0126624410861016,0.838421052631579,0.5819131578947367,0.8106578947368421,0.9142105263157895,0.8148684210526316,-0.13123431518986503,0,50,"[-0.16344086021505377, -0.2303643724696357, -0.1910112359550562, -0.17672590287445744, -0.11390611160318864, -0.10843373493975905, -0.11340758192332412, -0.2533834586466166, 0.0, 0.0, -0.22052704576976423, -0.19877675840978604, -0.13186813186813195, -0.20223671947809885, -0.24905660377358496, -0.15037593984962405, -0.10526315789473684, -0.2142857142857143, 0.0, -0.03703703703703698, -0.12727272727272732, -0.04592960849669503, -0.10139318885448911, -0.09923273657289, -0.18162327718223592, -0.23352756611385028, -0.14224137931034475, -0.0730593607305936, -0.15135310322476103, -0.13294883170659566, -0.13725490196078427, -0.03801478352692711, -0.03949224259520456, -0.08960573476702505, -0.10930986567855494, -0.15393518518518523, -0.21033210332103325, -0.09388684533193203, -0.19200000000000006, -0.059887005649717606, -0.23869713174526008, -0.125, -0.10204081632653061, -0.23011363636363635, -0.12121212121212122, -0.2342027141645462, -0.04489337822671158, -0.06521739130434778, -0.07299270072992692, -0.05494505494505497]","[0.7935483870967742, 0.7668016194331984, 0.7932584269662921, 0.7746294324789125, 0.8667847652790079, 0.8313253012048193, 0.8639965731420004, 0.7406015037593985, 1.0, 0.958904109589041, 0.7665279704114656, 0.7920489296636085, 0.7912087912087912, 0.7898415657036346, 0.7320754716981132, 0.7725563909774437, 0.8947368421052632, 0.7857142857142857, 1.0, 0.9365079365079365, 0.8363636363636363, 0.9504547765662957, 0.8817724458204335, 0.857459505541347, 0.7586523736600306, 0.7642312864186463, 0.7672413793103449, 0.893455098934551, 0.7736185383244206, 0.8356994971901804, 0.7990196078431373, 0.9588173178458289, 0.9520451339915373, 0.8458781362007168, 0.8633626679018064, 0.8240740740740741, 0.7822878228782287, 0.8938518129269575, 0.712, 0.9367231638418079, 0.7564414195430238, 0.875, 0.8639455782312925, 0.7662706611570248, 0.7878787878787878, 0.7618744698897371, 0.9494949494949495, 0.8586956521739131, 0.8686131386861314, 0.8131868131868132]","[0.956989247311828, 0.9971659919028341, 0.9842696629213483, 0.9513553353533699, 0.9806908768821966, 0.9397590361445783, 0.9774041550653245, 0.9939849624060151, 1.0, 0.958904109589041, 0.9870550161812298, 0.9908256880733946, 0.9230769230769231, 0.9920782851817335, 0.9811320754716981, 0.9229323308270677, 1.0, 1.0, 1.0, 0.9735449735449735, 0.9636363636363636, 0.9963843850629908, 0.9831656346749226, 0.956692242114237, 0.9402756508422665, 0.9977588525324966, 0.9094827586206896, 0.9665144596651446, 0.9249716415491817, 0.9686483288967761, 0.9362745098039216, 0.996832101372756, 0.9915373765867419, 0.9354838709677419, 0.9726725335803613, 0.9780092592592593, 0.992619926199262, 0.9877386582588895, 0.904, 0.9966101694915255, 0.9951385512882839, 1.0, 0.9659863945578231, 0.9963842975206612, 0.9090909090909091, 0.9960771840542832, 0.9943883277216611, 0.9239130434782609, 0.9416058394160584, 0.8681318681318682]",0.8382284980744547,41,"[0.8581578947368421, 0.9144736842105263, 0.8186842105263158, null, 0.858421052631579, null, 0.7626315789473684, 0.9542105263157895, 0.7623684210526316, 0.7623684210526316, null, 0.8186842105263158, 0.8747368421052631, 0.8581578947368421, 0.9144736842105263, null, 0.8581578947368421, 0.9542105263157895, 0.7998245614035088, 0.7623684210526316, 0.7626315789473684, null, 0.7626315789473684, 0.7621052631578947, 0.9542105263157895, 0.863859649122807, null, null, 0.8747368421052631, 0.7626315789473684, 0.9542105263157895, 0.7623684210526316, 0.8186842105263158, 0.9542105263157895, null, 0.7621052631578947, 0.863859649122807, 0.7626315789473684, 0.9542105263157895, 0.7621052631578947, 0.8581578947368421, 0.7998245614035088, 0.8263157894736842, 0.7621052631578947, 0.8581578947368421, 0.9542105263157895, 0.8186842105263158, 0.7626315789473684, 0.8581578947368421, null]",11.259761095046997,5.475914001464844,0.07396435737609863,4.795802593231201,0.0016443729400634766,0.33515024185180664,1117838,ai05,success,
roberta_base_agnews,AGNews,50,0.1,44,100,1.0,dp_avg_eps8_K20,dp_avg,4,1.0068590299360318,0.815,0.5733105263157896,0.828421052631579,0.9142105263157895,0.7825,-0.16378484498568557,0,50,"[-0.21352723915050786, -0.15879828326180256, -0.20530174844895654, -0.06349206349206349, -0.21376811594202894, -0.041964285714285676, -0.13980582524271834, -0.16508087535680305, -0.33333333333333337, -0.051948051948051854, -0.19999999999999996, -0.1594202898550725, -0.16929799830842973, -0.1135531135531136, -0.20922411722315637, -0.18433179723502302, -0.2237668161434978, -0.15055951169888093, -0.33333333333333337, -0.248457011626238, -0.2168674698795181, -0.06262230919765166, -0.140527411519778, -0.2211981566820277, -0.19109357384441938, -0.20475460122699385, -0.05432728647014362, -0.22499999999999998, -0.23318994792845826, -0.07547169811320753, -0.07184783835647357, -0.09366754617414252, -0.19516616314199386, -0.2524394082467737, -0.12413793103448267, -0.0714285714285714, -0.22372528616024978, 0.0, -0.07526881720430101, -0.10694698354661791, -0.08333333333333337, -0.10576923076923073, -0.24724409448818907, -0.23459459459459464, -0.24042742653606408, -0.20508166969147001, -0.25082091437231624, -0.11538461538461542, -0.13333333333333341, -0.15460822575803057]","[0.7712373037857803, 0.832431423773092, 0.7631133671742809, 0.8888888888888888, 0.7572463768115942, 0.9553571428571429, 0.8271844660194175, 0.7940057088487155, 0.6666666666666666, 0.7922077922077922, 0.8, 0.7632850241545893, 0.8260501832534536, 0.8095238095238095, 0.7778044679317799, 0.7529953917050691, 0.7612855007473841, 0.8311291963377416, 0.6666666666666666, 0.749820582747237, 0.7469879518072289, 0.8962818003913894, 0.8466342817487855, 0.7695852534562212, 0.7829763246899661, 0.7661042944785276, 0.9441609977324263, 0.725, 0.7621688929137423, 0.8879716981132075, 0.9231854611129925, 0.8746701846965699, 0.7945619335347432, 0.7406358199559333, 0.8482758620689655, 0.9285714285714286, 0.7528616024973985, 1.0, 0.8279569892473119, 0.8446069469835467, 0.8888888888888888, 0.7692307692307693, 0.7417322834645669, 0.7610810810810811, 0.7471059661620659, 0.7676950998185118, 0.7466531952513261, 0.8846153846153846, 0.8222222222222222, 0.8354848393875713]","[0.9847645429362881, 0.9912297070348945, 0.9684151156232375, 0.9523809523809523, 0.9710144927536232, 0.9973214285714286, 0.9669902912621359, 0.9590865842055185, 1.0, 0.8441558441558441, 1.0, 0.9227053140096618, 0.9953481815618833, 0.9230769230769231, 0.9870285851549363, 0.9373271889400921, 0.9850523168908819, 0.9816887080366226, 1.0, 0.998277594373475, 0.963855421686747, 0.958904109589041, 0.9871616932685635, 0.9907834101382489, 0.9740698985343855, 0.9708588957055214, 0.99848828420257, 0.95, 0.9953588408422006, 0.9634433962264151, 0.9950332994694661, 0.9683377308707124, 0.9897280966767371, 0.993075228202707, 0.9724137931034482, 1.0, 0.9765868886576483, 1.0, 0.9032258064516129, 0.9515539305301646, 0.9722222222222222, 0.875, 0.988976377952756, 0.9956756756756757, 0.98753339269813, 0.9727767695099818, 0.9974741096236424, 1.0, 0.9555555555555556, 0.9900930651456019]",0.8118520733652311,44,"[0.9426315789473684, null, null, 0.7510526315789474, 0.885, 0.7389473684210527, 0.8108771929824561, 0.8273684210526315, 0.8403508771929824, null, 0.745, 0.7510526315789474, 0.8108771929824561, 0.9426315789473684, 0.7389473684210527, 0.8273684210526315, null, 0.8468421052631578, 0.8468421052631578, null, 0.8468421052631578, 0.7510526315789474, 0.7389473684210527, 0.8363157894736842, 0.8468421052631578, 0.885, 0.7510526315789474, 0.8407894736842105, 0.7510526315789474, 0.7510526315789474, null, 0.7510526315789474, 0.7892105263157895, 0.885, 0.783157894736842, 0.8108771929824561, 0.7389473684210527, 0.8108771929824561, 0.745, 0.7389473684210527, 0.8108771929824561, 0.7389473684210527, 0.9426315789473684, 0.8403508771929824, 0.9426315789473684, 0.8403508771929824, 0.8407894736842105, 0.8407894736842105, 0.8273684210526315, 0.7389473684210527]",11.280569791793823,5.486116886138916,0.06951141357421875,4.797927618026733,0.001659393310546875,0.3494455814361572,1117838,ai05,success,
roberta_base_agnews,AGNews,50,0.1,42,100,1.0,labelled_probe_warmup,labelled,100,0.0,0.8230263157894737,0.5314815789473684,0.8264473684210526,0.9142105263157895,0.7918421052631579,-0.16212609424413318,0,49,"[-0.02564102564102566, -0.16281062553556125, 0.0, -0.0625, -0.6666666666666667, -0.07077230965159642, -0.20049504950495056, -0.09523809523809523, -0.16155758077879034, -0.17870257037943704, -0.13563501849568438, -0.44999999999999996, -0.11635832521908462, -0.2734307824591573, -0.38888888888888884, -0.063003663003663, -0.07692307692307687, -0.18684366950663756, -0.09745022703457917, -0.1312086092715231, -0.2390166173457774, -0.08870967741935487, -0.05371900826446285, -0.116945107398568, -0.03703703703703698, -0.2222222222222222, -0.1140495867768595, -0.08333333333333337, -0.216500553709856, -0.10216483099126472, -0.155382650098711, -0.07189542483660138, -0.06544077879935106, -0.11111111111111116, -0.21590909090909083, -0.1706827309236948, -0.1688191881918819, -0.14830145589494714, -0.09378292939936772, -0.12655806898371036, null, -0.07655246252676662, -0.11788384128809659, -0.06169665809768643, -0.3019559902200488, -0.3085553997194951, -0.062370062370062374, -0.3125, -0.294659300184162, -0.26229731571058734]","[0.9615384615384616, 0.8303341902313625, 1.0, 0.9107142857142857, 0.3333333333333333, 0.9262257800418449, 0.7879537953795379, 0.8571428571428571, 0.8028169014084507, 0.8041615667074663, 0.815043156596794, 0.55, 0.8648977604673808, 0.7179707652622528, 0.6111111111111112, 0.9362637362637363, 0.8307692307692308, 0.8123637804636418, 0.8842123646524624, 0.8619619205298014, 0.7484634646027771, 0.8655913978494624, 0.8966942148760331, 0.8776849642004774, 0.8740740740740741, 0.7777777777777778, 0.8545454545454545, 0.9166666666666666, 0.7308970099667774, 0.8913786555260159, 0.7625130646847056, 0.9150326797385621, 0.9329367225527312, 0.8888888888888888, 0.7045454545454546, 0.7951807228915663, 0.816420664206642, 0.7838995147016843, 0.8872497365648051, 0.865066279759942, null, 0.9202355460385439, 0.8654399079930994, 0.9074550128534704, 0.6949877750611247, 0.6830294530154277, 0.9345114345114345, 0.6875, 0.6970534069981584, 0.7224417495571603]","[0.9871794871794872, 0.9931448157669237, 1.0, 0.9732142857142857, 1.0, 0.9969980896934413, 0.9884488448844885, 0.9523809523809523, 0.9643744821872411, 0.9828641370869033, 0.9506781750924784, 1.0, 0.9812560856864654, 0.9914015477214101, 1.0, 0.9992673992673993, 0.9076923076923077, 0.9992074499702793, 0.9816625916870416, 0.9931705298013245, 0.9874800819485545, 0.9543010752688172, 0.9504132231404959, 0.9946300715990454, 0.9111111111111111, 1.0, 0.968595041322314, 1.0, 0.9473975636766334, 0.9935434865172806, 0.9178957147834166, 0.9869281045751634, 0.9983775013520823, 1.0, 0.9204545454545454, 0.9658634538152611, 0.985239852398524, 0.9322009705966314, 0.9810326659641728, 0.9916243487436524, null, 0.9967880085653105, 0.983323749281196, 0.9691516709511568, 0.9969437652811736, 0.9915848527349228, 0.9968814968814969, 1.0, 0.9917127071823204, 0.9847390652677477]",0.8230575048732947,45,"[0.7885964912280702, 0.78, 0.8122807017543859, 0.78, 0.8287719298245614, 0.78, 0.8305263157894737, 0.8122807017543859, 0.9263157894736842, null, 0.8660526315789474, 0.8660526315789474, 0.9263157894736842, 0.8305263157894737, 0.8660526315789474, 0.7885964912280702, 0.8122807017543859, 0.8287719298245614, null, 0.8122807017543859, 0.8552631578947368, 0.9263157894736842, 0.8155263157894737, 0.78, null, 0.8305263157894737, 0.8122807017543859, 0.8305263157894737, 0.8907894736842106, 0.8057894736842105, 0.8907894736842106, 0.78, 0.7885964912280702, 0.8660526315789474, 0.8907894736842106, 0.7047368421052631, 0.78, 0.8907894736842106, null, 0.7047368421052631, 0.8230263157894737, 0.8305263157894737, 0.7552631578947369, 0.7047368421052631, 0.8305263157894737, 0.8305263157894737, 0.7552631578947369, 0.8624561403508771, 0.8660526315789474, null]",11.005048274993896,5.423363924026489,0.011347770690917969,4.63792872428894,0.001650094985961914,0.35274648666381836,1117838,ai05,success,
roberta_base_agnews,AGNews,50,0.1,43,100,1.0,labelled_probe_warmup,labelled,100,0.0,0.8248684210526316,0.5819131578947367,0.8106578947368421,0.9142105263157895,0.7931578947368421,-0.13861718654226396,0,50,"[-0.1913978494623656, -0.24372469635627536, -0.202247191011236, -0.19507001883547626, -0.13197519929140833, -0.10843373493975905, -0.13300492610837444, -0.24511278195488728, 0.0, 0.0, -0.20434581599630153, -0.18144750254842001, -0.15164835164835166, -0.23392357875116498, -0.2716981132075472, -0.1842105263157895, -0.10526315789473684, -0.2142857142857143, 0.0, -0.05820105820105814, -0.1454545454545454, -0.04592960849669503, -0.12364551083591324, -0.12446717817561803, -0.17794793261868302, -0.22142536978933214, -0.15086206896551724, -0.0791476407914764, -0.15832117971155402, -0.14300502809819582, -0.13725490196078427, -0.03801478352692711, -0.042313117066290595, -0.11111111111111105, -0.12691060676239008, -0.1747685185185186, -0.22140221402214022, -0.09493781748117014, -0.11199999999999999, -0.05830508474576279, -0.2659212445308702, -0.125, -0.12925170068027203, -0.2520661157024794, -0.06060606060606055, -0.2254028837998303, -0.03591470258136931, -0.09239130434782605, -0.1021897810218978, -0.09890109890109888]","[0.7655913978494624, 0.7534412955465587, 0.7820224719101123, 0.7562853165178937, 0.8487156775907883, 0.8313253012048193, 0.8443992289569501, 0.7488721804511278, 1.0, 0.958904109589041, 0.7827092001849283, 0.8093781855249745, 0.7714285714285715, 0.7581547064305685, 0.7094339622641509, 0.7387218045112782, 0.8947368421052632, 0.7857142857142857, 1.0, 0.9153439153439153, 0.8181818181818182, 0.9504547765662957, 0.8595201238390093, 0.832225063938619, 0.7623277182235835, 0.7763334827431645, 0.7586206896551724, 0.8873668188736682, 0.7666504618376276, 0.8256433007985803, 0.7990196078431373, 0.9588173178458289, 0.9492242595204513, 0.8243727598566308, 0.8457619268179712, 0.8032407407407407, 0.7712177121771218, 0.8928008407777194, 0.792, 0.9383050847457627, 0.7292173067574137, 0.875, 0.8367346938775511, 0.7443181818181818, 0.8484848484848485, 0.7706743002544529, 0.9584736251402918, 0.8315217391304348, 0.8394160583941606, 0.7692307692307693]","[0.956989247311828, 0.9971659919028341, 0.9842696629213483, 0.9513553353533699, 0.9806908768821966, 0.9397590361445783, 0.9774041550653245, 0.9939849624060151, 1.0, 0.958904109589041, 0.9870550161812298, 0.9908256880733946, 0.9230769230769231, 0.9920782851817335, 0.9811320754716981, 0.9229323308270677, 1.0, 1.0, 1.0, 0.9735449735449735, 0.9636363636363636, 0.9963843850629908, 0.9831656346749226, 0.956692242114237, 0.9402756508422665, 0.9977588525324966, 0.9094827586206896, 0.9665144596651446, 0.9249716415491817, 0.9686483288967761, 0.9362745098039216, 0.996832101372756, 0.9915373765867419, 0.9354838709677419, 0.9726725335803613, 0.9780092592592593, 0.992619926199262, 0.9877386582588895, 0.904, 0.9966101694915255, 0.9951385512882839, 1.0, 0.9659863945578231, 0.9963842975206612, 0.9090909090909091, 0.9960771840542832, 0.9943883277216611, 0.9239130434782609, 0.9416058394160584, 0.8681318681318682]",0.8251561831407789,41,"[0.8613157894736843, 0.901578947368421, 0.7884210526315789, null, 0.8394736842105263, null, 0.7263157894736842, 0.9526315789473684, 0.7481578947368421, 0.7481578947368421, null, 0.7884210526315789, 0.8505263157894737, 0.8613157894736843, 0.901578947368421, null, 0.8613157894736843, 0.9526315789473684, 0.7822807017543859, 0.7481578947368421, 0.7263157894736842, null, 0.7263157894736842, 0.77, 0.9526315789473684, 0.8431578947368421, null, null, 0.8505263157894737, 0.7263157894736842, 0.9526315789473684, 0.7481578947368421, 0.7884210526315789, 0.9526315789473684, null, 0.77, 0.8431578947368421, 0.7263157894736842, 0.9526315789473684, 0.77, 0.8613157894736843, 0.7822807017543859, 0.8163157894736842, 0.77, 0.8613157894736843, 0.9526315789473684, 0.7884210526315789, 0.7263157894736842, 0.8613157894736843, null]",11.096991062164307,5.416008472442627,0.011313676834106445,4.753909111022949,0.0016646385192871094,0.3351438045501709,1117838,ai05,success,
roberta_base_agnews,AGNews,50,0.1,44,100,1.0,labelled_probe_warmup,labelled,100,0.0,0.8182894736842106,0.5733105263157896,0.828421052631579,0.9142105263157895,0.7810526315789473,-0.17435008646658157,0,50,"[-0.24538319482917825, -0.15702556447098337, -0.24647490129723637, -0.06349206349206349, -0.2681159420289855, -0.0580357142857143, -0.13786407766990283, -0.18220742150333014, -0.6666666666666667, -0.09090909090909083, -0.19999999999999996, -0.11111111111111105, -0.16774739216239076, -0.16483516483516492, -0.24213307710785492, -0.14746543778801846, -0.1707025411061286, -0.14852492370295012, -0.33333333333333337, -0.2850581311898952, -0.17469879518072284, -0.05675146771037176, -0.1401804302567662, -0.26497695852534564, -0.1369785794813979, -0.1472392638036809, -0.0697278911564626, -0.24166666666666659, -0.1838351822503962, -0.08490566037735847, -0.07709673778078785, -0.08575197889182062, -0.15528700906344406, -0.28674850487881653, -0.13793103448275856, 0.0, -0.25182101977107185, 0.0, -0.053763440860215006, -0.11060329067641683, -0.13888888888888884, -0.11538461538461542, -0.2937007874015748, -0.18108108108108112, -0.27248441674087265, -0.15426497277676943, -0.29653953018439005, -0.23076923076923073, -0.13333333333333341, -0.15400780546382464]","[0.7393813481071099, 0.8342041425639112, 0.7219402143260011, 0.8888888888888888, 0.7028985507246377, 0.9392857142857143, 0.829126213592233, 0.7768791627021884, 0.3333333333333333, 0.7532467532467533, 0.8, 0.8115942028985508, 0.8276007893994926, 0.7582417582417582, 0.7448955080470814, 0.7898617511520737, 0.8143497757847533, 0.8331637843336724, 0.6666666666666666, 0.7132194631835798, 0.7891566265060241, 0.9021526418786693, 0.8469812630117973, 0.7258064516129032, 0.8370913190529876, 0.8236196319018405, 0.9287603930461074, 0.7083333333333334, 0.8115236585918044, 0.8785377358490566, 0.9179365616886782, 0.8825857519788918, 0.834441087613293, 0.7063267233238905, 0.8344827586206897, 1.0, 0.7247658688865765, 1.0, 0.8494623655913979, 0.8409506398537477, 0.8333333333333334, 0.7596153846153846, 0.6952755905511812, 0.8145945945945946, 0.7150489759572574, 0.8185117967332124, 0.7009345794392523, 0.7692307692307693, 0.8222222222222222, 0.8360852596817773]","[0.9847645429362881, 0.9912297070348945, 0.9684151156232375, 0.9523809523809523, 0.9710144927536232, 0.9973214285714286, 0.9669902912621359, 0.9590865842055185, 1.0, 0.8441558441558441, 1.0, 0.9227053140096618, 0.9953481815618833, 0.9230769230769231, 0.9870285851549363, 0.9373271889400921, 0.9850523168908819, 0.9816887080366226, 1.0, 0.998277594373475, 0.963855421686747, 0.958904109589041, 0.9871616932685635, 0.9907834101382489, 0.9740698985343855, 0.9708588957055214, 0.99848828420257, 0.95, 0.9953588408422006, 0.9634433962264151, 0.9950332994694661, 0.9683377308707124, 0.9897280966767371, 0.993075228202707, 0.9724137931034482, 1.0, 0.9765868886576483, 1.0, 0.9032258064516129, 0.9515539305301646, 0.9722222222222222, 0.875, 0.988976377952756, 0.9956756756756757, 0.98753339269813, 0.9727767695099818, 0.9974741096236424, 1.0, 0.9555555555555556, 0.9900930651456019]",0.814469696969697,44,"[0.9310526315789474, null, null, 0.7121052631578947, 0.8789473684210526, 0.8031578947368421, 0.8154385964912281, 0.8268421052631579, 0.8233333333333334, null, 0.7576315789473684, 0.7121052631578947, 0.8154385964912281, 0.9310526315789474, 0.8031578947368421, 0.8268421052631579, null, 0.8215789473684211, 0.8215789473684211, null, 0.8215789473684211, 0.7121052631578947, 0.8031578947368421, 0.8536842105263158, 0.8215789473684211, 0.8789473684210526, 0.7121052631578947, 0.8671052631578947, 0.7121052631578947, 0.7121052631578947, null, 0.7121052631578947, 0.7694736842105263, 0.8789473684210526, 0.815, 0.8154385964912281, 0.8031578947368421, 0.8154385964912281, 0.7576315789473684, 0.8031578947368421, 0.8154385964912281, 0.8031578947368421, 0.9310526315789474, 0.8233333333333334, 0.9310526315789474, 0.8233333333333334, 0.8671052631578947, 0.8671052631578947, 0.8268421052631579, 0.8031578947368421]",11.11730170249939,5.406680107116699,0.011139631271362305,4.771777629852295,0.0016570091247558594,0.3538320064544678,1117838,ai05,success,
roberta_base_agnews,AGNews,50,0.1,42,100,1.0,no_phase0,none,0,0.0,0.6896052631578947,0.5314815789473684,0.8264473684210526,0.9142105263157895,0.20355263157894737,-0.2987172538453282,0,49,"[-0.1923076923076924, -0.21422450728363318, -0.5, -0.1607142857142857, -0.6666666666666667, -0.17720367506595103, -0.3432343234323433, -0.2857142857142857, -0.3628831814415907, -0.22643818849449204, -0.35881627620221945, -0.6, -0.34469328140214206, -0.42347377472055026, -0.5, -0.16556776556776553, -0.29230769230769227, -0.2283534773132554, -0.22668529514495295, -0.347682119205298, -0.3740040974277259, -0.22580645161290325, -0.2727272727272728, -0.19252187748607796, -0.22962962962962963, -0.11111111111111116, -0.3421487603305785, -0.16666666666666663, -0.3348560354374308, -0.22711735662742116, -0.24642898618046682, -0.23202614379084974, -0.17793401838831802, -0.33333333333333337, -0.375, -0.19678714859437751, -0.2223247232472324, -0.20967741935483863, -0.19704952581664914, -0.3585702037855306, null, -0.19646680942184147, -0.3599769982748705, -0.15938303341902316, -0.44559902200489, -0.4109396914446002, -0.18451143451143448, -0.375, -0.4392265193370165, -0.4233546804741791]","[0.7948717948717948, 0.7789203084832905, 0.5, 0.8125, 0.3333333333333333, 0.8197944146274903, 0.6452145214521452, 0.6666666666666666, 0.6014913007456504, 0.7564259485924113, 0.591861898890259, 0.4, 0.6365628042843233, 0.5679277730008598, 0.5, 0.8336996336996337, 0.6153846153846154, 0.7708539726570239, 0.7549772965420887, 0.6454884105960265, 0.6134759845208286, 0.728494623655914, 0.6776859504132231, 0.8021081941129674, 0.6814814814814815, 0.8888888888888888, 0.6264462809917355, 0.8333333333333334, 0.6125415282392026, 0.7664261298898595, 0.6714667286029498, 0.7549019607843137, 0.8204434829637642, 0.6666666666666666, 0.5454545454545454, 0.7690763052208835, 0.7629151291512916, 0.7225235512417928, 0.7839831401475237, 0.6330541449581217, null, 0.800321199143469, 0.6233467510063255, 0.8097686375321337, 0.5513447432762836, 0.5806451612903226, 0.8123700623700624, 0.625, 0.5524861878453039, 0.5613843847935686]","[0.9871794871794872, 0.9931448157669237, 1.0, 0.9732142857142857, 1.0, 0.9969980896934413, 0.9884488448844885, 0.9523809523809523, 0.9643744821872411, 0.9828641370869033, 0.9506781750924784, 1.0, 0.9812560856864654, 0.9914015477214101, 1.0, 0.9992673992673993, 0.9076923076923077, 0.9992074499702793, 0.9816625916870416, 0.9931705298013245, 0.9874800819485545, 0.9543010752688172, 0.9504132231404959, 0.9946300715990454, 0.9111111111111111, 1.0, 0.968595041322314, 1.0, 0.9473975636766334, 0.9935434865172806, 0.9178957147834166, 0.9869281045751634, 0.9983775013520823, 1.0, 0.9204545454545454, 0.9658634538152611, 0.985239852398524, 0.9322009705966314, 0.9810326659641728, 0.9916243487436524, null, 0.9967880085653105, 0.983323749281196, 0.9691516709511568, 0.9969437652811736, 0.9915848527349228, 0.9968814968814969, 1.0, 0.9917127071823204, 0.9847390652677477]",0.6883109161793376,45,"[0.6456140350877193, 0.5878947368421052, 0.7136842105263158, 0.5878947368421052, 0.6657894736842105, 0.5878947368421052, 0.6892105263157895, 0.7136842105263158, 0.8215789473684211, null, 0.7913157894736842, 0.7913157894736842, 0.8215789473684211, 0.6892105263157895, 0.7913157894736842, 0.6456140350877193, 0.7136842105263158, 0.6657894736842105, null, 0.7136842105263158, 0.6173684210526316, 0.8215789473684211, 0.69, 0.5878947368421052, null, 0.6892105263157895, 0.7136842105263158, 0.6892105263157895, 0.7194736842105263, 0.7610526315789473, 0.7194736842105263, 0.5878947368421052, 0.6456140350877193, 0.7913157894736842, 0.7194736842105263, 0.5584210526315789, 0.5878947368421052, 0.7194736842105263, null, 0.5584210526315789, 0.6896052631578947, 0.6892105263157895, 0.6597368421052632, 0.5584210526315789, 0.6892105263157895, 0.6892105263157895, 0.6597368421052632, 0.7333333333333333, 0.7913157894736842, null]",10.922191381454468,5.350594520568848,0.0049762725830078125,4.632843017578125,0.0016410350799560547,0.3528611660003662,1117838,ai05,success,
roberta_base_agnews,AGNews,50,0.1,43,100,1.0,no_phase0,none,0,0.0,0.7425,0.5819131578947367,0.8106578947368421,0.9142105263157895,0.27407894736842103,-0.22334082986399836,0,50,"[-0.23440860215053771, -0.30931174089068836, -0.3213483146067416, -0.26672672180820567, -0.2047829937998228, -0.10843373493975905, -0.20935960591133007, -0.34736842105263166, -0.25, -0.041095890410958846, -0.31437817845584837, -0.29969418960244654, -0.2175824175824176, -0.3061509785647717, -0.31320754716981136, -0.25187969924812037, -0.1578947368421053, -0.2857142857142857, 0.0, -0.1693121693121693, -0.2545454545454545, -0.17253262527540814, -0.19272445820433437, -0.19198635976129586, -0.2741194486983155, -0.32720753025549076, -0.22413793103448276, -0.1582952815829528, -0.2445308701993194, -0.21739130434782605, -0.22058823529411764, -0.16156282998944027, -0.1805359661495064, -0.18637992831541217, -0.17832329782306633, -0.2592592592592593, -0.30627306273062727, -0.21562445261867236, -0.256, -0.18350282485875713, -0.3218279047156052, -0.125, -0.16666666666666663, -0.3223140495867769, -0.21212121212121204, -0.32951653944020354, -0.164983164983165, -0.1630434782608695, -0.16058394160583933, -0.18681318681318682]","[0.7225806451612903, 0.6878542510121457, 0.6629213483146067, 0.6846286135451642, 0.7759078830823738, 0.8313253012048193, 0.7680445491539944, 0.6466165413533834, 0.75, 0.9178082191780822, 0.6726768377253814, 0.691131498470948, 0.7054945054945055, 0.6859273066169618, 0.6679245283018868, 0.6710526315789473, 0.8421052631578947, 0.7142857142857143, 1.0, 0.8042328042328042, 0.7090909090909091, 0.8238517597875826, 0.7904411764705882, 0.7647058823529411, 0.666156202143951, 0.6705513222770059, 0.6853448275862069, 0.8082191780821918, 0.6804407713498623, 0.75125702454895, 0.7156862745098039, 0.8352692713833157, 0.8110014104372355, 0.7491039426523297, 0.794349235757295, 0.71875, 0.6863468634686347, 0.7721142056402172, 0.648, 0.8131073446327683, 0.6733106465726787, 0.875, 0.7993197278911565, 0.6740702479338843, 0.696969696969697, 0.6665606446140797, 0.8294051627384961, 0.7608695652173914, 0.781021897810219, 0.6813186813186813]","[0.956989247311828, 0.9971659919028341, 0.9842696629213483, 0.9513553353533699, 0.9806908768821966, 0.9397590361445783, 0.9774041550653245, 0.9939849624060151, 1.0, 0.958904109589041, 0.9870550161812298, 0.9908256880733946, 0.9230769230769231, 0.9920782851817335, 0.9811320754716981, 0.9229323308270677, 1.0, 1.0, 1.0, 0.9735449735449735, 0.9636363636363636, 0.9963843850629908, 0.9831656346749226, 0.956692242114237, 0.9402756508422665, 0.9977588525324966, 0.9094827586206896, 0.9665144596651446, 0.9249716415491817, 0.9686483288967761, 0.9362745098039216, 0.996832101372756, 0.9915373765867419, 0.9354838709677419, 0.9726725335803613, 0.9780092592592593, 0.992619926199262, 0.9877386582588895, 0.904, 0.9966101694915255, 0.9951385512882839, 1.0, 0.9659863945578231, 0.9963842975206612, 0.9090909090909091, 0.9960771840542832, 0.9943883277216611, 0.9239130434782609, 0.9416058394160584, 0.8681318681318682]",0.7402053915275995,41,"[0.7523684210526316, 0.8131578947368421, 0.7326315789473684, null, 0.7547368421052632, null, 0.6742105263157895, 0.8352631578947368, 0.6718421052631579, 0.6718421052631579, null, 0.7326315789473684, 0.7910526315789473, 0.7523684210526316, 0.8131578947368421, null, 0.7523684210526316, 0.8352631578947368, 0.7115789473684211, 0.6718421052631579, 0.6742105263157895, null, 0.6742105263157895, 0.6694736842105263, 0.8352631578947368, 0.7668421052631579, null, null, 0.7910526315789473, 0.6742105263157895, 0.8352631578947368, 0.6718421052631579, 0.7326315789473684, 0.8352631578947368, null, 0.6694736842105263, 0.7668421052631579, 0.6742105263157895, 0.8352631578947368, 0.6694736842105263, 0.7523684210526316, 0.7115789473684211, 0.7263157894736842, 0.6694736842105263, 0.7523684210526316, 0.8352631578947368, 0.7326315789473684, 0.6742105263157895, 0.7523684210526316, null]",11.06597375869751,5.367258548736572,0.004837751388549805,4.776004314422607,0.0016639232635498047,0.34462761878967285,1117838,ai05,success,
roberta_base_agnews,AGNews,50,0.1,44,100,1.0,no_phase0,none,0,0.0,0.6726315789473685,0.5733105263157896,0.828421052631579,0.9142105263157895,0.22263157894736843,-0.3024079211439441,0,50,"[-0.3778855032317636, -0.2570442246687815, -0.3745064861816131, -0.2857142857142857, -0.42028985507246375, -0.20892857142857146, -0.2504854368932038, -0.33111322549952427, -0.6666666666666667, -0.16883116883116878, -0.19999999999999996, -0.24637681159420288, -0.26064279672963075, -0.2857142857142858, -0.3677636319961566, -0.2976958525345622, -0.3061285500747384, -0.2400813835198372, -0.4666666666666667, -0.4224199799052677, -0.30722891566265065, -0.2035225048923679, -0.23941707147814018, -0.4124423963133641, -0.294250281848929, -0.29524539877300604, -0.24338624338624348, -0.3916666666666666, -0.32997509621915333, -0.2193396226415094, -0.25172141325206, -0.23614775725593662, -0.320845921450151, -0.4180044066729619, -0.26206896551724135, -0.2857142857142857, -0.37825182101977106, 0.0, -0.20430107526881713, -0.21389396709323583, -0.19444444444444442, -0.22115384615384615, -0.4322834645669291, -0.3264864864864865, -0.40516473731077474, -0.294010889292196, -0.43647385703460473, -0.34615384615384615, -0.2666666666666667, -0.2551786250375263]","[0.6068790397045245, 0.734185482366113, 0.5939086294416244, 0.6666666666666666, 0.5507246376811594, 0.7883928571428571, 0.7165048543689321, 0.6279733587059942, 0.3333333333333333, 0.6753246753246753, 0.8, 0.6763285024154589, 0.7347053848322526, 0.6373626373626373, 0.6192649531587797, 0.6396313364055299, 0.6789237668161435, 0.7416073245167853, 0.5333333333333333, 0.5758576144682073, 0.6566265060240963, 0.7553816046966731, 0.7477446217904233, 0.5783410138248848, 0.6798196166854565, 0.6756134969325154, 0.7551020408163265, 0.5583333333333333, 0.6653837446230473, 0.7441037735849056, 0.7433118862174061, 0.7321899736147758, 0.6688821752265861, 0.5750708215297451, 0.7103448275862069, 0.7142857142857143, 0.5983350676378772, 1.0, 0.6989247311827957, 0.7376599634369287, 0.7777777777777778, 0.6538461538461539, 0.5566929133858268, 0.6691891891891892, 0.5823686553873553, 0.6787658802177858, 0.5610002525890376, 0.6538461538461539, 0.6888888888888889, 0.7349144401080756]","[0.9847645429362881, 0.9912297070348945, 0.9684151156232375, 0.9523809523809523, 0.9710144927536232, 0.9973214285714286, 0.9669902912621359, 0.9590865842055185, 1.0, 0.8441558441558441, 1.0, 0.9227053140096618, 0.9953481815618833, 0.9230769230769231, 0.9870285851549363, 0.9373271889400921, 0.9850523168908819, 0.9816887080366226, 1.0, 0.998277594373475, 0.963855421686747, 0.958904109589041, 0.9871616932685635, 0.9907834101382489, 0.9740698985343855, 0.9708588957055214, 0.99848828420257, 0.95, 0.9953588408422006, 0.9634433962264151, 0.9950332994694661, 0.9683377308707124, 0.9897280966767371, 0.993075228202707, 0.9724137931034482, 1.0, 0.9765868886576483, 1.0, 0.9032258064516129, 0.9515539305301646, 0.9722222222222222, 0.875, 0.988976377952756, 0.9956756756756757, 0.98753339269813, 0.9727767695099818, 0.9974741096236424, 1.0, 0.9555555555555556, 0.9900930651456019]",0.6632276714513557,44,"[0.7457894736842106, null, null, 0.5673684210526316, 0.7373684210526316, 0.6484210526315789, 0.653859649122807, 0.7289473684210527, 0.6807017543859649, null, 0.6078947368421053, 0.5673684210526316, 0.653859649122807, 0.7457894736842106, 0.6484210526315789, 0.7289473684210527, null, 0.656578947368421, 0.656578947368421, null, 0.656578947368421, 0.5673684210526316, 0.6484210526315789, 0.7077192982456141, 0.656578947368421, 0.7373684210526316, 0.5673684210526316, 0.6971052631578948, 0.5673684210526316, 0.5673684210526316, null, 0.5673684210526316, 0.6481578947368422, 0.7373684210526316, 0.6886842105263158, 0.653859649122807, 0.6484210526315789, 0.653859649122807, 0.6078947368421053, 0.6484210526315789, 0.653859649122807, 0.6484210526315789, 0.7457894736842106, 0.6807017543859649, 0.7457894736842106, 0.6807017543859649, 0.6971052631578948, 0.6971052631578948, 0.7289473684210527, 0.6484210526315789]",11.176503419876099,5.429714202880859,0.005032539367675781,4.813546419143677,0.0016388893127441406,0.3493795394897461,1117838,ai05,success,
roberta_base_agnews,AGNews,50,0.1,42,100,1.0,raw_union_K20,raw_union,1593,0.0,0.8910526315789473,0.5314815789473684,0.8264473684210526,0.9142105263157895,0.8902631578947369,-0.07622312920383556,1,49,"[-0.012820512820512886, -0.12767780634104542, 0.0, 0.0, -0.33333333333333337, -0.04193577731283549, -0.10313531353135319, -0.0714285714285714, -0.09776304888152443, -0.1346389228886169, -0.09124537607891492, -0.050000000000000044, -0.10564751703992203, -0.11521926053310394, -0.05555555555555558, -0.02930402930402931, -0.0461538461538461, -0.14127204279770156, -0.046280125742228506, -0.11568708609271516, -0.10266332802185296, -0.06182795698924737, -0.05371900826446285, -0.08552108194112973, 0.03703703703703709, -0.11111111111111116, -0.09090909090909083, 0.0, -0.08540974529346623, -0.04443600455753893, -0.05934270119614449, -0.02614379084967322, -0.033531638723634405, 0.0, -0.022727272727272707, -0.10642570281124497, -0.12177121771217714, -0.07550670853554098, -0.04987706357569377, -0.11165336674800508, null, -0.03426124197002134, -0.10178263369752727, -0.01285347043701801, -0.13814180929095354, -0.12482468443197747, -0.02754677754677748, -0.125, -0.12338858195211788, -0.12249625289548993]","[0.9743589743589743, 0.8654670094258783, 1.0, 0.9732142857142857, 0.6666666666666666, 0.9550623123806058, 0.8853135313531353, 0.8809523809523809, 0.8666114333057167, 0.8482252141982864, 0.8594327990135635, 0.95, 0.8756085686465434, 0.8761822871883062, 0.9444444444444444, 0.96996336996337, 0.8615384615384616, 0.8579354071725778, 0.9353824659448131, 0.8774834437086093, 0.8848167539267016, 0.8924731182795699, 0.8966942148760331, 0.9091089896579156, 0.9481481481481482, 0.8888888888888888, 0.8776859504132232, 1.0, 0.8619878183831672, 0.9491074819597417, 0.8585530135872721, 0.9607843137254902, 0.9648458626284478, 1.0, 0.8977272727272727, 0.8594377510040161, 0.8634686346863468, 0.8566942620610905, 0.931155602388479, 0.8799709819956473, null, 0.9625267665952891, 0.8815411155836688, 0.9562982005141388, 0.85880195599022, 0.8667601683029453, 0.9693347193347194, 0.875, 0.8683241252302025, 0.8622428123722577]","[0.9871794871794872, 0.9931448157669237, 1.0, 0.9732142857142857, 1.0, 0.9969980896934413, 0.9884488448844885, 0.9523809523809523, 0.9643744821872411, 0.9828641370869033, 0.9506781750924784, 1.0, 0.9812560856864654, 0.9914015477214101, 1.0, 0.9992673992673993, 0.9076923076923077, 0.9992074499702793, 0.9816625916870416, 0.9931705298013245, 0.9874800819485545, 0.9543010752688172, 0.9504132231404959, 0.9946300715990454, 0.9111111111111111, 1.0, 0.968595041322314, 1.0, 0.9473975636766334, 0.9935434865172806, 0.9178957147834166, 0.9869281045751634, 0.9983775013520823, 1.0, 0.9204545454545454, 0.9658634538152611, 0.985239852398524, 0.9322009705966314, 0.9810326659641728, 0.9916243487436524, null, 0.9967880085653105, 0.983323749281196, 0.9691516709511568, 0.9969437652811736, 0.9915848527349228, 0.9968814968814969, 1.0, 0.9917127071823204, 0.9847390652677477]",0.89048343079922,45,"[0.8668421052631579, 0.8763157894736842, 0.8942105263157895, 0.8763157894736842, 0.905438596491228, 0.8763157894736842, 0.8647368421052631, 0.8942105263157895, 0.9636842105263158, null, 0.9057894736842105, 0.9057894736842105, 0.9636842105263158, 0.8647368421052631, 0.9057894736842105, 0.8668421052631579, 0.8942105263157895, 0.905438596491228, null, 0.8942105263157895, 0.881578947368421, 0.9636842105263158, 0.9173684210526316, 0.8763157894736842, null, 0.8647368421052631, 0.8942105263157895, 0.8647368421052631, 0.9226315789473685, 0.8478947368421053, 0.9226315789473685, 0.8763157894736842, 0.8668421052631579, 0.9057894736842105, 0.9226315789473685, 0.8710526315789474, 0.8763157894736842, 0.9226315789473685, null, 0.8710526315789474, 0.8910526315789473, 0.8647368421052631, 0.8594736842105263, 0.8710526315789474, 0.8647368421052631, 0.8647368421052631, 0.8594736842105263, 0.897719298245614, 0.9057894736842105, null]",11.126726865768433,5.439819812774658,0.08736753463745117,4.667187929153442,0.00165557861328125,0.3525693416595459,1117838,ai05,success,
roberta_base_agnews,AGNews,50,0.1,43,100,1.0,raw_union_K20,raw_union,1979,0.0,0.8886842105263157,0.5819131578947367,0.8106578947368421,0.9142105263157895,0.8857894736842106,-0.07213691786995656,0,50,"[-0.12043010752688177, -0.1659919028340081, -0.11460674157303374, -0.11997379412005571, -0.08272807794508408, -0.048192771084337394, -0.07999571642750058, -0.10526315789473684, 0.0, 0.0, -0.10864539990753586, -0.09480122324159024, -0.06373626373626384, -0.1598322460391426, -0.16981132075471694, -0.052631578947368474, -0.052631578947368474, -0.1428571428571429, 0.0, -0.005291005291005235, -0.018181818181818188, -0.031241172815095197, -0.08262383900928794, -0.07416879795396414, -0.07044410413476265, -0.11519497982967275, -0.06034482758620685, -0.03500761035007616, -0.07843137254901966, -0.08370304643596571, -0.07843137254901966, -0.02745512143611395, -0.03667136812411853, -0.032258064516129004, -0.0745715609078278, -0.10763888888888895, -0.1070110701107011, -0.050271501138553165, -0.03200000000000003, -0.042259887005649754, -0.17258142926592124, 0.0, -0.08163265306122447, -0.17329545454545459, -0.06060606060606055, -0.12001696352841384, -0.02244668911335579, -0.021739130434782594, -0.029197080291970767, 0.0]","[0.8365591397849462, 0.831174089068826, 0.8696629213483146, 0.8313815412333142, 0.8979627989371125, 0.891566265060241, 0.8974084386378239, 0.8887218045112782, 1.0, 0.958904109589041, 0.878409616273694, 0.8960244648318043, 0.8593406593406593, 0.8322460391425909, 0.8113207547169812, 0.8703007518796992, 0.9473684210526315, 0.8571428571428571, 1.0, 0.9682539682539683, 0.9454545454545454, 0.9651432122478956, 0.9005417956656346, 0.8825234441602728, 0.8698315467075038, 0.8825638727028239, 0.8491379310344828, 0.9315068493150684, 0.846540269000162, 0.8849452824608104, 0.8578431372549019, 0.9693769799366421, 0.9548660084626234, 0.9032258064516129, 0.8981009726725335, 0.8703703703703703, 0.8856088560885609, 0.9374671571203363, 0.872, 0.9543502824858757, 0.8225571220223626, 1.0, 0.8843537414965986, 0.8230888429752066, 0.8484848484848485, 0.8760602205258694, 0.9719416386083053, 0.9021739130434783, 0.9124087591240876, 0.8681318681318682]","[0.956989247311828, 0.9971659919028341, 0.9842696629213483, 0.9513553353533699, 0.9806908768821966, 0.9397590361445783, 0.9774041550653245, 0.9939849624060151, 1.0, 0.958904109589041, 0.9870550161812298, 0.9908256880733946, 0.9230769230769231, 0.9920782851817335, 0.9811320754716981, 0.9229323308270677, 1.0, 1.0, 1.0, 0.9735449735449735, 0.9636363636363636, 0.9963843850629908, 0.9831656346749226, 0.956692242114237, 0.9402756508422665, 0.9977588525324966, 0.9094827586206896, 0.9665144596651446, 0.9249716415491817, 0.9686483288967761, 0.9362745098039216, 0.996832101372756, 0.9915373765867419, 0.9354838709677419, 0.9726725335803613, 0.9780092592592593, 0.992619926199262, 0.9877386582588895, 0.904, 0.9966101694915255, 0.9951385512882839, 1.0, 0.9659863945578231, 0.9963842975206612, 0.9090909090909091, 0.9960771840542832, 0.9943883277216611, 0.9239130434782609, 0.9416058394160584, 0.8681318681318682]",0.8887227214377409,41,"[0.9239473684210526, 0.9305263157894736, 0.853421052631579, null, 0.8886842105263157, null, 0.8115789473684211, 0.9657894736842105, 0.8468421052631578, 0.8468421052631578, null, 0.853421052631579, 0.8952631578947369, 0.9239473684210526, 0.9305263157894736, null, 0.9239473684210526, 0.9657894736842105, 0.8629824561403509, 0.8468421052631578, 0.8115789473684211, null, 0.8115789473684211, 0.8821052631578947, 0.9657894736842105, 0.8908771929824562, null, null, 0.8952631578947369, 0.8115789473684211, 0.9657894736842105, 0.8468421052631578, 0.853421052631579, 0.9657894736842105, null, 0.8821052631578947, 0.8908771929824562, 0.8115789473684211, 0.9657894736842105, 0.8821052631578947, 0.9239473684210526, 0.8629824561403509, 0.8864912280701754, 0.8821052631578947, 0.9239473684210526, 0.9657894736842105, 0.853421052631579, 0.8115789473684211, 0.9239473684210526, null]",11.21591854095459,5.449242830276489,0.09861516952514648,4.754884958267212,0.0016434192657470703,0.33550000190734863,1117838,ai05,success,
roberta_base_agnews,AGNews,50,0.1,44,100,1.0,raw_union_K20,raw_union,1861,0.0,0.8867105263157895,0.5733105263157896,0.828421052631579,0.9142105263157895,0.8846052631578948,-0.06881988091829708,3,50,"[-0.1228070175438597, -0.0858369098712446, -0.10208685843203613, 0.031746031746031744, -0.11231884057971009, -0.03303571428571428, -0.04854368932038833, -0.07136060894386298, 0.0, 0.09090909090909094, -0.09999999999999998, -0.04347826086956519, -0.09952072173667892, -0.03296703296703307, -0.1186644246937304, -0.08663594470046077, -0.13348281016442454, -0.08240081383519837, 0.0, -0.14008899095737049, -0.11445783132530118, -0.02544031311154593, -0.08154059680777237, -0.11981566820276501, -0.10822998872604284, -0.13573619631901834, -0.036848072562358336, -0.02499999999999991, -0.15598822730359974, -0.02948113207547165, -0.049384806411558846, -0.04881266490765168, -0.12145015105740176, -0.13471828769279193, -0.020689655172413723, 0.0, -0.11914672216441213, 0.0, 0.021505376344086002, -0.038391224862888484, -0.02777777777777779, -0.009615384615384581, -0.13622047244094493, -0.15675675675675682, -0.1139804096170971, -0.11796733212341193, -0.1411972720383936, 0.0, -0.022222222222222254, -0.08105673971780247]","[0.8619575253924284, 0.90539279716365, 0.8663282571912013, 0.9841269841269841, 0.8586956521739131, 0.9642857142857143, 0.9184466019417475, 0.8877259752616555, 1.0, 0.935064935064935, 0.9, 0.8792270531400966, 0.8958274598252044, 0.8901098901098901, 0.8683641604612059, 0.8506912442396314, 0.8515695067264574, 0.8992878942014242, 1.0, 0.8581886034161045, 0.8493975903614458, 0.9334637964774951, 0.9056210964607911, 0.8709677419354839, 0.8658399098083427, 0.8351226993865031, 0.9616402116402116, 0.925, 0.8393706135386009, 0.9339622641509434, 0.9456484930579072, 0.9195250659630607, 0.8682779456193354, 0.8583569405099151, 0.9517241379310345, 1.0, 0.8574401664932362, 1.0, 0.9247311827956989, 0.9131627056672761, 0.9444444444444444, 0.8653846153846154, 0.852755905511811, 0.8389189189189189, 0.8735529830810329, 0.8548094373865699, 0.8562768375852488, 1.0, 0.9333333333333333, 0.9090363254277994]","[0.9847645429362881, 0.9912297070348945, 0.9684151156232375, 0.9523809523809523, 0.9710144927536232, 0.9973214285714286, 0.9669902912621359, 0.9590865842055185, 1.0, 0.8441558441558441, 1.0, 0.9227053140096618, 0.9953481815618833, 0.9230769230769231, 0.9870285851549363, 0.9373271889400921, 0.9850523168908819, 0.9816887080366226, 1.0, 0.998277594373475, 0.963855421686747, 0.958904109589041, 0.9871616932685635, 0.9907834101382489, 0.9740698985343855, 0.9708588957055214, 0.99848828420257, 0.95, 0.9953588408422006, 0.9634433962264151, 0.9950332994694661, 0.9683377308707124, 0.9897280966767371, 0.993075228202707, 0.9724137931034482, 1.0, 0.9765868886576483, 1.0, 0.9032258064516129, 0.9515539305301646, 0.9722222222222222, 0.875, 0.988976377952756, 0.9956756756756757, 0.98753339269813, 0.9727767695099818, 0.9974741096236424, 1.0, 0.9555555555555556, 0.9900930651456019]",0.8844677033492823,44,"[0.9621052631578947, null, null, 0.8563157894736843, 0.9305263157894736, 0.8294736842105264, 0.8826315789473684, 0.8989473684210526, 0.9057894736842105, null, 0.8428947368421053, 0.8563157894736843, 0.8826315789473684, 0.9621052631578947, 0.8294736842105264, 0.8989473684210526, null, 0.9092105263157895, 0.9092105263157895, null, 0.9092105263157895, 0.8563157894736843, 0.8294736842105264, 0.8968421052631579, 0.9092105263157895, 0.9305263157894736, 0.8563157894736843, 0.8957894736842106, 0.8563157894736843, 0.8563157894736843, null, 0.8563157894736843, 0.8776315789473684, 0.9305263157894736, 0.8642105263157894, 0.8826315789473684, 0.8294736842105264, 0.8826315789473684, 0.8428947368421053, 0.8294736842105264, 0.8826315789473684, 0.8294736842105264, 0.9621052631578947, 0.9057894736842105, 0.9621052631578947, 0.9057894736842105, 0.8957894736842106, 0.8957894736842106, 0.8989473684210526, 0.8294736842105264]",11.151365518569946,5.379350662231445,0.09551668167114258,4.756976127624512,0.0016570091247558594,0.34117770195007324,1117838,ai05,success,
roberta_base_agnews,AGNews,50,0.1,42,100,1.0,warmup_only_labelled,warmup_only,100,0.0,0.7918421052631579,0.5314815789473684,0.8264473684210526,0.9142105263157895,0.7918421052631579,-0.2021935390515335,0,49,"[-0.07692307692307698, -0.17566409597257926, -0.5, -0.0803571428571428, -0.6666666666666667, -0.09979077594833075, -0.26897689768976896, -0.11904761904761896, -0.19635459817729906, -0.1946144430844554, -0.1701602959309495, -0.44999999999999996, -0.13607594936708856, -0.33233018056749775, -0.5, -0.09377289377289377, -0.06153846153846154, -0.19585892609470967, -0.13063220398183728, -0.15086920529801318, -0.29592533576143865, -0.09677419354838712, -0.08264462809917361, -0.14280031821797934, -0.059259259259259234, -0.2222222222222222, -0.13057851239669416, -0.16666666666666663, -0.2639811738648947, -0.14280288644132166, -0.19115085355940076, -0.12418300653594772, -0.09843158464034618, -0.11111111111111116, -0.26136363636363635, -0.17469879518072295, -0.18173431734317336, -0.16899800171281754, -0.12363891815946615, -0.1470025720503858, null, -0.1134903640256959, -0.13456009200690044, -0.08997429305912596, -0.35513447432762835, -0.3534361851332398, -0.0935550935550935, -0.3125, -0.35174953959484345, -0.31748194576917843]","[0.9102564102564102, 0.8174807197943444, 0.5, 0.8928571428571429, 0.3333333333333333, 0.8972073137451105, 0.7194719471947195, 0.8333333333333334, 0.768019884009942, 0.7882496940024479, 0.7805178791615289, 0.55, 0.8451801363193768, 0.6590713671539123, 0.5, 0.9054945054945055, 0.8461538461538461, 0.8033485238755697, 0.8510303877052043, 0.8423013245033113, 0.6915547461871159, 0.8575268817204301, 0.8677685950413223, 0.851829753381066, 0.8518518518518519, 0.7777777777777778, 0.8380165289256198, 0.8333333333333334, 0.6834163898117387, 0.850740600075959, 0.7267448612240158, 0.8627450980392157, 0.8999459167117361, 0.8888888888888888, 0.6590909090909091, 0.7911646586345381, 0.8035055350553506, 0.7632029688838139, 0.8573937478047067, 0.8446217766932665, null, 0.8832976445396146, 0.8487636572742956, 0.8791773778920309, 0.6418092909535452, 0.638148667601683, 0.9033264033264033, 0.6875, 0.639963167587477, 0.6672571194985693]","[0.9871794871794872, 0.9931448157669237, 1.0, 0.9732142857142857, 1.0, 0.9969980896934413, 0.9884488448844885, 0.9523809523809523, 0.9643744821872411, 0.9828641370869033, 0.9506781750924784, 1.0, 0.9812560856864654, 0.9914015477214101, 1.0, 0.9992673992673993, 0.9076923076923077, 0.9992074499702793, 0.9816625916870416, 0.9931705298013245, 0.9874800819485545, 0.9543010752688172, 0.9504132231404959, 0.9946300715990454, 0.9111111111111111, 1.0, 0.968595041322314, 1.0, 0.9473975636766334, 0.9935434865172806, 0.9178957147834166, 0.9869281045751634, 0.9983775013520823, 1.0, 0.9204545454545454, 0.9658634538152611, 0.985239852398524, 0.9322009705966314, 0.9810326659641728, 0.9916243487436524, null, 0.9967880085653105, 0.983323749281196, 0.9691516709511568, 0.9969437652811736, 0.9915848527349228, 0.9968814968814969, 1.0, 0.9917127071823204, 0.9847390652677477]",0.7921228070175443,45,"[0.7563157894736842, 0.7394736842105263, 0.7764912280701755, 0.7394736842105263, 0.7924561403508772, 0.7394736842105263, 0.8139473684210526, 0.7764912280701755, 0.8984210526315789, null, 0.8442105263157895, 0.8442105263157895, 0.8984210526315789, 0.8139473684210526, 0.8442105263157895, 0.7563157894736842, 0.7764912280701755, 0.7924561403508772, null, 0.7764912280701755, 0.8378947368421052, 0.8984210526315789, 0.7697368421052632, 0.7394736842105263, null, 0.8139473684210526, 0.7764912280701755, 0.8139473684210526, 0.8681578947368421, 0.79, 0.8681578947368421, 0.7394736842105263, 0.7563157894736842, 0.8442105263157895, 0.8681578947368421, 0.6410526315789473, 0.7394736842105263, 0.8681578947368421, null, 0.6410526315789473, 0.7918421052631579, 0.8139473684210526, 0.7155263157894737, 0.6410526315789473, 0.8139473684210526, 0.8139473684210526, 0.7155263157894737, 0.8421052631578947, 0.8442105263157895, null]",6.400108814239502,5.465764045715332,0.010616302490234375,0.0,0.0,0.3517570495605469,1117838,ai05,success,
roberta_base_agnews,AGNews,50,0.1,43,100,1.0,warmup_only_labelled,warmup_only,100,0.0,0.7931578947368421,0.5819131578947367,0.8106578947368421,0.9142105263157895,0.7931578947368421,-0.17275143020954706,0,50,"[-0.2645161290322581, -0.3089068825910932, -0.23370786516853936, -0.26042093194660554, -0.16031886625332148, -0.1686746987951807, -0.16191904047976013, -0.281203007518797, 0.0, -0.0273972602739726, -0.24086916319926033, -0.19979612640163102, -0.2153846153846154, -0.3061509785647717, -0.3075471698113208, -0.21616541353383467, -0.21052631578947367, -0.2857142857142857, 0.0, -0.06878306878306872, -0.1454545454545454, -0.05581605559007963, -0.14667182662538691, -0.16078431372549018, -0.21623277182235834, -0.25324966382787983, -0.18534482758620685, -0.0882800608828006, -0.20920434289418244, -0.16784974859509016, -0.20588235294117652, -0.04857444561774016, -0.05500705218617774, -0.15412186379928305, -0.15655396016674394, -0.2245370370370371, -0.24354243542435428, -0.11175337186897882, -0.136, -0.07435028248587572, -0.31453573164803106, -0.125, -0.14965986394557818, -0.3176652892561983, -0.09090909090909083, -0.2611323155216284, -0.04601571268237936, -0.11956521739130432, -0.14598540145985395, -0.10989010989010994]","[0.6924731182795699, 0.6882591093117408, 0.750561797752809, 0.6909344034067644, 0.8203720106288751, 0.7710843373493976, 0.8154851145855644, 0.7127819548872181, 1.0, 0.9315068493150684, 0.7461858529819695, 0.7910295616717635, 0.7076923076923077, 0.6859273066169618, 0.6735849056603773, 0.706766917293233, 0.7894736842105263, 0.7142857142857143, 1.0, 0.9047619047619048, 0.8181818181818182, 0.9405683294729111, 0.8364938080495357, 0.7959079283887468, 0.7240428790199082, 0.7445091887046168, 0.7241379310344828, 0.878234398782344, 0.7157672986549992, 0.8007985803016859, 0.7303921568627451, 0.9482576557550159, 0.9365303244005642, 0.7813620071684588, 0.8161185734136174, 0.7534722222222222, 0.7490774907749077, 0.8759852863899107, 0.768, 0.9222598870056498, 0.6806028196402528, 0.875, 0.8163265306122449, 0.6787190082644629, 0.8181818181818182, 0.7349448685326548, 0.9483726150392817, 0.8043478260869565, 0.7956204379562044, 0.7582417582417582]","[0.956989247311828, 0.9971659919028341, 0.9842696629213483, 0.9513553353533699, 0.9806908768821966, 0.9397590361445783, 0.9774041550653245, 0.9939849624060151, 1.0, 0.958904109589041, 0.9870550161812298, 0.9908256880733946, 0.9230769230769231, 0.9920782851817335, 0.9811320754716981, 0.9229323308270677, 1.0, 1.0, 1.0, 0.9735449735449735, 0.9636363636363636, 0.9963843850629908, 0.9831656346749226, 0.956692242114237, 0.9402756508422665, 0.9977588525324966, 0.9094827586206896, 0.9665144596651446, 0.9249716415491817, 0.9686483288967761, 0.9362745098039216, 0.996832101372756, 0.9915373765867419, 0.9354838709677419, 0.9726725335803613, 0.9780092592592593, 0.992619926199262, 0.9877386582588895, 0.904, 0.9966101694915255, 0.9951385512882839, 1.0, 0.9659863945578231, 0.9963842975206612, 0.9090909090909091, 0.9960771840542832, 0.9943883277216611, 0.9239130434782609, 0.9416058394160584, 0.8681318681318682]",0.7928241335044929,41,"[0.8410526315789474, 0.8836842105263157, 0.7452631578947368, null, 0.8047368421052632, null, 0.6663157894736842, 0.9431578947368421, 0.7026315789473684, 0.7026315789473684, null, 0.7452631578947368, 0.8242105263157895, 0.8410526315789474, 0.8836842105263157, null, 0.8410526315789474, 0.9431578947368421, 0.7431578947368421, 0.7026315789473684, 0.6663157894736842, null, 0.6663157894736842, 0.7389473684210527, 0.9431578947368421, 0.8112280701754386, null, null, 0.8242105263157895, 0.6663157894736842, 0.9431578947368421, 0.7026315789473684, 0.7452631578947368, 0.9431578947368421, null, 0.7389473684210527, 0.8112280701754386, 0.6663157894736842, 0.9431578947368421, 0.7389473684210527, 0.8410526315789474, 0.7431578947368421, 0.7828070175438596, 0.7389473684210527, 0.8410526315789474, 0.9431578947368421, 0.7452631578947368, 0.6663157894736842, 0.8410526315789474, null]",6.38862943649292,5.464600563049316,0.009297609329223633,0.0,0.0,0.3350052833557129,1117838,ai05,success,
roberta_base_agnews,AGNews,50,0.1,44,100,1.0,warmup_only_labelled,warmup_only,100,0.0,0.7810526315789473,0.5733105263157896,0.828421052631579,0.9142105263157895,0.7810526315789473,-0.20569049631193098,0,50,"[-0.3028624192059095, -0.1832431423773092, -0.30569655950366614, -0.0793650793650793, -0.35869565217391297, -0.09642857142857142, -0.15533980582524265, -0.23263558515699334, -0.6666666666666667, -0.09090909090909083, -0.19999999999999996, -0.11111111111111105, -0.19142937693825768, -0.19413919413919423, -0.2973816958923853, -0.16612903225806452, -0.17653213751868457, -0.16887080366225837, -0.33333333333333337, -0.35294961963542415, -0.19277108433734935, -0.09784735812133072, -0.16134628730048584, -0.3502304147465438, -0.14825253664036075, -0.15797546012269936, -0.11130007558578991, -0.2833333333333333, -0.1887027394158931, -0.12264150943396224, -0.11756405914888812, -0.11345646437994727, -0.1746223564954682, -0.3591438463959711, -0.17931034482758612, -0.0714285714285714, -0.30749219562955254, 0.0, -0.06451612903225801, -0.13528336380255945, -0.13888888888888884, -0.13461538461538458, -0.3535433070866142, -0.1854054054054054, -0.33926981300089043, -0.15063520871143377, -0.36398080323313975, -0.3076923076923077, -0.13333333333333341, -0.17622335634944464]","[0.6819021237303786, 0.8079865646575853, 0.6627185561195713, 0.873015873015873, 0.6123188405797102, 0.9008928571428572, 0.8116504854368932, 0.7264509990485252, 0.3333333333333333, 0.7532467532467533, 0.8, 0.8115942028985508, 0.8039188046236256, 0.7289377289377289, 0.689646889262551, 0.7711981566820276, 0.8085201793721973, 0.8128179043743642, 0.6666666666666666, 0.6453279747380508, 0.7710843373493976, 0.8610567514677103, 0.8258154059680777, 0.6405529953917051, 0.8258173618940248, 0.8128834355828221, 0.88718820861678, 0.6666666666666666, 0.8066561014263075, 0.8408018867924528, 0.8774692403205779, 0.8548812664907651, 0.8151057401812689, 0.6339313818067359, 0.7931034482758621, 0.9285714285714286, 0.6690946930280958, 1.0, 0.8387096774193549, 0.8162705667276051, 0.8333333333333334, 0.7403846153846154, 0.6354330708661418, 0.8102702702702703, 0.6482635796972396, 0.822141560798548, 0.6334933063905026, 0.6923076923076923, 0.8222222222222222, 0.8138697087961573]","[0.9847645429362881, 0.9912297070348945, 0.9684151156232375, 0.9523809523809523, 0.9710144927536232, 0.9973214285714286, 0.9669902912621359, 0.9590865842055185, 1.0, 0.8441558441558441, 1.0, 0.9227053140096618, 0.9953481815618833, 0.9230769230769231, 0.9870285851549363, 0.9373271889400921, 0.9850523168908819, 0.9816887080366226, 1.0, 0.998277594373475, 0.963855421686747, 0.958904109589041, 0.9871616932685635, 0.9907834101382489, 0.9740698985343855, 0.9708588957055214, 0.99848828420257, 0.95, 0.9953588408422006, 0.9634433962264151, 0.9950332994694661, 0.9683377308707124, 0.9897280966767371, 0.993075228202707, 0.9724137931034482, 1.0, 0.9765868886576483, 1.0, 0.9032258064516129, 0.9515539305301646, 0.9722222222222222, 0.875, 0.988976377952756, 0.9956756756756757, 0.98753339269813, 0.9727767695099818, 0.9974741096236424, 1.0, 0.9555555555555556, 0.9900930651456019]",0.774647129186603,44,"[0.888421052631579, null, null, 0.6373684210526316, 0.8457894736842105, 0.7952631578947369, 0.7736842105263158, 0.8031578947368421, 0.7763157894736842, null, 0.7163157894736842, 0.6373684210526316, 0.7736842105263158, 0.888421052631579, 0.7952631578947369, 0.8031578947368421, null, 0.7628947368421053, 0.7628947368421053, null, 0.7628947368421053, 0.6373684210526316, 0.7952631578947369, 0.8289473684210527, 0.7628947368421053, 0.8457894736842105, 0.6373684210526316, 0.841842105263158, 0.6373684210526316, 0.6373684210526316, null, 0.6373684210526316, 0.7202631578947368, 0.8457894736842105, 0.7992105263157895, 0.7736842105263158, 0.7952631578947369, 0.7736842105263158, 0.7163157894736842, 0.7952631578947369, 0.7736842105263158, 0.7952631578947369, 0.888421052631579, 0.7763157894736842, 0.888421052631579, 0.7763157894736842, 0.841842105263158, 0.841842105263158, 0.8031578947368421, 0.7952631578947369]",6.486104249954224,5.46300745010376,0.009120464324951172,0.0,0.0,0.3409571647644043,1117838,ai05,success,
roberta_base_agnews,AGNews,50,0.3,42,100,1.0,dp_avg_eps2_K20,dp_avg,4,4.043601857518789,0.804078947368421,0.7003236842105264,0.8507894736842105,0.9142105263157895,0.7318421052631578,-0.15225045353885613,0,50,"[-0.05547226386806603, -0.16909182137481182, -0.11013215859030834, -0.26485148514851486, -0.09446808510638294, -0.1781358885017421, 0.0, -0.2222690847743568, -0.17035775127768316, -0.1624026696329255, -0.15453960077269802, -0.1393742381145875, -0.1951656222023277, -0.07294970548255542, -0.2413213885778276, -0.17460881934566141, -0.21547502448579825, -0.15601679104477606, -0.19694843914415994, -0.24475524475524468, -0.09138766056011793, -0.17880448968937623, -0.09247648902821315, -0.210511200459506, -0.11437908496732019, -0.23920265780730898, -0.07798587657353395, -0.1341991341991342, -0.11945231350330499, -0.10432033719704947, -0.07992202729044828, -0.2882537469501568, -0.08971962616822426, -0.20077406869859704, -0.17564402810304458, -0.08122682844624207, -0.1015625, -0.2016806722689075, -0.13401594780717652, -0.12407211028632026, -0.2355250245338567, -0.14045778834720568, -0.13278008298755195, -0.07901907356948235, -0.12903225806451613, -0.1911460488208523, -0.18818497727880246, -0.12765957446808518, -0.15460910151691942, -0.17618186515112366]","[0.9415292353823088, 0.789764174611139, 0.7841409691629956, 0.7079207920792079, 0.8825531914893617, 0.7617595818815331, 1.0, 0.7357654997891185, 0.7495741056218058, 0.8109010011123471, 0.7830006439150032, 0.819585534335636, 0.7878245299910475, 0.9243316719528772, 0.7267637178051511, 0.8033428165007113, 0.7776689520078355, 0.8069029850746269, 0.7716590669940372, 0.7377622377622378, 0.8921878290166351, 0.7601148525189245, 0.8714733542319749, 0.786042504307869, 0.8357843137254902, 0.7009966777408638, 0.9146453791832975, 0.8071188071188071, 0.8489140698772427, 0.8769757639620653, 0.7348927875243665, 0.7061693970024399, 0.8504672897196262, 0.7866473149492017, 0.7634660421545667, 0.916076845298281, 0.8421875, 0.7408963585434174, 0.8437839797027908, 0.8080593849416755, 0.7536800785083415, 0.7892390011890607, 0.7925311203319502, 0.9185967302452316, 0.8110599078341014, 0.7823748448489863, 0.7358994921144079, 0.8085106382978723, 0.8004667444574096, 0.8124515629036425]","[0.9970014992503748, 0.9588559959859508, 0.8942731277533039, 0.9727722772277227, 0.9770212765957447, 0.9398954703832753, 1.0, 0.9580345845634753, 0.919931856899489, 0.9733036707452726, 0.9375402446877013, 0.9589597724502235, 0.9829901521933752, 0.9972813774354327, 0.9680851063829787, 0.9779516358463727, 0.9931439764936337, 0.9629197761194029, 0.9686075061381971, 0.9825174825174825, 0.983575489576753, 0.9389193422083008, 0.9639498432601881, 0.996553704767375, 0.9501633986928104, 0.9401993355481728, 0.9926312557568314, 0.9413179413179413, 0.9683663833805477, 0.9812961011591148, 0.8148148148148148, 0.9944231439525967, 0.9401869158878504, 0.9874213836477987, 0.9391100702576113, 0.9973036737445231, 0.94375, 0.9425770308123249, 0.9777999275099674, 0.9321314952279958, 0.9892051030421982, 0.9296967895362663, 0.9253112033195021, 0.9976158038147139, 0.9400921658986175, 0.9735208936698386, 0.9240844693932103, 0.9361702127659575, 0.955075845974329, 0.9886334280547662]",0.803546365914787,14,"[0.7486842105263158, null, null, null, 0.8026315789473685, null, 0.8328070175438597, null, null, 0.9163157894736842, null, 0.7178947368421053, null, null, null, null, null, null, null, 0.7794736842105263, null, null, 0.7794736842105263, 0.8171052631578948, 0.7178947368421053, null, null, null, null, 0.8026315789473685, null, 0.8478947368421053, null, null, null, null, null, 0.9163157894736842, 0.7794736842105263, null, null, null, null, 0.7910526315789473, null, null, null, null, null, null]",11.165117979049683,5.446735143661499,0.07857203483581543,4.769794225692749,0.0016486644744873047,0.2950308322906494,1117838,ai05,success,
roberta_base_agnews,AGNews,50,0.3,43,100,1.0,dp_avg_eps2_K20,dp_avg,4,4.050649764344406,0.8160526315789474,0.741663157894737,0.8897368421052632,0.9142105263157895,0.7651315789473684,-0.13317236724932127,0,50,"[-0.10755148741418774, -0.16017587939698497, -0.14792899408284022, -0.07739307535641549, -0.1355674028941356, -0.13225569434239537, -0.07389162561576357, -0.1438474870017331, -0.11130827552831102, -0.17584638706417377, -0.07434052757793763, -0.1598503074044374, -0.15729152944276115, -0.14553014553014554, -0.20293933708567857, -0.17737430167597767, -0.16144114411441146, -0.11725663716814161, -0.1252019386106623, -0.09731763166503105, -0.09356136820925554, -0.08562197092084012, -0.2284325637910085, -0.15041271782329568, -0.21526668795911852, -0.08894818768067603, -0.08212560386473433, -0.2301187839742299, -0.17943548387096775, -0.09523809523809523, -0.14183222958057395, -0.0907216494845361, -0.08379373848987115, -0.06593406593406592, -0.08551541266158436, -0.18898809523809523, -0.09836065573770492, -0.20314253647586988, -0.1081504702194358, -0.06134969325153372, -0.1350407450523865, -0.2165334665334665, -0.125, -0.1834862385321101, -0.0928620928620928, -0.0666243654822335, -0.20105820105820105, -0.14770932069510279, -0.08117443868739205, -0.1478696741854637]","[0.8085430968726163, 0.7905150753768844, 0.7962806424344886, 0.8716904276985743, 0.8431073876618431, 0.8526818515797208, 0.8423645320197044, 0.8076256499133448, 0.8538473947410873, 0.7549267306720566, 0.9232613908872902, 0.7893611333867949, 0.7790804900540114, 0.7858627858627859, 0.758599124452783, 0.7756983240223464, 0.8256325632563256, 0.8362831858407079, 0.8182552504038773, 0.8616290480863592, 0.857813547954393, 0.8497576736672051, 0.7691373025516404, 0.7749923570773464, 0.7329926541041201, 0.8950411385368023, 0.8526570048309179, 0.7569961747533722, 0.7741935483870968, 0.8642857142857143, 0.82560706401766, 0.845360824742268, 0.901012891344383, 0.9175824175824175, 0.9048723897911833, 0.75, 0.8674863387978142, 0.7665544332210998, 0.8432601880877743, 0.9338069099128189, 0.8044237485448196, 0.7584082584082584, 0.8333333333333334, 0.7431192660550459, 0.884961884961885, 0.9048223350253807, 0.7619047619047619, 0.7748815165876777, 0.8842832469775475, 0.7919799498746867]","[0.916094584286804, 0.9506909547738693, 0.9442096365173288, 0.9490835030549898, 0.9786747905559787, 0.9849375459221161, 0.916256157635468, 0.951473136915078, 0.9651556702693983, 0.9307731177362304, 0.9976019184652278, 0.9492114407912323, 0.9363720194967725, 0.9313929313929314, 0.9615384615384616, 0.9530726256983241, 0.9870737073707371, 0.9535398230088495, 0.9434571890145396, 0.9589466797513903, 0.9513749161636486, 0.9353796445880452, 0.9975698663426489, 0.925405074900642, 0.9482593420632386, 0.9839893262174784, 0.9347826086956522, 0.9871149587276021, 0.9536290322580645, 0.9595238095238096, 0.967439293598234, 0.9360824742268041, 0.9848066298342542, 0.9835164835164835, 0.9903878024527677, 0.9389880952380952, 0.9658469945355191, 0.9696969696969697, 0.95141065830721, 0.9951566031643526, 0.9394644935972061, 0.9749417249417249, 0.9583333333333334, 0.926605504587156, 0.9778239778239778, 0.9714467005076142, 0.9629629629629629, 0.9225908372827805, 0.9654576856649395, 0.9398496240601504]",0.8146140350877193,15,"[null, null, null, 0.7423684210526316, null, 0.7273684210526316, null, null, null, 0.848421052631579, null, null, null, null, 0.9310526315789474, null, 0.7273684210526316, null, null, null, null, null, 0.7273684210526316, null, 0.848421052631579, 0.7573684210526316, null, null, 0.7573684210526316, 0.7573684210526316, 0.9310526315789474, 0.9310526315789474, null, null, null, null, 0.7573684210526316, null, 0.8442105263157895, null, 0.9310526315789474, null, null, null, null, null, null, null, null, null]",11.124690532684326,5.3836400508880615,0.08109688758850098,4.776421785354614,0.0016529560089111328,0.30315136909484863,1117838,ai05,success,
roberta_base_agnews,AGNews,50,0.3,44,100,1.0,dp_avg_eps2_K20,dp_avg,4,4.027436119744127,0.7993421052631579,0.7491078947368421,0.8882894736842105,0.9142105263157895,0.723421052631579,-0.15644206419532916,0,50,"[-0.1849499615088529, -0.14872615712951853, -0.16628959276018107, -0.0991516436903499, -0.15601374570446735, -0.152037098376946, -0.2017474185861795, -0.18262548262548262, -0.06584922797456849, -0.2099147947327653, -0.15267727930535457, -0.24962797619047616, -0.19579139981701732, -0.13225058004640367, -0.11314125087842586, -0.10348258706467672, -0.2586389654441382, -0.16390423572744017, -0.11166666666666669, -0.15717299578059074, -0.1517348524080787, -0.06593406593406592, -0.15224625623960075, -0.15433946130825138, -0.15315503552026744, -0.1682368775235532, -0.14627659574468077, -0.10114503816793896, -0.16920473773265654, -0.15640440896997343, -0.1437647058823529, -0.15306122448979587, -0.2006890611541774, -0.09848484848484851, -0.13779527559055116, -0.13746958637469586, -0.12345306368849984, -0.20171673819742486, -0.20239390642002186, -0.15426105717367855, -0.20423778693349026, -0.23213588442014832, -0.23213248111563045, -0.17229496898690555, -0.13602941176470584, -0.11764705882352944, -0.19909793814432986, -0.12326485285952249, -0.0847457627118644, -0.14309120699071554]","[0.7407621247113164, 0.8053888221955449, 0.7635746606334841, 0.8769883351007424, 0.8213058419243986, 0.8429943689963564, 0.749801429706116, 0.772972972972973, 0.9305177111716622, 0.7807900852052673, 0.7937771345875543, 0.7269345238095238, 0.7360475754803294, 0.8449045154381581, 0.8531271960646521, 0.8656716417910447, 0.7220691117235531, 0.7992633517495396, 0.8316666666666667, 0.7689873417721519, 0.8171931641636457, 0.9175824175824175, 0.8061564059900166, 0.8398888413852074, 0.777475971583786, 0.7617765814266487, 0.7712765957446809, 0.8454198473282443, 0.8077834179357022, 0.7976054732041049, 0.8138823529411765, 0.7678571428571429, 0.7915590008613265, 0.8484848484848485, 0.7834645669291339, 0.8199513381995134, 0.8523996377905222, 0.703862660944206, 0.7665941240478781, 0.8112189859762675, 0.735138316656857, 0.7559547051932839, 0.7298082510168507, 0.7615437629221227, 0.8143382352941176, 0.8342245989304813, 0.7493556701030928, 0.8553581343697946, 0.847457627118644, 0.821409066084107]","[0.9257120862201693, 0.9541149793250634, 0.9298642533936652, 0.9761399787910923, 0.977319587628866, 0.9950314673733024, 0.9515488482922955, 0.9555984555984556, 0.9963669391462306, 0.9907048799380326, 0.9464544138929089, 0.9765625, 0.9318389752973467, 0.9771550954845618, 0.966268446943078, 0.9691542288557214, 0.9807080771676914, 0.9631675874769797, 0.9433333333333334, 0.9261603375527426, 0.9689280165717244, 0.9835164835164835, 0.9584026622296173, 0.9942283026934587, 0.9306310071040534, 0.9300134589502019, 0.9175531914893617, 0.9465648854961832, 0.9769881556683587, 0.9540098821740783, 0.9576470588235294, 0.9209183673469388, 0.9922480620155039, 0.946969696969697, 0.9212598425196851, 0.9574209245742092, 0.975852701479022, 0.9055793991416309, 0.9689880304678999, 0.9654800431499461, 0.9393761035903473, 0.9880905896134322, 0.9619407321324811, 0.9338387319090282, 0.9503676470588235, 0.9518716577540107, 0.9484536082474226, 0.9786229872293171, 0.9322033898305084, 0.9645002730748226]",0.8027863777089782,17,"[null, null, null, null, null, 0.7315789473684211, null, null, null, null, null, null, null, 0.7315789473684211, 0.728421052631579, null, null, 0.9294736842105263, null, null, null, 0.8078947368421052, 0.7315789473684211, null, null, null, 0.9294736842105263, null, null, null, null, 0.8078947368421052, 0.8078947368421052, 0.7315789473684211, 0.8305263157894737, null, null, 0.9294736842105263, null, 0.8289473684210527, null, null, null, 0.9294736842105263, 0.7315789473684211, null, null, 0.7315789473684211, 0.728421052631579, null]",11.182318449020386,5.425910711288452,0.08648395538330078,4.783884048461914,0.0016531944274902344,0.3076035976409912,1117838,ai05,success,
roberta_base_agnews,AGNews,50,0.3,42,100,1.0,dp_avg_eps8_K20,dp_avg,4,1.0109004643796973,0.8323684210526315,0.7003236842105264,0.8507894736842105,0.9142105263157895,0.8022368421052631,-0.1255603152380385,0,50,"[-0.040479760119940034, -0.14350225790265936, -0.05726872246696035, -0.23118811881188117, -0.07744680851063823, -0.14982578397212543, 0.0, -0.18958245466048085, -0.1362862010221465, -0.14015572858731928, -0.13457823567289118, -0.1084924827305973, -0.16741271262309765, -0.0484821024014499, -0.2122060470324748, -0.15149359886201985, -0.19343780607247796, -0.12313432835820892, -0.1667835847071203, -0.2097902097902098, -0.0659086123394399, -0.1453928478204125, -0.06426332288401249, -0.18667432510051696, -0.08415032679738554, -0.2093023255813954, -0.05894995394534841, -0.10485810485810487, -0.10198300283286121, -0.08350895679662795, -0.05847953216374269, -0.24503311258278138, -0.06168224299065417, -0.17755200774068702, -0.14519906323185017, -0.05257836198179977, -0.08906249999999993, -0.16806722689075626, -0.10710402319681045, -0.10816542948038177, -0.19700686947988222, -0.11533888228299638, -0.09820193637621033, -0.053814713896457755, -0.10138248847926268, -0.16632188663632597, -0.1585137663726276, -0.10212765957446812, -0.12981330221703613, -0.15603203306639113]","[0.9565217391304348, 0.8153537380832915, 0.8370044052863436, 0.7415841584158416, 0.8995744680851064, 0.7900696864111498, 1.0, 0.7684521299029945, 0.7836456558773425, 0.8331479421579533, 0.8029620090148101, 0.8504672897196262, 0.8155774395702775, 0.9487992750339828, 0.7558790593505039, 0.8264580369843528, 0.7997061704211558, 0.839785447761194, 0.8018239214310768, 0.7727272727272727, 0.9176668772373131, 0.7935264943878882, 0.8996865203761756, 0.8098793796668581, 0.8660130718954249, 0.7308970099667774, 0.933681301811483, 0.8364598364598365, 0.8663833805476865, 0.8977871443624869, 0.7563352826510721, 0.7493900313698153, 0.8785046728971962, 0.8098693759071117, 0.7939110070257611, 0.9447253117627233, 0.8546875, 0.7745098039215687, 0.8706959043131569, 0.823966065747614, 0.792198233562316, 0.81435790725327, 0.8271092669432918, 0.9438010899182562, 0.8387096774193549, 0.8071990070335127, 0.7655707030205827, 0.8340425531914893, 0.8252625437572929, 0.832601394988375]","[0.9970014992503748, 0.9588559959859508, 0.8942731277533039, 0.9727722772277227, 0.9770212765957447, 0.9398954703832753, 1.0, 0.9580345845634753, 0.919931856899489, 0.9733036707452726, 0.9375402446877013, 0.9589597724502235, 0.9829901521933752, 0.9972813774354327, 0.9680851063829787, 0.9779516358463727, 0.9931439764936337, 0.9629197761194029, 0.9686075061381971, 0.9825174825174825, 0.983575489576753, 0.9389193422083008, 0.9639498432601881, 0.996553704767375, 0.9501633986928104, 0.9401993355481728, 0.9926312557568314, 0.9413179413179413, 0.9683663833805477, 0.9812961011591148, 0.8148148148148148, 0.9944231439525967, 0.9401869158878504, 0.9874213836477987, 0.9391100702576113, 0.9973036737445231, 0.94375, 0.9425770308123249, 0.9777999275099674, 0.9321314952279958, 0.9892051030421982, 0.9296967895362663, 0.9253112033195021, 0.9976158038147139, 0.9400921658986175, 0.9735208936698386, 0.9240844693932103, 0.9361702127659575, 0.955075845974329, 0.9886334280547662]",0.8304260651629072,14,"[0.776578947368421, null, null, null, 0.8347368421052631, null, 0.8580701754385965, null, null, 0.9415789473684211, null, 0.7552631578947369, null, null, null, null, null, null, null, 0.7978947368421052, null, null, 0.7978947368421052, 0.848421052631579, 0.7552631578947369, null, null, null, null, 0.8347368421052631, null, 0.8697368421052631, null, null, null, null, null, 0.9415789473684211, 0.7978947368421052, null, null, null, null, 0.8163157894736842, null, null, null, null, null, null]",11.209658145904541,5.476597309112549,0.07764863967895508,4.78085470199585,0.0016443729400634766,0.29483842849731445,1117838,ai05,success,
roberta_base_agnews,AGNews,50,0.3,43,100,1.0,dp_avg_eps8_K20,dp_avg,4,1.0126624410861016,0.8419736842105263,0.741663157894737,0.8897368421052632,0.9142105263157895,0.8236842105263158,-0.1097115090971583,0,50,"[-0.0808543096872617, -0.12657035175879394, -0.1259509721048182, -0.05906313645621175, -0.10840314800710849, -0.1098457016899339, -0.056650246305418706, -0.13518197573656843, -0.08985320212937575, -0.14906518443658412, -0.062350119904076795, -0.1459502806736167, -0.12554340666578845, -0.12266112266112272, -0.1707317073170732, -0.15418994413407827, -0.14768976897689767, -0.08185840707964598, -0.09773828756058156, -0.07654563297350347, -0.07360831656606304, -0.05169628432956386, -0.20170109356014587, -0.12442678080097835, -0.18141168955605236, -0.06804536357571722, -0.07729468599033817, -0.19689953694382922, -0.14314516129032262, -0.07460317460317467, -0.11313465783664456, -0.05567010309278353, -0.06767955801104975, -0.031135531135531136, -0.0646337421279417, -0.14434523809523814, -0.08606557377049184, -0.17901234567901236, -0.09404388714733547, -0.04940264772360348, -0.10593713620488943, -0.1983016983016983, -0.125, -0.15290519877675846, -0.06930006930006927, -0.04949238578680204, -0.17460317460317454, -0.12480252764612965, -0.05526770293609662, -0.12531328320802004]","[0.8352402745995423, 0.8241206030150754, 0.8182586644125106, 0.890020366598778, 0.8702716425488702, 0.8750918442321822, 0.8596059113300493, 0.8162911611785095, 0.8753024681400225, 0.7817079332996463, 0.935251798561151, 0.8032611601176156, 0.8108286128309841, 0.8087318087318087, 0.7908067542213884, 0.7988826815642458, 0.8393839383938394, 0.8716814159292036, 0.845718901453958, 0.8824010467778868, 0.8777665995975855, 0.8836833602584814, 0.795868772782503, 0.8009782940996637, 0.7668476525071862, 0.9159439626417611, 0.857487922705314, 0.7902154217837729, 0.8104838709677419, 0.8849206349206349, 0.8543046357615894, 0.8804123711340206, 0.9171270718232044, 0.9523809523809523, 0.925754060324826, 0.7946428571428571, 0.8797814207650273, 0.7906846240179574, 0.8573667711598746, 0.9457539554407491, 0.8335273573923166, 0.7766400266400266, 0.8333333333333334, 0.7737003058103975, 0.9085239085239085, 0.9219543147208121, 0.7883597883597884, 0.7977883096366508, 0.9101899827288429, 0.8145363408521303]","[0.916094584286804, 0.9506909547738693, 0.9442096365173288, 0.9490835030549898, 0.9786747905559787, 0.9849375459221161, 0.916256157635468, 0.951473136915078, 0.9651556702693983, 0.9307731177362304, 0.9976019184652278, 0.9492114407912323, 0.9363720194967725, 0.9313929313929314, 0.9615384615384616, 0.9530726256983241, 0.9870737073707371, 0.9535398230088495, 0.9434571890145396, 0.9589466797513903, 0.9513749161636486, 0.9353796445880452, 0.9975698663426489, 0.925405074900642, 0.9482593420632386, 0.9839893262174784, 0.9347826086956522, 0.9871149587276021, 0.9536290322580645, 0.9595238095238096, 0.967439293598234, 0.9360824742268041, 0.9848066298342542, 0.9835164835164835, 0.9903878024527677, 0.9389880952380952, 0.9658469945355191, 0.9696969696969697, 0.95141065830721, 0.9951566031643526, 0.9394644935972061, 0.9749417249417249, 0.9583333333333334, 0.926605504587156, 0.9778239778239778, 0.9714467005076142, 0.9629629629629629, 0.9225908372827805, 0.9654576856649395, 0.9398496240601504]",0.8400701754385964,15,"[null, null, null, 0.7739473684210526, null, 0.7663157894736842, null, null, null, 0.871578947368421, null, null, null, null, 0.9484210526315789, null, 0.7663157894736842, null, null, null, null, null, 0.7663157894736842, null, 0.871578947368421, 0.781578947368421, null, null, 0.781578947368421, 0.781578947368421, 0.9484210526315789, 0.9484210526315789, null, null, null, null, 0.781578947368421, null, 0.865, null, 0.9484210526315789, null, null, null, null, null, null, null, null, null]",11.194889068603516,5.469969987869263,0.08203887939453125,4.773995637893677,0.0016655921936035156,0.29164695739746094,1117838,ai05,success,
roberta_base_agnews,AGNews,50,0.3,44,100,1.0,dp_avg_eps8_K20,dp_avg,4,1.0068590299360318,0.8265789473684211,0.7491078947368421,0.8882894736842105,0.9142105263157895,0.7946052631578947,-0.13052183723165425,0,50,"[-0.15184757505773672, -0.12311591303187941, -0.1481900452488688, -0.0768822905620361, -0.13127147766323022, -0.1209009605829745, -0.17235901509134233, -0.15714285714285714, -0.04722979109900083, -0.19752130131680867, -0.12807525325615055, -0.2131696428571429, -0.15690759377859098, -0.11154738532928787, -0.09276177090653548, -0.08258706467661692, -0.22005511977952097, -0.14180478821362796, -0.09166666666666667, -0.13502109704641352, -0.1178146038322112, -0.0576923076923076, -0.13394342762063227, -0.13146643864899532, -0.12870873380693681, -0.14939434724091527, -0.12234042553191482, -0.08492366412213748, -0.14957698815566833, -0.12447738502470551, -0.12329411764705878, -0.12755102040816324, -0.17011197243755383, -0.045454545454545525, -0.11023622047244097, -0.10948905109489049, -0.10413522487171745, -0.12446351931330468, -0.17899891186071826, -0.1316073354908306, -0.16421424367274873, -0.21515033190160093, -0.1876815804764671, -0.14403859407305308, -0.12867647058823528, -0.09304812834224607, -0.17203608247422675, -0.09689061632426432, -0.0847457627118644, -0.11387220098306938]","[0.7738645111624326, 0.830999066293184, 0.7816742081447964, 0.8992576882290562, 0.8460481099656357, 0.8741305067903279, 0.7791898332009531, 0.7984555984555984, 0.9491371480472298, 0.7931835786212239, 0.8183791606367583, 0.7633928571428571, 0.7749313815187557, 0.8656077101552739, 0.8735066760365425, 0.8865671641791045, 0.7606529573881704, 0.8213627992633518, 0.8516666666666667, 0.7911392405063291, 0.8511134127395132, 0.9258241758241759, 0.8244592346089851, 0.8627618640444634, 0.8019222732971166, 0.7806191117092867, 0.7952127659574468, 0.8616412213740458, 0.8274111675126904, 0.8295324971493728, 0.8343529411764706, 0.7933673469387755, 0.82213608957795, 0.9015151515151515, 0.8110236220472441, 0.8479318734793188, 0.8717174766073046, 0.7811158798283262, 0.7899891186071817, 0.8338727076591155, 0.7751618599175986, 0.7729402577118313, 0.774259151656014, 0.7898001378359751, 0.8216911764705882, 0.8588235294117647, 0.7764175257731959, 0.8817323709050527, 0.847457627118644, 0.8506280720917532]","[0.9257120862201693, 0.9541149793250634, 0.9298642533936652, 0.9761399787910923, 0.977319587628866, 0.9950314673733024, 0.9515488482922955, 0.9555984555984556, 0.9963669391462306, 0.9907048799380326, 0.9464544138929089, 0.9765625, 0.9318389752973467, 0.9771550954845618, 0.966268446943078, 0.9691542288557214, 0.9807080771676914, 0.9631675874769797, 0.9433333333333334, 0.9261603375527426, 0.9689280165717244, 0.9835164835164835, 0.9584026622296173, 0.9942283026934587, 0.9306310071040534, 0.9300134589502019, 0.9175531914893617, 0.9465648854961832, 0.9769881556683587, 0.9540098821740783, 0.9576470588235294, 0.9209183673469388, 0.9922480620155039, 0.946969696969697, 0.9212598425196851, 0.9574209245742092, 0.975852701479022, 0.9055793991416309, 0.9689880304678999, 0.9654800431499461, 0.9393761035903473, 0.9880905896134322, 0.9619407321324811, 0.9338387319090282, 0.9503676470588235, 0.9518716577540107, 0.9484536082474226, 0.9786229872293171, 0.9322033898305084, 0.9645002730748226]",0.8265479876160992,17,"[null, null, null, null, null, 0.7510526315789474, null, null, null, null, null, null, null, 0.7510526315789474, 0.78, null, null, 0.9468421052631579, null, null, null, 0.828421052631579, 0.7510526315789474, null, null, null, 0.9468421052631579, null, null, null, null, 0.828421052631579, 0.828421052631579, 0.7510526315789474, 0.8489473684210527, null, null, 0.9468421052631579, null, 0.863421052631579, null, null, null, 0.9468421052631579, 0.7510526315789474, null, null, 0.7510526315789474, 0.78, null]",11.254242181777954,5.507272481918335,0.07935404777526855,4.805413246154785,0.0016505718231201172,0.29540324211120605,1117838,ai05,success,
roberta_base_agnews,AGNews,50,0.3,42,100,1.0,labelled_probe_warmup,labelled,100,0.0,0.8243421052631579,0.7003236842105264,0.8507894736842105,0.9142105263157895,0.7918421052631579,-0.13061581853314494,0,50,"[-0.058470764617691184, -0.14651279478173607, -0.03964757709251099, -0.2655940594059406, -0.08851063829787231, -0.15635888501742157, 0.0, -0.20940531421341213, -0.151618398637138, -0.11902113459399333, -0.13071474565357377, -0.0944737911418122, -0.1575649059982095, -0.06434073402809237, -0.2413213885778276, -0.14758179231863444, -0.18511263467189032, -0.1420242537313432, -0.168186601192564, -0.24475524475524468, -0.07117287850073695, -0.15296267293134957, -0.043887147335423204, -0.17978173463526703, -0.0759803921568627, -0.24584717607973428, -0.07184525637089345, -0.09042809042809041, -0.09348441926345608, -0.0879873551106427, -0.0643274853801169, -0.286859532938306, -0.06915887850467284, -0.2002902757619739, -0.13817330210772838, -0.06033029996629591, -0.10468749999999993, -0.19747899159663862, -0.09378397970279084, -0.1155885471898197, -0.22399411187438667, -0.11846016646848989, -0.10235131396957131, -0.06539509536784749, -0.10138248847926268, -0.1584609019445593, -0.181769580326116, -0.06808510638297871, -0.12981330221703613, -0.12580728493929216]","[0.9385307346326837, 0.8123432012042148, 0.8546255506607929, 0.7071782178217821, 0.8885106382978724, 0.7835365853658537, 1.0, 0.7486292703500632, 0.768313458262351, 0.8542825361512792, 0.8068254990341275, 0.8644859813084113, 0.8254252461951657, 0.9329406434073403, 0.7267637178051511, 0.8303698435277382, 0.8080313418217434, 0.8208955223880597, 0.8004209049456331, 0.7377622377622378, 0.9124026110760161, 0.7859566692769512, 0.9200626959247649, 0.816771970132108, 0.8741830065359477, 0.6943521594684385, 0.920785999385938, 0.8508898508898509, 0.8748819641170916, 0.8933087460484721, 0.7504873294346979, 0.7075636110142907, 0.8710280373831776, 0.7871311078858249, 0.8009367681498829, 0.9369733737782272, 0.8390625, 0.7450980392156863, 0.8840159478071765, 0.8165429480381761, 0.7652109911678115, 0.8112366230677764, 0.8229598893499308, 0.9322207084468664, 0.8387096774193549, 0.8150599917252793, 0.7423148890670943, 0.8680851063829788, 0.8252625437572929, 0.862826143115474]","[0.9970014992503748, 0.9588559959859508, 0.8942731277533039, 0.9727722772277227, 0.9770212765957447, 0.9398954703832753, 1.0, 0.9580345845634753, 0.919931856899489, 0.9733036707452726, 0.9375402446877013, 0.9589597724502235, 0.9829901521933752, 0.9972813774354327, 0.9680851063829787, 0.9779516358463727, 0.9931439764936337, 0.9629197761194029, 0.9686075061381971, 0.9825174825174825, 0.983575489576753, 0.9389193422083008, 0.9639498432601881, 0.996553704767375, 0.9501633986928104, 0.9401993355481728, 0.9926312557568314, 0.9413179413179413, 0.9683663833805477, 0.9812961011591148, 0.8148148148148148, 0.9944231439525967, 0.9401869158878504, 0.9874213836477987, 0.9391100702576113, 0.9973036737445231, 0.94375, 0.9425770308123249, 0.9777999275099674, 0.9321314952279958, 0.9892051030421982, 0.9296967895362663, 0.9253112033195021, 0.9976158038147139, 0.9400921658986175, 0.9735208936698386, 0.9240844693932103, 0.9361702127659575, 0.955075845974329, 0.9886334280547662]",0.823859649122807,14,"[0.755, null, null, null, 0.858421052631579, null, 0.8640350877192983, null, null, 0.9289473684210526, null, 0.7052631578947368, null, null, null, null, null, null, null, 0.8047368421052632, null, null, 0.8047368421052632, 0.8171052631578948, 0.7052631578947368, null, null, null, null, 0.858421052631579, null, 0.8668421052631579, null, null, null, null, null, 0.9289473684210526, 0.8047368421052632, null, null, null, null, 0.8315789473684211, null, null, null, null, null, null]",11.11579418182373,5.417288303375244,0.011925697326660156,4.820142984390259,0.0016298294067382812,0.29741406440734863,1117838,ai05,success,
roberta_base_agnews,AGNews,50,0.3,43,100,1.0,labelled_probe_warmup,labelled,100,0.0,0.8268421052631579,0.741663157894737,0.8897368421052632,0.9142105263157895,0.7931578947368421,-0.1202734911438742,0,50,"[-0.09000762776506488, -0.14133165829145733, -0.13186813186813184, -0.0733197556008146, -0.12642802741812653, -0.12527553269654668, -0.08866995073891626, -0.1438474870017331, -0.0948540087110824, -0.15917129863567459, -0.049160671462829764, -0.1480887463245122, -0.14293241997101835, -0.11226611226611227, -0.18855534709193245, -0.16564245810055866, -0.1468646864686468, -0.09734513274336276, -0.11550888529886916, -0.08963035655871765, -0.0880281690140845, -0.05331179321486268, -0.21142162818955046, -0.15071843472944058, -0.20121366975407218, -0.07193684678674672, -0.09420289855072472, -0.2208576605596939, -0.15322580645161288, -0.07301587301587309, -0.1263796909492274, -0.07216494845360821, -0.06952117863720075, -0.038461538461538436, -0.06595956247928414, -0.1785714285714286, -0.10245901639344268, -0.20145903479236815, -0.10971786833855801, -0.04585082337746205, -0.11641443538998841, -0.206959706959707, -0.125, -0.17125382262996947, -0.06722106722106713, -0.050761421319796884, -0.1862433862433862, -0.13902053712480256, -0.05872193436960271, -0.1328320802005013]","[0.8260869565217391, 0.809359296482412, 0.812341504649197, 0.8757637474541752, 0.8522467631378522, 0.8596620132255695, 0.8275862068965517, 0.8076256499133448, 0.8703016615583159, 0.7716018191005558, 0.9484412470023981, 0.8011226944667201, 0.7934395995257542, 0.8191268191268192, 0.7729831144465291, 0.7874301675977654, 0.8402090209020903, 0.8561946902654868, 0.8279483037156704, 0.8693163231926726, 0.863346747149564, 0.8820678513731826, 0.7861482381530984, 0.7746866401712015, 0.7470456723091664, 0.9120524794307316, 0.8405797101449275, 0.7662572981679082, 0.8004032258064516, 0.8865079365079365, 0.8410596026490066, 0.8639175257731959, 0.9152854511970534, 0.945054945054945, 0.9244282399734836, 0.7604166666666666, 0.8633879781420765, 0.7682379349046016, 0.841692789968652, 0.9493057797868906, 0.8230500582072177, 0.7679820179820179, 0.8333333333333334, 0.7553516819571865, 0.9106029106029107, 0.9206852791878173, 0.7767195767195767, 0.7835703001579779, 0.9067357512953368, 0.8070175438596491]","[0.916094584286804, 0.9506909547738693, 0.9442096365173288, 0.9490835030549898, 0.9786747905559787, 0.9849375459221161, 0.916256157635468, 0.951473136915078, 0.9651556702693983, 0.9307731177362304, 0.9976019184652278, 0.9492114407912323, 0.9363720194967725, 0.9313929313929314, 0.9615384615384616, 0.9530726256983241, 0.9870737073707371, 0.9535398230088495, 0.9434571890145396, 0.9589466797513903, 0.9513749161636486, 0.9353796445880452, 0.9975698663426489, 0.925405074900642, 0.9482593420632386, 0.9839893262174784, 0.9347826086956522, 0.9871149587276021, 0.9536290322580645, 0.9595238095238096, 0.967439293598234, 0.9360824742268041, 0.9848066298342542, 0.9835164835164835, 0.9903878024527677, 0.9389880952380952, 0.9658469945355191, 0.9696969696969697, 0.95141065830721, 0.9951566031643526, 0.9394644935972061, 0.9749417249417249, 0.9583333333333334, 0.926605504587156, 0.9778239778239778, 0.9714467005076142, 0.9629629629629629, 0.9225908372827805, 0.9654576856649395, 0.9398496240601504]",0.8266666666666667,15,"[null, null, null, 0.751578947368421, null, 0.7363157894736843, null, null, null, 0.8521052631578947, null, null, null, null, 0.9521052631578948, null, 0.7363157894736843, null, null, null, null, null, 0.7363157894736843, null, 0.8521052631578947, 0.7668421052631579, null, null, 0.7668421052631579, 0.7668421052631579, 0.9521052631578948, 0.9521052631578948, null, null, null, null, 0.7668421052631579, null, 0.8594736842105263, null, 0.9521052631578948, null, null, null, null, null, null, null, null, null]",11.193815231323242,5.428170442581177,0.01163029670715332,4.773900270462036,0.0016469955444335938,0.2938570976257324,1117838,ai05,success,
roberta_base_agnews,AGNews,50,0.3,44,100,1.0,labelled_probe_warmup,labelled,100,0.0,0.8215789473684211,0.7491078947368421,0.8882894736842105,0.9142105263157895,0.7810526315789473,-0.13356615857520845,0,50,"[-0.16204772902232478, -0.12645058023209288, -0.12669683257918551, -0.08907741251325563, -0.12371134020618557, -0.14905597880092747, -0.15170770452740268, -0.12664092664092663, -0.061762034514078024, -0.16808675445391175, -0.12518089725036186, -0.25074404761904767, -0.17566331198536134, -0.11190433696234159, -0.08432888264230498, -0.09353233830845775, -0.2567309730761077, -0.13627992633517494, -0.07500000000000007, -0.11181434599156115, -0.12972553081305016, -0.060439560439560336, -0.14475873544093176, -0.11906797776827704, -0.10781445883827823, -0.12247644683714676, -0.125, -0.07347328244274809, -0.12368866328257189, -0.1423413150893197, -0.10894117647058821, -0.10459183673469385, -0.1955211024978467, -0.10606060606060608, -0.11811023622047245, -0.12408759124087587, -0.09990944763054632, -0.14592274678111583, -0.21109902067464636, -0.1316073354908306, -0.1918775750441436, -0.1739554861382272, -0.23532829750145268, -0.12267401791867671, -0.1433823529411764, -0.10160427807486638, -0.19780927835051543, -0.10272071071626876, -0.0847457627118644, -0.12315674494811579]","[0.7636643571978445, 0.8276643990929705, 0.8031674208144797, 0.8870625662778366, 0.8536082474226804, 0.8459754885723749, 0.7998411437648928, 0.8289575289575289, 0.9346049046321526, 0.8226181254841208, 0.821273516642547, 0.7258184523809523, 0.7561756633119854, 0.8652507585222202, 0.881939564300773, 0.8756218905472637, 0.7239771040915837, 0.8268876611418048, 0.8683333333333333, 0.8143459915611815, 0.8392024857586743, 0.9230769230769231, 0.8136439267886856, 0.8751603249251817, 0.8228165482657752, 0.8075370121130552, 0.7925531914893617, 0.8730916030534351, 0.8532994923857868, 0.8116685670847587, 0.8487058823529412, 0.8163265306122449, 0.7967269595176572, 0.8409090909090909, 0.8031496062992126, 0.8333333333333334, 0.8759432538484757, 0.759656652360515, 0.7578890097932536, 0.8338727076591155, 0.7474985285462037, 0.814135103475205, 0.7266124346310284, 0.8111647139903515, 0.8069852941176471, 0.8502673796791443, 0.7506443298969072, 0.8759022765130483, 0.847457627118644, 0.8413435281267068]","[0.9257120862201693, 0.9541149793250634, 0.9298642533936652, 0.9761399787910923, 0.977319587628866, 0.9950314673733024, 0.9515488482922955, 0.9555984555984556, 0.9963669391462306, 0.9907048799380326, 0.9464544138929089, 0.9765625, 0.9318389752973467, 0.9771550954845618, 0.966268446943078, 0.9691542288557214, 0.9807080771676914, 0.9631675874769797, 0.9433333333333334, 0.9261603375527426, 0.9689280165717244, 0.9835164835164835, 0.9584026622296173, 0.9942283026934587, 0.9306310071040534, 0.9300134589502019, 0.9175531914893617, 0.9465648854961832, 0.9769881556683587, 0.9540098821740783, 0.9576470588235294, 0.9209183673469388, 0.9922480620155039, 0.946969696969697, 0.9212598425196851, 0.9574209245742092, 0.975852701479022, 0.9055793991416309, 0.9689880304678999, 0.9654800431499461, 0.9393761035903473, 0.9880905896134322, 0.9619407321324811, 0.9338387319090282, 0.9503676470588235, 0.9518716577540107, 0.9484536082474226, 0.9786229872293171, 0.9322033898305084, 0.9645002730748226]",0.8333281733746132,17,"[null, null, null, null, null, 0.8005263157894736, null, null, null, null, null, null, null, 0.8005263157894736, 0.7231578947368421, null, null, 0.9336842105263158, null, null, null, 0.8289473684210527, 0.8005263157894736, null, null, null, 0.9336842105263158, null, null, null, null, 0.8289473684210527, 0.8289473684210527, 0.8005263157894736, 0.8671052631578947, null, null, 0.9336842105263158, null, 0.828421052631579, null, null, null, 0.9336842105263158, 0.8005263157894736, null, null, 0.8005263157894736, 0.7231578947368421, null]",11.13965916633606,5.476897478103638,0.011349916458129883,4.782505989074707,0.0016613006591796875,0.2976803779602051,1117838,ai05,success,
roberta_base_agnews,AGNews,50,0.3,42,100,1.0,no_phase0,none,0,0.0,0.720657894736842,0.7003236842105264,0.8507894736842105,0.9142105263157895,0.20355263157894737,-0.22811459343837168,0,50,"[-0.14692653673163425, -0.19919719016557957, -0.18502202643171806, -0.38193069306930694, -0.15829787234042547, -0.22517421602787457, 0.0, -0.3433150569380009, -0.30153321976149916, -0.271412680756396, -0.1893110109465551, -0.22084518488419336, -0.1987466427931961, -0.15178975985500676, -0.36170212765957444, -0.20305832147937408, -0.23114593535749273, -0.26002798507462677, -0.31182041388986326, -0.37412587412587406, -0.16950937039376712, -0.2511093709214305, -0.17554858934169282, -0.21510626076967254, -0.22467320261437906, -0.3687707641196014, -0.14461160577218302, -0.21452621452621456, -0.1643059490084986, -0.16043203371970494, -0.1072124756335282, -0.402579295921924, -0.16635514018691588, -0.3115626511852927, -0.19437939110070257, -0.14863498483316484, -0.21406249999999993, -0.3207282913165266, -0.24139180862631382, -0.16330858960763517, -0.34052993130520115, -0.1929250891795481, -0.22821576763485485, -0.1495231607629428, -0.13824884792626735, -0.21390153082333474, -0.268377439187383, -0.2468085106382979, -0.2634189031505251, -0.2895892534228881]","[0.8500749625187406, 0.7596588058203713, 0.7092511013215859, 0.5908415841584158, 0.8187234042553192, 0.7147212543554007, 1.0, 0.6147195276254744, 0.6183986371379898, 0.7018909899888766, 0.7482292337411461, 0.7381145875660301, 0.7842435094001791, 0.8454916175804259, 0.6063829787234043, 0.7748933143669986, 0.761998041136141, 0.7028917910447762, 0.6567870922483339, 0.6083916083916084, 0.8140661191829859, 0.6878099712868703, 0.7884012539184952, 0.7814474439977025, 0.7254901960784313, 0.5714285714285714, 0.8480196499846484, 0.7267917267917268, 0.8040604343720491, 0.8208640674394099, 0.7076023391812866, 0.5918438480306727, 0.7738317757009345, 0.675858732462506, 0.7447306791569087, 0.8486686889113583, 0.7296875, 0.6218487394957983, 0.7364081188836535, 0.7688229056203606, 0.6486751717369971, 0.7367717003567182, 0.6970954356846473, 0.8480926430517711, 0.8018433179723502, 0.7596193628465039, 0.6557070302058273, 0.6893617021276596, 0.691656942823804, 0.6990441746318781]","[0.9970014992503748, 0.9588559959859508, 0.8942731277533039, 0.9727722772277227, 0.9770212765957447, 0.9398954703832753, 1.0, 0.9580345845634753, 0.919931856899489, 0.9733036707452726, 0.9375402446877013, 0.9589597724502235, 0.9829901521933752, 0.9972813774354327, 0.9680851063829787, 0.9779516358463727, 0.9931439764936337, 0.9629197761194029, 0.9686075061381971, 0.9825174825174825, 0.983575489576753, 0.9389193422083008, 0.9639498432601881, 0.996553704767375, 0.9501633986928104, 0.9401993355481728, 0.9926312557568314, 0.9413179413179413, 0.9683663833805477, 0.9812961011591148, 0.8148148148148148, 0.9944231439525967, 0.9401869158878504, 0.9874213836477987, 0.9391100702576113, 0.9973036737445231, 0.94375, 0.9425770308123249, 0.9777999275099674, 0.9321314952279958, 0.9892051030421982, 0.9296967895362663, 0.9253112033195021, 0.9976158038147139, 0.9400921658986175, 0.9735208936698386, 0.9240844693932103, 0.9361702127659575, 0.955075845974329, 0.9886334280547662]",0.7293922305764411,14,"[0.6713157894736842, null, null, null, 0.69, null, 0.7670175438596492, null, null, 0.85, null, 0.5815789473684211, null, null, null, null, null, null, null, 0.7610526315789473, null, null, 0.7610526315789473, 0.7157894736842105, 0.5815789473684211, null, null, null, null, 0.69, null, 0.8055263157894736, null, null, null, null, null, 0.85, 0.7610526315789473, null, null, null, null, 0.7255263157894737, null, null, null, null, null, null]",11.185972929000854,5.4751458168029785,0.004895448684692383,4.827469825744629,0.001628875732421875,0.2981686592102051,1117838,ai05,success,
roberta_base_agnews,AGNews,50,0.3,43,100,1.0,no_phase0,none,0,0.0,0.7675,0.741663157894737,0.8897368421052632,0.9142105263157895,0.27407894736842103,-0.18785680106955663,0,50,"[-0.15331807780320372, -0.20603015075376885, -0.23161453930684694, -0.14256619144602845, -0.17771007870017774, -0.17762674504041154, -0.13054187192118227, -0.22183708838821492, -0.1634134537828682, -0.23092470944921673, -0.14868105515587526, -0.22480620155038766, -0.20550652087998944, -0.2058212058212059, -0.23733583489681054, -0.24832402234636874, -0.24064906490649063, -0.20353982300884954, -0.1518578352180937, -0.1406607785410533, -0.14252179745137494, -0.1324717285945073, -0.3013365735115432, -0.21797615408132076, -0.25742574257425743, -0.14253947075828333, -0.10869565217391308, -0.26011677068653105, -0.18145161290322576, -0.13650793650793658, -0.17991169977924948, -0.12783505154639174, -0.14825046040515655, -0.12271062271062261, -0.16009280742459397, -0.25148809523809523, -0.14754098360655743, -0.23849607182940524, -0.14576802507836994, -0.11527284468840815, -0.15133876600698493, -0.3013653013653014, -0.25, -0.2446483180428135, -0.16354816354816348, -0.13451776649746183, -0.2846560846560846, -0.19194312796208535, -0.11917098445595853, -0.19047619047619047]","[0.7627765064836003, 0.7446608040201005, 0.7125950972104819, 0.8065173116089613, 0.800964711855801, 0.8073108008817046, 0.7857142857142857, 0.729636048526863, 0.8017422164865301, 0.6998484082870137, 0.8489208633093526, 0.7244052392408447, 0.7308654986167831, 0.7255717255717256, 0.724202626641651, 0.7047486033519553, 0.7464246424642464, 0.75, 0.7915993537964459, 0.818285901210337, 0.8088531187122736, 0.802907915993538, 0.6962332928311057, 0.7074289208193213, 0.6908335994889812, 0.841449855459195, 0.8260869565217391, 0.7269981880410711, 0.7721774193548387, 0.823015873015873, 0.7875275938189845, 0.8082474226804124, 0.8365561694290976, 0.8608058608058609, 0.8302949950281737, 0.6875, 0.8183060109289617, 0.7312008978675645, 0.8056426332288401, 0.8798837584759445, 0.7881257275902211, 0.6735764235764236, 0.7083333333333334, 0.6819571865443425, 0.8142758142758143, 0.8369289340101523, 0.6783068783068783, 0.7306477093206951, 0.846286701208981, 0.7493734335839599]","[0.916094584286804, 0.9506909547738693, 0.9442096365173288, 0.9490835030549898, 0.9786747905559787, 0.9849375459221161, 0.916256157635468, 0.951473136915078, 0.9651556702693983, 0.9307731177362304, 0.9976019184652278, 0.9492114407912323, 0.9363720194967725, 0.9313929313929314, 0.9615384615384616, 0.9530726256983241, 0.9870737073707371, 0.9535398230088495, 0.9434571890145396, 0.9589466797513903, 0.9513749161636486, 0.9353796445880452, 0.9975698663426489, 0.925405074900642, 0.9482593420632386, 0.9839893262174784, 0.9347826086956522, 0.9871149587276021, 0.9536290322580645, 0.9595238095238096, 0.967439293598234, 0.9360824742268041, 0.9848066298342542, 0.9835164835164835, 0.9903878024527677, 0.9389880952380952, 0.9658469945355191, 0.9696969696969697, 0.95141065830721, 0.9951566031643526, 0.9394644935972061, 0.9749417249417249, 0.9583333333333334, 0.926605504587156, 0.9778239778239778, 0.9714467005076142, 0.9629629629629629, 0.9225908372827805, 0.9654576856649395, 0.9398496240601504]",0.7616666666666666,15,"[null, null, null, 0.6926315789473684, null, 0.7094736842105264, null, null, null, 0.8073684210526316, null, null, null, null, 0.8773684210526316, null, 0.7094736842105264, null, null, null, null, null, 0.7094736842105264, null, 0.8073684210526316, 0.6757894736842105, null, null, 0.6757894736842105, 0.6757894736842105, 0.8773684210526316, 0.8773684210526316, null, null, null, null, 0.6757894736842105, null, 0.776578947368421, null, 0.8773684210526316, null, null, null, null, null, null, null, null, null]",11.080942392349243,5.430841684341431,0.006178855895996094,4.773870229721069,0.0016412734985351562,0.29421424865722656,1117838,ai05,success,
roberta_base_agnews,AGNews,50,0.3,44,100,1.0,no_phase0,none,0,0.0,0.7292105263157894,0.7491078947368421,0.8882894736842105,0.9142105263157895,0.22263157894736843,-0.21827582185757188,0,50,"[-0.2509622786759045, -0.20621581966119784, -0.20701357466063353, -0.1755037115588547, -0.19793814432989687, -0.22855250082808876, -0.2541699761715648, -0.22934362934362928, -0.1489554950045413, -0.2707203718048026, -0.23154848046309695, -0.33072916666666663, -0.26532479414455623, -0.1861502766375156, -0.17146872803935354, -0.15323383084577125, -0.35382658469366124, -0.1933701657458563, -0.17000000000000004, -0.20569620253164556, -0.21206628689798024, -0.12637362637362637, -0.22628951747088188, -0.2191107310816588, -0.20121186794818213, -0.2153432032301481, -0.21542553191489355, -0.16507633587786263, -0.22825719120135368, -0.23128088179399475, -0.21811764705882353, -0.19897959183673464, -0.2906976744186046, -0.15909090909090917, -0.15748031496062997, -0.19525547445255476, -0.17627527920313912, -0.23175965665236054, -0.2878128400435256, -0.2060409924487594, -0.27957622130665105, -0.29324482623975, -0.3251016850668216, -0.2377670572019297, -0.19852941176470584, -0.1871657754010696, -0.2951030927835051, -0.17490283176013333, -0.11864406779661008, -0.21108683779355553]","[0.6747498075442648, 0.7478991596638656, 0.7228506787330317, 0.8006362672322376, 0.7793814432989691, 0.7664789665452136, 0.6973788721207307, 0.7262548262548263, 0.8474114441416893, 0.71998450813323, 0.7149059334298119, 0.6458333333333334, 0.6665141811527905, 0.7910048188470462, 0.7947997189037245, 0.8159203980099502, 0.6268814924740301, 0.7697974217311234, 0.7733333333333333, 0.7204641350210971, 0.7568617296737442, 0.8571428571428571, 0.7321131447587355, 0.7751175716118, 0.7294191391558713, 0.7146702557200538, 0.7021276595744681, 0.7814885496183206, 0.748730964467005, 0.7227290003800836, 0.7395294117647059, 0.7219387755102041, 0.7015503875968992, 0.7878787878787878, 0.7637795275590551, 0.7621654501216545, 0.7995774222758829, 0.6738197424892703, 0.6811751904243744, 0.7594390507011867, 0.6597998822836962, 0.6948457633736822, 0.6368390470656595, 0.6960716747070985, 0.7518382352941176, 0.7647058823529411, 0.6533505154639175, 0.8037201554691837, 0.8135593220338984, 0.753413435281267]","[0.9257120862201693, 0.9541149793250634, 0.9298642533936652, 0.9761399787910923, 0.977319587628866, 0.9950314673733024, 0.9515488482922955, 0.9555984555984556, 0.9963669391462306, 0.9907048799380326, 0.9464544138929089, 0.9765625, 0.9318389752973467, 0.9771550954845618, 0.966268446943078, 0.9691542288557214, 0.9807080771676914, 0.9631675874769797, 0.9433333333333334, 0.9261603375527426, 0.9689280165717244, 0.9835164835164835, 0.9584026622296173, 0.9942283026934587, 0.9306310071040534, 0.9300134589502019, 0.9175531914893617, 0.9465648854961832, 0.9769881556683587, 0.9540098821740783, 0.9576470588235294, 0.9209183673469388, 0.9922480620155039, 0.946969696969697, 0.9212598425196851, 0.9574209245742092, 0.975852701479022, 0.9055793991416309, 0.9689880304678999, 0.9654800431499461, 0.9393761035903473, 0.9880905896134322, 0.9619407321324811, 0.9338387319090282, 0.9503676470588235, 0.9518716577540107, 0.9484536082474226, 0.9786229872293171, 0.9322033898305084, 0.9645002730748226]",0.7358978328173374,17,"[null, null, null, null, null, 0.6731578947368421, null, null, null, null, null, null, null, 0.6731578947368421, 0.6221052631578947, null, null, 0.8573684210526316, null, null, null, 0.7642105263157895, 0.6731578947368421, null, null, null, 0.8573684210526316, null, null, null, null, 0.7642105263157895, 0.7642105263157895, 0.6731578947368421, 0.7652631578947369, null, null, 0.8573684210526316, null, 0.7397368421052631, null, null, null, 0.8573684210526316, 0.6731578947368421, null, null, 0.6731578947368421, 0.6221052631578947, null]",11.162862300872803,5.509816646575928,0.004906654357910156,4.770698070526123,0.001646280288696289,0.29818224906921387,1117838,ai05,success,
roberta_base_agnews,AGNews,50,0.3,42,100,1.0,raw_union_K20,raw_union,2878,0.0,0.8910526315789473,0.7003236842105264,0.8507894736842105,0.9142105263157895,0.8893421052631579,-0.06408881461630019,1,50,"[-0.014992503748125996, -0.0842950326141495, -0.03964757709251099, -0.1193069306930693, -0.02297872340425533, -0.07012195121951215, 0.0, -0.0944749051033319, -0.022146507666098825, -0.10789766407119028, -0.06825499034127502, -0.07232832182039817, -0.1110116383169204, -0.024467603081105516, -0.1142217245240762, -0.10668563300142242, -0.13320274240940255, -0.06763059701492535, -0.09698351455629606, -0.09090909090909094, -0.02969046114971574, -0.06838945445053513, -0.056426332288401215, -0.12377943710511197, -0.053104575163398615, -0.09966777408637884, -0.025483573840957896, -0.06782106782106778, -0.047214353163361644, -0.037934668071654354, 0.040935672514619936, -0.1265249215754618, -0.0261682242990654, -0.08950169327527824, -0.06557377049180335, -0.022244691607684608, -0.025000000000000022, -0.07703081232492992, -0.07194635737586075, -0.05302226935312837, -0.11040235525024533, -0.06019619500594531, -0.03042876901798064, -0.020776566757493176, -0.02304147465437789, -0.10302027306578398, -0.06549051055867405, -0.029787234042553234, -0.06126021003500581, -0.11289072591061733]","[0.9820089955022488, 0.8745609633718013, 0.8546255506607929, 0.8534653465346534, 0.9540425531914893, 0.8697735191637631, 1.0, 0.8635596794601434, 0.8977853492333902, 0.8654060066740823, 0.8692852543464262, 0.8866314506298253, 0.8719785138764548, 0.9728137743543271, 0.8538633818589025, 0.8712660028449503, 0.8599412340842312, 0.8952891791044776, 0.8716239915819011, 0.8916083916083916, 0.9538850284270373, 0.8705298877577656, 0.9075235109717869, 0.8727742676622631, 0.8970588235294118, 0.840531561461794, 0.9671476819158735, 0.8734968734968735, 0.9211520302171861, 0.9433614330874605, 0.8557504873294347, 0.8678982223771349, 0.914018691588785, 0.8979196903725205, 0.8735362997658079, 0.9750589821368385, 0.91875, 0.865546218487395, 0.9058535701341066, 0.8791092258748674, 0.8788027477919529, 0.869500594530321, 0.8948824343015215, 0.9768392370572208, 0.9170506912442397, 0.8705006206040546, 0.8585939588345363, 0.9063829787234042, 0.8938156359393232, 0.8757427021441488]","[0.9970014992503748, 0.9588559959859508, 0.8942731277533039, 0.9727722772277227, 0.9770212765957447, 0.9398954703832753, 1.0, 0.9580345845634753, 0.919931856899489, 0.9733036707452726, 0.9375402446877013, 0.9589597724502235, 0.9829901521933752, 0.9972813774354327, 0.9680851063829787, 0.9779516358463727, 0.9931439764936337, 0.9629197761194029, 0.9686075061381971, 0.9825174825174825, 0.983575489576753, 0.9389193422083008, 0.9639498432601881, 0.996553704767375, 0.9501633986928104, 0.9401993355481728, 0.9926312557568314, 0.9413179413179413, 0.9683663833805477, 0.9812961011591148, 0.8148148148148148, 0.9944231439525967, 0.9401869158878504, 0.9874213836477987, 0.9391100702576113, 0.9973036737445231, 0.94375, 0.9425770308123249, 0.9777999275099674, 0.9321314952279958, 0.9892051030421982, 0.9296967895362663, 0.9253112033195021, 0.9976158038147139, 0.9400921658986175, 0.9735208936698386, 0.9240844693932103, 0.9361702127659575, 0.955075845974329, 0.9886334280547662]",0.889047619047619,14,"[0.8602631578947368, null, null, null, 0.8705263157894737, null, 0.9008771929824562, null, null, 0.9731578947368421, null, 0.861578947368421, null, null, null, null, null, null, null, 0.8589473684210527, null, null, 0.8589473684210527, 0.9173684210526316, 0.861578947368421, null, null, null, null, 0.8705263157894737, null, 0.9160526315789473, null, null, null, null, null, 0.9731578947368421, 0.8589473684210527, null, null, null, null, 0.8647368421052631, null, null, null, null, null, null]",11.248905658721924,5.461171865463257,0.1262373924255371,4.785748243331909,0.0016279220581054688,0.29695940017700195,1117838,ai05,success,
roberta_base_agnews,AGNews,50,0.3,43,100,1.0,raw_union_K20,raw_union,3040,0.0,0.8882894736842105,0.741663157894737,0.8897368421052632,0.9142105263157895,0.8875,-0.05782928583408782,1,50,"[-0.024408848207475242, -0.05464824120603018, -0.06677937447168214, -0.03665987780040725, -0.1018024879411018, -0.09606906686260108, 0.0024630541871921707, -0.06412478336221838, -0.040329085336344606, -0.08084891359272361, -0.01918465227817745, -0.08045977011494254, -0.05611908839415103, -0.07276507276507282, -0.08036272670419009, -0.08715083798882683, -0.0893839383938394, -0.03761061946902655, -0.05735056542810979, -0.05299313052011778, -0.04225352112676051, -0.021001615508885352, -0.14216281895504257, -0.0666462855395904, -0.08208240178856596, -0.050033355570380356, -0.03140096618357491, -0.10388564525870747, -0.0786290322580645, -0.03412698412698412, -0.08940397350993379, -0.039175257731958735, -0.035451197053407046, -0.023809523809523725, -0.03413987404706664, -0.03273809523809523, -0.069672131147541, -0.08754208754208759, -0.07210031347962387, -0.0222796254439781, -0.06402793946449359, -0.13036963036963034, 0.0, -0.04892966360856266, -0.038808038808038736, -0.039974619289340096, -0.11111111111111105, -0.041074249605055346, -0.006908462867012077, -0.05513784461152882]","[0.8916857360793288, 0.8960427135678392, 0.8774302620456467, 0.9124236252545825, 0.8768723026148769, 0.888868479059515, 0.9187192118226601, 0.8873483535528596, 0.9248265849330537, 0.8499242041435068, 0.9784172661870504, 0.8687516706762898, 0.8802529311026215, 0.8586278586278586, 0.8811757348342715, 0.8659217877094972, 0.8976897689768977, 0.915929203539823, 0.8861066235864298, 0.9059535492312725, 0.909121395036888, 0.9143780290791599, 0.8554070473876063, 0.8587587893610517, 0.8661769402746726, 0.933955970647098, 0.9033816425120773, 0.8832293134688947, 0.875, 0.9253968253968254, 0.8780353200883002, 0.8969072164948454, 0.9493554327808471, 0.9597069597069597, 0.956247928405701, 0.90625, 0.8961748633879781, 0.8821548821548821, 0.8793103448275862, 0.9728769777203745, 0.8754365541327125, 0.8445720945720946, 0.9583333333333334, 0.8776758409785933, 0.939015939015939, 0.9314720812182741, 0.8518518518518519, 0.8815165876777251, 0.9585492227979274, 0.8847117794486216]","[0.916094584286804, 0.9506909547738693, 0.9442096365173288, 0.9490835030549898, 0.9786747905559787, 0.9849375459221161, 0.916256157635468, 0.951473136915078, 0.9651556702693983, 0.9307731177362304, 0.9976019184652278, 0.9492114407912323, 0.9363720194967725, 0.9313929313929314, 0.9615384615384616, 0.9530726256983241, 0.9870737073707371, 0.9535398230088495, 0.9434571890145396, 0.9589466797513903, 0.9513749161636486, 0.9353796445880452, 0.9975698663426489, 0.925405074900642, 0.9482593420632386, 0.9839893262174784, 0.9347826086956522, 0.9871149587276021, 0.9536290322580645, 0.9595238095238096, 0.967439293598234, 0.9360824742268041, 0.9848066298342542, 0.9835164835164835, 0.9903878024527677, 0.9389880952380952, 0.9658469945355191, 0.9696969696969697, 0.95141065830721, 0.9951566031643526, 0.9394644935972061, 0.9749417249417249, 0.9583333333333334, 0.926605504587156, 0.9778239778239778, 0.9714467005076142, 0.9629629629629629, 0.9225908372827805, 0.9654576856649395, 0.9398496240601504]",0.890245614035088,15,"[null, null, null, 0.8518421052631578, null, 0.86, null, null, null, 0.8789473684210526, null, null, null, null, 0.9705263157894737, null, 0.86, null, null, null, null, null, 0.86, null, 0.8789473684210526, 0.8436842105263158, null, null, 0.8436842105263158, 0.8436842105263158, 0.9705263157894737, 0.9705263157894737, null, null, null, null, 0.8436842105263158, null, 0.9071052631578947, null, 0.9705263157894737, null, null, null, null, null, null, null, null, null]",11.2472665309906,5.442586660385132,0.12832355499267578,4.790449619293213,0.001642465591430664,0.2938358783721924,1117838,ai05,success,
roberta_base_agnews,AGNews,50,0.3,44,100,1.0,raw_union_K20,raw_union,3279,0.0,0.8986842105263158,0.7491078947368421,0.8882894736842105,0.9142105263157895,0.8975,-0.0560271052636658,2,50,"[-0.05273287143956884, -0.05708950246765376, -0.0565610859728507, -0.03181336161187698, -0.07216494845360821, -0.06657833719774753, -0.08181096108022234, -0.0776061776061776, -0.021798365122615793, -0.13710302091402016, -0.0376266280752533, -0.11123511904761907, -0.06084172003659649, -0.055149027306799936, -0.04286718200983841, -0.035820895522388096, -0.10727157091371642, -0.06261510128913439, -0.030000000000000027, -0.05907172995780596, -0.052304505437597015, -0.030219780219780112, -0.06322795341098175, -0.07524583155194531, -0.05286251567070621, -0.07402422611036341, -0.0026595744680850686, -0.03244274809160308, -0.0785109983079526, -0.05055112124667427, -0.05694117647058827, -0.04846938775510201, -0.08010335917312661, 0.030303030303030276, -0.051181102362204745, -0.045012165450121655, -0.04799275581044371, -0.05150214592274671, -0.08596300326441786, -0.06688241639697956, -0.06533254855797532, -0.1325654041390082, -0.0990703079604881, -0.05513439007580978, -0.047794117647058765, -0.021390374331550777, -0.07796391752577314, -0.04719600222098841, 0.06779661016949157, -0.049153468050245785]","[0.8729792147806005, 0.8970254768574096, 0.8733031674208145, 0.9443266171792153, 0.9051546391752577, 0.9284531301755549, 0.8697378872120731, 0.877992277992278, 0.9745685740236149, 0.8536018590240124, 0.9088277858176556, 0.8653273809523809, 0.8709972552607502, 0.9220060681777619, 0.9234012649332396, 0.9333333333333333, 0.873436506253975, 0.9005524861878453, 0.9133333333333333, 0.8670886075949367, 0.9166235111341274, 0.9532967032967034, 0.8951747088186356, 0.9189824711415134, 0.8777684914333472, 0.8559892328398385, 0.9148936170212766, 0.9141221374045801, 0.8984771573604061, 0.9034587609274041, 0.9007058823529411, 0.8724489795918368, 0.9121447028423773, 0.9772727272727273, 0.8700787401574803, 0.9124087591240876, 0.9278599456685783, 0.8540772532188842, 0.8830250272034821, 0.8985976267529665, 0.874043555032372, 0.855525185474424, 0.862870424171993, 0.8787043418332184, 0.9025735294117647, 0.93048128342246, 0.8704896907216495, 0.9314269850083287, 1.0, 0.9153468050245768]","[0.9257120862201693, 0.9541149793250634, 0.9298642533936652, 0.9761399787910923, 0.977319587628866, 0.9950314673733024, 0.9515488482922955, 0.9555984555984556, 0.9963669391462306, 0.9907048799380326, 0.9464544138929089, 0.9765625, 0.9318389752973467, 0.9771550954845618, 0.966268446943078, 0.9691542288557214, 0.9807080771676914, 0.9631675874769797, 0.9433333333333334, 0.9261603375527426, 0.9689280165717244, 0.9835164835164835, 0.9584026622296173, 0.9942283026934587, 0.9306310071040534, 0.9300134589502019, 0.9175531914893617, 0.9465648854961832, 0.9769881556683587, 0.9540098821740783, 0.9576470588235294, 0.9209183673469388, 0.9922480620155039, 0.946969696969697, 0.9212598425196851, 0.9574209245742092, 0.975852701479022, 0.9055793991416309, 0.9689880304678999, 0.9654800431499461, 0.9393761035903473, 0.9880905896134322, 0.9619407321324811, 0.9338387319090282, 0.9503676470588235, 0.9518716577540107, 0.9484536082474226, 0.9786229872293171, 0.9322033898305084, 0.9645002730748226]",0.8972600619195049,17,"[null, null, null, null, null, 0.8426315789473684, null, null, null, null, null, null, null, 0.8426315789473684, 0.8757894736842106, null, null, 0.9789473684210527, null, null, null, 0.8973684210526316, 0.8426315789473684, null, null, null, 0.9789473684210527, null, null, null, null, 0.8973684210526316, 0.8973684210526316, 0.8426315789473684, 0.9107894736842105, null, null, 0.9789473684210527, null, 0.9273684210526316, null, null, null, 0.9789473684210527, 0.8426315789473684, null, null, 0.8426315789473684, 0.8757894736842106, null]",11.225537300109863,5.4419846534729,0.1328294277191162,4.774212121963501,0.0016467571258544922,0.29709362983703613,1117838,ai05,success,
roberta_base_agnews,AGNews,50,0.3,42,100,1.0,warmup_only_labelled,warmup_only,100,0.0,0.7918421052631579,0.7003236842105264,0.8507894736842105,0.9142105263157895,0.7918421052631579,-0.16060883052541283,0,50,"[-0.08695652173913049, -0.16608128449573512, -0.06167400881057261, -0.3237623762376237, -0.11489361702127654, -0.18205574912891986, 0.0, -0.2636018557570645, -0.18057921635434415, -0.14349276974416025, -0.1468126207340631, -0.11560341324664769, -0.1754700089525515, -0.09560489352061619, -0.2928331466965286, -0.16038406827880514, -0.19147894221351625, -0.1861007462686567, -0.2044896527534199, -0.2972027972027972, -0.10486418193303859, -0.19603236752806064, -0.07210031347962376, -0.19184376794945435, -0.10049019607843135, -0.292358803986711, -0.1019342953638317, -0.10630110630110634, -0.11473087818696881, -0.11722866174920965, -0.08187134502923976, -0.3506448239804809, -0.09345794392523354, -0.25495887760038705, -0.15456674473067922, -0.09302325581395354, -0.15937499999999993, -0.2366946778711484, -0.11951794128307358, -0.1314952279957582, -0.2730618253189401, -0.1367419738406659, -0.15076071922544954, -0.10149863760217992, -0.10599078341013823, -0.16673562267273478, -0.22560812616947334, -0.08510638297872342, -0.17357059509918316, -0.1487987600103332]","[0.9100449775112444, 0.7927747114902157, 0.8325991189427313, 0.649009900990099, 0.8621276595744681, 0.7578397212543554, 1.0, 0.6944327288064108, 0.7393526405451448, 0.8298109010011123, 0.7907276239536382, 0.8433563592035758, 0.8075201432408237, 0.9016764839148165, 0.6752519596864501, 0.8175675675675675, 0.8016650342801175, 0.7768190298507462, 0.7641178533847772, 0.6853146853146853, 0.8787113076437144, 0.7428869746802401, 0.8918495297805643, 0.8047099368179207, 0.8496732026143791, 0.6478405315614618, 0.8906969603929997, 0.835016835016835, 0.8536355051935789, 0.8640674394099052, 0.732943469785575, 0.6437783199721158, 0.8467289719626169, 0.7324625060474117, 0.7845433255269321, 0.9042804179305696, 0.784375, 0.7058823529411765, 0.8582819862268938, 0.8006362672322376, 0.7161432777232581, 0.7929548156956004, 0.7745504840940526, 0.896117166212534, 0.8341013824884793, 0.8067852709971038, 0.698476343223737, 0.851063829787234, 0.7815052508751459, 0.839834668044433]","[0.9970014992503748, 0.9588559959859508, 0.8942731277533039, 0.9727722772277227, 0.9770212765957447, 0.9398954703832753, 1.0, 0.9580345845634753, 0.919931856899489, 0.9733036707452726, 0.9375402446877013, 0.9589597724502235, 0.9829901521933752, 0.9972813774354327, 0.9680851063829787, 0.9779516358463727, 0.9931439764936337, 0.9629197761194029, 0.9686075061381971, 0.9825174825174825, 0.983575489576753, 0.9389193422083008, 0.9639498432601881, 0.996553704767375, 0.9501633986928104, 0.9401993355481728, 0.9926312557568314, 0.9413179413179413, 0.9683663833805477, 0.9812961011591148, 0.8148148148148148, 0.9944231439525967, 0.9401869158878504, 0.9874213836477987, 0.9391100702576113, 0.9973036737445231, 0.94375, 0.9425770308123249, 0.9777999275099674, 0.9321314952279958, 0.9892051030421982, 0.9296967895362663, 0.9253112033195021, 0.9976158038147139, 0.9400921658986175, 0.9735208936698386, 0.9240844693932103, 0.9361702127659575, 0.955075845974329, 0.9886334280547662]",0.7935902255639098,14,"[0.7155263157894737, null, null, null, 0.8378947368421052, null, 0.8421052631578947, null, null, 0.8984210526315789, null, 0.6410526315789473, null, null, null, null, null, null, null, 0.79, null, null, 0.79, 0.7697368421052632, 0.6410526315789473, null, null, null, null, 0.8378947368421052, null, 0.8442105263157895, null, null, null, null, null, 0.8984210526315789, 0.79, null, null, null, null, 0.8139473684210526, null, null, null, null, null, null]",6.328130483627319,5.445661783218384,0.009480714797973633,0.0,0.0,0.2963533401489258,1117838,ai05,success,
roberta_base_agnews,AGNews,50,0.3,43,100,1.0,warmup_only_labelled,warmup_only,100,0.0,0.7931578947368421,0.741663157894737,0.8897368421052632,0.9142105263157895,0.7931578947368421,-0.15703123687895185,0,50,"[-0.1197559115179253, -0.18938442211055273, -0.16990701606086223, -0.10794297352342153, -0.15587712617415594, -0.15282880235121243, -0.1280788177339901, -0.18370883882149047, -0.12921438941764807, -0.23143001515917128, -0.07194244604316546, -0.1849772788024593, -0.19720721907522065, -0.1351351351351352, -0.24953095684803006, -0.20558659217877095, -0.17354235423542352, -0.11946902654867253, -0.15347334410339253, -0.1171082760876676, -0.11854460093896713, -0.08239095315024236, -0.23693803159173754, -0.1993274228064813, -0.2625359310124561, -0.090393595730487, -0.13285024154589375, -0.28407489430239574, -0.217741935483871, -0.09523809523809523, -0.14679911699779247, -0.09690721649484535, -0.0888581952117864, -0.05128205128205121, -0.07756049055353009, -0.23958333333333337, -0.1297814207650273, -0.2514029180695848, -0.15360501567398122, -0.05747497578301586, -0.1525029103608848, -0.24092574092574093, -0.20833333333333337, -0.22018348623853212, -0.08108108108108103, -0.06472081218274106, -0.20952380952380945, -0.21169036334913116, -0.07772020725388595, -0.19548872180451127]","[0.7963386727688787, 0.7613065326633166, 0.7743026204564666, 0.8411405295315683, 0.8227976643818228, 0.8321087435709037, 0.7881773399014779, 0.7677642980935875, 0.8359412808517502, 0.6993431025770591, 0.9256594724220624, 0.764234161988773, 0.7391648004215519, 0.7962577962577962, 0.7120075046904315, 0.7474860335195531, 0.8135313531353136, 0.834070796460177, 0.789983844911147, 0.8418384036637226, 0.8328303152246814, 0.8529886914378029, 0.7606318347509113, 0.7260776520941608, 0.6857234110507825, 0.8935957304869914, 0.8019323671497585, 0.7030400644252064, 0.7358870967741935, 0.8642857142857143, 0.8206401766004415, 0.8391752577319588, 0.8959484346224678, 0.9322344322344323, 0.9128273118992376, 0.6994047619047619, 0.8360655737704918, 0.7182940516273849, 0.7978056426332288, 0.9376816273813368, 0.7869615832363213, 0.734015984015984, 0.75, 0.7064220183486238, 0.8967428967428968, 0.9067258883248731, 0.7534391534391535, 0.7109004739336493, 0.8877374784110535, 0.7443609022556391]","[0.916094584286804, 0.9506909547738693, 0.9442096365173288, 0.9490835030549898, 0.9786747905559787, 0.9849375459221161, 0.916256157635468, 0.951473136915078, 0.9651556702693983, 0.9307731177362304, 0.9976019184652278, 0.9492114407912323, 0.9363720194967725, 0.9313929313929314, 0.9615384615384616, 0.9530726256983241, 0.9870737073707371, 0.9535398230088495, 0.9434571890145396, 0.9589466797513903, 0.9513749161636486, 0.9353796445880452, 0.9975698663426489, 0.925405074900642, 0.9482593420632386, 0.9839893262174784, 0.9347826086956522, 0.9871149587276021, 0.9536290322580645, 0.9595238095238096, 0.967439293598234, 0.9360824742268041, 0.9848066298342542, 0.9835164835164835, 0.9903878024527677, 0.9389880952380952, 0.9658469945355191, 0.9696969696969697, 0.95141065830721, 0.9951566031643526, 0.9394644935972061, 0.9749417249417249, 0.9583333333333334, 0.926605504587156, 0.9778239778239778, 0.9714467005076142, 0.9629629629629629, 0.9225908372827805, 0.9654576856649395, 0.9398496240601504]",0.7946315789473684,15,"[null, null, null, 0.7026315789473684, null, 0.6663157894736842, null, null, null, 0.8242105263157895, null, null, null, null, 0.9431578947368421, null, 0.6663157894736842, null, null, null, null, null, 0.6663157894736842, null, 0.8242105263157895, 0.7389473684210527, null, null, 0.7389473684210527, 0.7389473684210527, 0.9431578947368421, 0.9431578947368421, null, null, null, null, 0.7389473684210527, null, 0.8410526315789474, null, 0.9431578947368421, null, null, null, null, null, null, null, null, null]",6.327955484390259,5.445864677429199,0.009751558303833008,0.0,0.0,0.29358959197998047,1117838,ai05,success,
roberta_base_agnews,AGNews,50,0.3,44,100,1.0,warmup_only_labelled,warmup_only,100,0.0,0.7810526315789473,0.7491078947368421,0.8882894736842105,0.9142105263157895,0.7810526315789473,-0.16897680928118683,0,50,"[-0.2090069284064665, -0.1665999733226624, -0.1459276018099548, -0.14448568398727468, -0.15876288659793814, -0.19774759854256374, -0.16282764098490865, -0.1397683397683398, -0.10422343324250671, -0.17195972114639824, -0.1772793053545586, -0.32328869047619047, -0.2255260750228728, -0.14617169373549876, -0.11735769501054116, -0.12935323383084585, -0.33050667797328814, -0.1593001841620626, -0.1133333333333334, -0.129746835443038, -0.17736923873640598, -0.08241758241758235, -0.18552412645590688, -0.14643009833262077, -0.1278729628081905, -0.13055181695827733, -0.14095744680851063, -0.11068702290076338, -0.13824027072758038, -0.19365260357278602, -0.1357647058823529, -0.125, -0.26528854435831184, -0.13636363636363646, -0.15354330708661423, -0.16970802919708028, -0.13794144280108667, -0.19742489270386265, -0.26115342763873783, -0.15210355987055013, -0.24896998234255452, -0.17942210074189768, -0.2983730389308541, -0.13714679531357676, -0.18014705882352933, -0.14224598930481291, -0.25128865979381443, -0.13548028872848417, -0.0847457627118644, -0.16985253959584934]","[0.7167051578137028, 0.787515006002401, 0.7839366515837104, 0.8316542948038176, 0.8185567010309278, 0.7972838688307387, 0.7887212073073868, 0.8158301158301158, 0.8921435059037239, 0.8187451587916343, 0.7691751085383502, 0.6532738095238095, 0.7063129002744739, 0.830983401749063, 0.8489107519325368, 0.8398009950248756, 0.6502013991944032, 0.8038674033149171, 0.83, 0.7964135021097046, 0.7915587778353185, 0.9010989010989011, 0.7728785357737105, 0.847798204360838, 0.802758044295863, 0.7994616419919246, 0.776595744680851, 0.8358778625954199, 0.8387478849407783, 0.7603572786012923, 0.8218823529411765, 0.7959183673469388, 0.726959517657192, 0.8106060606060606, 0.7677165354330708, 0.787712895377129, 0.8379112586779354, 0.7081545064377682, 0.7078346028291621, 0.8133764832793959, 0.6904061212477928, 0.8086684888715345, 0.663567693201627, 0.7966919365954515, 0.7702205882352942, 0.8096256684491978, 0.6971649484536082, 0.8431426985008329, 0.847457627118644, 0.7946477334789732]","[0.9257120862201693, 0.9541149793250634, 0.9298642533936652, 0.9761399787910923, 0.977319587628866, 0.9950314673733024, 0.9515488482922955, 0.9555984555984556, 0.9963669391462306, 0.9907048799380326, 0.9464544138929089, 0.9765625, 0.9318389752973467, 0.9771550954845618, 0.966268446943078, 0.9691542288557214, 0.9807080771676914, 0.9631675874769797, 0.9433333333333334, 0.9261603375527426, 0.9689280165717244, 0.9835164835164835, 0.9584026622296173, 0.9942283026934587, 0.9306310071040534, 0.9300134589502019, 0.9175531914893617, 0.9465648854961832, 0.9769881556683587, 0.9540098821740783, 0.9576470588235294, 0.9209183673469388, 0.9922480620155039, 0.946969696969697, 0.9212598425196851, 0.9574209245742092, 0.975852701479022, 0.9055793991416309, 0.9689880304678999, 0.9654800431499461, 0.9393761035903473, 0.9880905896134322, 0.9619407321324811, 0.9338387319090282, 0.9503676470588235, 0.9518716577540107, 0.9484536082474226, 0.9786229872293171, 0.9322033898305084, 0.9645002730748226]",0.8008359133126935,17,"[null, null, null, null, null, 0.7952631578947369, null, null, null, null, null, null, null, 0.7952631578947369, 0.6373684210526316, null, null, 0.888421052631579, null, null, null, 0.8031578947368421, 0.7952631578947369, null, null, null, 0.888421052631579, null, null, null, null, 0.8031578947368421, 0.8031578947368421, 0.7952631578947369, 0.841842105263158, null, null, 0.888421052631579, null, 0.7628947368421053, null, null, null, 0.888421052631579, 0.7952631578947369, null, null, 0.7952631578947369, 0.6373684210526316, null]",6.363548040390015,5.468646287918091,0.009723424911499023,0.0,0.0,0.30767273902893066,1117838,ai05,success,
roberta_base_agnews,AGNews,50,1.0,42,100,1.0,dp_avg_eps2_K20,dp_avg,4,4.043601857518789,0.8180263157894737,0.8482131578947368,0.8957894736842106,0.9142105263157895,0.7313157894736843,-0.12203951160588247,0,50,"[-0.16192687173534526, -0.14409005628517824, -0.1370431893687708, -0.137465480208653, -0.14070536370315945, -0.10931827349737788, -0.15677966101694918, -0.05941422594142254, -0.12024665981500515, -0.10850439882697949, -0.11029411764705888, -0.1401045967519956, -0.10220177456457435, -0.12342402123424012, -0.09855233853006684, -0.101123595505618, -0.1174698795180723, -0.10776942355889718, -0.08287724784988282, -0.14308426073131952, -0.1552825552825553, -0.08737552200449727, -0.15337107565620167, -0.1351706036745407, -0.11875000000000002, -0.09469026548672566, -0.13976945244956773, -0.0915178571428571, -0.1610442945145203, -0.08764940239043828, -0.14432029795158297, -0.12803834303320782, -0.10193798449612401, -0.1586206896551724, -0.10150753768844223, -0.13064361191162344, -0.12759544541192225, -0.09823677581863977, -0.11865828092243191, -0.10648148148148151, -0.16205869842620158, -0.165903582009157, -0.11054958938723947, -0.06909547738693467, -0.130821559392988, -0.07799145299145294, -0.14811912225705326, -0.15942918520791782, -0.10879491760968829, -0.12615508236239448]","[0.7887405687753918, 0.7894934333958724, 0.8164451827242525, 0.8027002147898128, 0.7858192505510654, 0.8535699878983461, 0.7601694915254237, 0.9037656903765691, 0.84224049331963, 0.8362658846529815, 0.8648580121703854, 0.7905312413982934, 0.8895826487019389, 0.7972793629727937, 0.840478841870824, 0.8547351524879615, 0.8127053669222344, 0.8245614035087719, 0.854573885848319, 0.814785373608903, 0.8176904176904177, 0.8766463218760039, 0.7884714359238292, 0.8114610673665792, 0.8225, 0.8628318584070797, 0.8094380403458213, 0.8567708333333334, 0.7805808154884131, 0.8671978751660027, 0.7858472998137802, 0.8091407052379322, 0.8686046511627907, 0.7927404718693285, 0.8492462311557789, 0.8155619596541787, 0.8124581379772271, 0.8576826196473551, 0.8318658280922432, 0.8379629629629629, 0.7758400680561464, 0.7664960948020468, 0.8363866077068857, 0.8680904522613065, 0.7995813710099424, 0.8653846153846154, 0.7946708463949843, 0.7908546877397575, 0.8461385745483423, 0.8163921253515468]","[0.950667440510737, 0.9335834896810506, 0.9534883720930233, 0.9401656949984658, 0.9265246142542248, 0.962888261395724, 0.9169491525423729, 0.9631799163179916, 0.9624871531346352, 0.944770283479961, 0.9751521298174443, 0.930635838150289, 0.9917844232665133, 0.9207033842070338, 0.9390311804008908, 0.9558587479935795, 0.9301752464403067, 0.9323308270676691, 0.9374511336982018, 0.9578696343402225, 0.972972972972973, 0.9640218438805012, 0.9418425115800309, 0.9466316710411199, 0.94125, 0.9575221238938053, 0.9492074927953891, 0.9482886904761905, 0.9416251100029334, 0.9548472775564409, 0.9301675977653632, 0.9371790482711401, 0.9705426356589147, 0.9513611615245009, 0.9507537688442211, 0.9462055715658021, 0.9400535833891493, 0.9559193954659949, 0.9505241090146751, 0.9444444444444444, 0.9378987664823479, 0.9323996768112038, 0.9469361970941251, 0.9371859296482412, 0.9304029304029304, 0.9433760683760684, 0.9427899686520376, 0.9502838729476754, 0.9549334921580306, 0.9425472077139413]",,0,"[null, null, null, null, null, null, null, null, null, null, null, null, null, null, null, null, null, null, null, null, null, null, null, null, null, null, null, null, null, null, null, null, null, null, null, null, null, null, null, null, null, null, null, null, null, null, null, null, null, null]",11.139711856842041,5.421723127365112,0.08336400985717773,4.773044109344482,0.0016453266143798828,0.27721738815307617,1117838,ai05,success,
roberta_base_agnews,AGNews,50,1.0,43,100,1.0,dp_avg_eps2_K20,dp_avg,4,4.050649764344406,0.8201315789473684,0.8402921052631579,0.891578947368421,0.9142105263157895,0.7638157894736842,-0.12228339673768249,0,50,"[-0.07835820895522383, -0.10427177934746057, -0.1334093500570126, -0.1563380281690141, -0.08784425451092115, -0.1060267857142857, -0.16782196278730388, -0.09154929577464788, -0.1400730816077954, -0.07648401826484019, -0.08723599632690537, -0.10286611700039261, -0.18255908720456393, -0.11557788944723613, -0.1252973830293418, -0.09843400447427297, -0.09383378016085797, -0.0747484427407763, -0.09700176366843027, -0.11423908608731126, -0.1926514399205561, -0.10707576706324362, -0.09099616858237547, -0.20566801619433206, -0.14696969696969697, -0.16696349065004457, -0.1271929824561403, -0.13022284122562666, -0.1380434782608695, -0.11234294161123437, -0.08751529987760098, -0.08088531187122738, -0.12195873113643363, -0.11366906474820149, -0.1290893015030946, -0.10438292964244522, -0.11621315192743764, -0.11473087818696881, -0.10982658959537572, -0.10366552119129446, -0.21475625823451905, -0.14247166756610896, -0.11393514460999121, -0.12754970307255353, -0.15761148129164526, -0.11632171862719409, -0.1338244321669736, -0.10409745293466233, -0.11291569992266048, -0.15665236051502152]","[0.8880597014925373, 0.832828792465523, 0.8152793614595211, 0.8169014084507042, 0.8713200379867047, 0.8690476190476191, 0.8201386355344765, 0.8748645720476707, 0.7978075517661388, 0.8692922374429224, 0.8622589531680441, 0.8488417746368276, 0.7726161369193154, 0.8618090452261307, 0.8152260111022998, 0.8456375838926175, 0.8558981233243967, 0.8921897460469573, 0.8400940623162846, 0.8294573643410853, 0.7676266137040715, 0.8475266123982467, 0.8668582375478927, 0.7607287449392712, 0.7916666666666666, 0.790293855743544, 0.8035087719298246, 0.8149953574744662, 0.8214673913043479, 0.8418329637841833, 0.8837209302325582, 0.8961770623742454, 0.8349245457345241, 0.8014388489208633, 0.8552903035661656, 0.8460207612456747, 0.8253968253968254, 0.8179886685552408, 0.8355228586442459, 0.8550973654066437, 0.7618577075098815, 0.7922288181327577, 0.810692375109553, 0.796281951975213, 0.765504869297796, 0.8173958606235263, 0.8124616329036218, 0.8239202657807309, 0.814385150812065, 0.7925608011444921]","[0.9664179104477612, 0.9371005718129836, 0.9486887115165337, 0.9732394366197183, 0.9591642924976258, 0.9750744047619048, 0.9879605983217804, 0.9664138678223185, 0.9378806333739342, 0.9457762557077626, 0.9494949494949495, 0.9517078916372202, 0.9551752241238793, 0.9773869346733668, 0.9405233941316415, 0.9440715883668904, 0.9497319034852547, 0.9669381887877336, 0.9370958259847149, 0.9436964504283966, 0.9602780536246276, 0.9546023794614903, 0.9578544061302682, 0.9663967611336033, 0.9386363636363636, 0.9572573463935886, 0.9307017543859649, 0.9452181987000928, 0.9595108695652174, 0.9541759053954176, 0.9712362301101591, 0.9770623742454728, 0.9568832768709578, 0.9151079136690647, 0.9843796050692603, 0.9504036908881199, 0.941609977324263, 0.9327195467422096, 0.9453494482396216, 0.9587628865979382, 0.9766139657444005, 0.9347004856988667, 0.9246275197195443, 0.9238316550477665, 0.9231163505894413, 0.9337175792507204, 0.9462860650705954, 0.9280177187153932, 0.9273008507347255, 0.9492131616595136]",,0,"[null, null, null, null, null, null, null, null, null, null, null, null, null, null, null, null, null, null, null, null, null, null, null, null, null, null, null, null, null, null, null, null, null, null, null, null, null, null, null, null, null, null, null, null, null, null, null, null, null, null]",11.181455373764038,5.47411036491394,0.08403992652893066,4.76802921295166,0.0016453266143798828,0.27787089347839355,1117838,ai05,success,
roberta_base_agnews,AGNews,50,1.0,44,100,1.0,dp_avg_eps2_K20,dp_avg,4,4.027436119744127,0.8081578947368421,0.8402026315789475,0.8972368421052631,0.9142105263157895,0.7446052631578948,-0.13738230098406068,0,50,"[-0.1127348643006264, -0.17379117028731605, -0.10228611831251466, -0.15655296229802518, -0.1508213041314086, -0.10488100040338844, -0.15427086716466387, -0.0862708719851577, -0.15051020408163263, -0.14110898661567883, -0.11008366358432409, -0.1118335500650195, -0.14473684210526316, -0.1145038167938931, -0.12391132224861445, -0.13092672413793094, -0.11567328918322295, -0.10447761194029848, -0.1769596199524941, -0.17732115677321147, -0.10213776722090262, -0.14543361473522642, -0.11658717541070485, -0.22532588454376157, -0.22584167424931756, -0.16759298845660542, -0.19172633253778837, -0.10262056815679366, -0.10246679316888041, -0.15857913098636223, -0.13841463414634136, -0.13574351978171895, -0.13673805601317957, -0.10514888337468986, -0.13733228097868977, -0.10668229777256732, -0.12136649685346124, -0.08457069076823753, -0.17175792507204612, -0.1234963913392142, -0.12492685781158575, -0.16747572815533984, -0.19213973799126638, -0.20541259982253768, -0.12371355060034306, -0.12999071494893222, -0.11829268292682926, -0.14943151055766113, -0.12412587412587406, -0.09038674033149174]","[0.8396659707724425, 0.7725998598458305, 0.8592976667452275, 0.7960502692998205, 0.778994524639124, 0.8584106494554256, 0.7794738551477752, 0.885899814471243, 0.7646683673469388, 0.7988527724665392, 0.8683399383531484, 0.8270481144343304, 0.7789473684210526, 0.8402818555490311, 0.8060174188440221, 0.7990301724137931, 0.8233995584988962, 0.8230277185501066, 0.7862232779097387, 0.7511415525114156, 0.8456057007125891, 0.8016116653875671, 0.8198198198198198, 0.7400372439478585, 0.7546860782529572, 0.758016246259085, 0.7430389817024662, 0.8735961242017177, 0.8339658444022771, 0.7944814462416746, 0.8097560975609757, 0.8015006821282401, 0.78665568369028, 0.8393300248138957, 0.8125493291239148, 0.8475967174677609, 0.8555588852262511, 0.8534538411878632, 0.7648414985590778, 0.8416198877305533, 0.8194850789935635, 0.7565880721220527, 0.759031361651449, 0.7577639751552795, 0.8126072041166381, 0.8259052924791086, 0.8483739837398374, 0.818083378451543, 0.8076923076923077, 0.8897237569060773]","[0.9524008350730689, 0.9463910301331465, 0.9615837850577421, 0.9526032315978457, 0.9298158287705326, 0.963291649858814, 0.9337447223124391, 0.9721706864564007, 0.9151785714285714, 0.939961759082218, 0.9784236019374725, 0.9388816644993498, 0.9236842105263158, 0.9547856723429242, 0.9299287410926366, 0.9299568965517241, 0.9390728476821192, 0.9275053304904051, 0.9631828978622328, 0.928462709284627, 0.9477434679334917, 0.9470452801227935, 0.9364069952305246, 0.9653631284916201, 0.9805277525022748, 0.9256092347156905, 0.9347653142402546, 0.9762166923585114, 0.9364326375711575, 0.9530605772280368, 0.948170731707317, 0.937244201909959, 0.9233937397034596, 0.9444789081885856, 0.9498816101026045, 0.9542790152403282, 0.9769253820797124, 0.9380245319561007, 0.9365994236311239, 0.9651162790697675, 0.9444119368051492, 0.9240638002773925, 0.9511710996427154, 0.9631765749778172, 0.9363207547169812, 0.9558960074280408, 0.9666666666666667, 0.9675148890092041, 0.9318181818181818, 0.980110497237569]",,0,"[null, null, null, null, null, null, null, null, null, null, null, null, null, null, null, null, null, null, null, null, null, null, null, null, null, null, null, null, null, null, null, null, null, null, null, null, null, null, null, null, null, null, null, null, null, null, null, null, null, null]",11.174391269683838,5.4682300090789795,0.08432650566101074,4.774024963378906,0.0016367435455322266,0.27773022651672363,1117838,ai05,success,
roberta_base_agnews,AGNews,50,1.0,42,100,1.0,dp_avg_eps8_K20,dp_avg,4,1.0109004643796973,0.8367105263157895,0.8482131578947368,0.8957894736842106,0.9142105263157895,0.8081578947368421,-0.10147600664767119,0,50,"[-0.13348810214741724, -0.11969981238273919, -0.11461794019933558, -0.1196686100030685, -0.11645848640705359, -0.09398951189995963, -0.11864406779661019, -0.05104602510460243, -0.0976361767728674, -0.08797653958944285, -0.09457403651115626, -0.10514726121662543, -0.08905685179099565, -0.09721300597213, -0.08240534521158127, -0.0810593900481541, -0.09364731653888281, -0.0914786967418546, -0.07505863956215797, -0.11287758346581878, -0.13808353808353813, -0.07195631223899779, -0.13072568193515177, -0.11111111111111116, -0.09750000000000003, -0.07654867256637166, -0.11491354466858794, -0.06956845238095233, -0.1428571428571428, -0.07636122177954852, -0.1033519553072626, -0.1045874700445053, -0.09263565891472869, -0.1353901996370236, -0.08743718592964822, -0.11911623439000962, -0.1064969859343603, -0.08249370277078083, -0.09014675052410903, -0.08399470899470896, -0.138664398128456, -0.13843253433880953, -0.08149084017687935, -0.06407035175879394, -0.11198325484039773, -0.06837606837606836, -0.11677115987460807, -0.1430105876937241, -0.09311097875719676, -0.10687022900763354]","[0.8171793383633198, 0.8138836772983115, 0.8388704318936877, 0.8204970849953973, 0.8100661278471712, 0.8688987494957644, 0.7983050847457627, 0.9121338912133892, 0.8648509763617678, 0.8567937438905181, 0.880578093306288, 0.8254885769336636, 0.9027275714755176, 0.8234903782349038, 0.8566258351893096, 0.8747993579454254, 0.8365279299014239, 0.8408521303258145, 0.8623924941360438, 0.8449920508744038, 0.8348894348894349, 0.8920655316415034, 0.8111168296448791, 0.8355205599300087, 0.84375, 0.8809734513274337, 0.8342939481268011, 0.8787202380952381, 0.7987679671457906, 0.8784860557768924, 0.8268156424581006, 0.8325915782266348, 0.877906976744186, 0.8159709618874773, 0.8633165829145729, 0.8270893371757925, 0.833556597454789, 0.8734256926952141, 0.8603773584905661, 0.8604497354497355, 0.7992343683538919, 0.7939671424723943, 0.8654453569172458, 0.8731155778894473, 0.8184196755625327, 0.875, 0.8260188087774295, 0.8072732852539513, 0.8618225134008338, 0.8356769787063077]","[0.950667440510737, 0.9335834896810506, 0.9534883720930233, 0.9401656949984658, 0.9265246142542248, 0.962888261395724, 0.9169491525423729, 0.9631799163179916, 0.9624871531346352, 0.944770283479961, 0.9751521298174443, 0.930635838150289, 0.9917844232665133, 0.9207033842070338, 0.9390311804008908, 0.9558587479935795, 0.9301752464403067, 0.9323308270676691, 0.9374511336982018, 0.9578696343402225, 0.972972972972973, 0.9640218438805012, 0.9418425115800309, 0.9466316710411199, 0.94125, 0.9575221238938053, 0.9492074927953891, 0.9482886904761905, 0.9416251100029334, 0.9548472775564409, 0.9301675977653632, 0.9371790482711401, 0.9705426356589147, 0.9513611615245009, 0.9507537688442211, 0.9462055715658021, 0.9400535833891493, 0.9559193954659949, 0.9505241090146751, 0.9444444444444444, 0.9378987664823479, 0.9323996768112038, 0.9469361970941251, 0.9371859296482412, 0.9304029304029304, 0.9433760683760684, 0.9427899686520376, 0.9502838729476754, 0.9549334921580306, 0.9425472077139413]",,0,"[null, null, null, null, null, null, null, null, null, null, null, null, null, null, null, null, null, null, null, null, null, null, null, null, null, null, null, null, null, null, null, null, null, null, null, null, null, null, null, null, null, null, null, null, null, null, null, null, null, null]",11.141437768936157,5.426226377487183,0.0835881233215332,4.761834621429443,0.0016486644744873047,0.2873520851135254,1117838,ai05,success,
roberta_base_agnews,AGNews,50,1.0,43,100,1.0,dp_avg_eps8_K20,dp_avg,4,1.0126624410861016,0.8413157894736842,0.8402921052631579,0.891578947368421,0.9142105263157895,0.819078947368421,-0.10527608185701187,0,50,"[-0.06449893390191896, -0.0891355533131517, -0.11060433295324978, -0.15492957746478875, -0.06837606837606836, -0.0870535714285714, -0.1400948558920102, -0.06933911159263273, -0.11936662606577342, -0.06335616438356162, -0.08264462809917361, -0.09344326658814295, -0.15403422982885084, -0.09516331658291455, -0.10111022997620933, -0.08165548098434006, -0.07875335120643434, -0.06516530905606133, -0.0840681951793063, -0.10240718074255406, -0.17378351539225423, -0.0970569818409518, -0.08141762452107282, -0.17773279352226723, -0.13295454545454544, -0.16162065894924316, -0.10701754385964912, -0.122330547818013, -0.12989130434782603, -0.09682187730968228, -0.06670746634026925, -0.06197183098591552, -0.09331690791499836, -0.09208633093525176, -0.10580607132331277, -0.08881199538638984, -0.10600907029478457, -0.10056657223796028, -0.09353652128218604, -0.08591065292096223, -0.18708827404479578, -0.12250404749055577, -0.0999123575810692, -0.11593080299509417, -0.14274730907227062, -0.09693476552266167, -0.11080417434008594, -0.08416389811738656, -0.09512761020881677, -0.12804005722460665]","[0.9019189765458422, 0.8479650184998319, 0.8380843785632839, 0.8183098591549296, 0.8907882241215574, 0.8880208333333334, 0.8478657424297702, 0.8970747562296858, 0.8185140073081608, 0.882420091324201, 0.8668503213957759, 0.8582646250490773, 0.8011409942950285, 0.8822236180904522, 0.8394131641554322, 0.8624161073825504, 0.8709785522788204, 0.9017728797316723, 0.8530276308054086, 0.8412892696858425, 0.7864945382323734, 0.8575453976205385, 0.8764367816091954, 0.7886639676113361, 0.8056818181818182, 0.7956366874443455, 0.8236842105263158, 0.8228876508820798, 0.8296195652173913, 0.8573540280857354, 0.9045287637698899, 0.9150905432595573, 0.8635663689559594, 0.823021582733813, 0.8785735337459475, 0.8615916955017301, 0.8356009070294784, 0.8321529745042493, 0.8518129269574356, 0.872852233676976, 0.7895256916996047, 0.8121964382083109, 0.8247151621384751, 0.8079008520526724, 0.7803690415171707, 0.8367828137280587, 0.8354818907305095, 0.8438538205980066, 0.8321732405259087, 0.821173104434907]","[0.9664179104477612, 0.9371005718129836, 0.9486887115165337, 0.9732394366197183, 0.9591642924976258, 0.9750744047619048, 0.9879605983217804, 0.9664138678223185, 0.9378806333739342, 0.9457762557077626, 0.9494949494949495, 0.9517078916372202, 0.9551752241238793, 0.9773869346733668, 0.9405233941316415, 0.9440715883668904, 0.9497319034852547, 0.9669381887877336, 0.9370958259847149, 0.9436964504283966, 0.9602780536246276, 0.9546023794614903, 0.9578544061302682, 0.9663967611336033, 0.9386363636363636, 0.9572573463935886, 0.9307017543859649, 0.9452181987000928, 0.9595108695652174, 0.9541759053954176, 0.9712362301101591, 0.9770623742454728, 0.9568832768709578, 0.9151079136690647, 0.9843796050692603, 0.9504036908881199, 0.941609977324263, 0.9327195467422096, 0.9453494482396216, 0.9587628865979382, 0.9766139657444005, 0.9347004856988667, 0.9246275197195443, 0.9238316550477665, 0.9231163505894413, 0.9337175792507204, 0.9462860650705954, 0.9280177187153932, 0.9273008507347255, 0.9492131616595136]",,0,"[null, null, null, null, null, null, null, null, null, null, null, null, null, null, null, null, null, null, null, null, null, null, null, null, null, null, null, null, null, null, null, null, null, null, null, null, null, null, null, null, null, null, null, null, null, null, null, null, null, null]",11.067862510681152,5.354884624481201,0.09278321266174316,4.762795686721802,0.001641988754272461,0.27730250358581543,1117838,ai05,success,
roberta_base_agnews,AGNews,50,1.0,44,100,1.0,dp_avg_eps8_K20,dp_avg,4,1.0068590299360318,0.8289473684210527,0.8402026315789475,0.8972368421052631,0.9142105263157895,0.7980263157894737,-0.11755455402222496,0,50,"[-0.0922755741127349, -0.14155571128241073, -0.08885222719773744, -0.12998204667863555, -0.1284221005475361, -0.08713190802743032, -0.13543358233192593, -0.0793135435992578, -0.12755102040816324, -0.11586998087954115, -0.0849845882870982, -0.10923276983094932, -0.12368421052631573, -0.1021726365237815, -0.1104513064133017, -0.1131465517241379, -0.10419426048565117, -0.07995735607675902, -0.14548693586698336, -0.14992389649923887, -0.08729216152019004, -0.12509593246354567, -0.10492845786963434, -0.1791433891992551, -0.1870791628753412, -0.1376656690893544, -0.15513126491646778, -0.09535344637744991, -0.08918406072106255, -0.13859816048208062, -0.11158536585365852, -0.12755798090040926, -0.1136738056013179, -0.092741935483871, -0.12588792423046558, -0.08675263774912068, -0.10788133053641003, -0.06843124596513883, -0.1567723342939481, -0.10986367281475551, -0.11059098888238739, -0.13557558945908466, -0.16236601826121477, -0.17302573203194316, -0.1014150943396227, -0.11374187558031568, -0.10487804878048779, -0.13752030319436925, -0.1101398601398601, -0.07823204419889496]","[0.860125260960334, 0.8048353188507358, 0.8727315578600047, 0.8226211849192101, 0.8013937282229965, 0.8761597418313837, 0.7983111399805132, 0.8928571428571429, 0.7876275510204082, 0.8240917782026769, 0.8934390136503743, 0.8296488946684005, 0.8, 0.8526130358191427, 0.8194774346793349, 0.8168103448275862, 0.834878587196468, 0.847547974413646, 0.8176959619952494, 0.7785388127853882, 0.8604513064133017, 0.8219493476592479, 0.8314785373608903, 0.786219739292365, 0.7934485896269335, 0.787943565626336, 0.7796340493237868, 0.8808632459810615, 0.8472485768500949, 0.8144624167459562, 0.8365853658536585, 0.8096862210095498, 0.8097199341021417, 0.8517369727047146, 0.823993685872139, 0.8675263774912075, 0.8690440515433023, 0.8695932859909619, 0.7798270893371758, 0.855252606255012, 0.8338209479227618, 0.7884882108183079, 0.7888050813815006, 0.790150842945874, 0.8349056603773585, 0.8421541318477251, 0.8617886178861789, 0.8299945858148349, 0.8216783216783217, 0.9018784530386741]","[0.9524008350730689, 0.9463910301331465, 0.9615837850577421, 0.9526032315978457, 0.9298158287705326, 0.963291649858814, 0.9337447223124391, 0.9721706864564007, 0.9151785714285714, 0.939961759082218, 0.9784236019374725, 0.9388816644993498, 0.9236842105263158, 0.9547856723429242, 0.9299287410926366, 0.9299568965517241, 0.9390728476821192, 0.9275053304904051, 0.9631828978622328, 0.928462709284627, 0.9477434679334917, 0.9470452801227935, 0.9364069952305246, 0.9653631284916201, 0.9805277525022748, 0.9256092347156905, 0.9347653142402546, 0.9762166923585114, 0.9364326375711575, 0.9530605772280368, 0.948170731707317, 0.937244201909959, 0.9233937397034596, 0.9444789081885856, 0.9498816101026045, 0.9542790152403282, 0.9769253820797124, 0.9380245319561007, 0.9365994236311239, 0.9651162790697675, 0.9444119368051492, 0.9240638002773925, 0.9511710996427154, 0.9631765749778172, 0.9363207547169812, 0.9558960074280408, 0.9666666666666667, 0.9675148890092041, 0.9318181818181818, 0.980110497237569]",,0,"[null, null, null, null, null, null, null, null, null, null, null, null, null, null, null, null, null, null, null, null, null, null, null, null, null, null, null, null, null, null, null, null, null, null, null, null, null, null, null, null, null, null, null, null, null, null, null, null, null, null]",11.169922351837158,5.465035915374756,0.08510136604309082,4.772538661956787,0.0016405582427978516,0.27786779403686523,1117838,ai05,success,
roberta_base_agnews,AGNews,50,1.0,42,100,1.0,labelled_probe_warmup,labelled,100,0.0,0.8263157894736842,0.8482131578947368,0.8957894736842106,0.9142105263157895,0.7918421052631579,-0.10924720546677731,0,50,"[-0.12478235635519441, -0.1418386491557223, -0.11129568106312293, -0.1162933415158024, -0.1120499632623071, -0.1210165389269866, -0.12627118644067792, -0.05941422594142254, -0.10380267214799588, -0.08748778103616817, -0.12423935091277893, -0.10817506193228743, -0.11271771278343734, -0.10982083609820836, -0.09075723830734961, -0.10593900481540941, -0.10131434830230013, -0.09899749373433575, -0.07349491790461304, -0.09459459459459452, -0.16756756756756763, -0.07227754577577905, -0.12866700977869272, -0.10454943132108485, -0.10375000000000001, -0.08097345132743361, -0.11599423631123917, -0.0725446428571428, -0.1651510706952185, -0.08764940239043828, -0.11173184357541899, -0.09979459089352971, -0.11627906976744184, -0.16261343012704177, -0.08844221105527639, -0.12680115273775217, -0.10214333556597455, -0.09886649874055409, -0.08930817610062902, -0.08399470899470896, -0.15227562739259892, -0.16267169404793969, -0.07454200884396722, -0.08291457286432158, -0.10779696493982216, -0.06730769230769229, -0.11442006269592475, -0.17554089304894893, -0.10899344848123882, -0.11249497790277219]","[0.8258850841555426, 0.7917448405253283, 0.8421926910299004, 0.8238723534826634, 0.8144746509919177, 0.8418717224687374, 0.7906779661016949, 0.9037656903765691, 0.8586844809866393, 0.8572825024437928, 0.8509127789046653, 0.8224607762180016, 0.8790667104830759, 0.8108825481088254, 0.8482739420935412, 0.8499197431781701, 0.8288608981380066, 0.8333333333333334, 0.8639562157935887, 0.863275039745628, 0.8054054054054054, 0.8917442981047221, 0.8131755018013381, 0.842082239720035, 0.8375, 0.8765486725663717, 0.8332132564841499, 0.8757440476190477, 0.7764740393077149, 0.8671978751660027, 0.8184357541899442, 0.8373844573776104, 0.8542635658914729, 0.7887477313974591, 0.8623115577889447, 0.8194044188280499, 0.8379102478231748, 0.8570528967254408, 0.8612159329140461, 0.8604497354497355, 0.785623139089749, 0.7697279827632642, 0.8723941882501579, 0.8542713567839196, 0.8226059654631083, 0.8760683760683761, 0.8283699059561128, 0.7747429798987264, 0.8459400436767918, 0.8300522298111691]","[0.950667440510737, 0.9335834896810506, 0.9534883720930233, 0.9401656949984658, 0.9265246142542248, 0.962888261395724, 0.9169491525423729, 0.9631799163179916, 0.9624871531346352, 0.944770283479961, 0.9751521298174443, 0.930635838150289, 0.9917844232665133, 0.9207033842070338, 0.9390311804008908, 0.9558587479935795, 0.9301752464403067, 0.9323308270676691, 0.9374511336982018, 0.9578696343402225, 0.972972972972973, 0.9640218438805012, 0.9418425115800309, 0.9466316710411199, 0.94125, 0.9575221238938053, 0.9492074927953891, 0.9482886904761905, 0.9416251100029334, 0.9548472775564409, 0.9301675977653632, 0.9371790482711401, 0.9705426356589147, 0.9513611615245009, 0.9507537688442211, 0.9462055715658021, 0.9400535833891493, 0.9559193954659949, 0.9505241090146751, 0.9444444444444444, 0.9378987664823479, 0.9323996768112038, 0.9469361970941251, 0.9371859296482412, 0.9304029304029304, 0.9433760683760684, 0.9427899686520376, 0.9502838729476754, 0.9549334921580306, 0.9425472077139413]",,0,"[null, null, null, null, null, null, null, null, null, null, null, null, null, null, null, null, null, null, null, null, null, null, null, null, null, null, null, null, null, null, null, null, null, null, null, null, null, null, null, null, null, null, null, null, null, null, null, null, null, null]",11.11122179031372,5.4390459060668945,0.011543750762939453,4.809913635253906,0.0016374588012695312,0.2772951126098633,1117838,ai05,success,
roberta_base_agnews,AGNews,50,1.0,43,100,1.0,labelled_probe_warmup,labelled,100,0.0,0.828421052631579,0.8402921052631579,0.891578947368421,0.9142105263157895,0.7931578947368421,-0.11273836724213479,0,50,"[-0.05863539445628996, -0.09989909182643797, -0.10604332953249718, -0.16854460093896717, -0.070750237416904, -0.08965773809523814, -0.1280554542137906, -0.06446370530877576, -0.12667478684531064, -0.07077625570776258, -0.08723599632690537, -0.10698861405575188, -0.15050258082042922, -0.09516331658291455, -0.11697065820777164, -0.07606263982102912, -0.09483914209115285, -0.06851940584571159, -0.09406231628453854, -0.11954304365565072, -0.16087388282025816, -0.11552911709455227, -0.09865900383141757, -0.1829959514170041, -0.14280303030303032, -0.1914514692787177, -0.12631578947368427, -0.14902506963788298, -0.14972826086956514, -0.09386548410938655, -0.06731946144430845, -0.05714285714285716, -0.10132429935324905, -0.1079136690647482, -0.09873268493958154, -0.09544405997693195, -0.12188208616780039, -0.11614730878186963, -0.09668943772990013, -0.08476517754868274, -0.18445322793148877, -0.13599568267674034, -0.12007011393514466, -0.13038987864704354, -0.15530497180932856, -0.10793817133874761, -0.11786372007366475, -0.08914728682170547, -0.1121423047177108, -0.1316165951359085]","[0.9077825159914712, 0.8372014799865456, 0.8426453819840365, 0.8046948356807512, 0.8884140550807218, 0.8854166666666666, 0.8599051441079898, 0.9019501625135428, 0.8112058465286236, 0.875, 0.8622589531680441, 0.8447192775814684, 0.8046726433034501, 0.8822236180904522, 0.8235527359238699, 0.8680089485458613, 0.8548927613941019, 0.898418782942022, 0.8430335097001763, 0.8241534067727458, 0.7994041708043694, 0.839073262366938, 0.8591954022988506, 0.7834008097165992, 0.7958333333333333, 0.7658058771148709, 0.8043859649122806, 0.7961931290622098, 0.8097826086956522, 0.8603104212860311, 0.9039167686658507, 0.9199195171026157, 0.8555589775177087, 0.8071942446043165, 0.8856469201296787, 0.854959630911188, 0.8197278911564626, 0.81657223796034, 0.8486600105097215, 0.8739977090492554, 0.7921607378129117, 0.7987048030221263, 0.8045574057843996, 0.793441776400723, 0.7678113787801127, 0.8257794079119728, 0.8284223449969307, 0.8388704318936877, 0.8151585460170147, 0.8175965665236051]","[0.9664179104477612, 0.9371005718129836, 0.9486887115165337, 0.9732394366197183, 0.9591642924976258, 0.9750744047619048, 0.9879605983217804, 0.9664138678223185, 0.9378806333739342, 0.9457762557077626, 0.9494949494949495, 0.9517078916372202, 0.9551752241238793, 0.9773869346733668, 0.9405233941316415, 0.9440715883668904, 0.9497319034852547, 0.9669381887877336, 0.9370958259847149, 0.9436964504283966, 0.9602780536246276, 0.9546023794614903, 0.9578544061302682, 0.9663967611336033, 0.9386363636363636, 0.9572573463935886, 0.9307017543859649, 0.9452181987000928, 0.9595108695652174, 0.9541759053954176, 0.9712362301101591, 0.9770623742454728, 0.9568832768709578, 0.9151079136690647, 0.9843796050692603, 0.9504036908881199, 0.941609977324263, 0.9327195467422096, 0.9453494482396216, 0.9587628865979382, 0.9766139657444005, 0.9347004856988667, 0.9246275197195443, 0.9238316550477665, 0.9231163505894413, 0.9337175792507204, 0.9462860650705954, 0.9280177187153932, 0.9273008507347255, 0.9492131616595136]",,0,"[null, null, null, null, null, null, null, null, null, null, null, null, null, null, null, null, null, null, null, null, null, null, null, null, null, null, null, null, null, null, null, null, null, null, null, null, null, null, null, null, null, null, null, null, null, null, null, null, null, null]",11.136497974395752,5.496696949005127,0.011682748794555664,4.761070728302002,0.0016624927520751953,0.27786993980407715,1117838,ai05,success,
roberta_base_agnews,AGNews,50,1.0,44,100,1.0,labelled_probe_warmup,labelled,100,0.0,0.8232894736842106,0.8402026315789475,0.8972368421052631,0.9142105263157895,0.7810526315789473,-0.12216518237972956,0,50,"[-0.09436325678496871, -0.16012613875262793, -0.09450860240395942, -0.1450628366247756, -0.11996017919362867, -0.09116579265832991, -0.1253653783696005, -0.08441558441558439, -0.13137755102040816, -0.12313575525812626, -0.10832232496697491, -0.09362808842652803, -0.11710526315789471, -0.09042865531415145, -0.11124307205067296, -0.11530172413793094, -0.1024282560706401, -0.08848614072494665, -0.1728028503562945, -0.15905631659056307, -0.08847980997624705, -0.1339217191097467, -0.10333863275039745, -0.20260707635009312, -0.22147406733393993, -0.1462163317657118, -0.17263325377883854, -0.09447258313146889, -0.103415559772296, -0.14557564224548059, -0.12439024390243902, -0.1159618008185539, -0.11161449752883024, -0.09522332506203468, -0.1156274664561957, -0.082063305978898, -0.1036859454599941, -0.06262104583602324, -0.14293948126801148, -0.10625501202886933, -0.10386190754827385, -0.1522191400832178, -0.17903930131004375, -0.2005323868677905, -0.11020583190394517, -0.1063138347260909, -0.11869918699186988, -0.13481321061180296, -0.11713286713286708, -0.08464088397790048]","[0.8580375782881002, 0.7862648913805186, 0.8670751826537827, 0.8075403949730701, 0.8098556495769039, 0.8721258572004841, 0.8083793439428386, 0.8877551020408163, 0.7838010204081632, 0.8168260038240918, 0.8701012769704976, 0.8452535760728218, 0.8065789473684211, 0.8643570170287728, 0.8186856690419636, 0.8146551724137931, 0.8366445916114791, 0.8390191897654584, 0.7903800475059383, 0.769406392694064, 0.8592636579572447, 0.8131235610130468, 0.8330683624801272, 0.762756052141527, 0.7590536851683348, 0.7793929029499786, 0.762132060461416, 0.8817441092270425, 0.8330170777988615, 0.8074849349825562, 0.823780487804878, 0.8212824010914052, 0.8117792421746294, 0.8492555831265509, 0.8342541436464088, 0.8722157092614302, 0.8732394366197183, 0.8754034861200775, 0.7936599423631124, 0.8588612670408982, 0.8405500292568754, 0.7718446601941747, 0.7721317983326716, 0.7626441881100267, 0.826114922813036, 0.8495821727019499, 0.8479674796747968, 0.8327016783974012, 0.8146853146853147, 0.8954696132596686]","[0.9524008350730689, 0.9463910301331465, 0.9615837850577421, 0.9526032315978457, 0.9298158287705326, 0.963291649858814, 0.9337447223124391, 0.9721706864564007, 0.9151785714285714, 0.939961759082218, 0.9784236019374725, 0.9388816644993498, 0.9236842105263158, 0.9547856723429242, 0.9299287410926366, 0.9299568965517241, 0.9390728476821192, 0.9275053304904051, 0.9631828978622328, 0.928462709284627, 0.9477434679334917, 0.9470452801227935, 0.9364069952305246, 0.9653631284916201, 0.9805277525022748, 0.9256092347156905, 0.9347653142402546, 0.9762166923585114, 0.9364326375711575, 0.9530605772280368, 0.948170731707317, 0.937244201909959, 0.9233937397034596, 0.9444789081885856, 0.9498816101026045, 0.9542790152403282, 0.9769253820797124, 0.9380245319561007, 0.9365994236311239, 0.9651162790697675, 0.9444119368051492, 0.9240638002773925, 0.9511710996427154, 0.9631765749778172, 0.9363207547169812, 0.9558960074280408, 0.9666666666666667, 0.9675148890092041, 0.9318181818181818, 0.980110497237569]",,0,"[null, null, null, null, null, null, null, null, null, null, null, null, null, null, null, null, null, null, null, null, null, null, null, null, null, null, null, null, null, null, null, null, null, null, null, null, null, null, null, null, null, null, null, null, null, null, null, null, null, null]",11.03349232673645,5.42087721824646,0.01171255111694336,4.754224061965942,0.0016396045684814453,0.2779831886291504,1117838,ai05,success,
roberta_base_agnews,AGNews,50,1.0,42,100,1.0,no_phase0,none,0,0.0,0.7519736842105263,0.8482131578947368,0.8957894736842106,0.9142105263157895,0.20355263157894737,-0.1809316525252558,0,50,"[-0.17643644805571668, -0.21575984990619135, -0.16196013289036548, -0.16201288738876962, -0.21307861866274802, -0.18717224687373935, -0.1983050847457627, -0.11882845188284519, -0.14799588900308325, -0.15493646138807438, -0.1835699797160244, -0.20836774015964776, -0.1692408807098258, -0.19276708692767086, -0.16870824053452116, -0.1717495987158909, -0.18702081051478647, -0.14411027568922297, -0.1540265832681783, -0.20429252782193952, -0.26683046683046685, -0.14680372630902672, -0.1580030880082347, -0.1552930883639545, -0.20500000000000007, -0.17522123893805308, -0.16462536023054752, -0.15922619047619047, -0.2337929011440305, -0.13811420982735723, -0.2085661080074488, -0.2059226292365629, -0.18720930232558142, -0.24500907441016329, -0.14572864321608048, -0.16570605187319887, -0.17849966510381776, -0.13916876574307302, -0.18490566037735856, -0.1779100529100529, -0.22203317737133133, -0.24454618906544567, -0.18382817435249532, -0.14321608040201006, -0.1622187336473051, -0.13461538461538458, -0.16771159874608144, -0.24704618689581104, -0.1846337105419893, -0.19485737243873036]","[0.7742309924550204, 0.7178236397748593, 0.7915282392026578, 0.7781528076096962, 0.7134459955914768, 0.7757160145219847, 0.7186440677966102, 0.8443514644351464, 0.8144912641315519, 0.7898338220918866, 0.7915821501014199, 0.7222680979906413, 0.8225435425566875, 0.7279362972793629, 0.7703229398663697, 0.7841091492776886, 0.7431544359255202, 0.7882205513784462, 0.7834245504300235, 0.753577106518283, 0.7061425061425062, 0.8172181175714744, 0.7838394235717961, 0.7913385826771654, 0.73625, 0.7823008849557522, 0.7845821325648416, 0.7890625, 0.7078322088589029, 0.8167330677290837, 0.7216014897579144, 0.7312564190345772, 0.7833333333333333, 0.7063520871143376, 0.8050251256281407, 0.7804995196926032, 0.7615539182853316, 0.8167506297229219, 0.7656184486373165, 0.7665343915343915, 0.7158655891110166, 0.6878534877457582, 0.7631080227416298, 0.7939698492462312, 0.7681841967556253, 0.8087606837606838, 0.7750783699059561, 0.7032376860518643, 0.7702997816160413, 0.7476898352752109]","[0.950667440510737, 0.9335834896810506, 0.9534883720930233, 0.9401656949984658, 0.9265246142542248, 0.962888261395724, 0.9169491525423729, 0.9631799163179916, 0.9624871531346352, 0.944770283479961, 0.9751521298174443, 0.930635838150289, 0.9917844232665133, 0.9207033842070338, 0.9390311804008908, 0.9558587479935795, 0.9301752464403067, 0.9323308270676691, 0.9374511336982018, 0.9578696343402225, 0.972972972972973, 0.9640218438805012, 0.9418425115800309, 0.9466316710411199, 0.94125, 0.9575221238938053, 0.9492074927953891, 0.9482886904761905, 0.9416251100029334, 0.9548472775564409, 0.9301675977653632, 0.9371790482711401, 0.9705426356589147, 0.9513611615245009, 0.9507537688442211, 0.9462055715658021, 0.9400535833891493, 0.9559193954659949, 0.9505241090146751, 0.9444444444444444, 0.9378987664823479, 0.9323996768112038, 0.9469361970941251, 0.9371859296482412, 0.9304029304029304, 0.9433760683760684, 0.9427899686520376, 0.9502838729476754, 0.9549334921580306, 0.9425472077139413]",,0,"[null, null, null, null, null, null, null, null, null, null, null, null, null, null, null, null, null, null, null, null, null, null, null, null, null, null, null, null, null, null, null, null, null, null, null, null, null, null, null, null, null, null, null, null, null, null, null, null, null, null]",11.10577654838562,5.4660327434539795,0.005096912384033203,4.777130842208862,0.0016438961029052734,0.2789902687072754,1117838,ai05,success,
roberta_base_agnews,AGNews,50,1.0,43,100,1.0,no_phase0,none,0,0.0,0.7855263157894737,0.8402921052631579,0.891578947368421,0.9142105263157895,0.27407894736842103,-0.16537841433092748,0,50,"[-0.1204690831556503, -0.15068953918600747, -0.18700114025085524, -0.21267605633802822, -0.13437796771130106, -0.15029761904761907, -0.20539948923750462, -0.12134344528710728, -0.17783191230207063, -0.12385844748858454, -0.1331496786042241, -0.1474283470749902, -0.22167889160554188, -0.15766331658291455, -0.1657414750198255, -0.12080536912751683, -0.14142091152815017, -0.11356013416387167, -0.13403880070546736, -0.16687066503467973, -0.2502482621648461, -0.15560425798371946, -0.13793103448275856, -0.24251012145748996, -0.19659090909090904, -0.2301869991095281, -0.1679824561403509, -0.18964716805942428, -0.17853260869565213, -0.16186252771618626, -0.11199510403916768, -0.11991951710261572, -0.16014782876501377, -0.16546762589928055, -0.17506631299734754, -0.1522491349480969, -0.15192743764172334, -0.16005665722379603, -0.1345244351024698, -0.13745704467353959, -0.24703557312252966, -0.18186724230976792, -0.1524978089395267, -0.1859024012393493, -0.1998974884674526, -0.16793293162169243, -0.17280540208717, -0.14562569213732013, -0.1581593194122196, -0.1909871244635194]","[0.8459488272921108, 0.7864110326269761, 0.7616875712656784, 0.7605633802816901, 0.8247863247863247, 0.8247767857142857, 0.7825611090842758, 0.8450704225352113, 0.7600487210718636, 0.821917808219178, 0.8163452708907254, 0.80427954456223, 0.7334963325183375, 0.8197236180904522, 0.774781919111816, 0.8232662192393736, 0.8083109919571045, 0.853378054623862, 0.8030570252792475, 0.7768257853937168, 0.7100297914597815, 0.7989981214777708, 0.8199233716475096, 0.7238866396761133, 0.7420454545454546, 0.7270703472840605, 0.762719298245614, 0.7555710306406686, 0.7809782608695652, 0.7923133776792314, 0.8592411260709915, 0.8571428571428571, 0.796735448105944, 0.7496402877697842, 0.8093132920719127, 0.798154555940023, 0.7896825396825397, 0.7726628895184136, 0.8108250131371518, 0.8213058419243986, 0.7295783926218709, 0.7528332433890987, 0.7721297107800176, 0.7379292538084172, 0.7232188621219887, 0.765784647629028, 0.7734806629834254, 0.782392026578073, 0.7691415313225058, 0.7582260371959942]","[0.9664179104477612, 0.9371005718129836, 0.9486887115165337, 0.9732394366197183, 0.9591642924976258, 0.9750744047619048, 0.9879605983217804, 0.9664138678223185, 0.9378806333739342, 0.9457762557077626, 0.9494949494949495, 0.9517078916372202, 0.9551752241238793, 0.9773869346733668, 0.9405233941316415, 0.9440715883668904, 0.9497319034852547, 0.9669381887877336, 0.9370958259847149, 0.9436964504283966, 0.9602780536246276, 0.9546023794614903, 0.9578544061302682, 0.9663967611336033, 0.9386363636363636, 0.9572573463935886, 0.9307017543859649, 0.9452181987000928, 0.9595108695652174, 0.9541759053954176, 0.9712362301101591, 0.9770623742454728, 0.9568832768709578, 0.9151079136690647, 0.9843796050692603, 0.9504036908881199, 0.941609977324263, 0.9327195467422096, 0.9453494482396216, 0.9587628865979382, 0.9766139657444005, 0.9347004856988667, 0.9246275197195443, 0.9238316550477665, 0.9231163505894413, 0.9337175792507204, 0.9462860650705954, 0.9280177187153932, 0.9273008507347255, 0.9492131616595136]",,0,"[null, null, null, null, null, null, null, null, null, null, null, null, null, null, null, null, null, null, null, null, null, null, null, null, null, null, null, null, null, null, null, null, null, null, null, null, null, null, null, null, null, null, null, null, null, null, null, null, null, null]",11.178316354751587,5.497143507003784,0.0048389434814453125,4.829723358154297,0.0016489028930664062,0.2775840759277344,1117838,ai05,success,
roberta_base_agnews,AGNews,50,1.0,44,100,1.0,no_phase0,none,0,0.0,0.7421052631578947,0.8402026315789475,0.8972368421052631,0.9142105263157895,0.22263157894736843,-0.19712568468929315,0,50,"[-0.15281837160751566, -0.24632095304835322, -0.16356351637991984, -0.21938958707360867, -0.20806371329019413, -0.1698265429608713, -0.20168886001948683, -0.15120593692022255, -0.21173469387755095, -0.19502868068833656, -0.17965653896961686, -0.16124837451235374, -0.20438596491228067, -0.1626541397533764, -0.18725257323832145, -0.1869612068965517, -0.1823399558498896, -0.15884861407249462, -0.23337292161520184, -0.2465753424657534, -0.1597387173396675, -0.20107444359171145, -0.1722310545839958, -0.2774674115456238, -0.29117379435850765, -0.2312954253954681, -0.24980111376292757, -0.17815459149966972, -0.15939278937381396, -0.21503330161750722, -0.19268292682926824, -0.19645293315143242, -0.1915156507413509, -0.16501240694789077, -0.1996842936069455, -0.1629542790152403, -0.18459694336230148, -0.1336346029696578, -0.2334293948126801, -0.18805132317562157, -0.19806904622586308, -0.22191400832177532, -0.26518459706232633, -0.26796805678793256, -0.18889365351629506, -0.19034354688950783, -0.17845528455284554, -0.20465619924201406, -0.1853146853146853, -0.149171270718232]","[0.7995824634655533, 0.7000700770847933, 0.7980202686778223, 0.733213644524237, 0.7217521154803385, 0.7934651068979427, 0.7320558622929523, 0.8209647495361782, 0.7034438775510204, 0.7449330783938815, 0.7987670629678556, 0.7776332899869961, 0.7192982456140351, 0.7921315325895478, 0.7426761678543151, 0.7429956896551724, 0.7567328918322296, 0.7686567164179104, 0.7298099762470309, 0.6818873668188736, 0.7880047505938242, 0.7459708365310821, 0.7641759406465288, 0.6878957169459963, 0.6893539581437671, 0.6943138093202224, 0.684964200477327, 0.7980621008588417, 0.7770398481973435, 0.7380272756105296, 0.7554878048780488, 0.7407912687585266, 0.7318780889621087, 0.7794665012406948, 0.750197316495659, 0.7913247362250879, 0.7923284387174109, 0.8043899289864429, 0.7031700288184438, 0.7770649558941459, 0.7463428905792862, 0.7021497919556172, 0.6859865025803891, 0.6952085181898846, 0.7474271012006861, 0.765552460538533, 0.7882113821138211, 0.7628586897671901, 0.7465034965034965, 0.830939226519337]","[0.9524008350730689, 0.9463910301331465, 0.9615837850577421, 0.9526032315978457, 0.9298158287705326, 0.963291649858814, 0.9337447223124391, 0.9721706864564007, 0.9151785714285714, 0.939961759082218, 0.9784236019374725, 0.9388816644993498, 0.9236842105263158, 0.9547856723429242, 0.9299287410926366, 0.9299568965517241, 0.9390728476821192, 0.9275053304904051, 0.9631828978622328, 0.928462709284627, 0.9477434679334917, 0.9470452801227935, 0.9364069952305246, 0.9653631284916201, 0.9805277525022748, 0.9256092347156905, 0.9347653142402546, 0.9762166923585114, 0.9364326375711575, 0.9530605772280368, 0.948170731707317, 0.937244201909959, 0.9233937397034596, 0.9444789081885856, 0.9498816101026045, 0.9542790152403282, 0.9769253820797124, 0.9380245319561007, 0.9365994236311239, 0.9651162790697675, 0.9444119368051492, 0.9240638002773925, 0.9511710996427154, 0.9631765749778172, 0.9363207547169812, 0.9558960074280408, 0.9666666666666667, 0.9675148890092041, 0.9318181818181818, 0.980110497237569]",,0,"[null, null, null, null, null, null, null, null, null, null, null, null, null, null, null, null, null, null, null, null, null, null, null, null, null, null, null, null, null, null, null, null, null, null, null, null, null, null, null, null, null, null, null, null, null, null, null, null, null, null]",11.036150693893433,5.4204277992248535,0.004882097244262695,4.764636278152466,0.0016429424285888672,0.27747106552124023,1117838,ai05,success,
roberta_base_agnews,AGNews,50,1.0,42,100,1.0,raw_union_K20,raw_union,3948,0.0,0.8977631578947368,0.8482131578947368,0.8957894736842106,0.9142105263157895,0.8963157894736842,-0.04530513405264555,0,50,"[-0.07893209518282063, -0.05178236397748592, -0.05813953488372092, -0.0632095734888003, -0.0543717854518736, -0.03590157321500598, -0.03813559322033899, -0.0167364016736401, -0.04830421377183969, -0.03665689149560125, -0.046146044624746474, -0.05394990366088637, -0.043049622083470185, -0.04147312541473125, -0.02728285077950998, -0.0345104333868379, -0.037787513691128205, -0.04385964912280693, -0.014073494917904661, -0.061208267090619994, -0.0683046683046683, -0.03854802441374883, -0.06484817292846112, -0.055118110236220486, -0.03749999999999998, -0.032743362831858414, -0.06484149855907784, -0.02418154761904756, -0.05866823115283071, -0.031872509960159445, -0.035381750465549366, -0.048271140020541004, -0.045736434108527124, -0.060254083484573506, -0.03718592964824119, -0.07204610951008639, -0.05358338914936367, -0.035894206549118346, -0.04528301886792463, -0.02777777777777779, -0.06039982985963421, -0.06059789927282522, -0.03663929248262798, -0.022613065326633208, -0.046572475143903724, -0.022435897435897467, -0.048589341692789945, -0.06552094522019336, -0.03454437164979152, -0.043792687826436305]","[0.8717353453279164, 0.8818011257035647, 0.8953488372093024, 0.8769561215096655, 0.8721528288023512, 0.926986688180718, 0.8788135593220339, 0.9464435146443515, 0.9141829393627955, 0.9081133919843597, 0.9290060851926978, 0.8766859344894027, 0.9487348011830431, 0.8792302587923025, 0.9117483296213809, 0.9213483146067416, 0.8923877327491785, 0.8884711779448622, 0.9233776387802971, 0.8966613672496025, 0.9046683046683047, 0.9254738194667523, 0.8769943386515697, 0.8915135608048994, 0.90375, 0.9247787610619469, 0.8843659942363112, 0.9241071428571429, 0.8829568788501027, 0.9229747675962815, 0.8947858472998138, 0.8889079082505991, 0.9248062015503876, 0.8911070780399274, 0.91356783919598, 0.8741594620557157, 0.8864701942397857, 0.9200251889168766, 0.9052410901467505, 0.9166666666666666, 0.8774989366227137, 0.8718017775383786, 0.9102969046114971, 0.914572864321608, 0.8838304552590267, 0.9209401709401709, 0.8942006269592476, 0.884762927727482, 0.9203891205082391, 0.898754519887505]","[0.950667440510737, 0.9335834896810506, 0.9534883720930233, 0.9401656949984658, 0.9265246142542248, 0.962888261395724, 0.9169491525423729, 0.9631799163179916, 0.9624871531346352, 0.944770283479961, 0.9751521298174443, 0.930635838150289, 0.9917844232665133, 0.9207033842070338, 0.9390311804008908, 0.9558587479935795, 0.9301752464403067, 0.9323308270676691, 0.9374511336982018, 0.9578696343402225, 0.972972972972973, 0.9640218438805012, 0.9418425115800309, 0.9466316710411199, 0.94125, 0.9575221238938053, 0.9492074927953891, 0.9482886904761905, 0.9416251100029334, 0.9548472775564409, 0.9301675977653632, 0.9371790482711401, 0.9705426356589147, 0.9513611615245009, 0.9507537688442211, 0.9462055715658021, 0.9400535833891493, 0.9559193954659949, 0.9505241090146751, 0.9444444444444444, 0.9378987664823479, 0.9323996768112038, 0.9469361970941251, 0.9371859296482412, 0.9304029304029304, 0.9433760683760684, 0.9427899686520376, 0.9502838729476754, 0.9549334921580306, 0.9425472077139413]",,0,"[null, null, null, null, null, null, null, null, null, null, null, null, null, null, null, null, null, null, null, null, null, null, null, null, null, null, null, null, null, null, null, null, null, null, null, null, null, null, null, null, null, null, null, null, null, null, null, null, null, null]",11.18172836303711,5.414562702178955,0.15308356285095215,4.757064342498779,0.0016586780548095703,0.2774312496185303,1117838,ai05,success,
roberta_base_agnews,AGNews,50,1.0,43,100,1.0,raw_union_K20,raw_union,3911,0.0,0.8980263157894737,0.8402921052631579,0.891578947368421,0.9142105263157895,0.8976315789473684,-0.04622654681097498,0,50,"[-0.02238805970149249, -0.0396905482677431, -0.03876852907639683, -0.08169014084507042, -0.033713200379867025, -0.034226190476190466, -0.06238599051441085, -0.0297941495124594, -0.037758830694275325, -0.017694063926940617, -0.026629935720844822, -0.059285433843737745, -0.07905460472697634, -0.034861809045226066, -0.051149881046788304, -0.03803131991051456, -0.03786863270777485, -0.025395304264494545, -0.035861258083480285, -0.05303957568339457, -0.07149950347567025, -0.051972448340638744, -0.05363984674329503, -0.07570850202429158, -0.05303030303030298, -0.07969723953695462, -0.048684210526315774, -0.04781801299907151, -0.0633152173913043, -0.03917220990391723, -0.019583843329253336, -0.02776659959758554, -0.05112411456729282, -0.02877697841726623, -0.04745063365753022, -0.03143021914648214, -0.0600907029478458, -0.024787535410764838, -0.042038885969521766, -0.028064146620847663, -0.10869565217391308, -0.048030221262816974, -0.04732690622261171, -0.05189775367931826, -0.05023065094823165, -0.03563007597589729, -0.05340699815837935, -0.028239202657807327, -0.037122969837587005, -0.06580829756795425]","[0.9440298507462687, 0.8974100235452405, 0.9099201824401368, 0.8915492957746479, 0.9254510921177588, 0.9408482142857143, 0.9255746078073696, 0.9366197183098591, 0.9001218026796589, 0.928082191780822, 0.9228650137741047, 0.8924224577934825, 0.876120619396903, 0.9425251256281407, 0.8893735130848532, 0.9060402684563759, 0.9118632707774799, 0.9415428845232391, 0.9012345679012346, 0.890656874745002, 0.8887785501489573, 0.9026299311208515, 0.9042145593869731, 0.8906882591093117, 0.8856060606060606, 0.877560106856634, 0.8820175438596491, 0.8974001857010213, 0.8961956521739131, 0.9150036954915004, 0.9516523867809058, 0.9492957746478873, 0.9057591623036649, 0.8863309352517985, 0.93692897141173, 0.9189734717416378, 0.8815192743764172, 0.9079320113314447, 0.9033105622700999, 0.9306987399770905, 0.8679183135704874, 0.8866702644360497, 0.8773006134969326, 0.8719339013684483, 0.8728856996412097, 0.8980875032748231, 0.8928790669122161, 0.8997785160575859, 0.8901778808971385, 0.8834048640915594]","[0.9664179104477612, 0.9371005718129836, 0.9486887115165337, 0.9732394366197183, 0.9591642924976258, 0.9750744047619048, 0.9879605983217804, 0.9664138678223185, 0.9378806333739342, 0.9457762557077626, 0.9494949494949495, 0.9517078916372202, 0.9551752241238793, 0.9773869346733668, 0.9405233941316415, 0.9440715883668904, 0.9497319034852547, 0.9669381887877336, 0.9370958259847149, 0.9436964504283966, 0.9602780536246276, 0.9546023794614903, 0.9578544061302682, 0.9663967611336033, 0.9386363636363636, 0.9572573463935886, 0.9307017543859649, 0.9452181987000928, 0.9595108695652174, 0.9541759053954176, 0.9712362301101591, 0.9770623742454728, 0.9568832768709578, 0.9151079136690647, 0.9843796050692603, 0.9504036908881199, 0.941609977324263, 0.9327195467422096, 0.9453494482396216, 0.9587628865979382, 0.9766139657444005, 0.9347004856988667, 0.9246275197195443, 0.9238316550477665, 0.9231163505894413, 0.9337175792507204, 0.9462860650705954, 0.9280177187153932, 0.9273008507347255, 0.9492131616595136]",,0,"[null, null, null, null, null, null, null, null, null, null, null, null, null, null, null, null, null, null, null, null, null, null, null, null, null, null, null, null, null, null, null, null, null, null, null, null, null, null, null, null, null, null, null, null, null, null, null, null, null, null]",11.026117324829102,5.326870679855347,0.15123987197875977,4.698322534561157,0.001657247543334961,0.2777526378631592,1117838,ai05,success,
roberta_base_agnews,AGNews,50,1.0,44,100,1.0,raw_union_K20,raw_union,3926,0.0,0.8976315789473684,0.8402026315789475,0.8972368421052631,0.9142105263157895,0.8961842105263158,-0.04978976414880438,0,50,"[-0.03340292275574119, -0.06902592852137357, -0.04148008484562804, -0.05457809694793547, -0.04479840716774519, -0.040742234772085495, -0.06073400454693079, -0.04081632653061218, -0.03890306122448972, -0.04818355640535377, -0.04271246147071772, -0.03771131339401823, -0.04912280701754379, -0.056371109806224284, -0.04117181314330953, -0.046875, -0.041501103752759394, -0.02238805970149249, -0.07482185273159148, -0.04642313546423127, -0.026722090261282694, -0.042594013814274745, -0.048224695283518804, -0.0767225325884544, -0.10100090991810728, -0.04702864471996582, -0.06682577565632453, -0.055053952873816425, -0.034155597722960174, -0.0675547098001903, -0.051219512195121886, -0.05729877216916779, -0.04200988467874789, -0.03660049627791562, -0.06590370955011837, -0.028135990621336426, -0.06143242433323348, -0.021949644932214296, -0.06743515850144088, -0.05854049719326393, -0.04564072557050913, -0.04715672676837723, -0.06431123461691146, -0.07453416149068315, -0.037521440823327645, -0.05106778087279473, -0.051219512195122, -0.07634001082837039, -0.01573426573426573, -0.03779005524861878]","[0.9189979123173277, 0.877365101611773, 0.9201037002121141, 0.8980251346499102, 0.8850174216027874, 0.9225494150867285, 0.8730107177655083, 0.9313543599257885, 0.8762755102040817, 0.8917782026768643, 0.9357111404667547, 0.9011703511053316, 0.874561403508772, 0.8984145625366999, 0.888756927949327, 0.8830818965517241, 0.8975717439293598, 0.9051172707889126, 0.8883610451306413, 0.8820395738203958, 0.921021377672209, 0.9044512663085188, 0.8881822999470058, 0.8886405959031657, 0.8795268425841675, 0.8785805899957246, 0.86793953858393, 0.921162739484695, 0.9022770398481973, 0.8855058674278465, 0.8969512195121951, 0.8799454297407913, 0.8813838550247117, 0.90787841191067, 0.8839779005524862, 0.9261430246189918, 0.9154929577464789, 0.9160748870238864, 0.869164265129683, 0.9065757818765036, 0.8987712112346401, 0.8769070735090153, 0.8868598650258039, 0.888642413487134, 0.8987993138936535, 0.9048282265552461, 0.9154471544715447, 0.8911748781808337, 0.916083916083916, 0.9423204419889503]","[0.9524008350730689, 0.9463910301331465, 0.9615837850577421, 0.9526032315978457, 0.9298158287705326, 0.963291649858814, 0.9337447223124391, 0.9721706864564007, 0.9151785714285714, 0.939961759082218, 0.9784236019374725, 0.9388816644993498, 0.9236842105263158, 0.9547856723429242, 0.9299287410926366, 0.9299568965517241, 0.9390728476821192, 0.9275053304904051, 0.9631828978622328, 0.928462709284627, 0.9477434679334917, 0.9470452801227935, 0.9364069952305246, 0.9653631284916201, 0.9805277525022748, 0.9256092347156905, 0.9347653142402546, 0.9762166923585114, 0.9364326375711575, 0.9530605772280368, 0.948170731707317, 0.937244201909959, 0.9233937397034596, 0.9444789081885856, 0.9498816101026045, 0.9542790152403282, 0.9769253820797124, 0.9380245319561007, 0.9365994236311239, 0.9651162790697675, 0.9444119368051492, 0.9240638002773925, 0.9511710996427154, 0.9631765749778172, 0.9363207547169812, 0.9558960074280408, 0.9666666666666667, 0.9675148890092041, 0.9318181818181818, 0.980110497237569]",,0,"[null, null, null, null, null, null, null, null, null, null, null, null, null, null, null, null, null, null, null, null, null, null, null, null, null, null, null, null, null, null, null, null, null, null, null, null, null, null, null, null, null, null, null, null, null, null, null, null, null, null]",11.051465034484863,5.302511215209961,0.1487431526184082,4.737696170806885,0.001646280288696289,0.28507542610168457,1117838,ai05,success,
roberta_base_agnews,AGNews,50,1.0,42,100,1.0,warmup_only_labelled,warmup_only,100,0.0,0.7918421052631579,0.8482131578947368,0.8957894736842106,0.9142105263157895,0.7918421052631579,-0.14201511629261804,0,50,"[-0.14799767846778866, -0.18799249530956852, -0.12873754152823924, -0.1436023320036821, -0.14474650991917704, -0.16417910447761186, -0.16610169491525417, -0.07531380753138073, -0.13155190133607397, -0.11045943304007821, -0.17013184584178498, -0.1475364712358932, -0.15445284258954972, -0.150298606502986, -0.12332962138084624, -0.1556982343499198, -0.13745892661555315, -0.12531328320802004, -0.11102423768569203, -0.11844197138314783, -0.22506142506142512, -0.10375843238034055, -0.1389603705609881, -0.11986001749781283, -0.13875000000000004, -0.10663716814159296, -0.1386887608069165, -0.10416666666666663, -0.20944558521560575, -0.1201859229747676, -0.14245810055865926, -0.13334474495035953, -0.16356589147286826, -0.2072595281306715, -0.11859296482412063, -0.15417867435158494, -0.12458137977227057, -0.12090680100755657, -0.11907756813417192, -0.12037037037037035, -0.19140791152700976, -0.19633719364395363, -0.10612760581174985, -0.11683417085427139, -0.1255886970172685, -0.09722222222222221, -0.13322884012539182, -0.22986036519871111, -0.151677585864602, -0.14825231016472473]","[0.8026697620429484, 0.7455909943714821, 0.824750830564784, 0.7965633629947837, 0.7817781043350478, 0.7987091569181122, 0.7508474576271187, 0.8878661087866109, 0.8309352517985612, 0.8343108504398827, 0.8050202839756593, 0.7830993669143959, 0.8373315806769636, 0.7704047777040478, 0.8157015590200446, 0.8001605136436597, 0.7927163198247535, 0.8070175438596491, 0.8264268960125097, 0.8394276629570747, 0.7479115479115479, 0.8602634115001606, 0.8028821410190428, 0.8267716535433071, 0.8025, 0.8508849557522123, 0.8105187319884726, 0.8441220238095238, 0.7321795247873276, 0.8346613545816733, 0.7877094972067039, 0.8038343033207805, 0.8069767441860465, 0.7441016333938294, 0.8321608040201005, 0.7920268972142172, 0.8154722036168788, 0.8350125944584383, 0.8314465408805032, 0.8240740740740741, 0.7464908549553382, 0.7360624831672502, 0.8408085912823753, 0.8203517587939698, 0.8048142333856619, 0.8461538461538461, 0.8095611285266457, 0.7204235077489642, 0.8032559062934286, 0.7942948975492166]","[0.950667440510737, 0.9335834896810506, 0.9534883720930233, 0.9401656949984658, 0.9265246142542248, 0.962888261395724, 0.9169491525423729, 0.9631799163179916, 0.9624871531346352, 0.944770283479961, 0.9751521298174443, 0.930635838150289, 0.9917844232665133, 0.9207033842070338, 0.9390311804008908, 0.9558587479935795, 0.9301752464403067, 0.9323308270676691, 0.9374511336982018, 0.9578696343402225, 0.972972972972973, 0.9640218438805012, 0.9418425115800309, 0.9466316710411199, 0.94125, 0.9575221238938053, 0.9492074927953891, 0.9482886904761905, 0.9416251100029334, 0.9548472775564409, 0.9301675977653632, 0.9371790482711401, 0.9705426356589147, 0.9513611615245009, 0.9507537688442211, 0.9462055715658021, 0.9400535833891493, 0.9559193954659949, 0.9505241090146751, 0.9444444444444444, 0.9378987664823479, 0.9323996768112038, 0.9469361970941251, 0.9371859296482412, 0.9304029304029304, 0.9433760683760684, 0.9427899686520376, 0.9502838729476754, 0.9549334921580306, 0.9425472077139413]",,0,"[null, null, null, null, null, null, null, null, null, null, null, null, null, null, null, null, null, null, null, null, null, null, null, null, null, null, null, null, null, null, null, null, null, null, null, null, null, null, null, null, null, null, null, null, null, null, null, null, null, null]",6.3275651931762695,5.474067211151123,0.00926971435546875,0.0,0.0,0.27656030654907227,1117838,ai05,success,
roberta_base_agnews,AGNews,50,1.0,43,100,1.0,warmup_only_labelled,warmup_only,100,0.0,0.7931578947368421,0.8402921052631579,0.891578947368421,0.9142105263157895,0.7931578947368421,-0.1490853877515813,0,50,"[-0.0772921108742004, -0.13925327951564082, -0.1425313568985177, -0.23474178403755874, -0.09876543209876543, -0.1183035714285714, -0.15322874863188618, -0.09046587215601298, -0.16686967113276496, -0.10730593607305938, -0.11111111111111116, -0.14428739693757364, -0.18554740559630534, -0.11714824120603007, -0.1570182394924663, -0.08948545861297541, -0.12567024128686333, -0.09103977000479158, -0.13345091122868902, -0.16401468788249696, -0.19860973187686193, -0.15591734502191612, -0.1446360153256705, -0.21902834008097172, -0.20530303030303032, -0.25378450578806766, -0.15877192982456145, -0.20682451253481893, -0.19483695652173905, -0.13821138211382122, -0.08200734394124853, -0.07565392354124745, -0.1395133969818293, -0.13812949640287764, -0.12024756852343066, -0.1349480968858131, -0.157312925170068, -0.16713881019830024, -0.12506568575932742, -0.10996563573883167, -0.21541501976284583, -0.18888289260658386, -0.15337423312883436, -0.18202943454686282, -0.2009226037929267, -0.1548336389834949, -0.147329650092081, -0.11683277962347738, -0.16241299303944312, -0.15879828326180268]","[0.8891257995735607, 0.7978472922973427, 0.806157354618016, 0.7384976525821596, 0.8603988603988604, 0.8567708333333334, 0.8347318496898942, 0.8759479956663055, 0.7710109622411693, 0.8384703196347032, 0.8383838383838383, 0.8074204946996466, 0.769627818527574, 0.8602386934673367, 0.7835051546391752, 0.854586129753915, 0.8240616621983914, 0.8758984187829421, 0.8036449147560258, 0.7796817625458996, 0.7616683217477657, 0.7986850344395742, 0.8132183908045977, 0.7473684210526316, 0.7333333333333333, 0.703472840605521, 0.7719298245614035, 0.7383936861652739, 0.7646739130434783, 0.8159645232815964, 0.8892288861689106, 0.9014084507042254, 0.8173698798891285, 0.7769784172661871, 0.8641320365458296, 0.8154555940023068, 0.784297052154195, 0.7655807365439093, 0.8202837624802942, 0.8487972508591065, 0.7611989459815547, 0.7458175930922828, 0.7712532865907099, 0.7418022205009037, 0.7221937467965146, 0.7788839402672255, 0.7989564149785144, 0.8111849390919158, 0.7648878576952823, 0.790414878397711]","[0.9664179104477612, 0.9371005718129836, 0.9486887115165337, 0.9732394366197183, 0.9591642924976258, 0.9750744047619048, 0.9879605983217804, 0.9664138678223185, 0.9378806333739342, 0.9457762557077626, 0.9494949494949495, 0.9517078916372202, 0.9551752241238793, 0.9773869346733668, 0.9405233941316415, 0.9440715883668904, 0.9497319034852547, 0.9669381887877336, 0.9370958259847149, 0.9436964504283966, 0.9602780536246276, 0.9546023794614903, 0.9578544061302682, 0.9663967611336033, 0.9386363636363636, 0.9572573463935886, 0.9307017543859649, 0.9452181987000928, 0.9595108695652174, 0.9541759053954176, 0.9712362301101591, 0.9770623742454728, 0.9568832768709578, 0.9151079136690647, 0.9843796050692603, 0.9504036908881199, 0.941609977324263, 0.9327195467422096, 0.9453494482396216, 0.9587628865979382, 0.9766139657444005, 0.9347004856988667, 0.9246275197195443, 0.9238316550477665, 0.9231163505894413, 0.9337175792507204, 0.9462860650705954, 0.9280177187153932, 0.9273008507347255, 0.9492131616595136]",,0,"[null, null, null, null, null, null, null, null, null, null, null, null, null, null, null, null, null, null, null, null, null, null, null, null, null, null, null, null, null, null, null, null, null, null, null, null, null, null, null, null, null, null, null, null, null, null, null, null, null, null]",6.3658835887908936,5.500217437744141,0.009638786315917969,0.0,0.0,0.27723193168640137,1117838,ai05,success,
roberta_base_agnews,AGNews,50,1.0,44,100,1.0,warmup_only_labelled,warmup_only,100,0.0,0.7810526315789473,0.8402026315789475,0.8972368421052631,0.9142105263157895,0.7810526315789473,-0.16065572746157541,0,50,"[-0.1202505219206681, -0.22284512964260694, -0.12726844213999522, -0.1953321364452424, -0.14883026381284215, -0.1339249697458652, -0.15751867489444626, -0.1280148423005566, -0.16836734693877553, -0.16978967495219888, -0.16600616468516072, -0.11573472041612487, -0.14254385964912275, -0.11215502055196713, -0.13776722090261284, -0.1438577586206896, -0.12406181015452533, -0.13006396588486135, -0.23515439429928742, -0.213089802130898, -0.12529691211401428, -0.18495778971603993, -0.13142554319024902, -0.2718808193668528, -0.2886260236578707, -0.18982471141513468, -0.23070803500397774, -0.13168905527416874, -0.1413662239089184, -0.18807484934982566, -0.16402439024390236, -0.13369713506139147, -0.14332784184514002, -0.12313895781637718, -0.13851617995264398, -0.1160609613130128, -0.13485166317051245, -0.08521626856036146, -0.16541786743515852, -0.13672814755413, -0.1296079578700995, -0.19209431345353678, -0.23818975784041285, -0.26353149955634425, -0.15501715265866212, -0.14159702878365832, -0.15569105691056906, -0.16080129940443966, -0.16083916083916083, -0.11801104972375687]","[0.8321503131524008, 0.7235459004905396, 0.8343153429177469, 0.7572710951526033, 0.7809855649576904, 0.8293666801129488, 0.7762260474179928, 0.8441558441558441, 0.7468112244897959, 0.7701720841300191, 0.8124174372523117, 0.823146944083225, 0.781140350877193, 0.8426306517909571, 0.7921615201900237, 0.7860991379310345, 0.8150110375275939, 0.7974413646055437, 0.7280285035629454, 0.715372907153729, 0.8224465558194775, 0.7620874904067536, 0.8049814520402756, 0.6934823091247673, 0.691901728844404, 0.7357845233005558, 0.7040572792362768, 0.8445276370843426, 0.7950664136622391, 0.7649857278782112, 0.7841463414634147, 0.8035470668485676, 0.7800658978583196, 0.8213399503722084, 0.8113654301499605, 0.8382180539273154, 0.8420737189091999, 0.8528082633957392, 0.7711815561959654, 0.8283881315156375, 0.8148039789350497, 0.7319694868238558, 0.7129813418023025, 0.6996450754214729, 0.7813036020583191, 0.8142989786443825, 0.8109756097560976, 0.8067135896047645, 0.7709790209790209, 0.8620994475138122]","[0.9524008350730689, 0.9463910301331465, 0.9615837850577421, 0.9526032315978457, 0.9298158287705326, 0.963291649858814, 0.9337447223124391, 0.9721706864564007, 0.9151785714285714, 0.939961759082218, 0.9784236019374725, 0.9388816644993498, 0.9236842105263158, 0.9547856723429242, 0.9299287410926366, 0.9299568965517241, 0.9390728476821192, 0.9275053304904051, 0.9631828978622328, 0.928462709284627, 0.9477434679334917, 0.9470452801227935, 0.9364069952305246, 0.9653631284916201, 0.9805277525022748, 0.9256092347156905, 0.9347653142402546, 0.9762166923585114, 0.9364326375711575, 0.9530605772280368, 0.948170731707317, 0.937244201909959, 0.9233937397034596, 0.9444789081885856, 0.9498816101026045, 0.9542790152403282, 0.9769253820797124, 0.9380245319561007, 0.9365994236311239, 0.9651162790697675, 0.9444119368051492, 0.9240638002773925, 0.9511710996427154, 0.9631765749778172, 0.9363207547169812, 0.9558960074280408, 0.9666666666666667, 0.9675148890092041, 0.9318181818181818, 0.980110497237569]",,0,"[null, null, null, null, null, null, null, null, null, null, null, null, null, null, null, null, null, null, null, null, null, null, null, null, null, null, null, null, null, null, null, null, null, null, null, null, null, null, null, null, null, null, null, null, null, null, null, null, null, null]",6.287917375564575,5.434311389923096,0.009516477584838867,0.0,0.0,0.2769045829772949,1117838,ai05,success,
roberta_base_agnews,AGNews,5,0.01,42,100,1.0,dp_avg_eps2_K20,dp_avg,4,4.043601857518789,0.7076315789473684,0.5358421052631579,0.8864473684210527,0.9142105263157895,0.4768421052631579,-0.25103713075163014,0,5,"[-0.23727572317832302, -0.19350649350649352, -0.2315630159603742, -0.2890731345130553, -0.3037672865999046]","[0.6892713291834492, 0.8051948051948052, 0.7161873968079252, 0.70999876252939, 0.6800190748688603]","[0.9265470523617723, 0.9987012987012988, 0.9477504127682994, 0.9990718970424453, 0.9837863614687649]",0.7178947368421054,4,"[0.738421052631579, 0.6759649122807018, null, 0.738421052631579, 0.7187719298245614]",6.49885892868042,5.051512241363525,0.0701456069946289,0.5337083339691162,0.000209808349609375,0.26957225799560547,1117838,ai05,success,
roberta_base_agnews,AGNews,5,0.01,43,100,1.0,dp_avg_eps2_K20,dp_avg,4,4.050649764344406,0.6781578947368421,0.429421052631579,0.5730263157894737,0.9142105263157895,0.45052631578947366,-0.31661777623447507,0,4,"[-0.25910458054752006, null, -0.3139406878606932, -0.39161571462351796, -0.3018101219061692]","[0.734554301806548, null, 0.6840911365380125, 0.607641117454312, 0.6744243319788203]","[0.9936588823540681, null, 0.9980318243987056, 0.99925683207783, 0.9762344538849895]",0.6809122807017544,5,"[0.6605263157894737, 0.6781578947368421, 0.6840350877192982, 0.6605263157894737, 0.7213157894736842]",6.4063801765441895,5.057871580123901,0.06655716896057129,0.43701767921447754,0.00020933151245117188,0.26987361907958984,1117838,ai05,success,
roberta_base_agnews,AGNews,5,0.01,44,100,1.0,dp_avg_eps2_K20,dp_avg,4,4.027436119744127,0.645,0.44594736842105254,0.5410526315789473,0.9142105263157895,0.45723684210526316,-0.254922787682065,0,4,"[-0.3853988166445731, -0.3043500372957212, -0.3299422967879657, 0.0, null]","[0.6073911216010863, 0.6629823014850478, 0.669557386344685, 1.0, null]","[0.9927899382456594, 0.967332338780769, 0.9994996831326507, 1.0, null]",0.640140350877193,5,"[0.6639473684210526, 0.633421052631579, 0.632280701754386, 0.6260526315789474, 0.645]",6.384065866470337,5.033462285995483,0.07105088233947754,0.43314337730407715,0.00021266937255859375,0.2696077823638916,1117838,ai05,success,
roberta_base_agnews,AGNews,5,0.01,42,100,1.0,dp_avg_eps8_K20,dp_avg,4,1.0109004643796973,0.8092105263157895,0.5358421052631579,0.8864473684210527,0.9142105263157895,0.7273684210526316,-0.14870296641003905,0,5,"[-0.14404979860856826, -0.0844155844155845, -0.12317694001100721, -0.21018438312090093, -0.1816881258941344]","[0.782497253753204, 0.9142857142857143, 0.8245734727572922, 0.7888875139215443, 0.8020982355746304]","[0.9265470523617723, 0.9987012987012988, 0.9477504127682994, 0.9990718970424453, 0.9837863614687649]",0.8242105263157894,4,"[0.8542105263157894, 0.7757894736842105, null, 0.8542105263157894, 0.8126315789473684]",6.438297271728516,5.002575159072876,0.06544017791748047,0.5257997512817383,0.00021505355834960938,0.26978325843811035,1117838,ai05,success,
roberta_base_agnews,AGNews,5,0.01,43,100,1.0,dp_avg_eps8_K20,dp_avg,4,1.0126624410861016,0.7980263157894737,0.429421052631579,0.5730263157894737,0.9142105263157895,0.6810526315789474,-0.20684994075343296,0,4,"[-0.15753175348186743, null, -0.19401541181572535, -0.24595480187818808, -0.229897795837951]","[0.8361271288722006, null, 0.8040164125829803, 0.7533020301996419, 0.7463366580470385]","[0.9936588823540681, null, 0.9980318243987056, 0.99925683207783, 0.9762344538849895]",0.80890350877193,5,"[0.7978947368421052, 0.7980263157894737, 0.7980701754385965, 0.7978947368421052, 0.8526315789473684]",6.378735303878784,5.026154279708862,0.06602191925048828,0.44284486770629883,0.0002186298370361328,0.2692863941192627,1117838,ai05,success,
roberta_base_agnews,AGNews,5,0.01,44,100,1.0,dp_avg_eps8_K20,dp_avg,4,1.0068590299360318,0.7664473684210527,0.44594736842105254,0.5410526315789473,0.9142105263157895,0.6534210526315789,-0.1613783301334507,0,4,"[-0.30010669598111805, -0.20561809181528445, -0.13978853273740033, 0.0, null]","[0.6926832422645414, 0.7617142469654845, 0.8597111503952504, 1.0, null]","[0.9927899382456594, 0.967332338780769, 0.9994996831326507, 1.0, null]",0.7607456140350878,5,"[0.8018421052631579, 0.7705263157894737, 0.733859649122807, 0.7310526315789474, 0.7664473684210527]",6.475141286849976,5.0006749629974365,0.06906938552856445,0.5588984489440918,0.00021386146545410156,0.2701423168182373,1117838,ai05,success,
roberta_base_agnews,AGNews,5,0.01,42,100,1.0,labelled_probe_warmup,labelled,100,0.0,0.8296052631578947,0.5358421052631579,0.8864473684210527,0.9142105263157895,0.7918421052631579,-0.12245646503207475,0,5,"[-0.1379714390333211, -0.05584415584415592, -0.10306595120161444, -0.1957059769830467, -0.11969480209823558]","[0.7885756133284512, 0.9428571428571428, 0.844684461566685, 0.8033659200593986, 0.8640915593705293]","[0.9265470523617723, 0.9987012987012988, 0.9477504127682994, 0.9990718970424453, 0.9837863614687649]",0.8521929824561403,4,"[0.8973684210526316, 0.7949122807017543, null, 0.8973684210526316, 0.8191228070175438]",6.391839981079102,4.998669147491455,0.012084245681762695,0.5377562046051025,0.00021958351135253906,0.26901936531066895,1117838,ai05,success,
roberta_base_agnews,AGNews,5,0.01,43,100,1.0,labelled_probe_warmup,labelled,100,0.0,0.824078947368421,0.429421052631579,0.5730263157894737,0.9142105263157895,0.7931578947368421,-0.18189456354261008,0,4,"[-0.12404452192570736, null, -0.14471094505787763, -0.2358206938485965, -0.22300209333825882]","[0.8696143604283607, null, 0.853320879340828, 0.7634361382292335, 0.7532323605467307]","[0.9936588823540681, null, 0.9980318243987056, 0.99925683207783, 0.9762344538849895]",0.847359649122807,5,"[0.8478947368421053, 0.824078947368421, 0.8161403508771929, 0.8478947368421053, 0.9007894736842105]",6.428395509719849,5.021244287490845,0.011232137680053711,0.44127678871154785,0.00021791458129882812,0.26897215843200684,1117838,ai05,success,
roberta_base_agnews,AGNews,5,0.01,44,100,1.0,labelled_probe_warmup,labelled,100,0.0,0.8219736842105263,0.44594736842105254,0.5410526315789473,0.9142105263157895,0.7810526315789473,-0.10998284164248232,0,4,"[-0.1816741569400886, -0.18954702651386723, -0.06871018311597343, 0.0, null]","[0.8111157813055708, 0.7777853122669017, 0.9307895000166773, 1.0, null]","[0.9927899382456594, 0.967332338780769, 0.9994996831326507, 1.0, null]",0.823236842105263,5,"[0.8292105263157895, 0.8644736842105263, 0.7857894736842105, 0.8147368421052632, 0.8219736842105263]",6.285084962844849,4.986234664916992,0.011287927627563477,0.43828630447387695,0.0002231597900390625,0.2712540626525879,1117838,ai05,success,
roberta_base_agnews,AGNews,5,0.01,42,100,1.0,no_phase0,none,0,0.0,0.7542105263157894,0.5358421052631579,0.8864473684210527,0.9142105263157895,0.20355263157894737,-0.1920896417041573,0,5,"[-0.2003661662394728, -0.11168831168831173, -0.1844271693267291, -0.23697562182898158, -0.22699093943729132]","[0.7261808861222995, 0.887012987012987, 0.7633232434415703, 0.7620962752134637, 0.7567954220314735]","[0.9265470523617723, 0.9987012987012988, 0.9477504127682994, 0.9990718970424453, 0.9837863614687649]",0.7741228070175439,4,"[0.8139473684210526, 0.7128070175438597, null, 0.8139473684210526, 0.7557894736842106]",20.448550701141357,8.01000428199768,0.004952669143676758,0.5949747562408447,0.00022125244140625,0.2786271572113037,1117838,ai05,success,
roberta_base_agnews,AGNews,5,0.01,43,100,1.0,no_phase0,none,0,0.0,0.7463157894736843,0.429421052631579,0.5730263157894737,0.9142105263157895,0.27407894736842103,-0.26594928297425136,0,4,"[-0.2013640108048047, null, -0.21990192480902016, -0.373475661250549, -0.26905553503263147]","[0.7922948715492634, null, 0.7781298995896855, 0.625781170827281, 0.7071789188523581]","[0.9936588823540681, null, 0.9980318243987056, 0.99925683207783, 0.9762344538849895]",0.7743859649122807,5,"[0.783157894736842, 0.7463157894736843, 0.7340350877192983, 0.783157894736842, 0.8252631578947368]",6.29723858833313,4.997435092926025,0.007350921630859375,0.43776369094848633,0.00022459030151367188,0.26776671409606934,1117838,ai05,success,
roberta_base_agnews,AGNews,5,0.01,44,100,1.0,no_phase0,none,0,0.0,0.6797368421052632,0.44594736842105254,0.5410526315789473,0.9142105263157895,0.22263157894736843,-0.22224995184643154,0,4,"[-0.34773190209835425, -0.2767003458330508, -0.2645675594543211, 0.0, null]","[0.6450580361473052, 0.6906319929477182, 0.7349321236783296, 1.0, null]","[0.9927899382456594, 0.967332338780769, 0.9994996831326507, 1.0, null]",0.6751403508771932,5,"[0.67, 0.67, 0.6664912280701755, 0.6894736842105263, 0.6797368421052632]",6.317690849304199,5.011274576187134,0.004953861236572266,0.4361119270324707,0.00022459030151367188,0.26915693283081055,1117838,ai05,success,
roberta_base_agnews,AGNews,5,0.01,42,100,1.0,raw_union_K20,raw_union,181,0.0,0.8485526315789473,0.5358421052631579,0.8864473684210527,0.9142105263157895,0.838421052631579,-0.10398716452420043,0,5,"[-0.11973636030757961, -0.045454545454545525, -0.08294349660612732, -0.17547333250835295, -0.09632808774439672]","[0.8068106920541926, 0.9532467532467532, 0.8648069161621721, 0.8235985645340923, 0.8874582737243681]","[0.9265470523617723, 0.9987012987012988, 0.9477504127682994, 0.9990718970424453, 0.9837863614687649]",0.8708771929824561,4,"[0.9155263157894736, 0.8138596491228071, null, 0.9155263157894736, 0.8385964912280702]",6.439149618148804,4.9890148639678955,0.07000279426574707,0.5269532203674316,0.00021004676818847656,0.2697112560272217,1117838,ai05,success,
roberta_base_agnews,AGNews,5,0.01,43,100,1.0,raw_union_K20,raw_union,142,0.0,0.8332894736842106,0.429421052631579,0.5730263157894737,0.9142105263157895,0.8048684210526316,-0.17728373320417873,0,4,"[-0.12094101419567427, null, -0.19928611935817453, -0.19065635239671663, -0.19825144686614948]","[0.8727178681583938, null, 0.7987457050405311, 0.8086004796811134, 0.77798300701884]","[0.9936588823540681, null, 0.9980318243987056, 0.99925683207783, 0.9762344538849895]",0.8250263157894737,5,"[0.7894736842105263, 0.8332894736842106, 0.8478947368421053, 0.7894736842105263, 0.865]",6.463089466094971,5.015240430831909,0.06501936912536621,0.43808555603027344,0.00020956993103027344,0.269747257232666,1117838,ai05,success,
roberta_base_agnews,AGNews,5,0.01,44,100,1.0,raw_union_K20,raw_union,102,0.0,0.8126315789473684,0.44594736842105254,0.5410526315789473,0.9142105263157895,0.7746052631578947,-0.11728849286350554,0,4,"[-0.2354747971159753, -0.16927171628127757, -0.06440745805676928, 0.0, null]","[0.7573151411296841, 0.7980606224994914, 0.9350922250758814, 1.0, null]","[0.9927899382456594, 0.967332338780769, 0.9994996831326507, 1.0, null]",0.8086842105263157,5,"[0.8347368421052631, 0.8323684210526315, 0.7731578947368422, 0.7905263157894736, 0.8126315789473684]",6.4195027351379395,5.070176839828491,0.06672501564025879,0.43732237815856934,0.0002295970916748047,0.26992273330688477,1117838,ai05,success,
roberta_base_agnews,AGNews,5,0.01,42,100,1.0,warmup_only_labelled,warmup_only,100,0.0,0.7918421052631579,0.5358421052631579,0.8864473684210527,0.9142105263157895,0.7918421052631579,-0.14797343221890177,0,5,"[-0.1658733064811424, -0.0844155844155845, -0.1465671436433682, -0.20090335354535327, -0.14210777300906052]","[0.7606737458806299, 0.9142857142857143, 0.8011832691249312, 0.798168543497092, 0.8416785884597043]","[0.9265470523617723, 0.9987012987012988, 0.9477504127682994, 0.9990718970424453, 0.9837863614687649]",0.8172807017543859,4,"[0.8681578947368421, 0.7563157894736842, null, 0.8681578947368421, 0.7764912280701755]",5.894507884979248,5.017841815948486,0.010518074035644531,0.0,0.0,0.28265905380249023,1117838,ai05,success,
roberta_base_agnews,AGNews,5,0.01,43,100,1.0,warmup_only_labelled,warmup_only,100,0.0,0.7931578947368421,0.429421052631579,0.5730263157894737,0.9142105263157895,0.7931578947368421,-0.22124423078243244,0,4,"[-0.16266595145500873, null, -0.16949661407078753, -0.2595007262777421, -0.29331363132619137]","[0.8309929308990593, null, 0.8285352103279181, 0.7397561058000879, 0.6829208225587982]","[0.9936588823540681, null, 0.9980318243987056, 0.99925683207783, 0.9762344538849895]",0.8216140350877194,5,"[0.8242105263157895, 0.7931578947368421, 0.7828070175438596, 0.8242105263157895, 0.8836842105263157]",5.923256874084473,5.023202896118164,0.008870840072631836,0.0,0.0,0.3163938522338867,1117838,ai05,success,
roberta_base_agnews,AGNews,5,0.01,44,100,1.0,warmup_only_labelled,warmup_only,100,0.0,0.7810526315789473,0.44594736842105254,0.5410526315789473,0.9142105263157895,0.7810526315789473,-0.1341613678084785,0,4,"[-0.18296744155970124, -0.24357496439953885, -0.11010306527467395, 0.0, null]","[0.8098224966859582, 0.7237573743812301, 0.8893966178579767, 1.0, null]","[0.9927899382456594, 0.967332338780769, 0.9994996831326507, 1.0, null]",0.7860526315789473,5,"[0.7628947368421053, 0.841842105263158, 0.7452631578947368, 0.7992105263157895, 0.7810526315789473]",5.963206768035889,4.987600326538086,0.00931096076965332,0.0,0.0,0.27062058448791504,1117838,ai05,success,
roberta_base_agnews,AGNews,5,0.05,42,100,1.0,dp_avg_eps2_K20,dp_avg,4,4.043601857518789,0.6667105263157894,0.502578947368421,0.6672368421052631,0.9142105263157895,0.38105263157894737,-0.36990834899837094,0,5,"[-0.46617008069522037, -0.32043262439969333, -0.31038518833794426, -0.4882660438215993, -0.26428780773739746]","[0.5288640595903166, 0.6730295815004641, 0.6861034262609066, 0.5111778445111779, 0.7055246189917936]","[0.9950341402855369, 0.9934622059001574, 0.9964886145988509, 0.9994438883327772, 0.9698124267291911]",0.7018859649122807,4,"[0.716140350877193, 0.6747368421052632, 0.7005263157894737, 0.716140350877193, null]",6.612182140350342,5.160134553909302,0.06769299507141113,0.5382118225097656,0.0002117156982421875,0.2697126865386963,1117838,ai05,success,
roberta_base_agnews,AGNews,5,0.05,43,100,1.0,dp_avg_eps2_K20,dp_avg,4,4.050649764344406,0.7131578947368421,0.608,0.771578947368421,0.9142105263157895,0.4126315789473684,-0.27834556284898493,0,5,"[-0.2136082950195256, -0.31818181818181823, -0.27465047215455973, -0.3171736697527724, -0.268113559136249]","[0.7480907219667968, 0.6363636363636364, 0.7234809302946378, 0.652355275206023, 0.6519785158390881]","[0.9616990169863224, 0.9545454545454546, 0.9981314024491975, 0.9695289449587954, 0.9200920749753371]",0.7255555555555556,3,"[null, 0.737719298245614, 0.7068421052631579, 0.7321052631578947, null]",6.544725179672241,5.107317209243774,0.0640265941619873,0.5277788639068604,0.00021266937255859375,0.26641368865966797,1117838,ai05,success,
roberta_base_agnews,AGNews,5,0.05,44,100,1.0,dp_avg_eps2_K20,dp_avg,4,4.027436119744127,0.6155263157894737,0.5429999999999999,0.6221052631578947,0.9142105263157895,0.37605263157894736,-0.2963493854485955,0,5,"[-0.3623716876045855, -0.34083762000957996, -0.37099881696805814, -0.4075388026607538, 0.0]","[0.6101550987786908, 0.6279026178228544, 0.6282575629541998, 0.588470066518847, 1.0]","[0.9725267863832763, 0.9687402378324343, 0.9992563799222579, 0.9960088691796009, 1.0]",0.6159868421052632,4,"[0.5965789473684211, 0.598421052631579, 0.6344736842105263, 0.6344736842105263, null]",6.5273542404174805,5.080364942550659,0.0664513111114502,0.5323278903961182,0.000217437744140625,0.2688863277435303,1117838,ai05,success,
roberta_base_agnews,AGNews,5,0.05,42,100,1.0,dp_avg_eps8_K20,dp_avg,4,1.0109004643796973,0.7975,0.502578947368421,0.6672368421052631,0.9142105263157895,0.6969736842105263,-0.22015001581917346,0,5,"[-0.2805710738671633, -0.16128576617296908, -0.19562672909129608, -0.28995662328995664, -0.17330988667448222]","[0.7144630664183736, 0.8321764397271884, 0.8008618855075548, 0.7094872650428206, 0.7965025400547089]","[0.9950341402855369, 0.9934622059001574, 0.9964886145988509, 0.9994438883327772, 0.9698124267291911]",0.8050438596491227,4,"[0.8256140350877192, 0.7857894736842105, 0.783157894736842, 0.8256140350877192, null]",6.555356740951538,5.1010448932647705,0.06745576858520508,0.540604829788208,0.0002186298370361328,0.27002716064453125,1117838,ai05,success,
roberta_base_agnews,AGNews,5,0.05,43,100,1.0,dp_avg_eps8_K20,dp_avg,4,1.0126624410861016,0.8043421052631579,0.608,0.771578947368421,0.9142105263157895,0.6998684210526316,-0.17526271608489705,0,5,"[-0.12136660061943327, -0.18181818181818188, -0.18459074376856088, -0.22077525689286803, -0.1677627973254412]","[0.8403324163668892, 0.7727272727272727, 0.8135406586806366, 0.7487536880659273, 0.7523292776498959]","[0.9616990169863224, 0.9545454545454546, 0.9981314024491975, 0.9695289449587954, 0.9200920749753371]",0.8126315789473684,3,"[null, 0.8250877192982456, 0.8022807017543859, 0.8105263157894737, null]",6.560522556304932,5.109961271286011,0.06192636489868164,0.5391011238098145,0.0002193450927734375,0.26851773262023926,1117838,ai05,success,
roberta_base_agnews,AGNews,5,0.05,44,100,1.0,dp_avg_eps8_K20,dp_avg,4,1.0068590299360318,0.7698684210526315,0.5429999999999999,0.6221052631578947,0.9142105263157895,0.6439473684210526,-0.16536513139477876,0,5,"[-0.2628187517170758, -0.2087802236707833, -0.12418455298293052, -0.23104212860310414, 0.0]","[0.7097080346662005, 0.759960014161651, 0.8750718269393274, 0.7649667405764967, 1.0]","[0.9725267863832763, 0.9687402378324343, 0.9992563799222579, 0.9960088691796009, 1.0]",0.7592105263157894,4,"[0.8142105263157895, 0.771578947368421, 0.7255263157894737, 0.7255263157894737, null]",6.584713697433472,5.134763717651367,0.06691932678222656,0.5355570316314697,0.0002143383026123047,0.26989126205444336,1117838,ai05,success,
roberta_base_agnews,AGNews,5,0.05,42,100,1.0,labelled_probe_warmup,labelled,100,0.0,0.8238157894736842,0.502578947368421,0.6672368421052631,0.9142105263157895,0.7918421052631579,-0.19893017711042815,0,5,"[-0.2811918063314711, -0.1480285725816216, -0.12928282613321984, -0.2912912912912913, -0.14485638921453692]","[0.7138423339540658, 0.8454336333185358, 0.867205788465631, 0.7081525970414859, 0.8249560375146542]","[0.9950341402855369, 0.9934622059001574, 0.9964886145988509, 0.9994438883327772, 0.9698124267291911]",0.8460964912280701,4,"[0.8624561403508771, 0.8563157894736843, 0.8031578947368421, 0.8624561403508771, null]",6.511016368865967,5.11832070350647,0.011542797088623047,0.5351431369781494,0.00022935867309570312,0.268876314163208,1117838,ai05,success,
roberta_base_agnews,AGNews,5,0.05,43,100,1.0,labelled_probe_warmup,labelled,100,0.0,0.8278947368421052,0.608,0.771578947368421,0.9142105263157895,0.7931578947368421,-0.14902993906372625,0,5,"[-0.09303041378912336, -0.15909090909090917, -0.14578397677600186, -0.18638722148743514, -0.16085717417516165]","[0.8686686031971991, 0.7954545454545454, 0.8523474256731957, 0.7831417234713602, 0.7592349008001754]","[0.9616990169863224, 0.9545454545454546, 0.9981314024491975, 0.9695289449587954, 0.9200920749753371]",0.8387719298245614,3,"[null, 0.8471929824561404, 0.8212280701754386, 0.8478947368421053, null]",6.507819652557373,5.110992670059204,0.011162757873535156,0.5387840270996094,0.0002224445343017578,0.26818227767944336,1117838,ai05,success,
roberta_base_agnews,AGNews,5,0.05,44,100,1.0,labelled_probe_warmup,labelled,100,0.0,0.8219736842105263,0.5429999999999999,0.6221052631578947,0.9142105263157895,0.7810526315789473,-0.1832116273945364,0,5,"[-0.15265116511401378, -0.20259491430118504, -0.06868345445327029, -0.2421286031042128, -0.25]","[0.8198756212692625, 0.7661453235312493, 0.9305729254689876, 0.753880266075388, 0.75]","[0.9725267863832763, 0.9687402378324343, 0.9992563799222579, 0.9960088691796009, 1.0]",0.8313157894736842,4,"[0.8273684210526315, 0.8647368421052631, 0.8165789473684211, 0.8165789473684211, null]",6.515755653381348,5.121034622192383,0.011249303817749023,0.535933256149292,0.0002105236053466797,0.26999545097351074,1117838,ai05,success,
roberta_base_agnews,AGNews,5,0.05,42,100,1.0,no_phase0,none,0,0.0,0.7167105263157895,0.502578947368421,0.6672368421052631,0.9142105263157895,0.20355263157894737,-0.3167149182522462,0,5,"[-0.3910614525139665, -0.2492231324912224, -0.30820387316450315, -0.40963185407629854, -0.2254542790152403]","[0.6039726877715704, 0.744239073408935, 0.6882847414343477, 0.5898120342564787, 0.7443581477139508]","[0.9950341402855369, 0.9934622059001574, 0.9964886145988509, 0.9994438883327772, 0.9698124267291911]",0.7368421052631579,4,"[0.758421052631579, 0.6763157894736842, 0.7542105263157894, 0.758421052631579, null]",6.4606781005859375,5.068783283233643,0.004720926284790039,0.5421597957611084,0.00021338462829589844,0.26981520652770996,1117838,ai05,success,
roberta_base_agnews,AGNews,5,0.05,43,100,1.0,no_phase0,none,0,0.0,0.7677631578947368,0.608,0.771578947368421,0.9142105263157895,0.27407894736842103,-0.22716873914430366,0,5,"[-0.1654002269972875, -0.2727272727272728, -0.21709099402716137, -0.2652355275206023, -0.21538967444919432]","[0.7962987899890349, 0.6818181818181818, 0.7810404084220361, 0.7042934174381931, 0.7047024005261427]","[0.9616990169863224, 0.9545454545454546, 0.9981314024491975, 0.9695289449587954, 0.9200920749753371]",0.7808771929824561,3,"[null, 0.7933333333333333, 0.7608771929824562, 0.7884210526315789, null]",6.52951192855835,5.140425205230713,0.004818916320800781,0.5373437404632568,0.0002124309539794922,0.2688271999359131,1117838,ai05,success,
roberta_base_agnews,AGNews,5,0.05,44,100,1.0,no_phase0,none,0,0.0,0.6888157894736842,0.5429999999999999,0.6221052631578947,0.9142105263157895,0.22263157894736843,-0.28888656971917925,0,5,"[-0.2797022902669897, -0.29164670845742136, -0.2492479296941017, -0.37383592017738354, -0.25]","[0.6928244961162866, 0.677093529375013, 0.7500084502281562, 0.6221729490022173, 0.75]","[0.9725267863832763, 0.9687402378324343, 0.9992563799222579, 0.9960088691796009, 1.0]",0.6939473684210526,4,"[0.6702631578947369, 0.6907894736842105, 0.7073684210526315, 0.7073684210526315, null]",6.531173467636108,5.130092620849609,0.004786491394042969,0.5486354827880859,0.00021147727966308594,0.26904797554016113,1117838,ai05,success,
roberta_base_agnews,AGNews,5,0.05,42,100,1.0,raw_union_K20,raw_union,187,0.0,0.8482894736842105,0.502578947368421,0.6672368421052631,0.9142105263157895,0.8376315789473684,-0.13319719880316708,0,5,"[-0.12228429546865305, -0.08654505831550918, -0.13423068738029376, -0.13391168946724497, -0.1890142633841344]","[0.8727498448168839, 0.9069171475846483, 0.8622579272185571, 0.8655321988655322, 0.7807981633450567]","[0.9950341402855369, 0.9934622059001574, 0.9964886145988509, 0.9994438883327772, 0.9698124267291911]",0.8192543859649122,4,"[0.8414035087719298, 0.8547368421052631, 0.7394736842105263, 0.8414035087719298, null]",6.547725439071655,5.096060276031494,0.06617093086242676,0.5339384078979492,0.00021314620971679688,0.26976728439331055,1117838,ai05,success,
roberta_base_agnews,AGNews,5,0.05,43,100,1.0,raw_union_K20,raw_union,209,0.0,0.8592105263157894,0.608,0.771578947368421,0.9142105263157895,0.8485526315789473,-0.08638757188963853,0,5,"[-0.06504049400765632, 0.0, -0.1639026994561047, -0.10209583884423645, -0.10089882714019516]","[0.8966585229786661, 0.9545454545454546, 0.8342287029930928, 0.8674331061145589, 0.8191932478351419]","[0.9616990169863224, 0.9545454545454546, 0.9981314024491975, 0.9695289449587954, 0.9200920749753371]",0.8517543859649123,3,"[null, 0.8552631578947368, 0.868421052631579, 0.8315789473684211, null]",6.6056578159332275,5.153482913970947,0.0638883113861084,0.5398452281951904,0.00021123886108398438,0.268535852432251,1117838,ai05,success,
roberta_base_agnews,AGNews,5,0.05,44,100,1.0,raw_union_K20,raw_union,164,0.0,0.8406578947368422,0.5429999999999999,0.6221052631578947,0.9142105263157895,0.8210526315789474,-0.09663649955431461,0,5,"[-0.23242338719748246, -0.10517108524064389, -0.04847050870373504, -0.09711751662971169, 0.0]","[0.7401033991857938, 0.8635691525917905, 0.9507858712185229, 0.8988913525498892, 1.0]","[0.9725267863832763, 0.9687402378324343, 0.9992563799222579, 0.9960088691796009, 1.0]",0.8162500000000001,4,"[0.9155263157894736, 0.8178947368421052, 0.7657894736842106, 0.7657894736842106, null]",6.569934368133545,5.113772869110107,0.07075953483581543,0.5375137329101562,0.00021123886108398438,0.2701375484466553,1117838,ai05,success,
roberta_base_agnews,AGNews,5,0.05,42,100,1.0,warmup_only_labelled,warmup_only,100,0.0,0.7918421052631579,0.502578947368421,0.6672368421052631,0.9142105263157895,0.7918421052631579,-0.24171506258997022,0,5,"[-0.35195530726256985, -0.193692239396263, -0.15029793573100658, -0.3552441330219108, -0.15738569753810083]","[0.6430788330229671, 0.7997699665038944, 0.8461906788678443, 0.6441997553108664, 0.8124267291910903]","[0.9950341402855369, 0.9934622059001574, 0.9964886145988509, 0.9994438883327772, 0.9698124267291911]",0.8280263157894736,4,"[0.8421052631578947, 0.8378947368421052, 0.79, 0.8421052631578947, null]",6.004089832305908,5.097176790237427,0.008872509002685547,0.0,0.0,0.319669246673584,1117838,ai05,success,
roberta_base_agnews,AGNews,5,0.05,43,100,1.0,warmup_only_labelled,warmup_only,100,0.0,0.7931578947368421,0.608,0.771578947368421,0.9142105263157895,0.7931578947368421,-0.17978660800632407,0,5,"[-0.12823423042148396, -0.15909090909090917, -0.16964196336214088, -0.22230135313867128, -0.21966458401841504]","[0.8334647865648385, 0.7954545454545454, 0.8284894390870566, 0.7472275918201241, 0.700427490956922]","[0.9616990169863224, 0.9545454545454546, 0.9981314024491975, 0.9695289449587954, 0.9200920749753371]",0.8060818713450293,3,"[null, 0.8112280701754386, 0.7828070175438596, 0.8242105263157895, null]",6.021868705749512,5.16474175453186,0.009043216705322266,0.0,0.0,0.26987671852111816,1117838,ai05,success,
roberta_base_agnews,AGNews,5,0.05,44,100,1.0,warmup_only_labelled,warmup_only,100,0.0,0.7810526315789473,0.5429999999999999,0.6221052631578947,0.9142105263157895,0.7810526315789473,-0.21870195572427287,0,5,"[-0.1633157671270511, -0.2572630526688464, -0.1102923778942031, -0.31263858093126384, -0.25]","[0.8092110192562252, 0.7114771851635879, 0.8889640020280548, 0.683370288248337, 0.75]","[0.9725267863832763, 0.9687402378324343, 0.9992563799222579, 0.9960088691796009, 1.0]",0.8007894736842106,4,"[0.7628947368421053, 0.841842105263158, 0.7992105263157895, 0.7992105263157895, null]",5.964031457901001,5.107317924499512,0.009264707565307617,0.0,0.0,0.26964783668518066,1117838,ai05,success,
roberta_base_agnews,AGNews,5,0.1,42,100,1.0,dp_avg_eps2_K20,dp_avg,4,4.043601857518789,0.6901315789473684,0.5969473684210527,0.7913157894736842,0.9142105263157895,0.41592105263157897,-0.340107625075231,0,5,"[-0.4337909654561558, -0.19383965064416375, -0.430909148126003, -0.42244094488188977, -0.21955741626794267]","[0.5637732506643047, 0.7541144109282484, 0.5513106964156466, 0.574015748031496, 0.7702751196172248]","[0.9975642161204605, 0.9479540615724121, 0.9822198445416496, 0.9964566929133858, 0.9898325358851675]",0.7735526315789474,2,"[0.7263157894736842, null, null, 0.8207894736842105, null]",7.515885353088379,5.083707332611084,0.06558728218078613,0.5399606227874756,0.0002288818359375,0.2670929431915283,1117838,ai05,success,
roberta_base_agnews,AGNews,5,0.1,43,100,1.0,dp_avg_eps2_K20,dp_avg,4,4.050649764344406,0.7530263157894737,0.6517105263157894,0.838421052631579,0.9142105263157895,0.5538157894736843,-0.23720316194355498,0,5,"[-0.19420511970839205, -0.30498281786941583, -0.24460431654676262, -0.23059260879072818, -0.21163094680247607]","[0.7887498964460277, 0.6924398625429553, 0.7050359712230215, 0.7131715139587433, 0.7509556810614842]","[0.9829550161544197, 0.9974226804123711, 0.9496402877697842, 0.9437641227494715, 0.9625866278639603]",0.7524561403508772,2,"[null, 0.7157894736842105, 0.7891228070175439, null, null]",7.550411224365234,5.150132179260254,0.06218218803405762,0.5424635410308838,0.00021696090698242188,0.2672603130340576,1117838,ai05,success,
roberta_base_agnews,AGNews,5,0.1,44,100,1.0,dp_avg_eps2_K20,dp_avg,4,4.027436119744127,0.7419736842105263,0.6160789473684211,0.7797368421052632,0.9142105263157895,0.5628947368421052,-0.22147227199276184,0,5,"[-0.3069926094371802, -0.3100189035916825, -0.1488304447945703, -0.1944251394654295, -0.14709426267494674]","[0.6737919272313815, 0.6868780540000713, 0.8472912374257666, 0.7267416743364826, 0.8506812494207062]","[0.9807845366685617, 0.9968969575917538, 0.9961216822203369, 0.9211668138019121, 0.997775512095653]",0.7811403508771929,3,"[0.8152631578947368, 0.765, 0.7631578947368421, null, null]",6.560932159423828,5.110860586166382,0.06577706336975098,0.5379340648651123,0.0002079010009765625,0.2681314945220947,1117838,ai05,success,
roberta_base_agnews,AGNews,5,0.1,42,100,1.0,dp_avg_eps8_K20,dp_avg,4,1.0109004643796973,0.7985526315789474,0.5969473684210527,0.7913157894736842,0.9142105263157895,0.7035526315789473,-0.22776776380490774,0,5,"[-0.3201948627103631, -0.1272786610098373, -0.20684772004909202, -0.31968503937007875, -0.16483253588516755]","[0.6773693534100974, 0.8206754005625748, 0.7753721244925575, 0.676771653543307, 0.825]","[0.9975642161204605, 0.9479540615724121, 0.9822198445416496, 0.9964566929133858, 0.9898325358851675]",0.8497807017543859,2,"[0.8356140350877193, null, null, 0.8639473684210527, null]",6.5328614711761475,5.084757328033447,0.06490015983581543,0.5369298458099365,0.00022029876708984375,0.26674389839172363,1117838,ai05,success,
roberta_base_agnews,AGNews,5,0.1,43,100,1.0,dp_avg_eps8_K20,dp_avg,4,1.0126624410861016,0.8230263157894737,0.6517105263157894,0.838421052631579,0.9142105263157895,0.7586842105263157,-0.17078421648073067,0,5,"[-0.1368569298318284, -0.24770904925544102, -0.17985611510791366, -0.15030250018222902, -0.13919648802624118]","[0.8460980863225913, 0.7497136311569301, 0.7697841726618705, 0.7934616225672425, 0.8233901398377191]","[0.9829550161544197, 0.9974226804123711, 0.9496402877697842, 0.9437641227494715, 0.9625866278639603]",0.8247368421052632,2,"[null, 0.7957894736842105, 0.8536842105263158, null, null]",6.565172910690308,5.1000165939331055,0.06590676307678223,0.5517644882202148,0.0002105236053466797,0.2676074504852295,1117838,ai05,success,
roberta_base_agnews,AGNews,5,0.1,44,100,1.0,dp_avg_eps8_K20,dp_avg,4,1.0068590299360318,0.8096052631578947,0.6160789473684211,0.7797368421052632,0.9142105263157895,0.7601315789473684,-0.14036697830890363,0,5,"[-0.2210346787947698, -0.19748903235010884, -0.06447703308689856, -0.15015308326602672, -0.06868106404671426]","[0.7597498578737919, 0.799407925241645, 0.9316446491334384, 0.7710137305358854, 0.9290944480489387]","[0.9807845366685617, 0.9968969575917538, 0.9961216822203369, 0.9211668138019121, 0.997775512095653]",0.8256140350877192,3,"[0.8605263157894737, 0.8321052631578948, 0.7842105263157895, null, null]",6.5811543464660645,5.086313724517822,0.06578183174133301,0.5829706192016602,0.00021457672119140625,0.26771044731140137,1117838,ai05,success,
roberta_base_agnews,AGNews,5,0.1,42,100,1.0,labelled_probe_warmup,labelled,100,0.0,0.8252631578947368,0.5969473684210527,0.7913157894736842,0.9142105263157895,0.7918421052631579,-0.1955643831217533,0,5,"[-0.2900797165633303, -0.11571635041260675, -0.12678981653397103, -0.29212598425196845, -0.15311004784688997]","[0.7074844995571302, 0.8322377111598054, 0.8554300280076785, 0.7043307086614173, 0.8367224880382775]","[0.9975642161204605, 0.9479540615724121, 0.9822198445416496, 0.9964566929133858, 0.9898325358851675]",0.8664473684210526,2,"[0.8636842105263158, null, null, 0.8692105263157894, null]",6.538726091384888,5.145250558853149,0.011223793029785156,0.5380253791809082,0.00021910667419433594,0.2667360305786133,1117838,ai05,success,
roberta_base_agnews,AGNews,5,0.1,43,100,1.0,labelled_probe_warmup,labelled,100,0.0,0.8278947368421052,0.6517105263157894,0.838421052631579,0.9142105263157895,0.7931578947368421,-0.16297814853589612,0,5,"[-0.12134454477673762, -0.23424971363115699, -0.18705035971223016, -0.136453094248852, -0.13579303031050383]","[0.8616104713776821, 0.7631729667812142, 0.762589928057554, 0.8073110285006195, 0.8267935975534565]","[0.9829550161544197, 0.9974226804123711, 0.9496402877697842, 0.9437641227494715, 0.9625866278639603]",0.8262719298245614,2,"[null, 0.795, 0.8575438596491228, null, null]",6.521926164627075,5.114729642868042,0.011839151382446289,0.5416653156280518,0.00020813941955566406,0.2675933837890625,1117838,ai05,success,
roberta_base_agnews,AGNews,5,0.1,44,100,1.0,labelled_probe_warmup,labelled,100,0.0,0.8210526315789474,0.6160789473684211,0.7797368421052632,0.9142105263157895,0.7810526315789473,-0.12576604540852138,0,5,"[-0.16213757816941443, -0.16406890894175552, -0.06908253545024845, -0.15563778433103548, -0.07790342015015295]","[0.8186469584991473, 0.8328280486499983, 0.9270391467700885, 0.7655290294708766, 0.9198720919455]","[0.9807845366685617, 0.9968969575917538, 0.9961216822203369, 0.9211668138019121, 0.997775512095653]",0.8062280701754384,3,"[0.8273684210526315, 0.866578947368421, 0.7247368421052631, null, null]",6.540091514587402,5.133004188537598,0.011372566223144531,0.549546480178833,0.00020885467529296875,0.2669179439544678,1117838,ai05,success,
roberta_base_agnews,AGNews,5,0.1,42,100,1.0,no_phase0,none,0,0.0,0.7228947368421053,0.5969473684210527,0.7913157894736842,0.9142105263157895,0.20355263157894737,-0.30382943921433425,0,5,"[-0.4050044286979627, -0.18263477706808406, -0.3304276678100513, -0.4122047244094488, -0.18887559808612442]","[0.5925597874224978, 0.7653192845043281, 0.6517921767315983, 0.584251968503937, 0.8009569377990431]","[0.9975642161204605, 0.9479540615724121, 0.9822198445416496, 0.9964566929133858, 0.9898325358851675]",0.7909649122807018,2,"[0.7598245614035087, null, null, 0.8221052631578948, null]",6.5109381675720215,5.112013578414917,0.00510716438293457,0.5502538681030273,0.0002193450927734375,0.2667050361633301,1117838,ai05,success,
roberta_base_agnews,AGNews,5,0.1,43,100,1.0,no_phase0,none,0,0.0,0.7760526315789473,0.6517105263157894,0.838421052631579,0.9142105263157895,0.27407894736842103,-0.21911229288754389,0,5,"[-0.19905144561345378, -0.3127147766323024, -0.2158273381294964, -0.18689408849041478, -0.18107381557205215]","[0.7839035705409659, 0.6847079037800687, 0.7338129496402878, 0.7568700342590567, 0.7815128122919082]","[0.9829550161544197, 0.9974226804123711, 0.9496402877697842, 0.9437641227494715, 0.9625866278639603]",0.7784649122807018,2,"[null, 0.763421052631579, 0.7935087719298246, null, null]",6.5187530517578125,5.089642524719238,0.004824161529541016,0.5782895088195801,0.0002117156982421875,0.26718568801879883,1117838,ai05,success,
roberta_base_agnews,AGNews,5,0.1,44,100,1.0,no_phase0,none,0,0.0,0.6975,0.6160789473684211,0.7797368421052632,0.9142105263157895,0.22263157894736843,-0.2543226007260614,0,5,"[-0.27265491756679927, -0.25951421336091596, -0.23548660768391705, -0.2591709085444881, -0.24478635647418667]","[0.7081296191017624, 0.7373827442308378, 0.7606350745364199, 0.661995905257424, 0.7529891556214663]","[0.9807845366685617, 0.9968969575917538, 0.9961216822203369, 0.9211668138019121, 0.997775512095653]",0.6772807017543859,3,"[0.6902631578947368, 0.716842105263158, 0.6247368421052631, null, null]",6.485131740570068,5.100931882858276,0.004693269729614258,0.5362699031829834,0.00021028518676757812,0.2670936584472656,1117838,ai05,success,
roberta_base_agnews,AGNews,5,0.1,42,100,1.0,raw_union_K20,raw_union,263,0.0,0.8618421052631579,0.5969473684210527,0.7913157894736842,0.9142105263157895,0.8531578947368421,-0.12601658272998204,0,5,"[-0.13551815766164743, -0.07475095964069811, -0.10973345501463316, -0.12401574803149606, -0.18606459330143543]","[0.8620460584588131, 0.873203101931714, 0.8724863895270164, 0.8724409448818897, 0.8037679425837321]","[0.9975642161204605, 0.9479540615724121, 0.9822198445416496, 0.9964566929133858, 0.9898325358851675]",0.857280701754386,2,"[0.8582456140350877, null, null, 0.8563157894736843, null]",6.596663236618042,5.139016628265381,0.07302594184875488,0.5384502410888672,0.00021147727966308594,0.26709604263305664,1117838,ai05,success,
roberta_base_agnews,AGNews,5,0.1,43,100,1.0,raw_union_K20,raw_union,277,0.0,0.8597368421052631,0.6517105263157894,0.838421052631579,0.9142105263157895,0.8538157894736842,-0.1192456921576723,0,5,"[-0.07466241405020302, -0.13888888888888895, -0.15107913669064743, -0.10638530505138855, -0.1252127161072336]","[0.9082926021042167, 0.8585337915234822, 0.7985611510791367, 0.837378817698083, 0.8373739117567267]","[0.9829550161544197, 0.9974226804123711, 0.9496402877697842, 0.9437641227494715, 0.9625866278639603]",0.8506578947368422,2,"[null, 0.8123684210526316, 0.8889473684210526, null, null]",6.611644268035889,5.159998655319214,0.06464624404907227,0.5395188331604004,0.0002200603485107422,0.2680058479309082,1117838,ai05,success,
roberta_base_agnews,AGNews,5,0.1,44,100,1.0,raw_union_K20,raw_union,243,0.0,0.8628947368421053,0.6160789473684211,0.7797368421052632,0.9142105263157895,0.8563157894736843,-0.09553730000159937,0,5,"[-0.17544059124502565, -0.10785747405214541, -0.03805599321294384, -0.11239880538702829, -0.04393363611085366]","[0.805343945423536, 0.8890394835396084, 0.9580656890073931, 0.8087680084148838, 0.9538418759847993]","[0.9807845366685617, 0.9968969575917538, 0.9961216822203369, 0.9211668138019121, 0.997775512095653]",0.8621929824561404,3,"[0.8921052631578947, 0.8660526315789474, 0.828421052631579, null, null]",6.5953898429870605,5.14493465423584,0.06698465347290039,0.5396885871887207,0.000209808349609375,0.26725029945373535,1117838,ai05,success,
roberta_base_agnews,AGNews,5,0.1,42,100,1.0,warmup_only_labelled,warmup_only,100,0.0,0.7918421052631579,0.5969473684210527,0.7913157894736842,0.9142105263157895,0.7918421052631579,-0.2399755123087064,0,5,"[-0.35938883968113366, -0.15609119306261365, -0.14840922679925728, -0.3653543307086614, -0.17063397129186608]","[0.6381753764393269, 0.7918628685097985, 0.8338106177423923, 0.6311023622047244, 0.8191985645933014]","[0.9975642161204605, 0.9479540615724121, 0.9822198445416496, 0.9964566929133858, 0.9898325358851675]",0.8431578947368421,2,"[0.8421052631578947, null, null, 0.8442105263157895, null]",5.989338159561157,5.13358736038208,0.010209321975708008,0.0,0.0,0.26604652404785156,1117838,ai05,success,
roberta_base_agnews,AGNews,5,0.1,43,100,1.0,warmup_only_labelled,warmup_only,100,0.0,0.7931578947368421,0.6517105263157894,0.838421052631579,0.9142105263157895,0.7931578947368421,-0.2064266376553383,0,5,"[-0.14454063457874244, -0.2680412371134021, -0.2517985611510791, -0.19217873022815068, -0.17557402520531729]","[0.8384143815756773, 0.729381443298969, 0.697841726618705, 0.7515853925213208, 0.787012602658643]","[0.9829550161544197, 0.9974226804123711, 0.9496402877697842, 0.9437641227494715, 0.9625866278639603]",0.7903508771929825,2,"[null, 0.7452631578947368, 0.8354385964912281, null, null]",5.942438364028931,5.086652755737305,0.009565114974975586,0.0,0.0,0.26729893684387207,1117838,ai05,success,
roberta_base_agnews,AGNews,5,0.1,44,100,1.0,warmup_only_labelled,warmup_only,100,0.0,0.7810526315789473,0.6160789473684211,0.7797368421052632,0.9142105263157895,0.7810526315789473,-0.157995618258965,0,5,"[-0.16907333712336559, -0.18696722188536585, -0.11089564901224092, -0.2004169875467232, -0.12262489572712942]","[0.8117111995451961, 0.8099297357063879, 0.885226033208096, 0.7207498262551889, 0.8751506163685235]","[0.9807845366685617, 0.9968969575917538, 0.9961216822203369, 0.9211668138019121, 0.997775512095653]",0.7473684210526317,3,"[0.7628947368421053, 0.841842105263158, 0.6373684210526316, null, null]",6.021237850189209,5.166180849075317,0.009302377700805664,0.0,0.0,0.2673759460449219,1117838,ai05,success,
roberta_base_agnews,AGNews,5,0.3,42,100,1.0,dp_avg_eps2_K20,dp_avg,4,4.043601857518789,0.7367105263157895,0.7344473684210527,0.8772368421052632,0.9142105263157895,0.45539473684210524,-0.24340401034794734,0,5,"[-0.36592956592956594, -0.22855844942459114, -0.18292763230097242, -0.20743829704698635, -0.23216610703762086]","[0.6193284193284193, 0.6800423985463355, 0.7705831998068439, 0.7828153033021384, 0.7210306311245117]","[0.9852579852579852, 0.9086008479709267, 0.9535108321078163, 0.9902536003491248, 0.9531967381621326]",0.7421052631578947,1,"[0.7421052631578947, null, null, null, null]",6.4852893352508545,5.0508880615234375,0.06122326850891113,0.532789945602417,0.00021648406982421875,0.2627427577972412,1117838,ai05,success,
roberta_base_agnews,AGNews,5,0.3,43,100,1.0,dp_avg_eps2_K20,dp_avg,4,4.050649764344406,0.7607894736842106,0.7812894736842105,0.9047368421052632,0.9142105263157895,0.5878947368421052,-0.2127293910236742,0,5,"[-0.16649273727259906, -0.20654817586529473, -0.3105084745762712, -0.17152433213945395, -0.2085732352647519]","[0.817797207728106, 0.7383536014967259, 0.6708851224105461, 0.7607202707587158, 0.7415715379239192]","[0.9842899450007051, 0.9449017773620206, 0.9813935969868173, 0.9322446028981698, 0.9501447731886711]",,0,"[null, null, null, null, null]",6.477844715118408,5.046303749084473,0.06156563758850098,0.5337731838226318,0.00020742416381835938,0.2615795135498047,1117838,ai05,success,
roberta_base_agnews,AGNews,5,0.3,44,100,1.0,dp_avg_eps2_K20,dp_avg,4,4.027436119744127,0.7157894736842105,0.7303157894736841,0.8702631578947368,0.9142105263157895,0.44723684210526315,-0.22846857969323225,0,5,"[-0.2973251028806584, -0.23536360629400366, -0.19062823610631685, -0.22769361044124958, -0.19133234274393274]","[0.6656378600823045, 0.7415300288238907, 0.796427338626165, 0.6926347955746185, 0.796681525507677]","[0.9629629629629629, 0.9768936351178944, 0.9870555747324818, 0.9203284060158681, 0.9880138682516098]",0.8057894736842105,1,"[0.8057894736842105, null, null, null, null]",6.503476858139038,5.071803569793701,0.06353259086608887,0.528144359588623,0.00021076202392578125,0.2628512382507324,1117838,ai05,success,
roberta_base_agnews,AGNews,5,0.3,42,100,1.0,dp_avg_eps8_K20,dp_avg,4,1.0109004643796973,0.8142105263157895,0.7344473684210527,0.8772368421052632,0.9142105263157895,0.7531578947368421,-0.15892165932910007,0,5,"[-0.2538902538902539, -0.1486977589339794, -0.09743409644636625, -0.11278669446734235, -0.18179949290755848]","[0.7313677313677314, 0.7599030890369473, 0.85607673566145, 0.8774669058817824, 0.7713972452545741]","[0.9852579852579852, 0.9086008479709267, 0.9535108321078163, 0.9902536003491248, 0.9531967381621326]",0.7752631578947369,1,"[0.7752631578947369, null, null, null, null]",6.473209857940674,5.040577411651611,0.06226778030395508,0.5313544273376465,0.00021195411682128906,0.2624993324279785,1117838,ai05,success,
roberta_base_agnews,AGNews,5,0.3,43,100,1.0,dp_avg_eps8_K20,dp_avg,4,1.0126624410861016,0.8313157894736842,0.7812894736842105,0.9047368421052632,0.9142105263157895,0.7906578947368421,-0.14388643005757148,0,5,"[-0.11995487237343105, -0.15715622076707203, -0.22026365348399246, -0.10580619722012297, -0.11625120644323894]","[0.864335072627274, 0.7877455565949486, 0.7611299435028248, 0.8264384056780468, 0.8338935667454321]","[0.9842899450007051, 0.9449017773620206, 0.9813935969868173, 0.9322446028981698, 0.9501447731886711]",,0,"[null, null, null, null, null]",6.4648191928863525,5.037876605987549,0.06615376472473145,0.5251133441925049,0.00021719932556152344,0.26149487495422363,1117838,ai05,success,
roberta_base_agnews,AGNews,5,0.3,44,100,1.0,dp_avg_eps8_K20,dp_avg,4,1.0068590299360318,0.7986842105263158,0.7303157894736841,0.8702631578947368,0.9142105263157895,0.7276315789473684,-0.14590540914997646,0,5,"[-0.20694840139284576, -0.1706279828001701, -0.09466689678978246, -0.15426246709496905, -0.10302129767211499]","[0.7560145615701171, 0.8062656523177243, 0.8923886779426994, 0.766065938920899, 0.8849925705794948]","[0.9629629629629629, 0.9768936351178944, 0.9870555747324818, 0.9203284060158681, 0.9880138682516098]",0.9089473684210526,1,"[0.9089473684210526, null, null, null, null]",6.415802240371704,4.987470865249634,0.06433677673339844,0.5270674228668213,0.00021123886108398438,0.2620983123779297,1117838,ai05,success,
roberta_base_agnews,AGNews,5,0.3,42,100,1.0,labelled_probe_warmup,labelled,100,0.0,0.8247368421052632,0.7344473684210527,0.8772368421052632,0.9142105263157895,0.7918421052631579,-0.14708151715364678,0,5,"[-0.2576576576576577, -0.13576620230163527, -0.07888671832129768, -0.103088784366969, -0.1600082231206743]","[0.7276003276003276, 0.7728346456692914, 0.8746241137865186, 0.8871648159821558, 0.7931885150414583]","[0.9852579852579852, 0.9086008479709267, 0.9535108321078163, 0.9902536003491248, 0.9531967381621326]",0.7973684210526316,1,"[0.7973684210526316, null, null, null, null]",6.541352987289429,5.144306421279907,0.01132965087890625,0.5444343090057373,0.0002124309539794922,0.2636094093322754,1117838,ai05,success,
roberta_base_agnews,AGNews,5,0.3,43,100,1.0,labelled_probe_warmup,labelled,100,0.0,0.8278947368421052,0.7812894736842105,0.9047368421052632,0.9142105263157895,0.7931578947368421,-0.139898538464655,0,5,"[-0.1064729939359752, -0.14985968194574373, -0.22809792843691146, -0.10370321690270434, -0.11135887110194032]","[0.8778169510647299, 0.7950420954162769, 0.7532956685499058, 0.8285413859954655, 0.8387859020867308]","[0.9842899450007051, 0.9449017773620206, 0.9813935969868173, 0.9322446028981698, 0.9501447731886711]",,0,"[null, null, null, null, null]",6.534209966659546,5.14654278755188,0.011273860931396484,0.5370619297027588,0.0002117156982421875,0.26311659812927246,1117838,ai05,success,
roberta_base_agnews,AGNews,5,0.3,44,100,1.0,labelled_probe_warmup,labelled,100,0.0,0.8227631578947369,0.7303157894736841,0.8702631578947368,0.9142105263157895,0.7810526315789473,-0.1181844503490708,0,5,"[-0.14759417537195307, -0.15442045078675037, -0.07050396962374872, -0.14178156581926626, -0.07662209014363552]","[0.8153687875910098, 0.822473184331144, 0.9165516051087331, 0.7785468401966018, 0.9113917781079742]","[0.9629629629629629, 0.9768936351178944, 0.9870555747324818, 0.9203284060158681, 0.9880138682516098]",0.9331578947368421,1,"[0.9331578947368421, null, null, null, null]",6.486889123916626,5.095509767532349,0.011359930038452148,0.5393850803375244,0.00021123886108398438,0.26525163650512695,1117838,ai05,success,
roberta_base_agnews,AGNews,5,0.3,42,100,1.0,no_phase0,none,0,0.0,0.7394736842105263,0.7344473684210527,0.8772368421052632,0.9142105263157895,0.20355263157894737,-0.22836987486355725,0,5,"[-0.3605241605241605, -0.211962447001817, -0.1870102504444786, -0.18081753382146148, -0.20153498252586866]","[0.6247338247338248, 0.6966384009691097, 0.7665005816633377, 0.8094360665276633, 0.7516617556362639]","[0.9852579852579852, 0.9086008479709267, 0.9535108321078163, 0.9902536003491248, 0.9531967381621326]",0.7605263157894737,1,"[0.7605263157894737, null, null, null, null]",6.4928905963897705,5.105438232421875,0.0048198699951171875,0.5386514663696289,0.00021982192993164062,0.263655424118042,1117838,ai05,success,
roberta_base_agnews,AGNews,5,0.3,43,100,1.0,no_phase0,none,0,0.0,0.7753947368421052,0.7812894736842105,0.9047368421052632,0.9142105263157895,0.27407894736842103,-0.19689926126763763,0,5,"[-0.17690029615004932, -0.20935453695042106, -0.27412429378531067, -0.16127230309203833, -0.1628448763603687]","[0.8073896488506558, 0.7355472404115996, 0.7072693032015066, 0.7709722998061315, 0.7872998968283024]","[0.9842899450007051, 0.9449017773620206, 0.9813935969868173, 0.9322446028981698, 0.9501447731886711]",,0,"[null, null, null, null, null]",6.46691370010376,5.087653398513794,0.004719972610473633,0.5353693962097168,0.00022220611572265625,0.2638359069824219,1117838,ai05,success,
roberta_base_agnews,AGNews,5,0.3,44,100,1.0,no_phase0,none,0,0.0,0.7236842105263158,0.7303157894736841,0.8702631578947368,0.9142105263157895,0.22263157894736843,-0.21260513421302143,0,5,"[-0.2564102564102564, -0.22544062751027738, -0.1683638246461857, -0.24138946670839245, -0.1714214957899951]","[0.7065527065527065, 0.751453007607617, 0.8186917500862961, 0.6789389393074756, 0.8165923724616146]","[0.9629629629629629, 0.9768936351178944, 0.9870555747324818, 0.9203284060158681, 0.9880138682516098]",0.8305263157894737,1,"[0.8305263157894737, null, null, null, null]",6.50305962562561,5.114482164382935,0.00477147102355957,0.5350899696350098,0.0002200603485107422,0.272061824798584,1117838,ai05,success,
roberta_base_agnews,AGNews,5,0.3,42,100,1.0,raw_union_K20,raw_union,326,0.0,0.8571052631578947,0.7344473684210527,0.8772368421052632,0.9142105263157895,0.8515789473684211,-0.10990430019250438,0,5,"[-0.13955773955773954, -0.10012113870381578, -0.049035316841897325, -0.06667313194006697, -0.19413417391900234]","[0.8457002457002457, 0.8084797092671109, 0.904475515265919, 0.9235804684090578, 0.7590625642431302]","[0.9852579852579852, 0.9086008479709267, 0.9535108321078163, 0.9902536003491248, 0.9531967381621326]",0.7436842105263158,1,"[0.7436842105263158, null, null, null, null]",6.6177895069122314,5.170636415481567,0.06361770629882812,0.5411069393157959,0.00021409988403320312,0.2646975517272949,1117838,ai05,success,
roberta_base_agnews,AGNews,5,0.3,43,100,1.0,raw_union_K20,raw_union,375,0.0,0.8681578947368421,0.7812894736842105,0.9047368421052632,0.9142105263157895,0.8602631578947368,-0.10001696719473326,0,5,"[-0.07821181779720776, -0.10327408793264736, -0.1773258003766478, -0.06778825616928996, -0.07348487369787338]","[0.9060781272034973, 0.8416276894293733, 0.8040677966101695, 0.8644563467288798, 0.8766598994907977]","[0.9842899450007051, 0.9449017773620206, 0.9813935969868173, 0.9322446028981698, 0.9501447731886711]",,0,"[null, null, null, null, null]",6.595602750778198,5.149947166442871,0.06397390365600586,0.5404360294342041,0.00021886825561523438,0.26349592208862305,1117838,ai05,success,
roberta_base_agnews,AGNews,5,0.3,44,100,1.0,raw_union_K20,raw_union,339,0.0,0.8578947368421053,0.7303157894736841,0.8702631578947368,0.9142105263157895,0.8523684210526316,-0.08454979207332511,0,5,"[-0.1394428616650838, -0.0952605963237726, -0.04254401104590955, -0.10117261565082936, -0.04432887568103028]","[0.8235201012978791, 0.8816330387941218, 0.9445115636865723, 0.8191557903650387, 0.9436849925705795]","[0.9629629629629629, 0.9768936351178944, 0.9870555747324818, 0.9203284060158681, 0.9880138682516098]",0.9542105263157895,1,"[0.9542105263157895, null, null, null, null]",6.544050931930542,5.106797218322754,0.06425023078918457,0.532616138458252,0.0002231597900390625,0.2625699043273926,1117838,ai05,success,
roberta_base_agnews,AGNews,5,0.3,42,100,1.0,warmup_only_labelled,warmup_only,100,0.0,0.7918421052631579,0.7344473684210527,0.8772368421052632,0.9142105263157895,0.7918421052631579,-0.18466212684917507,0,5,"[-0.32350532350532346, -0.17419745608721982, -0.10779428872451113, -0.14629297386413231, -0.17152059206468862]","[0.6617526617526618, 0.7344033918837068, 0.8457165433833052, 0.8439606264849925, 0.781676146097444]","[0.9852579852579852, 0.9086008479709267, 0.9535108321078163, 0.9902536003491248, 0.9531967381621326]",0.79,1,"[0.79, null, null, null, null]",5.9871697425842285,5.138177156448364,0.009518861770629883,0.0,0.0,0.2634134292602539,1117838,ai05,success,
roberta_base_agnews,AGNews,5,0.3,43,100,1.0,warmup_only_labelled,warmup_only,100,0.0,0.7931578947368421,0.7812894736842105,0.9047368421052632,0.9142105263157895,0.7931578947368421,-0.18085736736899594,0,5,"[-0.1311521647158369, -0.18933582787652015, -0.2970998116760828, -0.1439227154733349, -0.14277631710320493]","[0.8531377802848682, 0.7555659494855005, 0.6842937853107345, 0.7883218874248349, 0.8073684560854661]","[0.9842899450007051, 0.9449017773620206, 0.9813935969868173, 0.9322446028981698, 0.9501447731886711]",,0,"[null, null, null, null, null]",5.984418869018555,5.1354591846466064,0.009317159652709961,0.0,0.0,0.26326966285705566,1117838,ai05,success,
roberta_base_agnews,AGNews,5,0.3,44,100,1.0,warmup_only_labelled,warmup_only,100,0.0,0.7810526315789473,0.7303157894736841,0.8702631578947368,0.9142105263157895,0.7810526315789473,-0.1522121149961288,0,5,"[-0.15645773979107302, -0.1865992534139772, -0.11296168450120814, -0.18815234799256297, -0.11688954928182271]","[0.8065052231718899, 0.7902943817039172, 0.8740938902312737, 0.7321760580233051, 0.871124318969787]","[0.9629629629629629, 0.9768936351178944, 0.9870555747324818, 0.9203284060158681, 0.9880138682516098]",0.888421052631579,1,"[0.888421052631579, null, null, null, null]",5.984939813613892,5.132245302200317,0.009479999542236328,0.0,0.0,0.26457738876342773,1117838,ai05,success,
roberta_base_agnews,AGNews,5,1.0,42,100,1.0,dp_avg_eps2_K20,dp_avg,4,4.043601857518789,0.7739473684210526,0.8917894736842106,0.9057894736842105,0.9142105263157895,0.5555263157894736,-0.1531870465113441,0,5,"[-0.1694237131645765, -0.12825498229289634, -0.1431003660509066, -0.17503619108894963, -0.15011997995939141]","[0.7457105485881357, 0.8237622387334212, 0.820039158934196, 0.748592568763069, 0.7782084750679007]","[0.9151342617527122, 0.9520172210263176, 0.9631395249851026, 0.9236287598520186, 0.9283284550272921]",,0,"[null, null, null, null, null]",6.384548902511597,4.966761589050293,0.052649497985839844,0.5294189453125,0.00020766258239746094,0.26021838188171387,1117838,ai05,success,
roberta_base_agnews,AGNews,5,1.0,43,100,1.0,dp_avg_eps2_K20,dp_avg,4,4.050649764344406,0.776578947368421,0.8561052631578947,0.9001315789473684,0.9142105263157895,0.6097368421052631,-0.16537915549139653,0,5,"[-0.11835081029551964, -0.13232057708766354, -0.24845388545307878, -0.1715179850689994, -0.15625251955172137]","[0.8401811248808388, 0.8335065411419489, 0.7163215918257596, 0.7300354422743383, 0.773643473353221]","[0.9585319351763585, 0.9658271182296124, 0.9647754772788384, 0.9015534273433377, 0.9298959929049424]",,0,"[null, null, null, null, null]",6.478001356124878,5.064699411392212,0.04374861717224121,0.530970573425293,0.00020956993103027344,0.26206064224243164,1117838,ai05,success,
roberta_base_agnews,AGNews,5,1.0,44,100,1.0,dp_avg_eps2_K20,dp_avg,4,4.027436119744127,0.7592105263157894,0.8560263157894736,0.8988157894736842,0.9142105263157895,0.5032894736842105,-0.18013711768519464,0,5,"[-0.20036480987792904, -0.15477629987908093, -0.19677797666810692, -0.17550740879093518, -0.17325909320992117]","[0.742037322856742, 0.8245941885603313, 0.7382568977223628, 0.7580313784086664, 0.7752548991250271]","[0.942402132734671, 0.9793704884394122, 0.9350348743904697, 0.9335387871996016, 0.9485139923349483]",,0,"[null, null, null, null, null]",6.424704074859619,5.003390312194824,0.05256509780883789,0.5303487777709961,0.00021028518676757812,0.2614448070526123,1117838,ai05,success,
roberta_base_agnews,AGNews,5,1.0,42,100,1.0,dp_avg_eps8_K20,dp_avg,4,1.0109004643796973,0.8244736842105264,0.8917894736842106,0.9057894736842105,0.9142105263157895,0.7725,-0.10100835595245392,0,5,"[-0.1123336154497192, -0.07721685994028193, -0.09717374648846511, -0.11893196075277468, -0.09938559713102868]","[0.802800646302993, 0.8748003610860356, 0.8659657784966375, 0.804696799099244, 0.8289428578962634]","[0.9151342617527122, 0.9520172210263176, 0.9631395249851026, 0.9236287598520186, 0.9283284550272921]",,0,"[null, null, null, null, null]",6.475735187530518,5.057386159896851,0.054239749908447266,0.52836012840271,0.00021529197692871094,0.2613554000854492,1117838,ai05,success,
roberta_base_agnews,AGNews,5,1.0,43,100,1.0,dp_avg_eps8_K20,dp_avg,4,1.0126624410861016,0.8318421052631579,0.8561052631578947,0.9001315789473684,0.9142105263157895,0.7976315789473685,-0.11183520911427643,0,5,"[-0.06620591039084844, -0.08231446387088881, -0.18217262705028237, -0.11669557348616244, -0.11178747077320006]","[0.89232602478551, 0.8835126543587236, 0.782602850228556, 0.7848578538571752, 0.8181085221317423]","[0.9585319351763585, 0.9658271182296124, 0.9647754772788384, 0.9015534273433377, 0.9298959929049424]",,0,"[null, null, null, null, null]",6.477362155914307,5.065634250640869,0.042205810546875,0.5315759181976318,0.00020885467529296875,0.26090455055236816,1117838,ai05,success,
roberta_base_agnews,AGNews,5,1.0,44,100,1.0,dp_avg_eps8_K20,dp_avg,4,1.0068590299360318,0.8139473684210526,0.8560263157894736,0.8988157894736842,0.9142105263157895,0.7468421052631579,-0.12881001620633736,0,5,"[-0.14431036901922267, -0.09867721959620379, -0.14310845009567308, -0.13625326858423614, -0.12170077373635113]","[0.7980917637154483, 0.8806932688432084, 0.7919264242947966, 0.7972855186153655, 0.8268132185985971]","[0.942402132734671, 0.9793704884394122, 0.9350348743904697, 0.9335387871996016, 0.9485139923349483]",,0,"[null, null, null, null, null]",6.397709369659424,4.973305940628052,0.05415654182434082,0.5291652679443359,0.0002143383026123047,0.26226258277893066,1117838,ai05,success,
roberta_base_agnews,AGNews,5,1.0,42,100,1.0,labelled_probe_warmup,labelled,100,0.0,0.8276315789473684,0.8917894736842106,0.9057894736842105,0.9142105263157895,0.7918421052631579,-0.10190384685746019,0,5,"[-0.1206432253596984, -0.07270328449413233, -0.08976760023835872, -0.14067878397941125, -0.08572634021570025]","[0.7944910363930138, 0.8793139365321853, 0.8733719247467439, 0.7829499758726074, 0.8426021148115919]","[0.9151342617527122, 0.9520172210263176, 0.9631395249851026, 0.9236287598520186, 0.9283284550272921]",,0,"[null, null, null, null, null]",6.411160707473755,4.996440649032593,0.012603521347045898,0.5666422843933105,0.0002181529998779297,0.2617051601409912,1117838,ai05,success,
roberta_base_agnews,AGNews,5,1.0,43,100,1.0,labelled_probe_warmup,labelled,100,0.0,0.8285526315789473,0.8561052631578947,0.9001315789473684,0.9142105263157895,0.7931578947368421,-0.11208121858291882,0,5,"[-0.06363203050524313, -0.0819476708644089, -0.16402258671685932, -0.1209561873161904, -0.12984761751189233]","[0.8948999046711154, 0.8838794473652035, 0.8007528905619791, 0.7805972400271473, 0.8000483753930501]","[0.9585319351763585, 0.9658271182296124, 0.9647754772788384, 0.9015534273433377, 0.9298959929049424]",,0,"[null, null, null, null, null]",6.370231628417969,4.9891345500946045,0.011113643646240234,0.5286538600921631,0.00020837783813476562,0.26529455184936523,1117838,ai05,success,
roberta_base_agnews,AGNews,5,1.0,44,100,1.0,labelled_probe_warmup,labelled,100,0.0,0.8239473684210527,0.8560263157894736,0.8988157894736842,0.9142105263157895,0.7810526315789473,-0.11925159569240126,0,5,"[-0.11631822646274736, -0.10208493642592786, -0.13746065057712487, -0.1180425849831902, -0.12235158001301605]","[0.8260839062719236, 0.8772855520134843, 0.7975742238133449, 0.8154962022164114, 0.8261624123219322]","[0.942402132734671, 0.9793704884394122, 0.9350348743904697, 0.9335387871996016, 0.9485139923349483]",,0,"[null, null, null, null, null]",6.372143268585205,4.993725776672363,0.01250910758972168,0.5283377170562744,0.0002205371856689453,0.2610909938812256,1117838,ai05,success,
roberta_base_agnews,AGNews,5,1.0,42,100,1.0,no_phase0,none,0,0.0,0.7569736842105264,0.8917894736842106,0.9057894736842105,0.9142105263157895,0.20355263157894737,-0.16930871809349105,0,5,"[-0.19058244210202357, -0.1407541142976182, -0.132118838852473, -0.20910406948689075, -0.17398412572844968]","[0.7245518196506886, 0.8112631067286994, 0.8310206861326296, 0.7145246903651279, 0.7543443292988424]","[0.9151342617527122, 0.9520172210263176, 0.9631395249851026, 0.9236287598520186, 0.9283284550272921]",,0,"[null, null, null, null, null]",6.333287477493286,4.953330755233765,0.0049800872802734375,0.5373573303222656,0.0002155303955078125,0.2622494697570801,1117838,ai05,success,
roberta_base_agnews,AGNews,5,1.0,43,100,1.0,no_phase0,none,0,0.0,0.7842105263157895,0.8561052631578947,0.9001315789473684,0.9142105263157895,0.27407894736842103,-0.16737469753045162,0,5,"[-0.11939942802669212, -0.13488812813302364, -0.24025275611723584, -0.17487368976698592, -0.16745948560832058]","[0.8391325071496664, 0.8309389900965888, 0.7245227211616025, 0.7266797375763517, 0.7624365072966218]","[0.9585319351763585, 0.9658271182296124, 0.9647754772788384, 0.9015534273433377, 0.9298959929049424]",,0,"[null, null, null, null, null]",6.332005739212036,4.966965913772583,0.005143642425537109,0.522702693939209,0.00022411346435546875,0.26093196868896484,1117838,ai05,success,
roberta_base_agnews,AGNews,5,1.0,44,100,1.0,no_phase0,none,0,0.0,0.7394736842105263,0.8560263157894736,0.8988157894736842,0.9142105263157895,0.22263157894736843,-0.20004619511261462,0,5,"[-0.20282026097937422, -0.17569894837125788, -0.20335164496018765, -0.21697173452870133, -0.20138838672355197]","[0.7395818717552968, 0.8036715400681543, 0.7316832294302821, 0.7165670526709003, 0.7471256056113963]","[0.942402132734671, 0.9793704884394122, 0.9350348743904697, 0.9335387871996016, 0.9485139923349483]",,0,"[null, null, null, null, null]",6.34902286529541,4.979302644729614,0.0047266483306884766,0.5277938842773438,0.00021910667419433594,0.26128578186035156,1117838,ai05,success,
roberta_base_agnews,AGNews,5,1.0,42,100,1.0,raw_union_K20,raw_union,400,0.0,0.8611842105263158,0.8917894736842106,0.9057894736842105,0.9142105263157895,0.8582894736842105,-0.06674502616225679,0,5,"[-0.07647918750480887, -0.045482952572737934, -0.0802758151017281, -0.07405501045520346, -0.057432165176805605]","[0.8386550742479033, 0.9065342684535797, 0.8828637098833745, 0.8495737493968152, 0.8708962898504865]","[0.9151342617527122, 0.9520172210263176, 0.9631395249851026, 0.9236287598520186, 0.9283284550272921]",,0,"[null, null, null, null, null]",6.492508411407471,5.0413289070129395,0.0598759651184082,0.533203125,0.00022721290588378906,0.26236605644226074,1117838,ai05,success,
roberta_base_agnews,AGNews,5,1.0,43,100,1.0,raw_union_K20,raw_union,400,0.0,0.8722368421052632,0.8561052631578947,0.9001315789473684,0.9142105263157895,0.8696052631578948,-0.06934734576797644,0,5,"[-0.04127740705433747, -0.05682234992052815, -0.09458187684861519, -0.06439936656360767, -0.08965572845279368]","[0.917254528122021, 0.9090047683090843, 0.8701936004302232, 0.83715406077973, 0.8402402644521487]","[0.9585319351763585, 0.9658271182296124, 0.9647754772788384, 0.9015534273433377, 0.9298959929049424]",,0,"[null, null, null, null, null]",6.456604957580566,5.033252477645874,0.04964900016784668,0.5334858894348145,0.00022077560424804688,0.2616996765136719,1117838,ai05,success,
roberta_base_agnews,AGNews,5,1.0,44,100,1.0,raw_union_K20,raw_union,400,0.0,0.8675,0.8560263157894736,0.8988157894736842,0.9142105263157895,0.8635526315789473,-0.07432247938440983,0,5,"[-0.08334502595762594, -0.05456011139203398, -0.0662304796000247, -0.10499937741252652, -0.062477402559838024]","[0.859057106777045, 0.9248103770473782, 0.868804394790445, 0.8285394097870751, 0.8860365897751102]","[0.942402132734671, 0.9793704884394122, 0.9350348743904697, 0.9335387871996016, 0.9485139923349483]",,0,"[null, null, null, null, null]",6.384493589401245,4.9579339027404785,0.05864429473876953,0.5288543701171875,0.00021409988403320312,0.262040376663208,1117838,ai05,success,
roberta_base_agnews,AGNews,5,1.0,42,100,1.0,warmup_only_labelled,warmup_only,100,0.0,0.7918421052631579,0.8917894736842106,0.9057894736842105,0.9142105263157895,0.7918421052631579,-0.13722137655132505,0,5,"[-0.16211433407709475, -0.10749253524060831, -0.11671064952753896, -0.18278912658838664, -0.11700023732299658]","[0.7530199276756174, 0.8445246857857093, 0.8464288754575636, 0.740839633263632, 0.8113282177042955]","[0.9151342617527122, 0.9520172210263176, 0.9631395249851026, 0.9236287598520186, 0.9283284550272921]",,0,"[null, null, null, null, null]",5.791519403457642,4.938475131988525,0.009090185165405273,0.0,0.0,0.26949167251586914,1117838,ai05,success,
roberta_base_agnews,AGNews,5,1.0,43,100,1.0,warmup_only_labelled,warmup_only,100,0.0,0.7931578947368421,0.8561052631578947,0.9001315789473684,0.9142105263157895,0.7931578947368421,-0.1496156200807229,0,5,"[-0.08932316491897052, -0.10456657293067617, -0.19763377251949443, -0.1744212352009653, -0.18213335483350812]","[0.869208770257388, 0.8612605452989363, 0.767141704759344, 0.7271321921423723, 0.7477626380714343]","[0.9585319351763585, 0.9658271182296124, 0.9647754772788384, 0.9015534273433377, 0.9298959929049424]",,0,"[null, null, null, null, null]",5.810556173324585,4.963245391845703,0.009064197540283203,0.0,0.0,0.2615187168121338,1117838,ai05,success,
roberta_base_agnews,AGNews,5,1.0,44,100,1.0,warmup_only_labelled,warmup_only,100,0.0,0.7810526315789473,0.8560263157894736,0.8988157894736842,0.9142105263157895,0.7810526315789473,-0.15899092741223933,0,5,"[-0.13925915532482114, -0.154666373529735, -0.18292080735757055, -0.14347528327730052, -0.1746330175717694]","[0.8031429774098499, 0.8247041149096772, 0.7521140670328992, 0.7900635039223011, 0.7738809747631789]","[0.942402132734671, 0.9793704884394122, 0.9350348743904697, 0.9335387871996016, 0.9485139923349483]",,0,"[null, null, null, null, null]",5.824434757232666,4.964113473892212,0.009084224700927734,0.0,0.0,0.27378058433532715,1117838,ai05,success,
