backbone,dataset,N,alpha,seed,K,tau,method,phase0_kind,probe_size_actual,sigma,acc,mean_teacher,best_teacher,oracle,theta0_acc,m3_mean_gap,m3_clients_helped,m3_clients_evaluated,m3_gap,m3_student_acc_on_Di,m3_teacher_acc_on_Di,m4_mean,m4_clients_evaluated,m4_ood_acc,wall_clock_sec,phase_teacher_sec,phase_phase0_sec,phase_distill_sec,phase_aggregate_sec,phase_eval_sec,job_id,node,status,error
lenet_fmnist,FashionMNIST,10,0.01,42,300,4.0,dp_avg_eps2_K20,dp_avg,10,4.484595957758596,0.3427,0.13912000000000002,0.2975,0.8847,0.1493,-0.6216567464695367,0,10,"[0.0, -0.9728769777203745, -0.9993324432576769, -0.9943276609943277, -0.9998329714381159, -0.6485020445631311, -0.10202931228861334, 0.0, -0.5, -0.9996660544331274]","[1.0, 0.02292541168873103, 0.0003337783711615487, 0.0028361695028361693, 0.0, 0.35108069765501126, 0.8919391206313416, 0.9, 0.0, 0.0]","[1.0, 0.9958023894091056, 0.9996662216288384, 0.9971638304971638, 0.9998329714381159, 0.9995827422181424, 0.993968432919955, 0.9, 0.5, 0.9996660544331274]",0.3127732936507937,10,"[0.2712222222222222, 0.37557142857142856, 0.313375, 0.305125, 0.428375, 0.338, 0.1446, 0.205375, 0.313375, 0.4327142857142857]",28.065380096435547,20.629587173461914,0.05389285087585449,6.7461748123168945,0.0017170906066894531,0.453502893447876,1115679,ai08,success,
lenet_fmnist,FashionMNIST,10,0.01,43,300,4.0,dp_avg_eps2_K20,dp_avg,10,4.508633413678534,0.1,0.13080000000000003,0.2088,0.8837,0.1788,-0.8097497942455517,0,10,"[-1.0, -1.0, -1.0, 0.0, -0.6923076923076923, -1.0, -0.9992432841468029, -0.4673559576419578, -0.9998154981549815, -0.9387755102040817]","[0.0, 0.0, 0.0, 0.0, 0.0, 0.0, 0.0, 0.49937463520386893, 0.0, 0.0]","[1.0, 1.0, 1.0, 0.0, 0.6923076923076923, 1.0, 0.9992432841468029, 0.9667305928458267, 0.9998154981549815, 0.9387755102040817]",0.11428571428571428,10,"[0.1111111111111111, 0.1111111111111111, 0.1111111111111111, 0.125, 0.125, 0.125, 0.14285714285714285, 0.0, 0.125, 0.16666666666666666]",27.899832248687744,20.490642547607422,0.05442047119140625,6.707239151000977,0.0016989707946777344,0.4654428958892822,1115740,ai08,success,
lenet_fmnist,FashionMNIST,10,0.01,44,300,4.0,dp_avg_eps2_K20,dp_avg,10,4.49268806737862,0.259,0.14672000000000002,0.2927,0.8783,0.1353,-0.8008068014951337,0,10,"[-0.9971666666666668, -1.0, -0.7156862745098039, -0.09317249985144693, -0.9993291967130639, -0.9998330272165638, -0.9993688860839383, -1.0, -0.9984058301070371, -0.20510563380281688]","[0.0013333333333333333, 0.0, 0.0, 0.8886446015806049, 0.0001677008217340265, 0.0, 0.0003155569580309246, 0.0, 0.0, 0.7913732394366197]","[0.9985, 1.0, 0.7156862745098039, 0.9818171014320518, 0.9994968975347979, 0.9998330272165638, 0.9996844430419691, 1.0, 0.9984058301070371, 0.9964788732394366]",0.2706806349206349,10,"[0.21725, 0.32375, 0.37, 0.0, 0.22842857142857143, 0.32375, 0.21725, 0.2877777777777778, 0.37, 0.3686]",27.59571146965027,20.276008367538452,0.05389714241027832,6.623650074005127,0.0017023086547851562,0.4597659111022949,1115790,ai08,success,
lenet_fmnist,FashionMNIST,10,0.01,42,300,4.0,dp_avg_eps8_K20,dp_avg,10,1.121148989439649,0.2312,0.13739,0.2956,0.8884,0.1137,-0.6937325943286408,0,10,"[0.0, -0.9891830804003875, -0.9993324432576769, -0.9943276609943277, -0.9052948054117254, -0.8911791704915296, -0.2583427282976325, -0.4, -0.5, -0.9996660544331274]","[1.0, 0.006619309008718114, 0.0003337783711615487, 0.0028361695028361693, 0.09453816602639051, 0.031210882082950846, 0.7289177001127396, 0.5, 0.0, 0.0]","[1.0, 0.9958023894091056, 0.9996662216288384, 0.9971638304971638, 0.9998329714381159, 0.9223900525744805, 0.9872604284103721, 0.9, 0.5, 0.9996660544331274]",0.19799662698412696,10,"[0.14655555555555555, 0.3037142857142857, 0.16525, 0.164875, 0.276125, 0.284, 0.008, 0.141625, 0.16525, 0.32457142857142857]",27.78558897972107,20.429306030273438,0.05399060249328613,6.665472984313965,0.0017056465148925781,0.45703911781311035,1115842,ai08,success,
lenet_fmnist,FashionMNIST,10,0.01,43,300,4.0,dp_avg_eps8_K20,dp_avg,10,1.1271583534196334,0.1,0.1298,0.1998,0.8849,0.12,-0.8089482065556206,0,10,"[-1.0, -1.0, -1.0, 0.0, -0.6923076923076923, -1.0, -0.9991486946651532, -0.4594346702242975, -0.9998154981549815, -0.9387755102040817]","[0.0, 0.0, 0.0, 0.0, 0.0, 0.0, 0.0, 0.49937463520386893, 0.0, 0.0]","[1.0, 1.0, 1.0, 0.0, 0.6923076923076923, 1.0, 0.9991486946651532, 0.9588093054281664, 0.9998154981549815, 0.9387755102040817]",0.11428571428571428,10,"[0.1111111111111111, 0.1111111111111111, 0.1111111111111111, 0.125, 0.125, 0.125, 0.14285714285714285, 0.0, 0.125, 0.16666666666666666]",27.971286296844482,20.535778045654297,0.05843091011047363,6.728387117385864,0.0016949176788330078,0.4696199893951416,1115910,ai08,success,
lenet_fmnist,FashionMNIST,10,0.01,44,300,4.0,dp_avg_eps8_K20,dp_avg,10,1.123172016844655,0.2569,0.14672000000000002,0.2921,0.8778,0.249,-0.8092597867233721,0,10,"[-0.9971666666666668, -1.0, -0.7156862745098039, -0.09947115098936365, -0.9993291967130639, -0.9998330272165638, -0.9993688860839383, -1.0, -0.9982919608289683, -0.2834507042253521]","[0.0013333333333333333, 0.0, 0.0, 0.8852575910630459, 0.0001677008217340265, 0.0, 0.0003155569580309246, 0.0, 0.0, 0.7130281690140845]","[0.9985, 1.0, 0.7156862745098039, 0.9847287420524096, 0.9994968975347979, 0.9998330272165638, 0.9996844430419691, 1.0, 0.9982919608289683, 0.9964788732394366]",0.2683251587301587,10,"[0.20975, 0.321125, 0.367, 0.0, 0.22485714285714287, 0.321125, 0.20975, 0.28544444444444445, 0.367, 0.3772]",28.13538122177124,20.64342474937439,0.056793928146362305,6.787512540817261,0.0016963481903076172,0.4611694812774658,1115965,ai08,success,
lenet_fmnist,FashionMNIST,10,0.01,42,300,4.0,labelled_probe_warmup,labelled,100,0.0,0.1,0.12906,0.2968,0.8718,0.1,-0.6884131514815544,0,10,"[-1.0, -0.9937035841136583, -0.9996662216288384, 0.0, -0.9998329714381159, 0.0, -0.9912626832018038, -0.9, 0.0, -0.9996660544331274]","[0.0, 0.002098805295447207, 0.0, 0.9971638304971638, 0.0, 0.0, 5.636978579481398e-05, 0.0, 0.5, 0.0]","[1.0, 0.9958023894091056, 0.9996662216288384, 0.9971638304971638, 0.9998329714381159, 0.0, 0.9913190529875986, 0.9, 0.5, 0.9996660544331274]",0.07539682539682539,10,"[0.1111111111111111, 0.0, 0.125, 0.0, 0.125, 0.125, 0.0, 0.125, 0.0, 0.14285714285714285]",27.564308643341064,20.262845516204834,0.040679931640625,6.631494760513306,0.0016810894012451172,0.44930005073547363,1115790,ai08,success,
lenet_fmnist,FashionMNIST,10,0.01,43,300,4.0,labelled_probe_warmup,labelled,100,0.0,0.1,0.12947000000000003,0.1997,0.8869,0.1735,-0.8099404520321485,0,10,"[-1.0, -1.0, -1.0, 0.0, -0.6923076923076923, -1.0, -0.9991486946651532, -0.46935712498957727, -0.9998154981549815, -0.9387755102040817]","[0.0, 0.0, 0.0, 0.0, 0.0, 0.0, 0.0, 0.49937463520386893, 0.0, 0.0]","[1.0, 1.0, 1.0, 0.0, 0.6923076923076923, 1.0, 0.9991486946651532, 0.9687317601934462, 0.9998154981549815, 0.9387755102040817]",0.11428571428571428,10,"[0.1111111111111111, 0.1111111111111111, 0.1111111111111111, 0.125, 0.125, 0.125, 0.14285714285714285, 0.0, 0.125, 0.16666666666666666]",27.966419458389282,20.53967261314392,0.04065990447998047,6.732652425765991,0.0016858577728271484,0.469266414642334,1115842,ai08,success,
lenet_fmnist,FashionMNIST,10,0.01,44,300,4.0,labelled_probe_warmup,labelled,100,0.0,0.2307,0.14641,0.2927,0.8791,0.1837,-0.8248801773976616,0,10,"[-0.9971666666666668, -1.0, -0.7156862745098039, -0.18497831124844022, -0.9993291967130639, -0.9998330272165638, -0.9974755443357527, -0.9826042898159095, -0.9976087451605556, -0.37411971830985913]","[0.0013333333333333333, 0.0, 0.0, 0.7984431635866659, 0.0001677008217340265, 0.0, 0.002208898706216472, 0.017395710184090526, 0.0005693463903438852, 0.6223591549295775]","[0.9985, 1.0, 0.7156862745098039, 0.9834214748351061, 0.9994968975347979, 0.9998330272165638, 0.9996844430419691, 1.0, 0.9981780915508995, 0.9964788732394366]",0.24177892857142855,10,"[0.20275, 0.288375, 0.32785714285714285, 0.002142857142857143, 0.18728571428571428, 0.288375, 0.202375, 0.255, 0.3274285714285714, 0.3362]",28.01862668991089,20.58639359474182,0.04059576988220215,6.750330924987793,0.0017371177673339844,0.4598236083984375,1115910,ai08,success,
lenet_fmnist,FashionMNIST,10,0.01,42,300,4.0,no_phase0,none,0,0.0,0.1,0.12905000000000003,0.2967,0.8784,0.1,-0.6882722270170675,0,10,"[-1.0, -0.9937035841136583, -0.9996662216288384, 0.0, -0.9998329714381159, 0.0, -0.9898534385569335, -0.9, 0.0, -0.9996660544331274]","[0.0, 0.002098805295447207, 0.0, 0.9971638304971638, 0.0, 0.0, 5.636978579481398e-05, 0.0, 0.5, 0.0]","[1.0, 0.9958023894091056, 0.9996662216288384, 0.9971638304971638, 0.9998329714381159, 0.0, 0.9899098083427283, 0.9, 0.5, 0.9996660544331274]",0.07539682539682539,10,"[0.1111111111111111, 0.0, 0.125, 0.0, 0.125, 0.125, 0.0, 0.125, 0.0, 0.14285714285714285]",27.892465114593506,20.515182971954346,0.020582914352416992,6.722951889038086,0.001743316650390625,0.4545021057128906,1115910,ai08,success,
lenet_fmnist,FashionMNIST,10,0.01,43,300,4.0,no_phase0,none,0,0.0,0.1,0.12919,0.1996,0.8808,0.0368,-0.8104085118308098,0,10,"[-1.0, -1.0, -1.0, 0.0, -0.6923076923076923, -1.0, -0.9992432841468029, -0.4739431334945384, -0.9998154981549815, -0.9387755102040817]","[0.0, 0.0, 0.0, 0.0, 0.0, 0.0, 0.0, 0.49937463520386893, 0.0, 0.0]","[1.0, 1.0, 1.0, 0.0, 0.6923076923076923, 1.0, 0.9992432841468029, 0.9733177686984074, 0.9998154981549815, 0.9387755102040817]",0.11428571428571428,10,"[0.1111111111111111, 0.1111111111111111, 0.1111111111111111, 0.125, 0.125, 0.125, 0.14285714285714285, 0.0, 0.125, 0.16666666666666666]",27.976885318756104,20.551061153411865,0.020734548568725586,6.760776519775391,0.0016911029815673828,0.46445155143737793,1115965,ai08,success,
lenet_fmnist,FashionMNIST,10,0.01,42,300,4.0,raw_union_K20,raw_union,280,0.0,0.486,0.12964000000000003,0.2953,0.8833,0.3592,-0.42787456882982233,1,10,"[0.0, -0.1372295770100097, -0.9993324432576769, -0.6204537871204538, -0.9998329714381159, -0.17199365768171576, -0.026042841037204, 0.09999999999999998, -0.5, -0.9238604107530473]","[1.0, 0.8585728123990959, 0.0003337783711615487, 0.37671004337671005, 0.0, 0.3626804639906534, 0.964261555806088, 1.0, 0.0, 0.07580564368008015]","[1.0, 0.9958023894091056, 0.9996662216288384, 0.9971638304971638, 0.9998329714381159, 0.5346741216723692, 0.990304396843292, 0.9, 0.5, 0.9996660544331274]",0.44790214285714286,10,"[0.437, 0.38457142857142856, 0.485, 0.44775, 0.6075, 0.51925, 0.3252, 0.369625, 0.441125, 0.462]",28.037875413894653,20.574777603149414,0.07827639579772949,6.7477707862854,0.0017485618591308594,0.45062994956970215,1115965,ai08,success,
lenet_fmnist,FashionMNIST,10,0.01,43,300,4.0,warmup_only_labelled,warmup_only,100,0.0,0.1735,0.12973000000000004,0.1997,0.8866,0.1735,-0.6777742696862562,0,10,"[-1.0, -1.0, -0.0031746031746031633, 0.0, -0.6923076923076923, -0.9345722623252957, -0.9990541051835036, -0.969565579921621, -0.2607011070110701, -0.9183673469387755]","[0.0, 0.0, 0.9968253968253968, 0.0, 0.0, 0.06542773767470435, 0.00018917896329928113, 8.338197281747686e-05, 0.7391143911439114, 0.02040816326530612]","[1.0, 1.0, 1.0, 0.0, 0.6923076923076923, 1.0, 0.9992432841468029, 0.9696489618944384, 0.9998154981549815, 0.9387755102040817]",0.1589087301587302,10,"[0.19277777777777777, 0.19277777777777777, 0.08188888888888889, 0.216875, 0.216875, 0.124875, 0.10514285714285715, 0.1665, 0.124875, 0.1665]",21.241965532302856,20.56997036933899,0.023970603942871094,0.0,0.0,0.4623751640319824,1115679,ai08,success,
lenet_fmnist,FashionMNIST,10,0.01,44,300,4.0,warmup_only_labelled,warmup_only,100,0.0,0.1837,0.14673,0.2928,0.8814,0.1837,-0.7551079174665724,0,10,"[-0.9985, -0.99933433183558, -0.4607843137254902, -0.9828866837007547, -0.027335233942646253, -0.4291200534312908, -0.8277059009151152, -0.8851545347069751, -0.9446595308585743, -0.9955985915492958]","[0.0, 0.0006656681644200366, 0.2549019607843137, 0.00011884247430031494, 0.9721616635921516, 0.570712973785273, 0.1719785421268539, 0.11484546529302482, 0.05374629924846276, 0.0008802816901408451]","[0.9985, 1.0, 0.7156862745098039, 0.983005526175055, 0.9994968975347979, 0.9998330272165638, 0.9996844430419691, 1.0, 0.9984058301070371, 0.9964788732394366]",0.18490968253968254,10,"[0.229625, 0.229375, 0.10857142857142857, 0.2621428571428571, 0.12342857142857143, 0.156625, 0.207875, 0.19211111111111112, 0.22214285714285714, 0.1172]",21.134201288223267,20.474284172058105,0.02402973175048828,0.0,0.0,0.45420074462890625,1115740,ai08,success,
lenet_fmnist,FashionMNIST,10,0.05,42,300,4.0,dp_avg_eps2_K20,dp_avg,10,4.484595957758596,0.4223,0.29659,0.4713,0.8817,0.2018,-0.7298719151389815,0,10,"[-0.9451697127937336, -0.4309287545991749, -0.905799922148696, -0.9809027777777777, -0.12256267409470756, -0.15738597685500333, -0.9628428192273666, -0.9181818181818181, -0.9256198347107438, -0.9493248610007943]","[0.02610966057441253, 0.5626045267030885, 0.08602569093032308, 0.017361111111111112, 0.8398328690807799, 0.821329702745632, 0.028015334709525212, 0.03939393939393939, 0.0371900826446281, 0.04590945194598888]","[0.9712793733681462, 0.9935332813022634, 0.9918256130790191, 0.9982638888888888, 0.9623955431754875, 0.9787156796006353, 0.9908581539368918, 0.9575757575757575, 0.9628099173553719, 0.9952343129467831]",0.35656380952380945,10,"[0.4155, 0.5516666666666666, 0.216, 0.3732, 0.47085714285714286, 0.0035, 0.545, 0.6512, 0.3387142857142857, 0.0]",27.68611454963684,20.364888429641724,0.059583187103271484,6.661749839782715,0.001687765121459961,0.41565489768981934,1115790,ai08,success,
lenet_fmnist,FashionMNIST,10,0.05,43,300,4.0,dp_avg_eps2_K20,dp_avg,10,4.508633413678534,0.2529,0.25357,0.3634,0.8886,0.0899,-0.6826979585059562,0,10,"[-1.0, -0.9402205455600696, -0.9637931034482758, -0.433337077389644, -0.16398713826366562, -0.9585549645390071, -0.8717520415738678, -0.7547500953834414, -0.4346257889990982, -0.3059588299024919]","[0.0, 0.05774811375507835, 0.035632183908045977, 0.5201617432326182, 0.7717041800643086, 0.030363475177304963, 0.12091685226429101, 0.1974055703929798, 0.5462578899909829, 0.6296858071505959]","[1.0, 0.997968659315148, 0.9994252873563219, 0.9534988206222622, 0.9356913183279743, 0.9889184397163121, 0.9926688938381588, 0.9521556657764212, 0.9808836789900811, 0.9356446370530878]",0.2141109523809524,10,"[0.281, 0.22085714285714286, 0.2337142857142857, 0.20583333333333334, 0.0802, 0.16357142857142856, 0.346, 0.1786, 0.0, 0.43133333333333335]",27.84070873260498,20.46283984184265,0.06045055389404297,6.705271005630493,0.0017223358154296875,0.42748594284057617,1115842,ai08,success,
lenet_fmnist,FashionMNIST,10,0.05,44,300,4.0,dp_avg_eps2_K20,dp_avg,10,4.49268806737862,0.3344,0.26341000000000003,0.4588,0.8831,0.181,-0.6906289030481394,0,10,"[-0.5136586720992685, -0.9910170523751523, -0.7606652205350687, -0.3421154842050751, -0.8370712401055409, -0.907499225286644, -0.9583333333333334, -0.037360957799099925, -0.980921052631579, -0.5776467921106325]","[0.4352254838410964, 0.003197320341047503, 0.22704266088214028, 0.5669989642672191, 0.048153034300791556, 0.08428881313913852, 0.0, 0.33285216948289037, 0.0006578947368421052, 0.4098843799591929]","[0.9488841559403649, 0.9942143727161997, 0.987707881417209, 0.9091144484722942, 0.8852242744063324, 0.9917880384257824, 0.9583333333333334, 0.3702131272819903, 0.9815789473684211, 0.9875311720698254]",0.26073738095238097,10,"[0.25475, 0.45316666666666666, 0.1618, 0.0, 0.3108, 0.2005, 0.4165, 0.33385714285714285, 0.476, 0.0]",27.991894483566284,20.585501432418823,0.06029319763183594,6.7406816482543945,0.0017502307891845703,0.42533230781555176,1115910,ai08,success,
lenet_fmnist,FashionMNIST,10,0.05,42,300,4.0,dp_avg_eps8_K20,dp_avg,10,1.121148989439649,0.4067,0.29569999999999996,0.4763,0.8867,0.1008,-0.7344774856457882,0,10,"[-0.9451697127937336, -0.42334708440182856, -0.9100038925652004, -0.976438492063492, -0.12534818941504178, -0.20780576355797598, -0.9628428192273666, -0.9191919191919191, -0.9256198347107438, -0.9490071485305798]","[0.02610966057441253, 0.5718586241498494, 0.082366679641884, 0.021825396825396824, 0.8356545961002786, 0.7702745631949172, 0.028015334709525212, 0.04040404040404041, 0.0371900826446281, 0.04654487688641779]","[0.9712793733681462, 0.995205708551678, 0.9923705722070845, 0.9982638888888888, 0.9610027855153204, 0.9780803267528931, 0.9908581539368918, 0.9595959595959596, 0.9628099173553719, 0.9955520254169976]",0.3452860714285714,10,"[0.394625, 0.5256666666666666, 0.25566666666666665, 0.3744, 0.44957142857142857, 0.00075, 0.5176666666666667, 0.6208, 0.3137142857142857, 0.0]",28.0854594707489,20.651875495910645,0.058716535568237305,6.77915358543396,0.0017397403717041016,0.4150538444519043,1115965,ai08,success,
lenet_fmnist,FashionMNIST,10,0.05,42,300,4.0,labelled_probe_warmup,labelled,100,0.0,0.4026,0.29632000000000003,0.477,0.8834,0.1,-0.7309580206328282,0,10,"[-0.9451697127937336, -0.4390679005463263, -0.9081354612689763, -0.988095238095238, -0.05988857938718661, -0.20789652825051053, -0.9634326157475671, -0.9181818181818181, -0.9297520661157025, -0.9499602859412232]","[0.02610966057441253, 0.5544653807559371, 0.08462436745815492, 0.010168650793650794, 0.9025069637883009, 0.7698661220785115, 0.027425538189324684, 0.03939393939393939, 0.03305785123966942, 0.044956314535345515]","[0.9712793733681462, 0.9935332813022634, 0.9927598287271312, 0.9982638888888888, 0.9623955431754875, 0.977762650329022, 0.9908581539368918, 0.9575757575757575, 0.9628099173553719, 0.9949166004765687]",0.3281530952380952,10,"[0.3925, 0.5225, 0.12233333333333334, 0.368, 0.4347142857142857, 0.00125, 0.5128333333333334, 0.6144, 0.313, 0.0]",27.903820753097534,20.485127210617065,0.040521860122680664,6.766855001449585,0.0017194747924804688,0.42187976837158203,1115910,ai08,success,
lenet_fmnist,FashionMNIST,10,0.05,43,300,4.0,labelled_probe_warmup,labelled,100,0.0,0.342,0.2516,0.3653,0.885,0.1735,-0.5740096108117514,0,10,"[-1.0, -0.8578061520603598, -0.14559386973180077, -0.7461529821408515, -0.09646302250803851, -0.9521276595744681, -0.9824610244988864, -0.5897748950782145, -0.07285843101893608, -0.2968580715059588]","[0.0, 0.13900174114915845, 0.8538314176245211, 0.2122879928114119, 0.8392282958199357, 0.03679078014184397, 0.009465478841870824, 0.37046928653185807, 0.9073038773669972, 0.6400866738894908]","[1.0, 0.9968078932095182, 0.9994252873563219, 0.9584409749522633, 0.9356913183279743, 0.9889184397163121, 0.9919265033407573, 0.9602441816100725, 0.9801623083859333, 0.9369447453954496]",0.29405809523809523,10,"[0.38, 0.22028571428571428, 0.35628571428571426, 0.2678333333333333, 0.3532, 0.21914285714285714, 0.4715, 0.1852, 0.1758, 0.31133333333333335]",28.116589307785034,20.674564361572266,0.04054832458496094,6.788032054901123,0.001687765121459961,0.4247450828552246,1115965,ai08,success,
lenet_fmnist,FashionMNIST,10,0.05,44,300,4.0,no_phase0,none,0,0.0,0.1,0.27093,0.4669,0.879,0.0897,-0.8425120908568277,0,10,"[-0.954718029447171, -0.7521315468940317, -0.987707881417209, -0.9105385810460901, -0.9135883905013192, -0.9846606755500464, -0.9583333333333334, 0.0, -0.9815789473684211, -0.9818635230106552]","[0.0, 0.2404080389768575, 0.0, 0.0007767995857068876, 0.0, 0.006352649519677719, 0.0, 0.3702131272819903, 0.0, 0.00022670596236681024]","[0.954718029447171, 0.9925395858708892, 0.987707881417209, 0.911315380631797, 0.9135883905013192, 0.9910133250697242, 0.9583333333333334, 0.3702131272819903, 0.9815789473684211, 0.982090228973022]",0.09178571428571429,10,"[0.25, 0.0, 0.2, 0.0, 0.2, 0.0, 0.125, 0.0, 0.14285714285714285, 0.0]",27.92021656036377,20.531964540481567,0.020866870880126953,6.763391971588135,0.0017476081848144531,0.4147145748138428,1115679,ai08,success,
lenet_fmnist,FashionMNIST,10,0.05,43,300,4.0,raw_union_K20,raw_union,648,0.0,0.4955,0.24393000000000004,0.3652,0.8849,0.4401,-0.44651382603623657,0,10,"[-1.0, -0.7309924550203134, -0.15153256704980844, -0.21430978321913963, -0.045016077170418, -0.9561170212765958, -0.5592984409799555, -0.5638305990080121, -0.24274120829576196, -0.0013001083423618276]","[0.0, 0.2677016831108532, 0.8478927203065134, 0.7321127709760755, 0.8906752411575563, 0.03280141843971631, 0.43392724573125463, 0.3968714231209462, 0.7374211000901714, 0.6416034669555797]","[1.0, 0.9986941381311666, 0.9994252873563219, 0.9464225541952151, 0.9356913183279743, 0.9889184397163121, 0.9932256867112101, 0.9607020221289584, 0.9801623083859333, 0.6429035752979415]",0.44512309523809523,10,"[0.5503333333333333, 0.42214285714285715, 0.4482857142857143, 0.3401666666666667, 0.3766, 0.4712857142857143, 0.45875, 0.5266, 0.3654, 0.49166666666666664]",28.15108871459961,20.628201246261597,0.12500429153442383,6.783709287643433,0.0017344951629638672,0.428804874420166,1115679,ai08,success,
lenet_fmnist,FashionMNIST,10,0.05,44,300,4.0,raw_union_K20,raw_union,775,0.0,0.5422,0.28681,0.4682,0.8809,0.5291,-0.3911676686627018,1,10,"[-0.5046763589221224, -0.5686662606577345, -0.08098336948662321, -0.5222682547902642, -0.645778364116095, -0.4445305237062287, -0.9166666666666667, 0.4774560584189522, -0.14605263157894743, -0.5595103151212877]","[0.4625428280396333, 0.4238733252131547, 0.9074475777295734, 0.3982392542723977, 0.2895778364116095, 0.5477223427331888, 0.041666666666666664, 0.8476691857009425, 0.8355263157894737, 0.4230333257764679]","[0.9672191869617557, 0.9925395858708892, 0.9884309472161966, 0.9205075090626619, 0.9353562005277045, 0.9922528664394175, 0.9583333333333334, 0.3702131272819903, 0.9815789473684211, 0.9825436408977556]",0.44627285714285714,10,"[0.50975, 0.5776666666666667, 0.3322, 0.42233333333333334, 0.6866, 0.2495, 0.61325, 0.4094285714285714, 0.646, 0.016]",27.8847439289093,20.42437505722046,0.14014482498168945,6.725316047668457,0.0016682147979736328,0.41208672523498535,1115740,ai08,success,
lenet_fmnist,FashionMNIST,10,0.05,42,300,4.0,warmup_only_labelled,warmup_only,100,0.0,0.1,0.29616000000000003,0.482,0.8922,0.1,-0.695305318158384,0,10,"[0.0, -0.785037350875237, -0.9932269365511872, -0.9982638888888888, -0.9610027855153204, -0.9805763557975947, -0.1285756414037158, -0.14848484848484844, -0.9628099173553719, -0.9950754567116759]","[0.9712793733681462, 0.21016835767644107, 0.0, 0.0, 0.0, 0.0, 0.862282512533176, 0.8090909090909091, 0.0, 0.00015885623510722796]","[0.9712793733681462, 0.995205708551678, 0.9932269365511872, 0.9982638888888888, 0.9610027855153204, 0.9805763557975947, 0.9908581539368918, 0.9575757575757575, 0.9628099173553719, 0.9952343129467831]",0.1069047619047619,10,"[0.0, 0.0, 0.3333333333333333, 0.2, 0.14285714285714285, 0.25, 0.0, 0.0, 0.14285714285714285, 0.0]",21.034799575805664,20.409242630004883,0.02412724494934082,0.0,0.0,0.4101533889770508,1115740,ai08,success,
lenet_fmnist,FashionMNIST,10,0.05,43,300,4.0,warmup_only_labelled,warmup_only,100,0.0,0.1735,0.25374,0.3656,0.8902,0.1735,-0.7386553146454276,0,10,"[-1.0, -0.8643354614045269, -0.04770114942528736, -0.9116028305065709, -0.45016077170418006, -0.9685283687943262, -0.9906273199703044, -0.9053033193437618, -0.7926059513074842, -0.4556879739978331]","[0.0, 0.1334881021474173, 0.9517241379310345, 0.04358081545546445, 0.4855305466237942, 0.020390070921985817, 0.00027839643652561246, 0.049904616558565436, 0.18863841298467088, 0.4723726977248104]","[1.0, 0.9978235635519442, 0.9994252873563219, 0.9551836459620353, 0.9356913183279743, 0.9889184397163121, 0.99090571640683, 0.9552079359023273, 0.9812443642921551, 0.9280606717226435]",0.13471539682539682,10,"[0.19277777777777777, 0.00014285714285714287, 0.10528571428571429, 0.12283333333333334, 0.1998, 0.1427142857142857, 0.184, 0.1998, 0.1998, 0.0]",20.914980173110962,20.270418882369995,0.024205446243286133,0.0,0.0,0.43356800079345703,1115790,ai08,success,
lenet_fmnist,FashionMNIST,10,0.05,44,300,4.0,warmup_only_labelled,warmup_only,100,0.0,0.1837,0.27513,0.4583,0.8741,0.1837,-0.7495760168248655,0,10,"[-0.9490693582739143, -0.9882764920828259, -0.7404193781634129, -0.5645390989124806, -0.8436675461741424, -0.46529284164858997, -0.9166666666666667, -0.2817355863123036, -0.8723684210526317, -0.8737247789616867]","[0.017501620520418558, 0.0033495736906211937, 0.2480115690527838, 0.34179181771103057, 0.03891820580474934, 0.5272699101332508, 0.041666666666666664, 0.08847754096968667, 0.10921052631578948, 0.09975062344139651]","[0.9665709787943328, 0.991626065773447, 0.9884309472161966, 0.9063309166235112, 0.8825857519788918, 0.9925627517818407, 0.9583333333333334, 0.3702131272819903, 0.9815789473684211, 0.9734754024030832]",0.12111178571428569,10,"[0.044, 0.14433333333333334, 0.1172, 0.03666666666666667, 0.2154, 0.0275, 0.156875, 0.22214285714285714, 0.247, 0.0]",20.997727632522583,20.382253646850586,0.023746967315673828,0.0,0.0,0.403688907623291,1115842,ai08,success,
lenet_fmnist,FashionMNIST,10,0.1,42,300,4.0,dp_avg_eps2_K20,dp_avg,10,4.484595957758596,0.4734,0.34900000000000003,0.6374,0.8848,0.1338,-0.573193863570926,0,10,"[-0.9554277498202732, -0.47954845330596685, -0.7240545294635005, -0.4317862165963432, -0.28174603174603174, -0.30697950697950704, -0.9643102264927934, -0.2711136235161108, -0.38217291507268547, -0.9347993827160493]","[0.025880661394680086, 0.5018325758686409, 0.23636763412489006, 0.469760900140647, 0.7150793650793651, 0.6096822096822097, 0.020247083047357586, 0.684680610514415, 0.6063504208110176, 0.006172839506172839]","[0.9813084112149533, 0.9813810291746078, 0.9604221635883905, 0.9015471167369902, 0.9968253968253968, 0.9166617166617167, 0.984557309540151, 0.9557942340305258, 0.9885233358837031, 0.9409722222222222]",0.37514444444444445,9,"[0.5485, 0.0, 0.468, 0.714, 0.4858, 0.198, 0.656, 0.0, 0.306, null]",27.896944999694824,20.529894590377808,0.06491613388061523,6.751839637756348,0.0017361640930175781,0.37050747871398926,1115910,ai08,success,
lenet_fmnist,FashionMNIST,10,0.1,43,300,4.0,dp_avg_eps2_K20,dp_avg,10,4.508633413678534,0.3054,0.32695,0.468,0.8896,0.1307,-0.5622452841826202,0,10,"[-0.6414982164090368, -0.7819613457408733, -0.47582639982010344, -0.8646341463414634, -0.17306981898780938, -0.37850796784656604, -0.5471349353049908, -0.9253235694822889, -0.7713896457765668, -0.06310679611650483]","[0.3213436385255648, 0.1889763779527559, 0.5194513154935911, 0.023170731707317073, 0.80550424824529, 0.5458327457340291, 0.0025415896487985213, 0.024182561307901907, 0.15449591280653951, 0.7718446601941747]","[0.9628418549346016, 0.9709377236936292, 0.9952777153136946, 0.8878048780487805, 0.9785740672330994, 0.9243407135805951, 0.5496765249537893, 0.9495061307901907, 0.9258855585831063, 0.8349514563106796]",0.29922407407407403,9,"[0.52675, 0.244, 0.282, 0.3798, 0.060333333333333336, 0.0005, 0.3463333333333333, 0.4735, 0.3798, null]",28.100897789001465,20.672457695007324,0.06523799896240234,6.7874767780303955,0.0017430782318115234,0.39631152153015137,1115965,ai08,success,
lenet_fmnist,FashionMNIST,10,0.1,43,300,4.0,dp_avg_eps8_K20,dp_avg,10,1.1271583534196334,0.2144,0.33365000000000006,0.4857,0.885,0.1215,-0.6562036698070614,0,10,"[-0.8962544589774079, -0.8203292770221904, -0.4717787272318418, -0.8780487804878049, -0.5201329885482083, -0.5021858694119306, -0.5419362292051756, -0.9365633514986376, -0.8880108991825613, -0.10679611650485432]","[0.06302021403091558, 0.15189692197566212, 0.5219248931864178, 0.00975609756097561, 0.45936461026967124, 0.42504583274573404, 0.007740295748613678, 0.015752724795640327, 0.03760217983651226, 0.7281553398058253]","[0.9592746730083235, 0.9722261989978526, 0.9937036204182595, 0.8878048780487805, 0.9794975988178796, 0.9272317021576646, 0.5496765249537893, 0.952316076294278, 0.9256130790190735, 0.8349514563106796]",0.16996666666666668,9,"[0.49275, 0.24975, 0.05, 0.2236, 0.012666666666666666, 0.0, 0.19083333333333333, 0.0865, 0.2236, null]",27.92489528656006,20.532920122146606,0.06564044952392578,6.751046657562256,0.0017788410186767578,0.38990283012390137,1115679,ai08,success,
lenet_fmnist,FashionMNIST,10,0.1,44,300,4.0,dp_avg_eps8_K20,dp_avg,10,1.123172016844655,0.3119,0.35688999999999993,0.6032,0.8779,0.2338,-0.5640434677701939,0,10,"[-0.8856432566811684, -0.6314993122420909, -0.7432417521791901, -0.9106155218554862, -0.504007012271475, -0.2502078137988363, -0.06945428773919204, -0.9228155339805826, -0.20865139949109412, -0.5142987874628231]","[0.08514605344934742, 0.31327372764786793, 0.18636213174445548, 0.08599464763603926, 0.4489105935386927, 0.26932668329177056, 0.8910937869123553, 0.04344660194174757, 0.40458015267175573, 0.4071150766415008]","[0.9707893101305158, 0.9447730398899588, 0.9296038839236456, 0.9966101694915255, 0.9529176058101678, 0.5195344970906068, 0.9605480746515473, 0.9662621359223301, 0.6132315521628499, 0.9214138641043239]",0.27178,10,"[0.24133333333333334, 0.1975, 0.3472, 0.3335, 0.20075, 0.3426, 0.0003333333333333333, 0.6403333333333333, 0.41425, 0.0]",27.97747778892517,20.548141717910767,0.06507158279418945,6.781139850616455,0.0016682147979736328,0.38747191429138184,1115740,ai08,success,
lenet_fmnist,FashionMNIST,10,0.1,44,300,4.0,labelled_probe_warmup,labelled,100,0.0,0.2693,0.3504,0.5657,0.8697,0.1837,-0.6058832875718956,0,10,"[-0.9235550031075201, -0.7226960110041266, -0.7432417521791901, -0.9373773416592329, -0.559854745805159, -0.39623164311443615, -0.05882352941176472, -0.9407766990291262, -0.24173027989821882, -0.5345458705101807]","[0.04226227470478558, 0.2156808803301238, 0.1871345029239766, 0.0592328278322926, 0.3910593538692712, 0.12330285397617069, 0.9007795889440113, 0.02621359223300971, 0.37150127226463103, 0.38743994509265617]","[0.9658172778123058, 0.9383768913342504, 0.9303762551031667, 0.9966101694915255, 0.9509140996744303, 0.5195344970906068, 0.959603118355776, 0.9669902912621359, 0.6132315521628499, 0.9219858156028369]",0.23573833333333333,10,"[0.17, 0.107, 0.297, 0.32816666666666666, 0.128, 0.3008, 0.0, 0.6556666666666666, 0.37075, 0.0]",27.940320014953613,20.554033041000366,0.04074740409851074,6.782307386398315,0.0017461776733398438,0.3882710933685303,1115679,ai08,success,
lenet_fmnist,FashionMNIST,10,0.1,42,300,4.0,no_phase0,none,0,0.0,0.4423,0.34573,0.6277,0.8795,0.1,-0.6023138503629093,0,10,"[-0.9568655643421998, -0.5435420026389093, -0.7574758135444151, -0.4022503516174402, -0.42460317460317465, -0.29450549450549446, -0.9653397391901166, -0.369248162803844, -0.3760520275439938, -0.9332561728395061]","[0.024442846872753415, 0.4432634511068758, 0.20030782761653473, 0.49929676511954996, 0.5722222222222222, 0.6273240273240274, 0.01887439945092656, 0.5885811192764273, 0.6124713083397093, 0.005787037037037037]","[0.9813084112149533, 0.9868054537457851, 0.9577836411609498, 0.9015471167369902, 0.9968253968253968, 0.9218295218295218, 0.9842141386410432, 0.9578292820802713, 0.9885233358837031, 0.9390432098765432]",0.3458629629629629,9,"[0.4705, 0.0, 0.505, 0.596, 0.4598, 0.12966666666666668, 0.672, 0.0, 0.2798, null]",27.98257613182068,20.641653776168823,0.021468400955200195,6.770624160766602,0.0017719268798828125,0.37110114097595215,1115679,ai08,success,
lenet_fmnist,FashionMNIST,10,0.1,43,300,4.0,no_phase0,none,0,0.0,0.2986,0.33081000000000005,0.4773,0.8877,0.0368,-0.5652899810198552,0,10,"[-0.6132580261593341, -0.767358625626342, -0.48099842590510467, -0.7987804878048781, -0.15404506834133735, -0.368847835284163, -0.5475970425138632, -0.9371594005449592, -0.9168937329700272, -0.06796116504854366]","[0.3394768133174792, 0.2, 0.5127051945131549, 0.08902439024390243, 0.8271148873291466, 0.5550698067973487, 0.0020794824399260627, 0.013794277929155314, 0.009264305177111716, 0.7669902912621359]","[0.9527348394768134, 0.9673586256263421, 0.9937036204182595, 0.8878048780487805, 0.981159955670484, 0.9239176420815117, 0.5496765249537893, 0.9509536784741145, 0.9261580381471389, 0.8349514563106796]",0.2896555555555555,9,"[0.48, 0.24925, 0.268, 0.3812, 0.002, 0.01975, 0.3315, 0.494, 0.3812, null]",27.85482907295227,20.516967058181763,0.02061319351196289,6.73469352722168,0.0017592906951904297,0.39539217948913574,1115740,ai08,success,
lenet_fmnist,FashionMNIST,10,0.1,44,300,4.0,no_phase0,none,0,0.0,0.2774,0.35166,0.6145,0.8883,0.0897,-0.6136634464083957,0,10,"[-0.9509011808576755, -0.612242090784044, -0.7404832836809003, -0.904014272970562, -0.626846982218883, -0.4768633970628983, -0.0753602645877629, -0.9220873786407767, -0.24936386768447838, -0.5784717455959735]","[0.014916096954630205, 0.32448418156808806, 0.18735518040383978, 0.09259589652096342, 0.32256448785374403, 0.042671100027708506, 0.8693597921096149, 0.04150485436893204, 0.3638676844783715, 0.34763212079615646]","[0.9658172778123058, 0.936726272352132, 0.9278384640847401, 0.9966101694915255, 0.949411470072627, 0.5195344970906068, 0.9447200566973778, 0.9635922330097088, 0.6132315521628499, 0.9261038663921299]",0.25900833333333334,10,"[0.2683333333333333, 0.0095, 0.3512, 0.325, 0.2125, 0.3608, 0.0, 0.635, 0.42775, 0.0]",27.506664276123047,20.28061604499817,0.020568132400512695,6.6417741775512695,0.0016868114471435547,0.38730955123901367,1115790,ai08,success,
lenet_fmnist,FashionMNIST,10,0.1,42,300,4.0,raw_union_K20,raw_union,940,0.0,0.6997,0.34704000000000007,0.6345,0.884,0.6318,-0.21925073595793684,0,10,"[-0.15528396836808056, -0.14814543322093532, -0.677990325417766, -0.07454289732770747, -0.17301587301587307, -0.20552420552420547, -0.18050789293067948, -0.13024307518371958, -0.12356541698546286, -0.3236882716049383]","[0.8260244428468727, 0.8418853540536578, 0.2862796833773087, 0.8270042194092827, 0.8238095238095238, 0.7006831006831007, 0.8064516129032258, 0.8296212549462973, 0.8649579188982403, 0.6172839506172839]","[0.9813084112149533, 0.9900307872745931, 0.9642700087950747, 0.9015471167369902, 0.9968253968253968, 0.9062073062073062, 0.9869595058339052, 0.9598643301300169, 0.9885233358837031, 0.9409722222222222]",0.5875851851851852,9,"[0.65125, 0.409, 0.81, 0.868, 0.7218, 0.5636666666666666, 0.73275, 0.0, 0.5318, null]",28.030123710632324,20.5520076751709,0.15535211563110352,6.764232873916626,0.0016872882843017578,0.37724804878234863,1115740,ai08,success,
lenet_fmnist,FashionMNIST,10,0.1,43,300,4.0,raw_union_K20,raw_union,950,0.0,0.6548,0.32782000000000006,0.4625,0.8838,0.6818,-0.19735208530217385,1,10,"[-0.09453032104637338, -0.30236220472440944, -0.12592759163480993, -0.23902439024390243, -0.08644255633542675, -0.271329854745452, 0.24145101663585955, -0.5250340599455041, -0.5460490463215258, -0.024271844660194164]","[0.8641498216409037, 0.6672870436649965, 0.8675511580841017, 0.6487804878048781, 0.8821573697820465, 0.6437737977718234, 0.7911275415896488, 0.42600476839237056, 0.3795640326975477, 0.8106796116504854]","[0.9586801426872771, 0.9696492483894059, 0.9934787497189116, 0.8878048780487805, 0.9685999261174733, 0.9151036525172754, 0.5496765249537893, 0.9510388283378747, 0.9256130790190735, 0.8349514563106796]",0.6921407407407406,9,"[0.72175, 0.6325, 0.5555, 0.8568, 0.518, 0.56475, 0.6261666666666666, 0.897, 0.8568, null]",27.66759729385376,20.278976917266846,0.16007709503173828,6.661214828491211,0.0016946792602539062,0.38924241065979004,1115790,ai08,success,
lenet_fmnist,FashionMNIST,10,0.1,44,300,4.0,raw_union_K20,raw_union,1019,0.0,0.643,0.36151999999999995,0.6154,0.8745,0.6552,-0.2453243328679305,1,10,"[-0.24487259167184583, -0.19697386519944982, -0.08098863510978704, -0.8881355932203391, -0.1831955922865014, 0.17345525076198387, -0.07417906921804873, -0.41747572815533973, -0.0661577608142494, -0.4747197437657286]","[0.7209446861404599, 0.7469050894085282, 0.8494979587333112, 0.10847457627118644, 0.764588029050839, 0.6929897478525907, 0.8925112213560122, 0.5470873786407767, 0.5470737913486005, 0.45081217112788835]","[0.9658172778123058, 0.943878954607978, 0.9304865938430983, 0.9966101694915255, 0.9477836213373404, 0.5195344970906068, 0.966690290574061, 0.9645631067961165, 0.6132315521628499, 0.925531914893617]",0.669695,10,"[0.608, 0.663, 0.6704, 0.6698333333333333, 0.427, 0.5168, 0.5436666666666666, 0.852, 0.85425, 0.892]",27.785325288772583,20.352226972579956,0.16098618507385254,6.698437690734863,0.0016927719116210938,0.39870500564575195,1115842,ai08,success,
lenet_fmnist,FashionMNIST,10,0.1,42,300,4.0,warmup_only_labelled,warmup_only,100,0.0,0.1,0.34563,0.623,0.8769,0.1,-0.8556655040648916,0,10,"[-0.9798705966930266, -0.9824072716610467, -0.9621811785400176, -0.9001406469760901, -0.996031746031746, -0.7502821502821503, -0.98318462594372, -0.8611644997173544, -0.20504973221117062, -0.9363425925925926]","[0.0014378145219266715, 0.006010848849142355, 0.0006596306068601583, 0.0014064697609001407, 0.0007936507936507937, 0.17962577962577964, 0.0, 0.09180327868852459, 0.7834736036725325, 0.002700617283950617]","[0.9813084112149533, 0.9884181205101891, 0.9628408091468778, 0.9015471167369902, 0.9968253968253968, 0.9299079299079299, 0.98318462594372, 0.952967778405879, 0.9885233358837031, 0.9390432098765432]",0.027777777777777776,9,"[0.0, 0.0, 0.0, 0.0, 0.0, 0.0, 0.25, 0.0, 0.0, null]",21.056950092315674,20.49376893043518,0.023592233657836914,0.0,0.0,0.36330223083496094,1115842,ai08,success,
lenet_fmnist,FashionMNIST,10,0.1,43,300,4.0,warmup_only_labelled,warmup_only,100,0.0,0.1735,0.33045,0.4748,0.8879,0.1735,-0.6846163463476633,0,10,"[-0.7039239001189062, -0.8180386542591267, -0.5761187317292558, -0.8878048780487805, -0.3265607683782785, -0.7459455648004513, -0.5495609981515711, -0.9431198910081744, -0.9261580381471389, -0.3689320388349514]","[0.25743162901307964, 0.1561918396564066, 0.41758488868900384, 0.0, 0.65718507572959, 0.18629248342969962, 0.0001155268022181146, 0.00842983651226158, 0.0, 0.46601941747572817]","[0.9613555291319857, 0.9742304939155333, 0.9937036204182595, 0.8878048780487805, 0.9837458441078685, 0.9322380482301509, 0.5496765249537893, 0.951549727520436, 0.9261580381471389, 0.8349514563106796]",0.1983611111111111,9,"[0.24975, 0.00025, 0.184, 0.347, 0.0, 0.00025, 0.289, 0.368, 0.347, null]",21.063820362091064,20.453099966049194,0.023862600326538086,0.0,0.0,0.40027880668640137,1115910,ai08,success,
lenet_fmnist,FashionMNIST,10,0.1,44,300,4.0,warmup_only_labelled,warmup_only,100,0.0,0.1837,0.35756000000000004,0.5723,0.871,0.1837,-0.6900565142422584,0,10,"[-0.8663766314481044, -0.8174002751031637, -0.9269557541652874, -0.9759143621766281, -0.8353368394690709, -0.512330285397617, -0.5683912119064494, -0.6910194174757281, -0.3562340966921119, -0.3506062685884237]","[0.09944064636420137, 0.12200825309491059, 0.0, 0.020695807314897414, 0.1115702479338843, 0.0072042116929897475, 0.3959366879281833, 0.27694174757281553, 0.25699745547073793, 0.5788149164950812]","[0.9658172778123058, 0.9394085281980743, 0.9269557541652874, 0.9966101694915255, 0.9469070874029551, 0.5195344970906068, 0.9643278998346326, 0.9679611650485437, 0.6132315521628499, 0.9294211850835049]",0.23635833333333336,10,"[0.381, 0.054, 0.367, 0.2768333333333333, 0.28675, 0.229, 0.359, 0.194, 0.216, 0.0]",21.28428626060486,20.679850578308105,0.02362060546875,0.0,0.0,0.40276050567626953,1115965,ai08,success,
lenet_fmnist,FashionMNIST,10,0.3,44,300,4.0,dp_avg_eps2_K20,dp_avg,10,4.49268806737862,0.3866,0.56508,0.7431,0.8749,0.1728,-0.5025349138251379,0,10,"[-0.4517150395778364, -0.6701575138356748, -0.6806373732496378, -0.5748218527315914, -0.3692275398824517, -0.38818443804034586, -0.4809384164222874, -0.49835187474248044, -0.43680052666227787, -0.4745145631067961]","[0.45488126649076516, 0.23320561941251597, 0.24954128440366974, 0.31116389548693585, 0.5778757346767422, 0.5737752161383285, 0.364613880742913, 0.46703749484960855, 0.467412771560237, 0.3962378640776699]","[0.9065963060686015, 0.9033631332481907, 0.9301786576533075, 0.8859857482185273, 0.947103274559194, 0.9619596541786744, 0.8455522971652004, 0.965389369592089, 0.9042132982225148, 0.870752427184466]",0.41425,4,"[null, null, 0.015, 0.036, null, 0.803, 0.803, null, null, null]",27.892876148223877,20.42835783958435,0.0741419792175293,6.858330965042114,0.001737833023071289,0.350689172744751,1115679,ai08,success,
lenet_fmnist,FashionMNIST,10,0.3,42,300,4.0,dp_avg_eps8_K20,dp_avg,10,1.121148989439649,0.5677,0.60195,0.7938,0.8835,0.1191,-0.3874016838758022,0,10,"[-0.24762335898596644, -0.6771595900439238, -0.18101545253863138, -0.27527632344386277, -0.5127267066241146, -0.5416666666666667, -0.5914948453608249, -0.1756011471431722, -0.3287597039176746, -0.34269304403318446]","[0.710728836577637, 0.29209370424597364, 0.7881898454746137, 0.6656195462478185, 0.38872888612127343, 0.38410364145658266, 0.3015463917525773, 0.727994705493051, 0.5934284166817115, 0.629865985960434]","[0.9583521955636034, 0.9692532942898975, 0.9692052980132451, 0.9408958696916813, 0.901455592745388, 0.9257703081232493, 0.8930412371134021, 0.9035958526362232, 0.9221881205993862, 0.9725590299936184]",0.40166666666666667,4,"[null, 0.4236666666666667, null, 0.178, null, 0.112, 0.893, null, null, null]",28.045881271362305,20.66865849494934,0.07452392578125,6.780848979949951,0.0016925334930419922,0.339796781539917,1115740,ai08,success,
lenet_fmnist,FashionMNIST,10,0.3,43,300,4.0,dp_avg_eps8_K20,dp_avg,10,1.1271583534196334,0.5414,0.51377,0.6433,0.8842,0.0995,-0.4257600116416752,0,10,"[-0.3571948203113633, -0.40695735048844406, -0.31681321609379154, -0.6714340935446463, -0.14637022065015992, -0.13541938287700994, -0.6430921052631579, -0.7425373134328358, -0.42035581299131153, -0.4174258007640317]","[0.5914447839371454, 0.5356206814391232, 0.6586730615507594, 0.13335910320834943, 0.8233114367525687, 0.8150369404606693, 0.3292763157894737, 0.12080223880597014, 0.46917666528754653, 0.5180722891566265]","[0.9486396042485087, 0.9425780319275673, 0.975486277644551, 0.8047931967529958, 0.9696816574027286, 0.9504563233376793, 0.9723684210526315, 0.863339552238806, 0.8895324782788581, 0.9354980899206582]",0.5627666666666666,5,"[0.004, null, 0.612, null, 0.647, null, 0.8605, 0.6903333333333334, null, null]",27.622793912887573,20.354018926620483,0.07149982452392578,6.6578123569488525,0.0016927719116210938,0.3542490005493164,1115790,ai08,success,
lenet_fmnist,FashionMNIST,10,0.3,44,300,4.0,dp_avg_eps8_K20,dp_avg,10,1.123172016844655,0.3868,0.5570400000000001,0.7399,0.8598,0.2263,-0.5017277465313343,0,10,"[-0.4493403693931398, -0.6420604512558536, -0.6468372766779333, -0.6223277909738717, -0.37856842989084805, -0.37031700288184444, -0.45324209840338875, -0.5220436753193243, -0.45408163265306123, -0.47845873786407767]","[0.43588390501319263, 0.259855257556407, 0.2763882182520522, 0.26365795724465557, 0.5564651553316541, 0.5884726224783862, 0.3747148908439231, 0.44128553770086526, 0.44338380513495723, 0.3930521844660194]","[0.8852242744063324, 0.9019157088122606, 0.9232254949299855, 0.8859857482185273, 0.9350335852225021, 0.9587896253602306, 0.8279569892473119, 0.9633292130201896, 0.8974654377880185, 0.8715109223300971]",0.439875,4,"[null, null, 0.079, 0.0725, null, 0.804, 0.804, null, null, null]",27.81393575668335,20.48264217376709,0.07383346557617188,6.739440202713013,0.0016961097717285156,0.3353757858276367,1115842,ai08,success,
lenet_fmnist,FashionMNIST,10,0.3,42,300,4.0,labelled_probe_warmup,labelled,100,0.0,0.5183,0.59802,0.76,0.8745,0.1,-0.4244616356568624,0,10,"[-0.41557265731100046, -0.6661786237188873, -0.37560706401766, -0.21175101803374052, -0.5068887678057135, -0.5479691876750701, -0.543384879725086, -0.12375909993381862, -0.4926882108683878, -0.3608168474792597]","[0.5540968764146673, 0.29526598340653976, 0.5916114790286976, 0.7146015125072717, 0.3739394411146571, 0.39355742296918766, 0.3543814432989691, 0.7939554378998456, 0.42426430763675754, 0.609572431397575]","[0.9696695337256678, 0.961444607125427, 0.9672185430463576, 0.9263525305410122, 0.8808282089203705, 0.9415266106442577, 0.897766323024055, 0.9177145378336642, 0.9169525185051454, 0.9703892788768347]",0.37216666666666665,4,"[null, 0.19633333333333333, null, 0.14433333333333334, null, 0.162, 0.986, null, null, null]",27.875866889953613,20.564231872558594,0.04067349433898926,6.740904092788696,0.0017309188842773438,0.3531687259674072,1115679,ai08,success,
lenet_fmnist,FashionMNIST,10,0.3,43,300,4.0,labelled_probe_warmup,labelled,100,0.0,0.6042,0.50777,0.6565,0.8846,0.1735,-0.35788443841061895,0,10,"[-0.31631019933071436, -0.32547057421968073, -0.2528643751665335, -0.6057209122535756, -0.10998820953343436, -0.14159061277705343, -0.5235745614035088, -0.6658115671641791, -0.36760446834919325, -0.2699089039083161]","[0.6346573548668704, 0.6149630688587086, 0.7250199840127898, 0.2025512176265945, 0.8576722250294762, 0.8067796610169492, 0.4471491228070175, 0.19566231343283583, 0.5157219693835333, 0.6661769027328828]","[0.9509675541975847, 0.9404336430783893, 0.9778843591793233, 0.80827212988017, 0.9676604345629105, 0.9483702737940026, 0.9707236842105263, 0.8614738805970149, 0.8833264377327266, 0.9360858066411989]",0.6332666666666666,5,"[0.086, null, 0.6306666666666667, null, 0.814, null, 0.872, 0.7636666666666667, null, null]",27.87617015838623,20.551491498947144,0.04128837585449219,6.755994558334351,0.001737356185913086,0.34877729415893555,1115740,ai08,success,
lenet_fmnist,FashionMNIST,10,0.3,44,300,4.0,labelled_probe_warmup,labelled,100,0.0,0.4805,0.56563,0.7442,0.8854,0.1837,-0.4486737002812869,0,10,"[-0.454089709762533, -0.5331630481055769, -0.339159826170932, -0.5653206650831353, -0.28998740554156166, -0.40720461095100857, -0.42587161942000645, -0.47754429336629584, -0.5059249506254114, -0.4884708737864078]","[0.4699208443271768, 0.37428693060876966, 0.5869628198937711, 0.32066508313539194, 0.6574307304785895, 0.5518731988472623, 0.42130987292277616, 0.48372476308199425, 0.39335088874259383, 0.3904733009708738]","[0.9240105540897098, 0.9074499787143465, 0.9261226460647031, 0.8859857482185273, 0.9474181360201511, 0.9590778097982708, 0.8471814923427826, 0.9612690564482901, 0.8992758393680053, 0.8789441747572816]",0.646125,4,"[null, null, 0.254, 0.4205, null, 0.955, 0.955, null, null, null]",27.539325952529907,20.324164867401123,0.04051685333251953,6.650295257568359,0.0017108917236328125,0.34792518615722656,1115790,ai08,success,
lenet_fmnist,FashionMNIST,10,0.3,42,300,4.0,no_phase0,none,0,0.0,0.5229,0.6074400000000001,0.7839,0.8933,0.1,-0.4215207916739076,0,10,"[-0.3259393390674513, -0.6644704734016593, -0.26346578366445916, -0.2315299592786504, -0.5493111232194285, -0.563375350140056, -0.5850515463917526, -0.16148246194573124, -0.46777396641993146, -0.40280791320995524]","[0.6387505658669081, 0.29160566129819426, 0.700551876379691, 0.6910994764397905, 0.3526115046314315, 0.36834733893557425, 0.3127147766323024, 0.7403485550408119, 0.4506228561112114, 0.5701340140395661]","[0.9646899049343595, 0.9560761346998536, 0.9640176600441501, 0.9226294357184409, 0.9019226278508601, 0.9317226890756303, 0.897766323024055, 0.9018310169865431, 0.9183968225311429, 0.9729419272495213]",0.36224999999999996,4,"[null, 0.2776666666666667, null, 0.10333333333333333, null, 0.1, 0.968, null, null, null]",27.54158306121826,20.355295181274414,0.020364999771118164,6.642326593399048,0.0016748905181884766,0.34093713760375977,1115790,ai08,success,
lenet_fmnist,FashionMNIST,10,0.3,43,300,4.0,no_phase0,none,0,0.0,0.5449,0.5107899999999999,0.6615,0.8883,0.0368,-0.40877408936433,0,10,"[-0.3515204423104903, -0.36073385751727427, -0.3200106581401546, -0.5577889447236182, -0.14434899781034194, -0.14315514993481104, -0.6336622807017543, -0.6881996268656716, -0.35188249896565993, -0.5364384366735233]","[0.5898443183471556, 0.5746962115796997, 0.6517452704503064, 0.2392732895245458, 0.8266801414855988, 0.8083441981747066, 0.33574561403508774, 0.1623134328358209, 0.5415804716590815, 0.4014105201292977]","[0.9413647606576458, 0.935430069096974, 0.971755928590461, 0.7970622342481639, 0.9710291392959407, 0.9514993481095176, 0.9694078947368421, 0.8505130597014925, 0.8934629706247414, 0.937848956802821]",0.5690333333333333,5,"[0.145, null, 0.619, null, 0.547, null, 0.8725, 0.6616666666666666, null, null]",27.707343339920044,20.448564529418945,0.021147966384887695,6.723437786102295,0.0017216205596923828,0.33816003799438477,1115842,ai08,success,
lenet_fmnist,FashionMNIST,10,0.3,44,300,4.0,no_phase0,none,0,0.0,0.416,0.56369,0.7538,0.8814,0.0897,-0.4840700595012722,0,10,"[-0.4572559366754617, -0.6303107705406557, -0.569579913085466, -0.5724465558194773, -0.3568429890848026, -0.4118155619596542, -0.4327142391658521, -0.49196538936959205, -0.424292297564187, -0.4934769417475729]","[0.4530343007915567, 0.28769689229459344, 0.3586673104780299, 0.31353919239904987, 0.5872166246851386, 0.5484149855907781, 0.38742261322906485, 0.46641944787803874, 0.4542462146148782, 0.3900182038834951]","[0.9102902374670184, 0.918007662835249, 0.9282472235634959, 0.8859857482185273, 0.9440596137699412, 0.9602305475504322, 0.820136852394917, 0.9583848372476308, 0.8785385121790652, 0.883495145631068]",0.508375,4,"[null, null, 0.075, 0.1405, null, 0.909, 0.909, null, null, null]",28.093634128570557,20.721673250198364,0.020736217498779297,6.828389883041382,0.0017557144165039062,0.34269046783447266,1115910,ai08,success,
lenet_fmnist,FashionMNIST,10,0.3,42,300,4.0,raw_union_K20,raw_union,1649,0.0,0.7848,0.5989500000000001,0.7611,0.8893,0.7547,-0.13232394595967084,0,10,"[-0.08736985061113622, -0.22767203513909218, -0.05022075055187636, -0.16311809191390347, -0.22962559352377987, -0.1698179271708683, -0.1516323024054983, -0.04390028678579316, -0.06318830113738949, -0.13669432035737084]","[0.8759619737437755, 0.7396290873596877, 0.9137969094922738, 0.7653286794648051, 0.6634233673231105, 0.7741596638655462, 0.7414089347079038, 0.8654312817118905, 0.8541252933742552, 0.8353541799617102]","[0.9633318243549117, 0.9673011224987799, 0.9640176600441501, 0.9284467713787086, 0.8930489608468903, 0.9439775910364145, 0.8930412371134021, 0.9093315684976837, 0.9173135945116447, 0.9720485003190811]",0.6808333333333334,4,"[null, 0.7676666666666667, null, 0.6746666666666666, null, 0.343, 0.938, null, null, null]",27.92150092124939,20.442017793655396,0.23564743995666504,6.706592321395874,0.0016884803771972656,0.35903429985046387,1115842,ai08,success,
lenet_fmnist,FashionMNIST,10,0.3,43,300,4.0,raw_union_K20,raw_union,1495,0.0,0.7645,0.5100199999999999,0.6498,0.8857,0.7381,-0.17594556538913875,0,10,"[-0.09588243852757161, -0.2568501310459853, -0.09139355182520648, -0.25937379203710864, -0.07545898601987533, -0.13211647109952196, -0.2400219298245614, -0.22411380597014918, -0.32209350434422834, -0.06215104319717901]","[0.8569765750036374, 0.6812008577555396, 0.8814281907807088, 0.5411673753382296, 0.8927067542529897, 0.823728813559322, 0.7317982456140351, 0.6294309701492538, 0.5817128671907323, 0.8759917719659124]","[0.952859013531209, 0.9380509888015249, 0.9728217426059153, 0.8005411673753382, 0.9681657402728651, 0.955845284658844, 0.9718201754385964, 0.8535447761194029, 0.9038063715349607, 0.9381428151630914]",0.7633333333333333,5,"[0.473, null, 0.6156666666666667, null, 0.962, null, 0.871, 0.895, null, null]",28.336721658706665,20.7757408618927,0.22501182556152344,6.81568455696106,0.0016894340515136719,0.34361982345581055,1115910,ai08,success,
lenet_fmnist,FashionMNIST,10,0.3,44,300,4.0,raw_union_K20,raw_union,1562,0.0,0.7642,0.5675899999999999,0.7563,0.8826,0.7351,-0.13344032549031523,0,10,"[-0.11662269129287606, -0.12217965091528304, -0.11743119266055047, -0.040380047505938155, -0.09225440806045337, -0.09452449567723342, -0.13815575105897682, -0.18541409147095178, -0.18350888742593807, -0.2439320388349514]","[0.7989445910290237, 0.7867177522349936, 0.8106228874939643, 0.8456057007125891, 0.8436188077246012, 0.8619596541786744, 0.6924079504724666, 0.7803873094355172, 0.7123107307439105, 0.640625]","[0.9155672823218998, 0.9088974031502767, 0.9280540801545147, 0.8859857482185273, 0.9358732157850546, 0.9564841498559078, 0.8305637015314434, 0.9658014009064689, 0.8958196181698486, 0.8845570388349514]",0.8552499999999998,4,"[null, null, 0.827, 0.67, null, 0.962, 0.962, null, null, null]",28.119216680526733,20.606522798538208,0.22873973846435547,6.762455224990845,0.0016901493072509766,0.3427705764770508,1115965,ai08,success,
lenet_fmnist,FashionMNIST,10,0.3,42,300,4.0,warmup_only_labelled,warmup_only,100,0.0,0.1,0.6053000000000001,0.7809,0.8886,0.1,-0.8296915711425534,0,10,"[-0.7541874151199638, -0.7940458760370912, -0.9577262693156733, -0.6361838278068644, -0.8718767027321555, -0.9261204481792717, -0.8719931271477663, -0.800794176042356, -0.7095143527712584, -0.9744735162731334]","[0.21095518334087823, 0.17276720351390923, 0.009933774834437087, 0.30017452006980805, 0.030746477776912896, 0.011904761904761904, 0.02104810996563574, 0.10390469887491727, 0.21429860985737498, 0.00038289725590299936]","[0.965142598460842, 0.9668130795510005, 0.9676600441501104, 0.9363583478766725, 0.9026231805090683, 0.9380252100840336, 0.8930412371134021, 0.9046988749172733, 0.9238129626286333, 0.9748564135290364]",0.0,4,"[null, 0.0, null, 0.0, null, 0.0, 0.0, null, null, null]",21.15776038169861,20.626864671707153,0.02378225326538086,0.0,0.0,0.32913947105407715,1115965,ai08,success,
lenet_fmnist,FashionMNIST,10,1.0,42,300,4.0,dp_avg_eps2_K20,dp_avg,10,4.484595957758596,0.6681,0.7666999999999999,0.841,0.8812,0.1711,-0.20985550060977798,0,10,"[-0.2377912543887648, -0.30152767342849984, -0.20626405952586957, -0.1533269045323047, -0.1198428290766208, -0.24927225371533623, -0.2793609671848014, -0.10880361173814901, -0.2181329963670826, -0.22423245614035092]","[0.6353335461219278, 0.6223390934134736, 0.7278075791659456, 0.7563484410157506, 0.7187295350360183, 0.6447066033399724, 0.5919689119170984, 0.7460496613995485, 0.669246564523772, 0.7065515350877193]","[0.8731248005106926, 0.9238667668419734, 0.9340716386918152, 0.9096753455480553, 0.8385723641126391, 0.8939788570553087, 0.8713298791018999, 0.8548532731376975, 0.8873795608908546, 0.9307839912280702]",,0,"[null, null, null, null, null, null, null, null, null, null]",27.960758924484253,20.593594551086426,0.07347559928894043,6.777975797653198,0.0017795562744140625,0.3366355895996094,1115679,ai08,success,
lenet_fmnist,FashionMNIST,10,1.0,43,300,4.0,dp_avg_eps2_K20,dp_avg,10,4.508633413678534,0.6238,0.7589,0.8094,0.8876,0.115,-0.25214563925696354,0,10,"[-0.20226557583385785, -0.2233037919511841, -0.22958839406207832, -0.12090578245046502, -0.20170515864450678, -0.17485898468976635, -0.3292005130397606, -0.14362176628010703, -0.3729454735194365, -0.5230609520984725]","[0.7278791692888609, 0.6331541479006247, 0.6636302294197031, 0.7648604933279418, 0.7516727822145478, 0.6974214343271555, 0.5087644292432664, 0.7689562890276539, 0.5253065483955126, 0.34302239359335607]","[0.9301447451227187, 0.8564579398518088, 0.8932186234817814, 0.8857662757784068, 0.9533779408590546, 0.8722804190169219, 0.837964942283027, 0.9125780553077609, 0.8982520219149491, 0.8660833456918285]",,0,"[null, null, null, null, null, null, null, null, null, null]",27.913257122039795,20.566688537597656,0.0727076530456543,6.764880180358887,0.001699209213256836,0.33061695098876953,1115740,ai08,success,
lenet_fmnist,FashionMNIST,10,1.0,44,300,4.0,dp_avg_eps2_K20,dp_avg,10,4.49268806737862,0.6541,0.76026,0.8167,0.8841,0.2218,-0.21047401187767187,0,10,"[-0.15825870082757054, -0.07352380952380944, -0.1328215864154455, -0.17765843179377017, -0.2720050842071815, -0.3325484919834062, -0.19012410879324004, -0.23861646234676015, -0.3220062323786912, -0.20717721050684423]","[0.7728148735970979, 0.6887619047619048, 0.7673877645964178, 0.7505907626208378, 0.6007308547823323, 0.5246103823298576, 0.6918405069976235, 0.6372591943957968, 0.5643270514913192, 0.6925638179800222]","[0.9310735744246684, 0.7622857142857142, 0.9002093510118633, 0.928249194414608, 0.8727359389895138, 0.8571588743132638, 0.8819646157908635, 0.875875656742557, 0.8863332838700104, 0.8997410284868664]",,0,"[null, null, null, null, null, null, null, null, null, null]",27.49452042579651,20.25875973701477,0.0735023021697998,6.638034820556641,0.0017173290252685547,0.34787607192993164,1115790,ai08,success,
lenet_fmnist,FashionMNIST,10,1.0,42,300,4.0,dp_avg_eps8_K20,dp_avg,10,1.121148989439649,0.6909,0.76132,0.8344,0.881,0.1,-0.19237996596800525,0,10,"[-0.1643791892754548, -0.2837465564738292, -0.18134625367710677, -0.13371906139504974, -0.16437459070072036, -0.23211276237168688, -0.235895221646517, -0.0968397291196389, -0.22113410203759287, -0.21025219298245612]","[0.7085860197893393, 0.6275982970197846, 0.7513410624675549, 0.7719382835101254, 0.7161100196463654, 0.6575762218477095, 0.6311168681635003, 0.7532731376975169, 0.6667193176433422, 0.7243695175438597]","[0.8729652090647941, 0.9113448534936138, 0.9326873161446617, 0.9056573449051751, 0.8804846103470858, 0.8896889842193964, 0.8670120898100173, 0.8501128668171558, 0.8878534196809351, 0.9346217105263158]",,0,"[null, null, null, null, null, null, null, null, null, null]",27.881547451019287,20.533193588256836,0.08196258544921875,6.750877857208252,0.001641988754272461,0.3409602642059326,1115842,ai08,success,
lenet_fmnist,FashionMNIST,10,1.0,43,300,4.0,dp_avg_eps8_K20,dp_avg,10,1.1271583534196334,0.6351,0.75818,0.8172,0.8836,0.1084,-0.24435584174652325,0,10,"[-0.203020767778477, -0.25032689234345495, -0.20495951417004055, -0.11241407197735542, -0.19253183682279296, -0.16841257050765512, -0.31252672082086363, -0.14778471602735654, -0.34646490999217316, -0.505116417025063]","[0.7275015733165513, 0.6408542786575621, 0.6847165991902834, 0.7709260008087343, 0.7604144183034751, 0.7115229653505237, 0.5104745617785378, 0.7725245316681534, 0.5483955126532742, 0.3658608927776954]","[0.9305223410950283, 0.891181171001017, 0.8896761133603239, 0.8833400727860897, 0.9529462551262681, 0.8799355358581789, 0.8230012825994014, 0.9203092476955099, 0.8948604226454474, 0.8709773098027584]",,0,"[null, null, null, null, null, null, null, null, null, null]",28.102669715881348,20.703291177749634,0.07313275337219238,6.8098838329315186,0.0017611980438232422,0.3299241065979004,1115910,ai08,success,
lenet_fmnist,FashionMNIST,10,1.0,44,300,4.0,dp_avg_eps8_K20,dp_avg,10,1.123172016844655,0.6181,0.74757,0.8087,0.8785,0.185,-0.251200548422063,0,10,"[-0.22786532139213245, -0.0982857142857142, -0.17678529890672245, -0.21718582169709988, -0.28598665395614864, -0.35015136226034316, -0.20940058093477676, -0.3485113835376533, -0.2761537320077163, -0.32167961524232336]","[0.7131844462079129, 0.6594285714285715, 0.7150500116306118, 0.7095596133190119, 0.5762631077216397, 0.5500616661060657, 0.6885397412199631, 0.5273642732049036, 0.5987535242617599, 0.5813910469848317]","[0.9410497676000453, 0.7577142857142857, 0.8918353105373342, 0.9267454350161117, 0.8622497616777883, 0.9002130283664088, 0.8979403221547398, 0.875875656742557, 0.8749072562694762, 0.903070662227155]",,0,"[null, null, null, null, null, null, null, null, null, null]",27.832127332687378,20.509817123413086,0.0776214599609375,6.73057222366333,0.0016984939575195312,0.33544087409973145,1115965,ai08,success,
lenet_fmnist,FashionMNIST,10,1.0,42,300,4.0,labelled_probe_warmup,labelled,100,0.0,0.6752,0.76285,0.8383,0.8828,0.1,-0.21210290226901068,0,10,"[-0.24624960102138527, -0.3265715001252192, -0.17909672953798228, -0.14014786242365795, -0.15815324165029476, -0.22920177723303203, -0.29735175590097873, -0.09706546275395034, -0.2121307850260623, -0.23506030701754388]","[0.6211299074369614, 0.5905334335086401, 0.7402664820903271, 0.7735454837672774, 0.7267518009168303, 0.6540523977324958, 0.5726827864133563, 0.7627539503386005, 0.6681408940135839, 0.7065515350877193]","[0.8673795084583467, 0.9171049336338593, 0.9193632116283094, 0.9136933461909353, 0.8849050425671251, 0.8832541749655278, 0.8700345423143351, 0.8598194130925508, 0.8802716790396462, 0.9416118421052632]",,0,"[null, null, null, null, null, null, null, null, null, null]",27.427674293518066,20.25723958015442,0.040311574935913086,6.624279975891113,0.001714944839477539,0.32916808128356934,1115790,ai08,success,
lenet_fmnist,FashionMNIST,10,1.0,43,300,4.0,labelled_probe_warmup,labelled,100,0.0,0.642,0.75819,0.8129,0.8888,0.1735,-0.23607498597961502,0,10,"[-0.19848961611076144, -0.2369606276332994, -0.1891025641025641, -0.10816821674080057, -0.179581264839197, -0.1462530217566479, -0.3101752885848653, -0.15343443354148079, -0.33198539003391603, -0.5065994364526175]","[0.73215859030837, 0.6473921255266599, 0.694838056680162, 0.7832591993530126, 0.7696956615583855, 0.726027397260274, 0.5196665241556221, 0.7749033600951531, 0.5553091573180277, 0.36734391220524987]","[0.9306482064191315, 0.8843527531599593, 0.8839406207827261, 0.8914274160938132, 0.9492769263975825, 0.8722804190169219, 0.8298418127404874, 0.9283377936366339, 0.8872945473519437, 0.8739433486578674]",,0,"[null, null, null, null, null, null, null, null, null, null]",27.781816482543945,20.523816108703613,0.040856122970581055,6.716374635696411,0.0017132759094238281,0.32827115058898926,1115842,ai08,success,
lenet_fmnist,FashionMNIST,10,1.0,44,300,4.0,labelled_probe_warmup,labelled,100,0.0,0.633,0.76291,0.8239,0.8821,0.1837,-0.24430580812372066,0,10,"[-0.18603332955447227, -0.1428571428571428, -0.16957431960921143, -0.1980665950590762, -0.2723228471560216, -0.35811189595246107, -0.20055452865064693, -0.33384413309982486, -0.3131028342484049, -0.2685904550499445]","[0.7482144881532706, 0.6853333333333333, 0.7424982554082344, 0.7314715359828142, 0.580711789005402, 0.5405314497140935, 0.6836546078690257, 0.5499124343257443, 0.5534945837661374, 0.6376248612652609]","[0.9342478177077429, 0.8281904761904761, 0.9120725750174459, 0.9295381310418904, 0.8530346361614236, 0.8986433456665546, 0.8842091365196726, 0.8837565674255692, 0.8665974180145423, 0.9062153163152054]",,0,"[null, null, null, null, null, null, null, null, null, null]",28.143004655838013,20.745107889175415,0.04172992706298828,6.843915224075317,0.0017313957214355469,0.33315181732177734,1115910,ai08,success,
lenet_fmnist,FashionMNIST,10,1.0,42,300,4.0,no_phase0,none,0,0.0,0.6788,0.76524,0.8366,0.8839,0.1,-0.20306688802481113,0,10,"[-0.18528566868815832, -0.2895066366140746, -0.1951894791486417, -0.16682738669238184, -0.1594629993451212, -0.24207139574076908, -0.24337938975244677, -0.11354401805869074, -0.23076923076923073, -0.20463267543859653]","[0.7030003191828917, 0.6311044327573253, 0.7352483128568956, 0.7476695596271296, 0.7090700720366732, 0.6522138808028191, 0.6224812895797351, 0.7433408577878103, 0.6626125414626441, 0.7262883771929824]","[0.8882859878710501, 0.9206110693713999, 0.9304377920055373, 0.9144969463195114, 0.8685330713817944, 0.8942852765435881, 0.8658606793321819, 0.8568848758465011, 0.8933817722318749, 0.930921052631579]",,0,"[null, null, null, null, null, null, null, null, null, null]",27.934714555740356,20.62946629524231,0.020575761795043945,6.7789695262908936,0.0017137527465820312,0.32845258712768555,1115910,ai08,success,
lenet_fmnist,FashionMNIST,10,1.0,43,300,4.0,no_phase0,none,0,0.0,0.5841,0.7612499999999999,0.8113,0.8868,0.0368,-0.2899698028867888,0,10,"[-0.2542479546884834, -0.32921691123056807, -0.21997300944669362, -0.15770319450060655, -0.271314483056335, -0.2127316680096697, -0.3480119709277469, -0.23996431757359493, -0.36290112183668144, -0.5036333975975085]","[0.6572687224669603, 0.5600755484527096, 0.6690283400809717, 0.7355438738374444, 0.6829268292682927, 0.6595487510072522, 0.4850363403163745, 0.6776687481415403, 0.5313070701800157, 0.36156013643778734]","[0.9115166771554437, 0.8892924596832776, 0.8890013495276653, 0.8932470683380509, 0.9542413123246277, 0.8722804190169219, 0.8330483112441214, 0.9176330657151353, 0.8942081920166971, 0.8651935340352959]",,0,"[null, null, null, null, null, null, null, null, null, null]",27.829314470291138,20.566269397735596,0.02052903175354004,6.7388224601745605,0.0017151832580566406,0.3276655673980713,1115965,ai08,success,
lenet_fmnist,FashionMNIST,10,1.0,42,300,4.0,raw_union_K20,raw_union,1966,0.0,0.7831,0.76264,0.8401,0.8846,0.7631,-0.10623547278347836,0,10,"[-0.07660389403127987, -0.2824943651389932, -0.0616023533483302, -0.04355512696882036, -0.08235101506221343, -0.1018844798529186, -0.11298215313759352, -0.07765237020316018, -0.1810140578107724, -0.04221491228070173]","[0.8006702840727737, 0.6318557475582269, 0.8731614466170617, 0.845708775313404, 0.7897838899803536, 0.7897962310402942, 0.7502878526194589, 0.8018058690744921, 0.701153056389196, 0.8788377192982456]","[0.8772741781040536, 0.9143501126972201, 0.9347637999653919, 0.8892639022822244, 0.8721349050425671, 0.8916807108932128, 0.8632700057570524, 0.8794582392776523, 0.8821671141999684, 0.9210526315789473]",,0,"[null, null, null, null, null, null, null, null, null, null]",28.083555698394775,20.575318336486816,0.27103447914123535,6.731312274932861,0.0017168521881103516,0.32661008834838867,1115965,ai08,success,
lenet_fmnist,FashionMNIST,10,1.0,43,300,4.0,warmup_only_labelled,warmup_only,100,0.0,0.1735,0.7601199999999999,0.8167,0.8881,0.1735,-0.7095008224521402,0,10,"[-0.8023914411579609, -0.7403748365538283, -0.7452766531713901, -0.5004043671653862, -0.784804662205914, -0.6345688960515713, -0.6737922188969645, -0.7371394588165329, -0.7558048525958779, -0.7204508379059766]","[0.1288860918816866, 0.1394740665407526, 0.145748987854251, 0.38475535786494136, 0.173429743146989, 0.24093473005640612, 0.15220179563916203, 0.18941421349985132, 0.13448995564831726, 0.1580898709773098]","[0.9312775330396476, 0.8798489030945809, 0.8910256410256411, 0.8851597250303276, 0.958234405352903, 0.8755036261079774, 0.8259940145361265, 0.9265536723163842, 0.8902948082441952, 0.8785407088832864]",,0,"[null, null, null, null, null, null, null, null, null, null]",21.12853217124939,20.60954213142395,0.024331331253051758,0.0,0.0,0.3189225196838379,1115679,ai08,success,
lenet_fmnist,FashionMNIST,10,1.0,44,300,4.0,warmup_only_labelled,warmup_only,100,0.0,0.1837,0.7653999999999999,0.8037,0.875,0.1837,-0.7106422523030003,0,10,"[-0.7689604353247931, -0.48647619047619045, -0.7745987438939288, -0.7894736842105263, -0.7149666348903717, -0.5540979930485481, -0.7722471613414312, -0.7950963222416813, -0.6913488648167384, -0.7591564927857936]","[0.1802516721460152, 0.2838095238095238, 0.13910211677134218, 0.14500537056928034, 0.14617095646647602, 0.33938782374705684, 0.1179033535780301, 0.08887915936952714, 0.18682297076717613, 0.15390307066222716]","[0.9492121074708083, 0.7702857142857142, 0.913700860665271, 0.9344790547798066, 0.8611375913568478, 0.8934858167956049, 0.8901505149194613, 0.8839754816112084, 0.8781718355839145, 0.9130595634480208]",,0,"[null, null, null, null, null, null, null, null, null, null]",21.15953254699707,20.63218379020691,0.024893999099731445,0.0,0.0,0.3190014362335205,1115740,ai08,success,
lenet_fmnist,FashionMNIST,1,0.01,42,300,4.0,dp_avg_eps2_K20,dp_avg,10,4.484595957758596,0.7076,0.8781,0.8781,0.8849,0.2534,-0.17938230383973286,0,1,[-0.17938230383973286],[0.7176627712854758],[0.8970450751252087],,0,[null],21.616569757461548,20.291715145111084,0.08595156669616699,0.7445578575134277,0.0003211498260498047,0.3000209331512451,1115910,ai08,success,
lenet_fmnist,FashionMNIST,1,0.01,43,300,4.0,dp_avg_eps2_K20,dp_avg,10,4.508633413678534,0.7171,0.8825,0.8825,0.8849,0.1077,-0.17689482470784634,0,1,[-0.17689482470784634],[0.7235392320534224],[0.9004340567612688],,0,[null],21.52088165283203,20.191416263580322,0.09036827087402344,0.7484405040740967,0.00031065940856933594,0.29959893226623535,1115965,ai08,success,
lenet_fmnist,FashionMNIST,1,0.01,43,300,4.0,dp_avg_eps8_K20,dp_avg,10,1.1271583534196334,0.7088,0.8889,0.8889,0.8937,0.1001,-0.19038397328881473,0,1,[-0.19038397328881473],[0.7136393989983305],[0.9040233722871452],,0,[null],21.389530181884766,20.12413763999939,0.0761098861694336,0.7022788524627686,0.0003063678741455078,0.29758620262145996,1115679,ai08,success,
lenet_fmnist,FashionMNIST,1,0.01,44,300,4.0,dp_avg_eps8_K20,dp_avg,10,1.123172016844655,0.6826,0.8624,0.8624,0.8834,0.1345,-0.19270450751252088,0,1,[-0.19270450751252088],[0.6865275459098498],[0.8792320534223707],,0,[null],21.231436491012573,19.978785037994385,0.06573367118835449,0.7029106616973877,0.00030732154846191406,0.3002042770385742,1115740,ai08,success,
lenet_fmnist,FashionMNIST,1,0.01,44,300,4.0,labelled_probe_warmup,labelled,100,0.0,0.6839,0.8733,0.8733,0.8789,0.1837,-0.1935225375626043,0,1,[-0.1935225375626043],[0.6976293823038398],[0.891151919866444],,0,[null],21.36686873435974,20.090508937835693,0.04623556137084961,0.7399218082427979,0.00031757354736328125,0.2982003688812256,1115679,ai08,success,
lenet_fmnist,FashionMNIST,1,0.01,42,300,4.0,no_phase0,none,0,0.0,0.7047,0.8758,0.8758,0.888,0.1,-0.18377295492487478,0,1,[-0.18377295492487478],[0.7106343906510851],[0.8944073455759599],,0,[null],29.110792875289917,20.707340955734253,0.020956039428710938,0.7796587944030762,0.0006415843963623047,0.2988748550415039,1115679,ai08,success,
lenet_fmnist,FashionMNIST,1,0.01,43,300,4.0,no_phase0,none,0,0.0,0.7153,0.8869,0.8869,0.8848,0.0368,-0.18345575959933225,0,1,[-0.18345575959933225],[0.7214023372287145],[0.9048580968280467],,0,[null],28.604161977767944,20.586787939071655,0.021256446838378906,0.7772314548492432,0.0007464885711669922,0.3209803104400635,1115740,ai08,success,
lenet_fmnist,FashionMNIST,1,0.01,44,300,4.0,no_phase0,none,0,0.0,0.6869,0.8651,0.8651,0.8791,0.0897,-0.19045075125208688,0,1,[-0.19045075125208688],[0.6909348914858097],[0.8813856427378965],,0,[null],29.076868295669556,20.596847534179688,0.021079063415527344,0.77718186378479,0.0006611347198486328,0.32112622261047363,1115790,ai08,success,
lenet_fmnist,FashionMNIST,1,0.01,42,300,4.0,raw_union_K20,raw_union,200,0.0,0.7229,0.8809,0.8809,0.8851,0.2979,-0.1687479131886478,0,1,[-0.1687479131886478],[0.7301168614357262],[0.898864774624374],,0,[null],21.251614809036255,19.961909532546997,0.09442448616027832,0.7057769298553467,0.0003101825714111328,0.29984164237976074,1115740,ai08,success,
lenet_fmnist,FashionMNIST,1,0.01,43,300,4.0,raw_union_K20,raw_union,200,0.0,0.7401,0.8779,0.8779,0.8898,0.3837,-0.14794657762938224,0,1,[-0.14794657762938224],[0.7468113522537563],[0.8947579298831385],,0,[null],21.343700647354126,20.05244016647339,0.09815740585327148,0.7043590545654297,0.0003223419189453125,0.29805493354797363,1115790,ai08,success,
lenet_fmnist,FashionMNIST,1,0.01,44,300,4.0,raw_union_K20,raw_union,200,0.0,0.7187,0.8682,0.8682,0.8732,0.2742,-0.16415692821368943,0,1,[-0.16415692821368943],[0.7226043405676127],[0.8867612687813021],,0,[null],21.32412576675415,20.001760482788086,0.09542441368103027,0.736900806427002,0.0006923675537109375,0.299666166305542,1115842,ai08,success,
lenet_fmnist,FashionMNIST,1,0.01,42,300,4.0,warmup_only_labelled,warmup_only,100,0.0,0.1,0.8757,0.8757,0.8841,0.1,-0.794390651085142,0,1,[-0.794390651085142],[0.09988313856427379],[0.8942737896494157],,0,[null],28.194110870361328,20.430741548538208,0.0310821533203125,0.0,0.0,0.33580899238586426,1115842,ai08,success,
lenet_fmnist,FashionMNIST,1,0.01,43,300,4.0,warmup_only_labelled,warmup_only,100,0.0,0.1735,0.8858,0.8858,0.8868,0.1735,-0.7289816360601001,0,1,[-0.7289816360601001],[0.1736560934891486],[0.9026377295492487],,0,[null],28.046583890914917,20.633580684661865,0.03010272979736328,0.0,0.0,0.33268308639526367,1115910,ai08,success,
lenet_fmnist,FashionMNIST,1,0.01,44,300,4.0,warmup_only_labelled,warmup_only,100,0.0,0.1837,0.8754,0.8754,0.8785,0.1837,-0.7102504173622703,0,1,[-0.7102504173622703],[0.1827212020033389],[0.8929716193656093],,0,[null],28.33826494216919,20.83493447303772,0.031122207641601562,0.0,0.0,0.33278727531433105,1115965,ai08,success,
lenet_fmnist,FashionMNIST,1,0.05,44,300,4.0,dp_avg_eps2_K20,dp_avg,10,4.49268806737862,0.6928,0.871,0.871,0.883,0.1263,-0.19694490818030053,0,1,[-0.19694490818030053],[0.6937061769616026],[0.8906510851419032],,0,[null],21.388023138046265,20.146047353744507,0.05506134033203125,0.7080562114715576,0.0003044605255126953,0.2994101047515869,1115679,ai08,success,
lenet_fmnist,FashionMNIST,1,0.05,42,300,4.0,dp_avg_eps8_K20,dp_avg,10,1.121148989439649,0.69,0.875,0.875,0.8764,0.1005,-0.20063439065108513,0,1,[-0.20063439065108513],[0.697212020033389],[0.8978464106844741],,0,[null],21.25720524787903,20.009520053863525,0.05827927589416504,0.7044858932495117,0.0002987384796142578,0.3004946708679199,1115740,ai08,success,
lenet_fmnist,FashionMNIST,1,0.05,43,300,4.0,dp_avg_eps8_K20,dp_avg,10,1.1271583534196334,0.7176,0.8726,0.8726,0.8879,0.1001,-0.16869782971619363,0,1,[-0.16869782971619363],[0.7218864774624374],[0.890584307178631],,0,[null],21.217638731002808,19.960275173187256,0.0705411434173584,0.698383092880249,0.0002999305725097656,0.29909396171569824,1115790,ai08,success,
lenet_fmnist,FashionMNIST,1,0.05,44,300,4.0,dp_avg_eps8_K20,dp_avg,10,1.123172016844655,0.6827,0.8731,0.8731,0.8791,0.1345,-0.20594323873121867,0,1,[-0.20594323873121867],[0.6867278797996661],[0.8926711185308848],,0,[null],21.393024682998657,20.130091428756714,0.06819534301757812,0.7063136100769043,0.0003001689910888672,0.2996981143951416,1115842,ai08,success,
lenet_fmnist,FashionMNIST,1,0.05,42,300,4.0,labelled_probe_warmup,labelled,100,0.0,0.7106,0.8773,0.8773,0.8841,0.1,-0.17989983305509183,0,1,[-0.17989983305509183],[0.7194991652754591],[0.8993989983305509],,0,[null],21.422024965286255,20.190180778503418,0.04102778434753418,0.714942216873169,0.0003237724304199219,0.29751062393188477,1115679,ai08,success,
lenet_fmnist,FashionMNIST,1,0.05,43,300,4.0,labelled_probe_warmup,labelled,100,0.0,0.7412,0.8787,0.8787,0.8809,0.1735,-0.1479966611018364,0,1,[-0.1479966611018364],[0.747228714524207],[0.8952253756260434],,0,[null],21.2626633644104,20.001549005508423,0.04577898979187012,0.7364599704742432,0.0003211498260498047,0.29967379570007324,1115740,ai08,success,
lenet_fmnist,FashionMNIST,1,0.05,44,300,4.0,labelled_probe_warmup,labelled,100,0.0,0.677,0.871,0.871,0.8783,0.1837,-0.2074624373956594,0,1,[-0.2074624373956594],[0.6863439065108514],[0.8938063439065108],,0,[null],21.241779327392578,19.987048864364624,0.04567575454711914,0.7306010723114014,0.0002875328063964844,0.29984402656555176,1115790,ai08,success,
lenet_fmnist,FashionMNIST,1,0.05,42,300,4.0,no_phase0,none,0,0.0,0.7149,0.8763,0.8763,0.8834,0.1,-0.16963272120200334,0,1,[-0.16963272120200334],[0.7248580968280467],[0.89449081803005],,0,[null],21.208285093307495,20.000959157943726,0.02276754379272461,0.6973428726196289,0.00031185150146484375,0.29812049865722656,1115790,ai08,success,
lenet_fmnist,FashionMNIST,1,0.05,43,300,4.0,no_phase0,none,0,0.0,0.7179,0.886,0.886,0.8887,0.0368,-0.1769449081803005,0,1,[-0.1769449081803005],[0.7268614357262103],[0.9038063439065108],,0,[null],21.404102563858032,20.193726301193237,0.021686077117919922,0.7005488872528076,0.00030875205993652344,0.29888319969177246,1115842,ai08,success,
lenet_fmnist,FashionMNIST,1,0.05,44,300,4.0,no_phase0,none,0,0.0,0.6597,0.8684,0.8684,0.8779,0.0897,-0.21868113522537558,0,1,[-0.21868113522537558],[0.6688981636060101],[0.8875792988313856],,0,[null],21.48071002960205,20.243223428726196,0.02129387855529785,0.724574089050293,0.0003273487091064453,0.3005537986755371,1115910,ai08,success,
lenet_fmnist,FashionMNIST,1,0.05,42,300,4.0,raw_union_K20,raw_union,200,0.0,0.7139,0.8792,0.8792,0.8784,0.2979,-0.1743238731218698,0,1,[-0.1743238731218698],[0.7246076794657763],[0.8989315525876461],,0,[null],21.447431802749634,20.191404581069946,0.0742642879486084,0.7033734321594238,0.0002963542938232422,0.30054497718811035,1115842,ai08,success,
lenet_fmnist,FashionMNIST,1,0.05,43,300,4.0,raw_union_K20,raw_union,200,0.0,0.7481,0.8831,0.8831,0.8892,0.3837,-0.14589315525876467,0,1,[-0.14589315525876467],[0.7540233722871452],[0.8999165275459099],,0,[null],21.58028244972229,20.304322719573975,0.07458996772766113,0.7098054885864258,0.00032520294189453125,0.300065279006958,1115910,ai08,success,
lenet_fmnist,FashionMNIST,1,0.05,44,300,4.0,raw_union_K20,raw_union,200,0.0,0.7264,0.8714,0.8714,0.8762,0.2742,-0.16060100166944913,0,1,[-0.16060100166944913],[0.729432387312187],[0.8900333889816361],,0,[null],21.557724714279175,20.286889791488647,0.07589483261108398,0.7079370021820068,0.00030994415283203125,0.30046844482421875,1115965,ai08,success,
lenet_fmnist,FashionMNIST,1,0.05,42,300,4.0,warmup_only_labelled,warmup_only,100,0.0,0.1,0.867,0.867,0.8829,0.1,-0.788864774624374,0,1,[-0.788864774624374],[0.09988313856427379],[0.8887479131886478],,0,[null],20.776968717575073,20.24557590484619,0.02422165870666504,0.0,0.0,0.31544017791748047,1115965,ai08,success,
lenet_fmnist,FashionMNIST,1,0.1,42,300,4.0,dp_avg_eps2_K20,dp_avg,10,4.484595957758596,0.6944,0.8721,0.8721,0.8885,0.2336,-0.18355592654424047,0,1,[-0.18355592654424047],[0.7074290484140233],[0.8909849749582638],,0,[null],21.485460996627808,20.23190140724182,0.05522513389587402,0.710197925567627,0.00029778480529785156,0.3012254238128662,1115679,ai08,success,
lenet_fmnist,FashionMNIST,1,0.1,43,300,4.0,dp_avg_eps2_K20,dp_avg,10,4.508633413678534,0.6819,0.8714,0.8714,0.8753,0.1405,-0.20040066777963272,0,1,[-0.20040066777963272],[0.6889148580968281],[0.8893155258764608],,0,[null],21.2298481464386,19.998721599578857,0.049556732177734375,0.7014420032501221,0.0002994537353515625,0.30032944679260254,1115740,ai08,success,
lenet_fmnist,FashionMNIST,1,0.1,44,300,4.0,dp_avg_eps2_K20,dp_avg,10,4.49268806737862,0.7033,0.8766,0.8766,0.8772,0.1373,-0.1855258764607679,0,1,[-0.1855258764607679],[0.7148247078464107],[0.9003505843071786],,0,[null],21.22882890701294,19.995347261428833,0.05545163154602051,0.6964151859283447,0.00029277801513671875,0.29880499839782715,1115790,ai08,success,
lenet_fmnist,FashionMNIST,1,0.1,42,300,4.0,dp_avg_eps8_K20,dp_avg,10,1.121148989439649,0.6855,0.8799,0.8799,0.8861,0.1031,-0.19629382303839737,0,1,[-0.19629382303839737],[0.6993155258764607],[0.8956093489148581],,0,[null],21.415499210357666,20.17425274848938,0.05570721626281738,0.7063159942626953,0.0002949237823486328,0.3000621795654297,1115842,ai08,success,
lenet_fmnist,FashionMNIST,1,0.1,43,300,4.0,dp_avg_eps8_K20,dp_avg,10,1.1271583534196334,0.6802,0.8756,0.8756,0.8843,0.0999,-0.20545909849749577,0,1,[-0.20545909849749577],[0.6880801335559266],[0.8935392320534223],,0,[null],21.58856201171875,20.34079146385193,0.05665755271911621,0.7105023860931396,0.00029587745666503906,0.29991650581359863,1115910,ai08,success,
lenet_fmnist,FashionMNIST,1,0.1,44,300,4.0,dp_avg_eps8_K20,dp_avg,10,1.123172016844655,0.6703,0.8824,0.8824,0.8774,0.1071,-0.2178297161936561,0,1,[-0.2178297161936561],[0.6806677796327212],[0.8984974958263773],,0,[null],21.449543476104736,20.190381050109863,0.05642819404602051,0.7109365463256836,0.00029730796813964844,0.30108642578125,1115965,ai08,success,
lenet_fmnist,FashionMNIST,1,0.1,42,300,4.0,labelled_probe_warmup,labelled,100,0.0,0.6934,0.8626,0.8626,0.8874,0.1,-0.17866444073455756,0,1,[-0.17866444073455756],[0.7021035058430718],[0.8807679465776294],,0,[null],21.208873987197876,19.995384216308594,0.04193758964538574,0.6932559013366699,0.0003037452697753906,0.29816365242004395,1115790,ai08,success,
lenet_fmnist,FashionMNIST,1,0.1,43,300,4.0,labelled_probe_warmup,labelled,100,0.0,0.7078,0.8815,0.8815,0.8884,0.1735,-0.1849415692821369,0,1,[-0.1849415692821369],[0.7148247078464107],[0.8997662771285476],,0,[null],21.46613097190857,20.239595651626587,0.04134869575500488,0.7027029991149902,0.00030612945556640625,0.2998330593109131,1115842,ai08,success,
lenet_fmnist,FashionMNIST,1,0.1,44,300,4.0,labelled_probe_warmup,labelled,100,0.0,0.6368,0.8795,0.8795,0.8772,0.1837,-0.2553756260434057,0,1,[-0.2553756260434057],[0.6464941569282137],[0.9018697829716193],,0,[null],21.431077241897583,20.196135759353638,0.041097402572631836,0.7052173614501953,0.00031685829162597656,0.29897236824035645,1115910,ai08,success,
lenet_fmnist,FashionMNIST,1,0.1,42,300,4.0,no_phase0,none,0,0.0,0.655,0.8626,0.8626,0.8802,0.1,-0.2172120200333889,0,1,[-0.2172120200333889],[0.6609015025041737],[0.8781135225375626],,0,[null],21.50366735458374,20.248457670211792,0.02221202850341797,0.7401878833770752,0.0002980232238769531,0.3012268543243408,1115910,ai08,success,
lenet_fmnist,FashionMNIST,1,0.1,43,300,4.0,no_phase0,none,0,0.0,0.6702,0.8766,0.8766,0.8851,0.0368,-0.21621035058430715,0,1,[-0.21621035058430715],[0.6756928213689483],[0.8919031719532554],,0,[null],21.53552794456482,20.288415908813477,0.02221536636352539,0.7415025234222412,0.00031495094299316406,0.30229949951171875,1115965,ai08,success,
lenet_fmnist,FashionMNIST,1,0.1,42,300,4.0,raw_union_K20,raw_union,200,0.0,0.7097,0.8656,0.8656,0.8893,0.3619,-0.1631385642737897,0,1,[-0.1631385642737897],[0.7225041736227045],[0.8856427378964942],,0,[null],21.472524166107178,20.20775818824768,0.06895947456359863,0.706587553024292,0.0003142356872558594,0.30025315284729004,1115965,ai08,success,
lenet_fmnist,FashionMNIST,1,0.1,43,300,4.0,warmup_only_labelled,warmup_only,100,0.0,0.1735,0.884,0.884,0.8872,0.1735,-0.7255258764607679,0,1,[-0.7255258764607679],[0.1736560934891486],[0.8991819699499165],,0,[null],20.718217849731445,20.208738565444946,0.02555227279663086,0.0,0.0,0.2986307144165039,1115679,ai08,success,
lenet_fmnist,FashionMNIST,1,0.1,44,300,4.0,warmup_only_labelled,warmup_only,100,0.0,0.1837,0.8768,0.8768,0.8808,0.1837,-0.7134223706176961,0,1,[-0.7134223706176961],[0.1827212020033389],[0.8961435726210351],,0,[null],20.51446509361267,20.005191564559937,0.025510311126708984,0.0,0.0,0.29926562309265137,1115740,ai08,success,
lenet_fmnist,FashionMNIST,1,0.3,42,300,4.0,dp_avg_eps2_K20,dp_avg,10,4.484595957758596,0.6996,0.8692,0.8692,0.8734,0.2336,-0.17405676126878133,0,1,[-0.17405676126878133],[0.7106343906510851],[0.8846911519198665],,0,[null],21.265522003173828,20.035587310791016,0.050009965896606445,0.6995048522949219,0.00029969215393066406,0.299191951751709,1115790,ai08,success,
lenet_fmnist,FashionMNIST,1,0.3,43,300,4.0,dp_avg_eps2_K20,dp_avg,10,4.508633413678534,0.6725,0.8893,0.8893,0.8831,0.1405,-0.23131886477462438,0,1,[-0.23131886477462438],[0.6744073455759599],[0.9057262103505843],,0,[null],21.443617582321167,20.202226877212524,0.056566715240478516,0.7030737400054932,0.00029730796813964844,0.30410194396972656,1115842,ai08,success,
lenet_fmnist,FashionMNIST,1,0.3,44,300,4.0,dp_avg_eps2_K20,dp_avg,10,4.49268806737862,0.684,0.8822,0.8822,0.8832,0.1373,-0.21272120200333888,0,1,[-0.21272120200333888],[0.6901168614357263],[0.9028380634390651],,0,[null],21.643012523651123,20.39240288734436,0.05363273620605469,0.714958906173706,0.0003104209899902344,0.3017153739929199,1115910,ai08,success,
lenet_fmnist,FashionMNIST,1,0.3,42,300,4.0,dp_avg_eps8_K20,dp_avg,10,1.121148989439649,0.7235,0.8709,0.8709,0.8804,0.1031,-0.15534223706176964,0,1,[-0.15534223706176964],[0.7353756260434057],[0.8907178631051753],,0,[null],21.4063458442688,20.157349824905396,0.053014278411865234,0.7066538333892822,0.0003006458282470703,0.3008463382720947,1115965,ai08,success,
lenet_fmnist,FashionMNIST,1,0.3,42,300,4.0,labelled_probe_warmup,labelled,100,0.0,0.681,0.8735,0.8735,0.8859,0.1,-0.2017362270450752,0,1,[-0.2017362270450752],[0.690601001669449],[0.8923372287145243],,0,[null],21.620566606521606,20.377479791641235,0.04313826560974121,0.7083113193511963,0.00030732154846191406,0.30077648162841797,1115910,ai08,success,
lenet_fmnist,FashionMNIST,1,0.3,43,300,4.0,labelled_probe_warmup,labelled,100,0.0,0.6988,0.8753,0.8753,0.8881,0.1735,-0.18537562604340574,0,1,[-0.18537562604340574],[0.7093155258764607],[0.8946911519198665],,0,[null],21.53821635246277,20.29753565788269,0.040671348571777344,0.7086668014526367,0.00031065940856933594,0.30116772651672363,1115965,ai08,success,
lenet_fmnist,FashionMNIST,1,0.3,44,300,4.0,no_phase0,none,0,0.0,0.669,0.874,0.874,0.882,0.0897,-0.21290484140233723,0,1,[-0.21290484140233723],[0.6832888146911519],[0.8961936560934891],,0,[null],21.412595748901367,20.196155071258545,0.020590782165527344,0.708087682723999,0.00031185150146484375,0.30066728591918945,1115679,ai08,success,
lenet_fmnist,FashionMNIST,1,0.3,43,300,4.0,raw_union_K20,raw_union,200,0.0,0.7409,0.8786,0.8786,0.891,0.3589,-0.15166944908180302,0,1,[-0.15166944908180302],[0.7449582637729549],[0.896627712854758],,0,[null],21.504302263259888,20.227895975112915,0.08090567588806152,0.7151713371276855,0.00030875205993652344,0.30106306076049805,1115679,ai08,success,
lenet_fmnist,FashionMNIST,1,0.3,44,300,4.0,raw_union_K20,raw_union,200,0.0,0.7299,0.879,0.879,0.8825,0.2911,-0.16744574290484138,0,1,[-0.16744574290484138],[0.734457429048414],[0.9019031719532554],,0,[null],21.259474992752075,20.006829500198364,0.06928420066833496,0.7009611129760742,0.00030875205993652344,0.30068230628967285,1115740,ai08,success,
lenet_fmnist,FashionMNIST,1,0.3,42,300,4.0,warmup_only_labelled,warmup_only,100,0.0,0.1,0.872,0.872,0.883,0.1,-0.7948080133555927,0,1,[-0.7948080133555927],[0.09988313856427379],[0.8946911519198665],,0,[null],20.525712966918945,19.98510193824768,0.02394390106201172,0.0,0.0,0.3290581703186035,1115740,ai08,success,
lenet_fmnist,FashionMNIST,1,0.3,43,300,4.0,warmup_only_labelled,warmup_only,100,0.0,0.1735,0.8705,0.8705,0.8869,0.1735,-0.7171285475792989,0,1,[-0.7171285475792989],[0.1736560934891486],[0.8907846410684475],,0,[null],20.501948833465576,19.99232816696167,0.025713205337524414,0.0,0.0,0.29754137992858887,1115790,ai08,success,
lenet_fmnist,FashionMNIST,1,0.3,44,300,4.0,warmup_only_labelled,warmup_only,100,0.0,0.1837,0.8706,0.8706,0.8761,0.1837,-0.7074958263772955,0,1,[-0.7074958263772955],[0.1827212020033389],[0.8902170283806344],,0,[null],20.762959718704224,20.25760507583618,0.024563074111938477,0.0,0.0,0.2989966869354248,1115842,ai08,success,
lenet_fmnist,FashionMNIST,1,1.0,42,300,4.0,dp_avg_eps2_K20,dp_avg,10,4.484595957758596,0.6815,0.8699,0.8699,0.8807,0.2022,-0.2026878130217029,0,1,[-0.2026878130217029],[0.6893155258764607],[0.8920033388981636],,0,[null],21.54271936416626,20.299901962280273,0.052752017974853516,0.7094395160675049,0.0003123283386230469,0.3009612560272217,1115910,ai08,success,
lenet_fmnist,FashionMNIST,1,1.0,43,300,4.0,dp_avg_eps2_K20,dp_avg,10,4.508633413678534,0.6941,0.8855,0.8855,0.8902,0.0992,-0.20549248747913185,0,1,[-0.20549248747913185],[0.7007011686143573],[0.9061936560934891],,0,[null],21.536155700683594,20.282582759857178,0.05233573913574219,0.7095296382904053,0.0003159046173095703,0.3013114929199219,1115965,ai08,success,
lenet_fmnist,FashionMNIST,1,1.0,43,300,4.0,dp_avg_eps8_K20,dp_avg,10,1.1271583534196334,0.6861,0.8844,0.8844,0.8837,0.0999,-0.21455759599332225,0,1,[-0.21455759599332225],[0.6895993322203673],[0.9041569282136895],,0,[null],21.448896408081055,20.215282678604126,0.04975080490112305,0.7047371864318848,0.0003135204315185547,0.30140137672424316,1115679,ai08,success,
lenet_fmnist,FashionMNIST,1,1.0,44,300,4.0,dp_avg_eps8_K20,dp_avg,10,1.123172016844655,0.6921,0.8773,0.8773,0.8792,0.1313,-0.19549248747913184,0,1,[-0.19549248747913184],[0.7059265442404007],[0.9014190317195325],,0,[null],21.1406991481781,19.905503511428833,0.0495600700378418,0.7033381462097168,0.0003032684326171875,0.3005852699279785,1115740,ai08,success,
lenet_fmnist,FashionMNIST,1,1.0,44,300,4.0,labelled_probe_warmup,labelled,100,0.0,0.6874,0.8841,0.8841,0.8812,0.1837,-0.20989983305509186,0,1,[-0.20989983305509186],[0.6960434056761269],[0.9059432387312187],,0,[null],21.473949193954468,20.245022535324097,0.040712833404541016,0.7061362266540527,0.00030517578125,0.3003726005554199,1115679,ai08,success,
lenet_fmnist,FashionMNIST,1,1.0,42,300,4.0,no_phase0,none,0,0.0,0.6718,0.8828,0.8828,0.8875,0.1,-0.22262103505843067,0,1,[-0.22262103505843067],[0.6801502504173623],[0.902771285475793],,0,[null],21.441059350967407,20.198389291763306,0.020792007446289062,0.7349832057952881,0.00030493736267089844,0.30029964447021484,1115679,ai08,success,
lenet_fmnist,FashionMNIST,1,1.0,43,300,4.0,no_phase0,none,0,0.0,0.7054,0.8825,0.8825,0.8902,0.0368,-0.19293823038397329,0,1,[-0.19293823038397329],[0.7074457429048414],[0.9003839732888147],,0,[null],21.270394325256348,20.03427767753601,0.02051234245300293,0.7365875244140625,0.0003032684326171875,0.29922032356262207,1115740,ai08,success,
lenet_fmnist,FashionMNIST,1,1.0,44,300,4.0,no_phase0,none,0,0.0,0.7077,0.8834,0.8834,0.8715,0.0897,-0.19198664440734559,0,1,[-0.19198664440734559],[0.7136393989983305],[0.9056260434056761],,0,[null],21.216315507888794,19.991223335266113,0.020618915557861328,0.7287251949310303,0.0002923011779785156,0.29765915870666504,1115790,ai08,success,
lenet_fmnist,FashionMNIST,1,1.0,42,300,4.0,raw_union_K20,raw_union,200,0.0,0.7087,0.8764,0.8764,0.8841,0.289,-0.18462437395659437,0,1,[-0.18462437395659437],[0.7171118530884808],[0.9017362270450752],,0,[null],21.33184051513672,20.07120990753174,0.06894087791442871,0.7049820423126221,0.0003180503845214844,0.30033373832702637,1115740,ai08,success,
lenet_fmnist,FashionMNIST,1,1.0,43,300,4.0,raw_union_K20,raw_union,200,0.0,0.7392,0.8697,0.8697,0.8843,0.2296,-0.14527545909849748,0,1,[-0.14527545909849748],[0.7467445742904841],[0.8920200333889816],,0,[null],21.27880358695984,20.03201198577881,0.06756067276000977,0.6930897235870361,0.0002892017364501953,0.29991602897644043,1115790,ai08,success,
lenet_fmnist,FashionMNIST,1,1.0,44,300,4.0,raw_union_K20,raw_union,200,0.0,0.728,0.8842,0.8842,0.8839,0.2768,-0.1656427378964942,0,1,[-0.1656427378964942],[0.7403839732888147],[0.9060267111853089],,0,[null],21.38658094406128,20.136232137680054,0.06944894790649414,0.7036926746368408,0.00030112266540527344,0.2993943691253662,1115842,ai08,success,
lenet_fmnist,FashionMNIST,1,1.0,42,300,4.0,warmup_only_labelled,warmup_only,100,0.0,0.1,0.8831,0.8831,0.8809,0.1,-0.7986644407345576,0,1,[-0.7986644407345576],[0.09988313856427379],[0.8985475792988313],,0,[null],20.55957579612732,20.025591135025024,0.02480149269104004,0.0,0.0,0.31927943229675293,1115842,ai08,success,
lenet_fmnist,FashionMNIST,1,1.0,43,300,4.0,warmup_only_labelled,warmup_only,100,0.0,0.1735,0.8665,0.8665,0.8865,0.1735,-0.7129048414023372,0,1,[-0.7129048414023372],[0.1736560934891486],[0.8865609348914858],,0,[null],20.78660225868225,20.255260705947876,0.02458477020263672,0.0,0.0,0.3149681091308594,1115910,ai08,success,
lenet_fmnist,FashionMNIST,1,1.0,44,300,4.0,warmup_only_labelled,warmup_only,100,0.0,0.1837,0.877,0.877,0.8748,0.1837,-0.7142904841402338,0,1,[-0.7142904841402338],[0.1827212020033389],[0.8970116861435726],,0,[null],20.76489567756653,20.228028774261475,0.02459573745727539,0.0,0.0,0.32109880447387695,1115965,ai08,success,
lenet_fmnist,FashionMNIST,20,0.01,42,300,4.0,dp_avg_eps2_K20,dp_avg,0,0.0,,0.11335000000000002,0.2079,0.8844,,,,,[],[],[],,,[],20.593482732772827,20.390705585479736,0.0,0.0,0.0,0.0,1115790,ai08,FAIL,"RuntimeError: cannot reshape tensor of 0 elements into shape [0, -1] because the unspecified dimension size -1 can be any value and is ambiguous"
lenet_fmnist,FashionMNIST,20,0.01,43,300,4.0,dp_avg_eps2_K20,dp_avg,0,0.0,,0.11448500000000002,0.1997,0.8893,,,,,[],[],[],,,[],20.806743383407593,20.597326278686523,0.0,0.0,0.0,0.0,1115842,ai08,FAIL,"RuntimeError: cannot reshape tensor of 0 elements into shape [0, -1] because the unspecified dimension size -1 can be any value and is ambiguous"
lenet_fmnist,FashionMNIST,20,0.01,44,300,4.0,dp_avg_eps2_K20,dp_avg,0,0.0,,0.15246,0.3644,0.8741,,,,,[],[],[],,,[],21.074026346206665,20.863309860229492,0.0,0.0,0.0,0.0,1115910,ai08,FAIL,"RuntimeError: cannot reshape tensor of 0 elements into shape [0, -1] because the unspecified dimension size -1 can be any value and is ambiguous"
lenet_fmnist,FashionMNIST,20,0.01,42,300,4.0,dp_avg_eps8_K20,dp_avg,0,0.0,,0.11869500000000002,0.2127,0.8817,,,,,[],[],[],,,[],20.83467197418213,20.633815050125122,0.0,0.0,0.0,0.0,1115965,ai08,FAIL,"RuntimeError: cannot reshape tensor of 0 elements into shape [0, -1] because the unspecified dimension size -1 can be any value and is ambiguous"
lenet_fmnist,FashionMNIST,20,0.01,42,300,4.0,labelled_probe_warmup,labelled,100,0.0,0.1,0.11755,0.2035,0.8794,0.1,-0.7890816074194877,0,15,"[null, null, null, -1.0, -1.0, -0.9989633399302611, null, -1.0, -1.0, -0.9996410624551328, null, -0.9625481274063703, -0.9642943694967283, 0.0, -1.0, -0.9748110831234257, -0.9987720016373312, 0.0, -0.9371941272430668, 0.0]","[null, null, null, 0.0, 0.0, 0.0, null, 0.0, 0.0, 0.0, null, 0.0022751137556877845, 0.0, 1.0, 0.0, 0.0, 0.0, 0.0, 0.0, 0.8857142857142857]","[null, null, null, 1.0, 1.0, 0.9989633399302611, null, 1.0, 1.0, 0.9996410624551328, null, 0.9648232411620581, 0.9642943694967283, 1.0, 1.0, 0.9748110831234257, 0.9987720016373312, 0.0, 0.9371941272430668, 0.8857142857142857]",0.09920634920634921,20,"[0.1, 0.1, 0.1, 0.1111111111111111, 0.1111111111111111, 0.125, 0.1, 0.1111111111111111, 0.1111111111111111, 0.14285714285714285, 0.1, 0.0, 0.14285714285714285, 0.0, 0.1111111111111111, 0.14285714285714285, 0.125, 0.125, 0.125, 0.0]",31.776378631591797,20.775217294692993,0.040032386779785156,10.142050743103027,0.003195524215698242,0.6344308853149414,1115910,ai08,success,
lenet_fmnist,FashionMNIST,20,0.01,43,300,4.0,labelled_probe_warmup,labelled,100,0.0,0.1,0.11450000000000002,0.1999,0.8914,0.1735,-0.8532864149830939,0,14,"[null, null, null, -0.9999164578111946, null, -1.0, null, 0.0, -1.0, null, -1.0, -1.0, -1.0, -1.0, -0.9996661101836394, -0.999833138661772, 0.0, -0.9904394190108475, -0.9978213507625272, -0.9583333333333334]","[null, null, null, 0.0, null, 0.0, null, 0.9998330272165638, 0.0, null, 0.0, 0.0, 0.0, 0.0, 0.0, 0.0, 0.0, 9.192866335723479e-05, 0.0, 0.0]","[null, null, null, 0.9999164578111946, null, 1.0, null, 0.9998330272165638, 1.0, null, 1.0, 1.0, 1.0, 1.0, 0.9996661101836394, 0.999833138661772, 0.0, 0.9905313476742048, 0.9978213507625272, 0.9583333333333334]",0.10083333333333333,20,"[0.1, 0.1, 0.1, 0.125, 0.1, 0.1111111111111111, 0.1, 0.0, 0.1111111111111111, 0.1, 0.1111111111111111, 0.1111111111111111, 0.1111111111111111, 0.1111111111111111, 0.125, 0.125, 0.125, 0.0, 0.125, 0.125]",30.771284103393555,20.548940181732178,0.04018878936767578,9.364673852920532,0.003264904022216797,0.6320827007293701,1115965,ai08,success,
lenet_fmnist,FashionMNIST,20,0.01,44,300,4.0,no_phase0,none,0,0.0,0.1096,0.15280500000000002,0.3674,0.8826,0.0897,-0.8855452453249834,0,17,"[-0.5160315133748625, -0.985711564107449, -0.9090909090909091, null, -0.43166089965397925, -1.0, -1.0, -0.9869565217391304, -1.0, -0.7894269213682807, -1.0, null, -0.9819004524886877, -1.0, -0.9850953206239168, -1.0, null, -0.7, -0.7692307692307693, -0.9991642988467324]","[0.46876145108098205, 0.0010478186321204038, 0.0, null, 0.0005190311418685121, 0.0, 0.0, 0.0014492753623188406, 0.0, 0.21057307863171923, 0.0, null, 0.0, 0.0, 0.0, 0.0, null, 0.0, 0.0, 0.00016714023065351831]","[0.9847929644558446, 0.9867593827395694, 0.9090909090909091, null, 0.43217993079584777, 1.0, 1.0, 0.9884057971014493, 1.0, 1.0, 1.0, null, 0.9819004524886877, 1.0, 0.9850953206239168, 1.0, null, 0.7, 0.7692307692307693, 0.999331439077386]",0.11881242063492062,20,"[0.013571428571428571, 0.2, 0.136875, 0.1096, 0.136875, 0.12177777777777778, 0.12177777777777778, 0.136875, 0.12177777777777778, 0.000125, 0.12177777777777778, 0.1096, 0.15642857142857142, 0.15657142857142858, 0.15657142857142858, 0.12177777777777778, 0.1096, 0.143, 0.18266666666666667, 0.019]",33.10267663002014,20.789613723754883,0.02108025550842285,11.49382209777832,0.0033750534057617188,0.6190214157104492,1115679,ai08,success,
lenet_fmnist,FashionMNIST,20,0.01,43,300,4.0,raw_union_K20,raw_union,300,0.0,0.1,0.11448000000000003,0.1999,0.8824,0.2377,-0.8532667159838031,0,14,"[null, null, null, -0.9999164578111946, null, -1.0, null, 0.0, -1.0, null, -1.0, -1.0, -1.0, -1.0, -0.9996661101836394, -0.999833138661772, 0.0, -0.9901636330207758, -0.9978213507625272, -0.9583333333333334]","[null, null, null, 0.0, null, 0.0, null, 0.9998330272165638, 0.0, null, 0.0, 0.0, 0.0, 0.0, 0.0, 0.0, 0.0, 9.192866335723479e-05, 0.0, 0.0]","[null, null, null, 0.9999164578111946, null, 1.0, null, 0.9998330272165638, 1.0, null, 1.0, 1.0, 1.0, 1.0, 0.9996661101836394, 0.999833138661772, 0.0, 0.9902555616841331, 0.9978213507625272, 0.9583333333333334]",0.10083333333333333,20,"[0.1, 0.1, 0.1, 0.125, 0.1, 0.1111111111111111, 0.1, 0.0, 0.1111111111111111, 0.1, 0.1111111111111111, 0.1111111111111111, 0.1111111111111111, 0.1111111111111111, 0.125, 0.125, 0.125, 0.0, 0.125, 0.125]",31.117911100387573,20.749978065490723,0.07727241516113281,9.472563028335571,0.0034003257751464844,0.6352362632751465,1115679,ai08,success,
lenet_fmnist,FashionMNIST,20,0.01,44,300,4.0,raw_union_K20,raw_union,608,0.0,0.5099,0.153535,0.3672,0.8786,0.4872,-0.39973402289978244,2,17,"[-0.15436057163796257, -0.4498952181367879, 0.0, null, 0.046539792387543355, -0.4375, -1.0, -0.09275362318840574, -1.0, -0.22301199466903598, -0.28078817733990147, null, -0.8653846153846153, -0.7519598620257134, -0.15771230502599654, -0.4530658591975776, null, 0.10000000000000009, -0.07692307692307698, -0.998662878154772]","[0.8332722609014291, 0.5372451895599162, 0.9090909090909091, null, 0.6157439446366783, 0.5625, 0.0, 0.8956521739130435, 0.0, 0.776988005330964, 0.7192118226600985, null, 0.1165158371040724, 0.24804013797428662, 0.8277296360485269, 0.5469341408024224, null, 0.8, 0.6923076923076923, 0.0006685609226140733]","[0.9876328325393917, 0.9871404076967041, 0.9090909090909091, null, 0.5692041522491349, 1.0, 1.0, 0.9884057971014493, 1.0, 1.0, 1.0, null, 0.9819004524886877, 1.0, 0.9854419410745234, 1.0, null, 0.7, 0.7692307692307693, 0.999331439077386]",0.5065143650793651,20,"[0.36314285714285716, 0.489, 0.525125, 0.5099, 0.495375, 0.5056666666666667, 0.5665555555555556, 0.495375, 0.5665555555555556, 0.425125, 0.48733333333333334, 0.5099, 0.563, 0.551, 0.5098571428571429, 0.5056666666666667, 0.5099, 0.5191428571428571, 0.6876666666666666, 0.345]",33.19619941711426,20.842164993286133,0.11506056785583496,11.442130088806152,0.0032677650451660156,0.6092958450317383,1115740,ai08,success,
lenet_fmnist,FashionMNIST,20,0.01,42,300,4.0,warmup_only_labelled,warmup_only,100,0.0,0.1,0.12196,0.1996,0.8813,0.1,-0.8813732239375599,0,15,"[null, null, null, -1.0, -1.0, -0.9989633399302611, null, -1.0, -1.0, -0.9996410624551328, null, -0.9317465873293664, -0.9624363841990468, -1.0, 0.0, -0.9748110831234257, -0.9987720016373312, -0.5819137545020929, -0.9151712887438825, -0.8571428571428571]","[null, null, null, 0.0, 0.0, 0.0, null, 0.0, 0.0, 0.0, null, 0.033076653832691635, 0.0, 0.0, 1.0, 0.0, 0.0, 0.41652876472306044, 0.0, 0.02857142857142857]","[null, null, null, 1.0, 1.0, 0.9989633399302611, null, 1.0, 1.0, 0.9996410624551328, null, 0.9648232411620581, 0.9624363841990468, 1.0, 1.0, 0.9748110831234257, 0.9987720016373312, 0.9984425192251534, 0.9151712887438825, 0.8857142857142857]",0.09295634920634921,20,"[0.1, 0.1, 0.1, 0.1111111111111111, 0.1111111111111111, 0.125, 0.1, 0.1111111111111111, 0.1111111111111111, 0.14285714285714285, 0.1, 0.0, 0.14285714285714285, 0.1111111111111111, 0.0, 0.14285714285714285, 0.125, 0.0, 0.125, 0.0]",21.54390239715576,20.704036951065063,0.02495288848876953,0.0,0.0,0.6179373264312744,1115740,ai08,success,
lenet_fmnist,FashionMNIST,20,0.01,43,300,4.0,warmup_only_labelled,warmup_only,100,0.0,0.1735,0.11450500000000004,0.1999,0.8877,0.1735,-0.8331913196127455,0,14,"[null, null, null, -0.5018379281537176, null, -1.0, null, -0.9998330272165638, -1.0, null, -1.0, -1.0, -1.0, -1.0, -0.2585976627712855, -0.9996662773235441, 0.0, -0.9902555616841331, -0.9978213507625272, -0.9166666666666667]","[null, null, null, 0.4979114452798663, null, 0.0, null, 0.0, 0.0, null, 0.0, 0.0, 0.0, 0.0, 0.7410684474123539, 0.0001668613382279326, 0.0, 9.192866335723479e-05, 0.0, 0.041666666666666664]","[null, null, null, 0.9997493734335839, null, 1.0, null, 0.9998330272165638, 1.0, null, 1.0, 1.0, 1.0, 1.0, 0.9996661101836394, 0.999833138661772, 0.0, 0.9903474903474904, 0.9978213507625272, 0.9583333333333334]",0.17231527777777778,20,"[0.1735, 0.1735, 0.1735, 0.092125, 0.1735, 0.19277777777777777, 0.1735, 0.216875, 0.19277777777777777, 0.1735, 0.19277777777777777, 0.19277777777777777, 0.19266666666666668, 0.19277777777777777, 0.000125, 0.124875, 0.216875, 0.289, 0.216875, 0.092]",21.230669021606445,20.39088225364685,0.023768186569213867,0.0,0.0,0.6323213577270508,1115790,ai08,success,
lenet_fmnist,FashionMNIST,20,0.01,44,300,4.0,warmup_only_labelled,warmup_only,100,0.0,0.1837,0.153275,0.3643,0.875,0.1837,-0.6671400645773988,1,17,"[-0.9847929644558446, -0.9046485044770433, -0.8181818181818181, null, 0.06366782006920416, -0.38749999999999996, -0.06779661016949157, -0.863768115942029, -0.026804484933426798, -0.9994076706648897, -1.0, null, -0.9745475113122172, -0.997804954531201, -0.6818024263431544, -0.42959878879636637, null, -0.49999999999999994, -0.7692307692307693, -0.9991642988467324]","[0.00036643459142543056, 0.08134882834825681, 0.09090909090909091, null, 0.06366782006920416, 0.6125, 0.9322033898305084, 0.1246376811594203, 0.9731955150665732, 0.0005923293351103214, 0.0, null, 0.007352941176470588, 0.0021950454687989967, 0.30363951473136913, 0.5704012112036336, null, 0.2, 0.0, 0.00016714023065351831]","[0.98515939904727, 0.9859973328253001, 0.9090909090909091, null, 0.0, 1.0, 1.0, 0.9884057971014493, 1.0, 1.0, 1.0, null, 0.9819004524886877, 1.0, 0.9854419410745234, 1.0, null, 0.7, 0.7692307692307693, 0.999331439077386]",0.1812293253968254,20,"[0.247, 0.3102, 0.216125, 0.1837, 0.216125, 0.13944444444444445, 0.09644444444444444, 0.216125, 0.09644444444444444, 0.229375, 0.2041111111111111, 0.1837, 0.24671428571428572, 0.2372857142857143, 0.016, 0.13944444444444445, 0.1837, 0.12371428571428572, 0.14433333333333334, 0.1946]",21.518715143203735,20.701128244400024,0.023630857467651367,0.0,0.0,0.6092636585235596,1115842,ai08,success,
lenet_fmnist,FashionMNIST,20,0.05,42,300,4.0,dp_avg_eps2_K20,dp_avg,10,4.484595957758596,0.434,0.24045,0.4556,0.8817,0.1494,-0.5395570447193598,0,20,"[-0.8857142857142857, -0.7793778801843319, -0.3672428449985832, -0.6589047003018542, -0.6115702479338843, -0.6690647482014389, -0.3865836791147994, -0.6942063764141241, -0.5256924546322828, -0.45549057829759587, -0.3452054794520548, -0.26967315795467484, -0.9993857493857494, -0.4674711437565582, -0.14601533250133714, -0.27961707219784604, -0.6369488252333442, -0.2580275229357798, -0.9143835616438356, -0.44056525353283454]","[0.04642857142857143, 0.12903225806451613, 0.6234060640408048, 0.32384648555411816, 0.24793388429752067, 0.30935251798561153, 0.6134163208852006, 0.2920809050394241, 0.4708691499522445, 0.5341130604288499, 0.5972602739726027, 0.7237216717913677, 0.00020475020475020476, 0.5186253934942288, 0.8502406846140131, 0.30993218986836857, 0.3220148052784036, 0.676605504587156, 0.04452054794520548, 0.4796342477140482]","[0.9321428571428572, 0.908410138248848, 0.990648909039388, 0.9827511858559724, 0.859504132231405, 0.9784172661870504, 1.0, 0.9862872814535482, 0.9965616045845272, 0.9896036387264457, 0.9424657534246575, 0.9933948297460425, 0.9995904995904996, 0.9860965372507869, 0.9962560171153503, 0.5895492620662146, 0.9589636305117477, 0.9346330275229358, 0.958904109589041, 0.9201995012468828]",0.3941934523809524,20,"[0.39, 0.3878333333333333, 0.331, 0.3878333333333333, 0.4166666666666667, 0.32816666666666666, 0.39375, 0.498, 0.41814285714285715, 0.23666666666666666, 0.38616666666666666, 0.19475, 0.5405714285714286, 0.3888, 0.31683333333333336, 0.5015714285714286, 0.3522, 0.3606666666666667, 0.42025, 0.634]",35.316258907318115,20.96323585510254,0.07061243057250977,13.548894882202148,0.003281116485595703,0.5517721176147461,1115910,ai08,success,
lenet_fmnist,FashionMNIST,20,0.05,43,300,4.0,dp_avg_eps2_K20,dp_avg,10,4.508633413678534,0.1971,0.1767,0.3129,0.8847,0.0984,-0.6817863602098686,1,20,"[-0.7083333333333334, -1.0, -0.46, -0.530923267765373, 0.1030927835051546, -0.9810979618671927, -1.0, -0.994988306047444, -0.9551681195516812, -0.9535237451411188, -0.9633883704235463, -1.0, -0.028206258263552164, 0.0, -0.9088490728425005, -0.6592465753424658, -0.9091288036681952, -0.7185242518059856, -0.964824120603015, -0.002617801047120394]","[0.041666666666666664, 0.0, 0.0, 0.4597731702994861, 0.6907216494845361, 0.01873767258382643, 0.0, 0.001503508185766789, 0.0012453300124533001, 0.002028054757478452, 0.010768126346015794, 0.0, 0.9669457910973998, 0.8152866242038217, 0.07855410374775057, 0.0, 0.07753230512713631, 0.27347781217750256, 0.01148600143575018, 0.9463350785340314]","[0.75, 1.0, 0.46, 0.9906964380648591, 0.5876288659793815, 0.9998356344510191, 1.0, 0.9964918142332109, 0.9564134495641345, 0.9555517998985973, 0.9741564967695621, 1.0, 0.9951520493609519, 0.8152866242038217, 0.9874031765902511, 0.6592465753424658, 0.9866611087953314, 0.9920020639834881, 0.9763101220387652, 0.9489528795811518]",0.13994714285714288,20,"[0.166, 0.219, 0.3285, 0.0013333333333333333, 0.16466666666666666, 0.1245, 0.219, 0.1625, 0.16383333333333333, 0.0, 0.14114285714285715, 0.219, 0.0013333333333333333, 0.0016, 0.1966, 0.3285, 0.0, 0.1976, 0.16383333333333333, 0.0]",34.931612730026245,20.729926109313965,0.06603789329528809,13.39375901222229,0.003267526626586914,0.5611953735351562,1115965,ai08,success,
lenet_fmnist,FashionMNIST,20,0.05,43,300,4.0,dp_avg_eps8_K20,dp_avg,10,1.1271583534196334,0.2113,0.17709500000000003,0.3142,0.8899,0.0995,-0.6719955883800347,2,20,"[-0.7083333333333334, -1.0, -0.46, -0.5320751373382953, 0.11340206185567003, -0.9812623274161736, -1.0, -0.994988306047444, -0.9526774595267746, -0.9438904850430961, -0.9325197415649676, -1.0, -0.026884089907448172, -0.006369426751592355, -0.9100226899303654, -0.6455479452054795, -0.8803668195081285, -0.6435758513931888, -0.9361091170136396, 0.0013089005235602524]","[0.041666666666666664, 0.0, 0.0, 0.45897572213361687, 0.7010309278350515, 0.018573307034845495, 0.0, 0.001503508185766789, 0.0037359900373599006, 0.013858374176102755, 0.0416367552045944, 0.0, 0.9682679594535037, 0.8089171974522293, 0.07863234488694155, 0.0136986301369863, 0.106294289287203, 0.3480392156862745, 0.04020100502512563, 0.9502617801047121]","[0.75, 1.0, 0.46, 0.9910508594719121, 0.5876288659793815, 0.9998356344510191, 1.0, 0.9964918142332109, 0.9564134495641345, 0.957748859219199, 0.9741564967695621, 1.0, 0.9951520493609519, 0.8152866242038217, 0.988655034817307, 0.6592465753424658, 0.9866611087953314, 0.9916150670794633, 0.9763101220387652, 0.9489528795811518]",0.15314509920634922,20,"[0.18916666666666668, 0.23477777777777778, 0.346, 0.025166666666666667, 0.17016666666666666, 0.141875, 0.23066666666666666, 0.16916666666666666, 0.182, 0.0, 0.14057142857142857, 0.23477777777777778, 0.025166666666666667, 0.0228, 0.2184, 0.346, 0.0, 0.2042, 0.182, 0.0]",35.21564793586731,20.898829221725464,0.06831550598144531,13.51268482208252,0.0032906532287597656,0.5562376976013184,1115679,ai08,success,
lenet_fmnist,FashionMNIST,20,0.05,44,300,4.0,dp_avg_eps8_K20,dp_avg,10,1.123172016844655,0.4016,0.24735499999999994,0.5128,0.8734,0.2345,-0.5417797994663343,1,20,"[-0.4862375260445224, -0.55457373988799, -0.9830508474576272, -0.1072449952335558, -0.6053811659192825, -0.9983193277310924, -0.23030620256477363, -0.969811320754717, -0.063220675944334, -0.3785701291613607, -0.5523889354568315, -0.4838570813603099, -0.7445141065830722, -0.7066694987255735, -0.6758260869565218, -0.980115990057995, 0.050724637681159424, -0.27712137486573585, -0.9224449556358856, -0.16666666666666674]","[0.49018532733852394, 0.3839452395768513, 0.00847457627118644, 0.8779790276453765, 0.3251121076233184, 0.0, 0.7019104946349123, 0.011320754716981131, 0.9009940357852882, 0.6081498999454248, 0.4350377200335289, 0.5118381403357727, 0.23779668607254814, 0.2740016992353441, 0.31965217391304346, 0.01284175642087821, 0.5797101449275363, 0.5880773361976369, 0.07048964837331581, 0.4444444444444444]","[0.9764228533830464, 0.9385189794648413, 0.9915254237288136, 0.9852240228789323, 0.9304932735426009, 0.9983193277310924, 0.9322166971996859, 0.9811320754716981, 0.9642147117296223, 0.9867200291067855, 0.9874266554903605, 0.9956952216960826, 0.9823107926556203, 0.9806711979609176, 0.9954782608695653, 0.9929577464788732, 0.5289855072463768, 0.8651987110633728, 0.9929346040092014, 0.6111111111111112]",0.39756672619047617,20,"[0.126, 0.19966666666666666, 0.4645, 0.30775, 0.3965714285714286, 0.502, 0.3465, 0.403625, 0.3352, 0.304, 0.5114285714285715, 0.27985714285714286, 0.54075, 0.4372, 0.31133333333333335, 0.4642857142857143, 0.491, 0.237, 0.36466666666666664, 0.928]",35.24455165863037,20.91894292831421,0.07162046432495117,13.519441366195679,0.0032434463500976562,0.54850172996521,1115740,ai08,success,
lenet_fmnist,FashionMNIST,20,0.05,44,300,4.0,labelled_probe_warmup,labelled,100,0.0,0.3973,0.242,0.4908,0.873,0.1837,-0.5491725334396879,0,20,"[-0.5350367364842636, -0.5319228375855631, -0.9830508474576272, -0.11248808388941844, -0.5201793721973094, -0.9983193277310924, -0.2855273488615545, -0.9622641509433962, -0.026640159045725587, -0.4311442605057304, -0.37049455155071254, -0.693069306930693, -0.8665472458575907, -0.5486406117247239, -0.6212173913043478, -0.980115990057995, 0.0, -0.23684210526315785, -0.8910614525139665, -0.38888888888888895]","[0.4406184888693936, 0.4118232731798382, 0.00847457627118644, 0.8727359389895138, 0.4103139013452915, 0.0, 0.6260141324260665, 0.018867924528301886, 0.927634194831014, 0.555393851191559, 0.6169321039396479, 0.3026259147653896, 0.11106135244066279, 0.43054375531011047, 0.37321739130434783, 0.012013256006628004, 0.5289855072463768, 0.6009667024704619, 0.1020374630299047, 0.2222222222222222]","[0.9756552253536572, 0.9437461107654014, 0.9915254237288136, 0.9852240228789323, 0.9304932735426009, 0.9983193277310924, 0.911541481287621, 0.9811320754716981, 0.9542743538767395, 0.9865381116972894, 0.9874266554903605, 0.9956952216960826, 0.9776085982982534, 0.9791843670348344, 0.9944347826086957, 0.992129246064623, 0.5289855072463768, 0.8378088077336198, 0.9930989155438712, 0.6111111111111112]",0.3897373214285714,20,"[0.1136, 0.16933333333333334, 0.433125, 0.24225, 0.36457142857142855, 0.496625, 0.3545, 0.382875, 0.4068, 0.36925, 0.48, 0.2985714285714286, 0.609, 0.3884, 0.2638333333333333, 0.4714285714285714, 0.478, 0.22825, 0.30333333333333334, 0.941]",35.10285210609436,20.827380180358887,0.04030036926269531,13.512290239334106,0.003404378890991211,0.5383617877960205,1115679,ai08,success,
lenet_fmnist,FashionMNIST,20,0.05,42,300,4.0,no_phase0,none,0,0.0,0.3233,0.241705,0.4831,0.8804,0.1,-0.6412230754449154,0,20,"[-0.8857142857142857, -0.7943548387096774, -0.6729951827713234, -0.9008193186718414, -0.8512396694214877, -0.6079136690647482, -0.4253112033195021, -0.9859444634898868, -0.7104106972301814, -0.815464587394412, -0.4164383561643836, -0.533993850358729, -0.9993857493857494, -0.46301154249737675, -0.16669638081654492, -0.4662943757479059, -0.5653363373028646, -0.21674311926605505, -0.9182974559686888, -0.42809642560266]","[0.04642857142857143, 0.11347926267281105, 0.3176537262680646, 0.08796895213454076, 0.008264462809917356, 0.37050359712230213, 0.5746887966804979, 0.00034281796366129587, 0.286341929321872, 0.17413905133203378, 0.5260273972602739, 0.4617925065482291, 0.00020475020475020476, 0.522822665267576, 0.8299162060973435, 0.12325488631830873, 0.39169616993884776, 0.7178899082568807, 0.04044357469015003, 0.4921030756442228]","[0.9321428571428572, 0.9078341013824884, 0.990648909039388, 0.9887882708063821, 0.859504132231405, 0.9784172661870504, 1.0, 0.9862872814535482, 0.9967526265520534, 0.9896036387264457, 0.9424657534246575, 0.9957863569069582, 0.9995904995904996, 0.9858342077649528, 0.9966125869138884, 0.5895492620662146, 0.9570325072417123, 0.9346330275229358, 0.9587410306588389, 0.9201995012468828]",0.2709485714285714,20,"[0.23957142857142857, 0.26033333333333336, 0.208, 0.26033333333333336, 0.26166666666666666, 0.21283333333333335, 0.25875, 0.3787142857142857, 0.36257142857142854, 0.21166666666666667, 0.24266666666666667, 0.0285, 0.3787142857142857, 0.1976, 0.23066666666666666, 0.42, 0.1748, 0.16483333333333333, 0.34575, 0.581]",35.165910482406616,20.858224868774414,0.020673751831054688,13.560067892074585,0.003228425979614258,0.5501813888549805,1115679,ai08,success,
lenet_fmnist,FashionMNIST,20,0.05,43,300,4.0,no_phase0,none,0,0.0,0.1967,0.17698500000000003,0.3178,0.8874,0.0368,-0.6801561335659014,2,20,"[-0.7083333333333334, -1.0, -0.46, -0.5341130604288499, 0.11340206185567003, -0.9810979618671927, -1.0, -0.994988306047444, -0.9551681195516812, -0.9494676356261619, -0.9641062455132806, -1.0, -0.018069634200088114, 0.0, -0.9109615836006572, -0.6575342465753424, -0.9082951229679033, -0.7227812177502579, -0.9633883704235463, 0.011780104712041939]","[0.041666666666666664, 0.0, 0.0, 0.45702640439482545, 0.7010309278350515, 0.01873767258382643, 0.0, 0.001503508185766789, 0.0012453300124533001, 0.001014027378739226, 0.010050251256281407, 0.0, 0.9770824151608638, 0.8152866242038217, 0.07816289805179563, 0.0, 0.0783659858274281, 0.26947884416924667, 0.012921751615218953, 0.9607329842931938]","[0.75, 1.0, 0.46, 0.9911394648236753, 0.5876288659793815, 0.9998356344510191, 1.0, 0.9964918142332109, 0.9564134495641345, 0.9504816630049011, 0.9741564967695621, 1.0, 0.9951520493609519, 0.8152866242038217, 0.9891244816524528, 0.6575342465753424, 0.9866611087953314, 0.9922600619195047, 0.9763101220387652, 0.9489528795811518]",0.13937069444444444,20,"[0.1635, 0.21855555555555556, 0.32766666666666666, 0.00016666666666666666, 0.1635, 0.122625, 0.21844444444444444, 0.1645, 0.16433333333333333, 0.0, 0.14, 0.21855555555555556, 0.00016666666666666666, 0.0, 0.1972, 0.32766666666666666, 0.0, 0.1962, 0.16433333333333333, 0.0]",34.961902141571045,20.770747661590576,0.020430326461791992,13.438271045684814,0.0032196044921875,0.5499444007873535,1115740,ai08,success,
lenet_fmnist,FashionMNIST,20,0.05,44,300,4.0,no_phase0,none,0,0.0,0.3905,0.246395,0.5046,0.8828,0.0897,-0.5513156736176114,1,20,"[-0.7386774865665094, -0.5148724331051648, -0.9661016949152542, -0.21973307912297424, -0.5493273542600897, -0.9983193277310924, -0.19392829102329234, -0.9622641509433962, -0.044930417495029906, -0.31162452246680006, -0.9874266554903605, -0.40249677141627205, -0.6459919390953874, -0.5703058623619371, -0.6351304347826087, -0.987986743993372, 0.1594202898550724, -0.30504833512352314, -0.9293460400920145, -0.22222222222222227]","[0.2371970610812589, 0.4215308027380212, 0.025423728813559324, 0.765490943755958, 0.3811659192825112, 0.0, 0.7385501177702172, 0.018867924528301886, 0.9168986083499006, 0.6738220847735128, 0.0, 0.5931984502798106, 0.3365427675772503, 0.4103653355989805, 0.3586086956521739, 0.004971002485501243, 0.6884057971014492, 0.5950590762620838, 0.06424581005586592, 0.3888888888888889]","[0.9758745476477684, 0.9364032358431861, 0.9915254237288136, 0.9852240228789323, 0.9304932735426009, 0.9983193277310924, 0.9324784087935095, 0.9811320754716981, 0.9618290258449305, 0.9854466072403129, 0.9874266554903605, 0.9956952216960826, 0.9825347066726378, 0.9806711979609176, 0.9937391304347826, 0.9929577464788732, 0.5289855072463768, 0.9001074113856069, 0.9935918501478804, 0.6111111111111112]",0.39217029761904765,20,"[0.1898, 0.22766666666666666, 0.428375, 0.294, 0.36914285714285716, 0.488125, 0.40825, 0.369375, 0.2644, 0.35525, 0.5577142857142857, 0.23442857142857143, 0.4485, 0.4514, 0.2758333333333333, 0.49042857142857144, 0.4938, 0.21425, 0.38966666666666666, 0.893]",34.70628476142883,20.631475687026978,0.02061176300048828,13.338340997695923,0.0031621456146240234,0.5389721393585205,1115790,ai08,success,
lenet_fmnist,FashionMNIST,20,0.05,42,300,4.0,raw_union_K20,raw_union,1286,0.0,0.7234,0.24196499999999999,0.4997,0.877,0.7057,-0.2342898379060967,1,20,"[-0.7857142857142857, -0.6566820276497696, -0.061207140833097196, -0.1310909874946098, -0.4710743801652893, -0.1294964028776978, -0.019363762102351356, -0.5570791909496058, -0.27258834765998097, -0.07212475633528259, -0.049315068493150704, -0.17435371825532398, -0.24938574938574942, -0.19753410283315842, -0.053842039579247714, 0.16035101715197442, -0.1461216607660123, -0.041284403669724745, -0.6324200913242009, -0.14546965918536992]","[0.14642857142857144, 0.2511520737327189, 0.9291584018135449, 0.8520914187149633, 0.3884297520661157, 0.8489208633093526, 0.9806362378976486, 0.42920809050394243, 0.7239732569245463, 0.9181286549707602, 0.8931506849315068, 0.8207493451770869, 0.7502047502047502, 0.7880377754459601, 0.9427705473346407, 0.749900279218189, 0.8080141615706469, 0.893348623853211, 0.3266470971950424, 0.7747298420615129]","[0.9321428571428572, 0.9078341013824884, 0.9903655426466421, 0.9831824062095731, 0.859504132231405, 0.9784172661870504, 1.0, 0.9862872814535482, 0.9965616045845272, 0.9902534113060428, 0.9424657534246575, 0.9951030634324108, 0.9995904995904996, 0.9855718782791185, 0.9966125869138884, 0.5895492620662146, 0.9541358223366592, 0.9346330275229358, 0.9590671885192433, 0.9201995012468828]",0.7255339880952381,20,"[0.7455714285714286, 0.748, 0.6517142857142857, 0.6383333333333333, 0.827, 0.6578333333333334, 0.679625, 0.845, 0.7017142857142857, 0.6023333333333334, 0.746, 0.5375, 0.7992857142857143, 0.7018, 0.7396666666666667, 0.8052857142857143, 0.6046, 0.6256666666666667, 0.86575, 0.988]",35.14306569099426,20.745497465133667,0.19655871391296387,13.471821308135986,0.003294706344604492,0.5420854091644287,1115740,ai08,success,
lenet_fmnist,FashionMNIST,20,0.05,43,300,4.0,raw_union_K20,raw_union,1025,0.0,0.6769,0.17642000000000002,0.3104,0.8845,0.6607,-0.21196961573442002,3,20,"[-0.5, -0.3813559322033898, 0.35999999999999993, -0.035264930001772, 0.2371134020618556, -0.2537804076265615, -0.4, -0.3585031740728367, -0.078455790784558, -0.12523238127429437, -0.43575017946877237, -0.3571428571428571, -0.05949757602468042, 0.08917197452229297, -0.5837571395039511, -0.08561643835616439, -0.3968320133388913, -0.4207946336429308, -0.43144292893036607, -0.022251308900523514]","[0.25, 0.6186440677966102, 0.82, 0.9550770866560341, 0.8247422680412371, 0.7458908612754767, 0.6, 0.6379886401603742, 0.8779576587795765, 0.8266013182355924, 0.5384063173007897, 0.6428571428571429, 0.9356544733362715, 0.9044585987261147, 0.4039590016430639, 0.5736301369863014, 0.5898290954564401, 0.5712074303405573, 0.5448671931083992, 0.9267015706806283]","[0.75, 1.0, 0.46, 0.9903420166578061, 0.5876288659793815, 0.9996712689020382, 1.0, 0.9964918142332109, 0.9564134495641345, 0.9518336995098867, 0.9741564967695621, 1.0, 0.9951520493609519, 0.8152866242038217, 0.9877161411470151, 0.6592465753424658, 0.9866611087953314, 0.9920020639834881, 0.9763101220387652, 0.9489528795811518]",0.6567794841269842,20,"[0.7075, 0.6807777777777778, 0.6511666666666667, 0.5081666666666667, 0.6686666666666666, 0.637, 0.6953333333333334, 0.6665, 0.7291666666666666, 0.74975, 0.6974285714285714, 0.67, 0.546, 0.553, 0.7276, 0.779, 0.6132, 0.58, 0.6333333333333333, 0.642]",34.88889980316162,20.6550395488739,0.17043709754943848,13.330744504928589,0.003136873245239258,0.5533862113952637,1115790,ai08,success,
lenet_fmnist,FashionMNIST,20,0.05,44,300,4.0,raw_union_K20,raw_union,1277,0.0,0.728,0.24390499999999998,0.5,0.8802,0.6966,-0.17800282809476828,2,20,"[-0.32898344116679457, -0.29919103920348467, -0.6101694915254238, -0.05386081982840796, -0.20627802690582964, -0.3058823529411765, -0.07851347814708187, -0.2754716981132076, -0.10298210735586477, -0.3452792432235765, -0.06538139145012578, -0.1274214377959535, -0.2796686072548141, -0.12680543755310114, -0.19826086956521738, -0.2816901408450705, 0.34782608695652173, -0.12137486573576795, -0.26733486690765695, 0.16666666666666663]","[0.6453558504221955, 0.6491599253266958, 0.3813559322033898, 0.9313632030505243, 0.7242152466367713, 0.692436974789916, 0.8448050248626015, 0.7056603773584905, 0.8512922465208748, 0.6416227032927051, 0.9220452640402347, 0.8682737839001291, 0.703537841468876, 0.8538657604078165, 0.7972173913043479, 0.7104391052195526, 0.8768115942028986, 0.7781954887218046, 0.7274071639829116, 0.7777777777777778]","[0.97433929158899, 0.9483509645301804, 0.9915254237288136, 0.9852240228789323, 0.9304932735426009, 0.9983193277310924, 0.9233185030096833, 0.9811320754716981, 0.9542743538767395, 0.9869019465162816, 0.9874266554903605, 0.9956952216960826, 0.9832064487236901, 0.9806711979609176, 0.9954782608695653, 0.992129246064623, 0.5289855072463768, 0.8995703544575725, 0.9947420308905686, 0.6111111111111112]",0.7080466666666667,20,"[0.6982, 0.6086666666666667, 0.745125, 0.53075, 0.7192857142857143, 0.73925, 0.67375, 0.713375, 0.7696, 0.72325, 0.7144285714285714, 0.6664285714285715, 0.8495, 0.7964, 0.6378333333333334, 0.6958571428571428, 0.7244, 0.6645, 0.5853333333333334, 0.905]",35.097153663635254,20.73577046394348,0.19615578651428223,13.454065322875977,0.003231525421142578,0.5353684425354004,1115842,ai08,success,
lenet_fmnist,FashionMNIST,20,0.05,42,300,4.0,warmup_only_labelled,warmup_only,100,0.0,0.1,0.24311500000000003,0.4802,0.8838,0.1,-0.837998539565648,0,20,"[-0.9321428571428572, -0.908410138248848, -0.9855483139699632, -0.9900819318671842, -0.8553719008264463, -0.4172661870503598, -1.0, -0.9862872814535482, -0.997134670487106, -0.9896036387264457, -0.44109589041095887, -0.780548912424553, -0.9995904995904996, -0.9850472193074501, -0.9966125869138884, -0.5895492620662146, -0.4021564209848729, -0.6387614678899083, -0.9611872146118722, -0.9035743973399833]","[0.0, 0.0, 0.005383961462170587, 0.0, 0.004132231404958678, 0.5611510791366906, 0.0, 0.0, 0.0, 0.0, 0.5013698630136987, 0.21466803325361575, 0.0, 0.001049317943336831, 0.0, 0.0, 0.5563244287093659, 0.2958715596330275, 0.0, 0.01662510390689942]","[0.9321428571428572, 0.908410138248848, 0.9909322754321338, 0.9900819318671842, 0.859504132231405, 0.9784172661870504, 1.0, 0.9862872814535482, 0.997134670487106, 0.9896036387264457, 0.9424657534246575, 0.9952169456781688, 0.9995904995904996, 0.9860965372507869, 0.9966125869138884, 0.5895492620662146, 0.9584808496942389, 0.9346330275229358, 0.9611872146118722, 0.9201995012468828]",0.08779761904761904,20,"[0.14285714285714285, 0.16666666666666666, 0.0, 0.16666666666666666, 0.0, 0.0, 0.125, 0.14285714285714285, 0.14285714285714285, 0.16666666666666666, 0.0, 0.0, 0.14285714285714285, 0.0, 0.16666666666666666, 0.14285714285714285, 0.0, 0.0, 0.25, 0.0]",21.44726848602295,20.713151931762695,0.024163246154785156,0.0,0.0,0.5369751453399658,1115842,ai08,success,
lenet_fmnist,FashionMNIST,20,0.05,43,300,4.0,warmup_only_labelled,warmup_only,100,0.0,0.1735,0.17733000000000004,0.316,0.8867,0.1735,-0.7830666030354771,0,20,"[-0.75, -0.2796610169491526, -0.24000000000000002, -0.5677830940988835, -0.5051546391752577, -0.9998356344510191, -1.0, -0.994988306047444, -0.9551681195516812, -0.9562278181510901, -0.9741564967695621, -1.0, -0.9911855442926398, -0.4777070063694268, -0.5751506141929426, -0.565068493150685, -0.9566486035848271, -0.9922600619195047, -0.9641062455132806, -0.9162303664921466]","[0.0, 0.7203389830508474, 0.22, 0.4226475279106858, 0.08247422680412371, 0.0, 0.0, 0.001503508185766789, 0.0012453300124533001, 0.0003380091262464086, 0.0, 0.0, 0.003966505068312032, 0.3375796178343949, 0.4134261794851733, 0.09417808219178082, 0.030012505210504376, 0.00012899896800825592, 0.012203876525484566, 0.032722513089005235]","[0.75, 1.0, 0.46, 0.9904306220095693, 0.5876288659793815, 0.9998356344510191, 1.0, 0.9964918142332109, 0.9564134495641345, 0.9565658272773365, 0.9741564967695621, 1.0, 0.9951520493609519, 0.8152866242038217, 0.9885767936781159, 0.6592465753424658, 0.9866611087953314, 0.9923890608875129, 0.9763101220387652, 0.9489528795811518]",0.19009599206349206,20,"[0.289, 0.111, 0.1665, 0.12266666666666666, 0.16633333333333333, 0.21675, 0.19277777777777777, 0.12283333333333334, 0.12283333333333334, 0.184, 0.24771428571428572, 0.19277777777777777, 0.12266666666666666, 0.1472, 0.0002, 0.1665, 0.1472, 0.3468, 0.00016666666666666666, 0.736]",21.62789511680603,20.866544008255005,0.02442026138305664,0.0,0.0,0.5521814823150635,1115910,ai08,success,
lenet_fmnist,FashionMNIST,20,0.05,44,300,4.0,warmup_only_labelled,warmup_only,100,0.0,0.1837,0.247255,0.5093,0.8792,0.1837,-0.7063317035867056,0,20,"[-0.9454984099133676, -0.8572495332918482, -0.9915254237288136, -0.8813155386081982, -0.8632286995515696, -0.4336134453781513, -0.48102590944778856, -0.3547169811320755, -0.03737574552683898, -0.9854466072403129, -0.9815590947191953, -0.9608265174343521, -0.9525302283922974, -0.8370858113848768, -0.384, -0.43579121789560893, -0.5144927536231885, -0.709452201933405, -0.9643443969766677, -0.5555555555555556]","[0.03531088935190262, 0.09035469819539514, 0.0, 0.10390848427073403, 0.06726457399103139, 0.5647058823529412, 0.44072232399895317, 0.6264150943396226, 0.9268389662027833, 0.0009095870474804438, 0.00586756077116513, 0.03486870426173052, 0.026421854008060904, 0.14231096006796942, 0.6100869565217392, 0.5571665285832643, 0.014492753623188406, 0.16004296455424274, 0.029411764705882353, 0.05555555555555555]","[0.9808092992652703, 0.9476042314872433, 0.9915254237288136, 0.9852240228789323, 0.9304932735426009, 0.9983193277310924, 0.9217482334467417, 0.9811320754716981, 0.9642147117296223, 0.9863561942877933, 0.9874266554903605, 0.9956952216960826, 0.9789520824003582, 0.9793967714528462, 0.9940869565217392, 0.9929577464788732, 0.5289855072463768, 0.8694951664876477, 0.9937561616825501, 0.6111111111111112]",0.2152700595238095,20,"[0.1516, 0.252, 0.207625, 0.38825, 0.22185714285714286, 0.156875, 0.044, 0.156625, 0.1732, 0.43175, 0.1792857142857143, 0.24671428571428572, 0.0275, 0.3318, 0.0006666666666666666, 0.1792857142857143, 0.2502, 0.173, 0.19466666666666665, 0.5385]",21.36993408203125,20.631489753723145,0.02404046058654785,0.0,0.0,0.5395369529724121,1115965,ai08,success,
lenet_fmnist,FashionMNIST,20,0.1,44,300,4.0,dp_avg_eps2_K20,dp_avg,10,4.49268806737862,0.4211,0.31686000000000003,0.5488,0.88,0.2452,-0.5508728374089226,0,20,"[-0.9768650896802703, -0.4698660714285714, -0.6137907608695652, -0.7444177258673995, -0.34871339840283944, -0.2625368731563422, -0.3657548125633232, -0.1910411127019841, -0.9837238418887498, -0.609375, -0.8963414634146342, -0.58756038647343, -0.5239651416122004, -0.4497206703910615, -0.7305240793201133, -0.2177607464178607, -0.6184640522875817, -0.5665271966527197, -0.5365178262374525, -0.32399049881235154]","[0.021055367819079802, 0.47957589285714286, 0.35444972826086957, 0.24596358639642735, 0.6202307009760426, 0.7168141592920354, 0.5754812563323202, 0.7960728165268971, 0.012877839384725451, 0.18229166666666666, 0.04065040650406504, 0.40791062801932365, 0.4433551198257081, 0.46787709497206703, 0.2531869688385269, 0.7682439186937687, 0.35049019607843135, 0.3920502092050209, 0.46313603322949115, 0.666270783847981]","[0.9979204574993501, 0.9494419642857143, 0.9682404891304348, 0.9903813122638269, 0.968944099378882, 0.9793510324483776, 0.9412360688956434, 0.9871139292288812, 0.9966016812734753, 0.7916666666666666, 0.9369918699186992, 0.9954710144927537, 0.9673202614379085, 0.9175977653631285, 0.9837110481586402, 0.9860046651116294, 0.9689542483660131, 0.9585774058577405, 0.9996538594669436, 0.9902612826603325]",0.4322533834586467,19,"[0.4431428571428571, 0.3855, 0.32166666666666666, 0.44033333333333335, 0.41125, 0.37983333333333336, 0.5545, 0.3348, 0.495, 0.5322, 0.7703333333333333, 0.494, 0.4526, 0.5364, 0.0585, 0.2753333333333333, 0.45225, 0.4956, 0.37957142857142856, null]",35.21889781951904,20.942381143569946,0.07916784286499023,13.53816556930542,0.0033729076385498047,0.4822964668273926,1115679,ai08,success,
lenet_fmnist,FashionMNIST,20,0.1,42,300,4.0,dp_avg_eps8_K20,dp_avg,10,1.121148989439649,0.4207,0.33755999999999997,0.5375,0.882,0.1021,-0.4661810959822775,1,20,"[-0.8348122866894198, -0.5431606905710492, -0.6868686868686869, -0.4340723453908985, -0.7848206839032527, -0.36502177068214803, -0.6905702992659514, -0.4746687451286048, -0.015873015873015817, -0.7054161162483488, -0.7186574531095755, -0.19663608562691126, -0.5037443834248627, -0.3878196678091221, -0.8238295318127251, -0.03797468354430378, -0.6568520537986187, 0.06666666666666665, -0.4712013165112452, -0.05828877005347588]","[0.026621160409556314, 0.14707835325365207, 0.2727272727272727, 0.323220536756126, 0.11259382819015847, 0.5979680696661829, 0.21852060982495766, 0.47622759158222916, 0.9574138598528843, 0.18626155878467635, 0.21322803553800593, 0.7636085626911315, 0.4761857214178732, 0.44872132876351173, 0.1721188475390156, 0.9113924050632911, 0.27553616866593966, 0.8888888888888888, 0.5123422929237521, 0.9122994652406418]","[0.8614334470989761, 0.6902390438247012, 0.9595959595959596, 0.7572928821470245, 0.8974145120934112, 0.9629898403483309, 0.9090909090909091, 0.950896336710834, 0.9732868757259001, 0.8916776750330251, 0.9318854886475815, 0.9602446483180428, 0.9799301048427359, 0.8365409965726338, 0.9959483793517407, 0.9493670886075949, 0.9323882224645583, 0.8222222222222222, 0.9835436094349973, 0.9705882352941176]",0.39863797619047614,20,"[0.7605, 0.4376, 0.39525, 0.334, 0.264, 0.195, 0.629, 0.4735, 0.53, 0.2905, 0.5495, 0.2891666666666667, 0.143, 0.429, 0.592, 0.46514285714285714, 0.5774, 0.2524, 0.3658, 0.0]",35.128164529800415,20.86109232902527,0.08039426803588867,13.523584365844727,0.003309011459350586,0.4819357395172119,1115740,ai08,success,
lenet_fmnist,FashionMNIST,20,0.1,43,300,4.0,dp_avg_eps8_K20,dp_avg,10,1.1271583534196334,0.4364,0.27703,0.5148,0.8917,0.0994,-0.41143583626610736,1,20,"[0.5942028985507246, -0.030786773090079822, -0.39969604863221886, -0.5146909827760892, -0.4149933065595717, -0.0714285714285714, -0.8351535132907479, -0.2502049180327869, -0.25471362504446815, -0.8467677573822825, -0.15935579571943204, -0.16158536585365857, -0.6254901960784314, -0.49063517915309446, -0.8561908102420204, -0.7183209101608474, -0.5293577981651376, -0.4948453608247423, -0.9065148946476145, -0.26218781679107916]","[0.6666666666666666, 0.9144811858608894, 0.4635258358662614, 0.41312056737588654, 0.45515394912985274, 0.9285714285714286, 0.1489800123634865, 0.726639344262295, 0.7178939879046603, 0.07741420590582601, 0.8285653740199195, 0.5853658536585366, 0.22549019607843138, 0.4963355048859935, 0.06032970887407927, 0.2526480972930561, 0.44495412844036697, 0.38144329896907214, 0.03608621942358925, 0.7240807298866464]","[0.07246376811594203, 0.9452679589509693, 0.8632218844984803, 0.9278115501519757, 0.8701472556894244, 1.0, 0.9841335256542345, 0.9768442622950819, 0.9726076129491285, 0.9241819632881085, 0.9879211697393515, 0.7469512195121951, 0.8509803921568627, 0.9869706840390879, 0.9165205191160997, 0.9709690074539035, 0.9743119266055046, 0.8762886597938144, 0.9426011140712037, 0.9862685466777256]",0.39498732247284885,19,"[0.463375, 0.3695, 0.3285, 0.2815, 0.6396666666666667, 0.38655555555555554, 0.4922, 0.348, 0.1715, 0.4278, 0.2326, 0.3256, 0.5094, 0.5062857142857143, 0.49214285714285716, 0.11433333333333333, 0.3608, 0.543, 0.512, null]",34.95612692832947,20.856606006622314,0.07418060302734375,13.330498456954956,0.003131866455078125,0.5099451541900635,1115790,ai08,success,
lenet_fmnist,FashionMNIST,20,0.1,44,300,4.0,dp_avg_eps8_K20,dp_avg,10,1.123172016844655,0.4081,0.31671499999999997,0.5526,0.8806,0.2468,-0.5678573679478827,0,20,"[-0.9701065765531582, -0.5738839285714286, -0.6664402173913044, -0.938165578838887, -0.44720496894409945, -0.33628318584070804, -0.5258358662613982, -0.2235631008386173, -0.9844392774101235, -0.5546875, -0.8963414634146342, -0.7451690821256038, -0.5490196078431373, -0.18016759776536317, -0.8137393767705383, -0.11512829056981011, -0.8831699346405228, -0.5661087866108787, -0.23329871928002777, -0.15439429928741089]","[0.02781388094619184, 0.37734375, 0.29806385869565216, 0.05084163517691515, 0.5217391304347826, 0.6430678466076696, 0.4154002026342452, 0.7639599100020454, 0.012520121624038634, 0.23697916666666666, 0.04065040650406504, 0.25030193236714976, 0.41721132897603486, 0.7374301675977654, 0.17138810198300283, 0.8680439853382206, 0.0857843137254902, 0.3941422594142259, 0.7663551401869159, 0.8358669833729216]","[0.9979204574993501, 0.9512276785714285, 0.9645040760869565, 0.9890072140158022, 0.968944099378882, 0.9793510324483776, 0.9412360688956434, 0.9875230108406627, 0.9969593990341621, 0.7916666666666666, 0.9369918699186992, 0.9954710144927537, 0.9662309368191722, 0.9175977653631285, 0.9851274787535411, 0.9831722759080307, 0.9689542483660131, 0.9602510460251046, 0.9996538594669436, 0.9902612826603325]",0.42557355889724313,19,"[0.35614285714285715, 0.532, 0.2803333333333333, 0.486, 0.44375, 0.35183333333333333, 0.794, 0.2648, 0.4765, 0.4106, 0.8036666666666666, 0.5, 0.4612, 0.474, 0.0615, 0.202, 0.385, 0.48, 0.32257142857142856, null]",34.96448087692261,20.785035371780396,0.0760500431060791,13.443315505981445,0.0031943321228027344,0.48330116271972656,1115842,ai08,success,
lenet_fmnist,FashionMNIST,20,0.1,42,300,4.0,labelled_probe_warmup,labelled,100,0.0,0.3832,0.339855,0.5373,0.8812,0.1,-0.4673379962620248,1,20,"[-0.6375426621160409, -0.554116865869854, -0.712121212121212, -0.4795799299883314, -0.664720600500417, -0.2663280116110305, -0.4076792772444946, -0.45946999220576773, -0.3387533875338753, -0.35964332892998674, -0.11220796314577164, -0.843730886850153, -0.5759360958562156, -0.4331663590825204, -0.8253301320528211, -0.025316455696202445, -0.865866957470011, 0.04444444444444451, -0.16017553483269342, -0.66951871657754]","[0.2341296928327645, 0.2639442231075697, 0.2474747474747475, 0.2777129521586931, 0.23269391159299416, 0.6973875181422351, 0.5014116318464145, 0.4838269680436477, 0.6356949283778552, 0.5161822985468957, 0.8334978611385324, 0.1180428134556575, 0.40139790314528206, 0.4194568942789349, 0.17046818727490998, 0.9240506329113924, 0.07197382769901854, 0.8666666666666667, 0.8255622600109709, 0.30106951871657756]","[0.8716723549488055, 0.8180610889774237, 0.9595959595959596, 0.7572928821470245, 0.8974145120934112, 0.9637155297532656, 0.9090909090909091, 0.9432969602494155, 0.9744483159117305, 0.8758256274768824, 0.945705824284304, 0.9617737003058104, 0.9773339990014978, 0.8526232533614553, 0.9957983193277311, 0.9493670886075949, 0.9378407851690295, 0.8222222222222222, 0.9857377948436643, 0.9705882352941176]",0.29367130952380954,20,"[0.041, 0.2668, 0.3255, 0.30966666666666665, 0.3358, 0.10233333333333333, 0.31066666666666665, 0.466, 0.6466666666666666, 0.0405, 0.18775, 0.43233333333333335, 0.186, 0.557, 0.37466666666666665, 0.3821428571428571, 0.4306, 0.195, 0.283, 0.0]",35.08110213279724,20.859381914138794,0.04088091850280762,13.528675079345703,0.0033388137817382812,0.4724879264831543,1115679,ai08,success,
lenet_fmnist,FashionMNIST,20,0.1,43,300,4.0,labelled_probe_warmup,labelled,100,0.0,0.4987,0.27656499999999995,0.5098,0.8851,0.1735,-0.3452282872077871,3,20,"[0.6811594202898551, -0.04675028506271384, -0.5577507598784195, -0.6618541033434651, -0.41097724230254357, -0.1071428571428571, -0.8104265402843602, -0.1405737704918033, -0.20419779437922447, -0.8451715881883479, -0.16253443526170808, 0.07926829268292679, 0.03529411764705881, -0.248371335504886, -0.8498772360575236, -0.4269125147116517, -0.5504587155963303, -0.3711340206185567, -0.905546137079196, -0.40060823887199337]","[0.7536231884057971, 0.8985176738882554, 0.30547112462006076, 0.2763424518743668, 0.45917001338688085, 0.8928571428571429, 0.17123428806923552, 0.833811475409836, 0.768409818569904, 0.07901037509976057, 0.8230557321466412, 0.8262195121951219, 0.8862745098039215, 0.7398208469055375, 0.05962820063135742, 0.538171832091016, 0.42385321100917434, 0.5051546391752577, 0.036570598207798496, 0.5855681504008847]","[0.07246376811594203, 0.9452679589509693, 0.8632218844984803, 0.9381965552178319, 0.8701472556894244, 1.0, 0.9816608283535957, 0.9743852459016393, 0.9726076129491285, 0.9241819632881085, 0.9855901674083493, 0.7469512195121951, 0.8509803921568627, 0.9881921824104235, 0.9095054366888811, 0.9650843468026677, 0.9743119266055046, 0.8762886597938144, 0.9421167352869945, 0.9861763892728781]",0.4321985171261488,19,"[0.524375, 0.5303333333333333, 0.396, 0.696, 0.5656666666666667, 0.45411111111111113, 0.5194, 0.2866, 0.0, 0.6178, 0.3498, 0.267, 0.448, 0.4625714285714286, 0.5831428571428572, 0.0, 0.361, 0.5135714285714286, 0.6364, null]",35.10954570770264,20.83301067352295,0.04114675521850586,13.53516435623169,0.0031707286834716797,0.5112097263336182,1115740,ai08,success,
lenet_fmnist,FashionMNIST,20,0.1,44,300,4.0,labelled_probe_warmup,labelled,100,0.0,0.4281,0.31555,0.5574,0.8791,0.1837,-0.5289410025550988,0,20,"[-0.9719261762412269, -0.8119419642857143, -0.6368885869565217, -0.3830298866368945, -0.7364685004436557, -0.3510324483775812, -0.894630192502533, -0.24422172223358563, -0.9754963333929529, -0.5130208333333333, -0.9308943089430894, -0.11503623188405798, -0.4793028322440087, -0.547486033519553, -0.3863314447592068, -0.2687437520826391, -0.11601307189542487, -0.31548117154811717, -0.7151263412945656, -0.18574821852731593]","[0.02599428125812321, 0.14006696428571427, 0.33203125, 0.6073514256269323, 0.23247559893522626, 0.6283185840707964, 0.04660587639311044, 0.7430967478011863, 0.021284206760865676, 0.2786458333333333, 0.006097560975609756, 0.8807367149758454, 0.4880174291938998, 0.37011173184357543, 0.5991501416430595, 0.7157614128623792, 0.8529411764705882, 0.6456066945606694, 0.284527518172378, 0.8045130641330166]","[0.9979204574993501, 0.9520089285714286, 0.9689198369565217, 0.9903813122638269, 0.968944099378882, 0.9793510324483776, 0.9412360688956434, 0.9873184700347719, 0.9967805401538187, 0.7916666666666666, 0.9369918699186992, 0.9957729468599034, 0.9673202614379085, 0.9175977653631285, 0.9854815864022662, 0.9845051649450183, 0.9689542483660131, 0.9610878661087866, 0.9996538594669436, 0.9902612826603325]",0.42028433583959907,19,"[0.4574285714285714, 0.487, 0.5743333333333334, 0.47433333333333333, 0.5335, 0.568, 0.5395, 0.3452, 0.487, 0.4982, 0.799, 0.3902, 0.248, 0.459, 0.0, 0.001, 0.33025, 0.3586, 0.43485714285714283, null]",34.9468936920166,20.816322326660156,0.04093456268310547,13.415584087371826,0.003281116485595703,0.4973490238189697,1115790,ai08,success,
lenet_fmnist,FashionMNIST,20,0.1,42,300,4.0,no_phase0,none,0,0.0,0.4322,0.33908499999999997,0.5387,0.8831,0.1,-0.4600153231575179,1,20,"[-0.7808873720136519, -0.6855909694555112, -0.6464646464646464, -0.2998833138856476, -0.6705587989991659, -0.3476052249637155, -0.7007340485601355, -0.4351130163678877, -0.015098722415795574, -0.6519154557463673, -0.7607765712405397, -0.262691131498471, -0.39810284573140287, -0.46269443712101244, -0.8221788715486195, -0.03797468354430378, -0.7437295528898583, 0.06666666666666665, -0.4914975315414153, -0.053475935828877]","[0.08464163822525597, 0.10126162018592297, 0.31313131313131315, 0.4282380396732789, 0.2268557130942452, 0.6161103047895501, 0.2134387351778656, 0.5107170693686672, 0.9626403406891212, 0.2513210039630119, 0.18163869693978282, 0.6996941896024464, 0.5827259111333001, 0.4002109148431321, 0.17301920768307322, 0.9113924050632911, 0.18411486732097418, 0.8888888888888888, 0.492046077893582, 0.9171122994652406]","[0.8655290102389078, 0.7868525896414342, 0.9595959595959596, 0.7281213535589265, 0.8974145120934112, 0.9637155297532656, 0.9141727837380011, 0.9458300857365549, 0.9777390631049168, 0.9032364597093792, 0.9424152681803225, 0.9623853211009175, 0.9808287568647029, 0.8629053519641445, 0.9951980792316927, 0.9493670886075949, 0.9278444202108325, 0.8222222222222222, 0.9835436094349973, 0.9705882352941176]",0.39286369047619035,20,"[0.6605, 0.507, 0.37625, 0.319, 0.2602, 0.16966666666666666, 0.629, 0.4685, 0.43833333333333335, 0.1855, 0.561, 0.321, 0.15733333333333333, 0.472, 0.5863333333333334, 0.46385714285714286, 0.6042, 0.2864, 0.3912, 0.0]",34.7129807472229,20.69287085533142,0.02094125747680664,13.344671487808228,0.0032587051391601562,0.47002530097961426,1115790,ai08,success,
lenet_fmnist,FashionMNIST,20,0.1,43,300,4.0,no_phase0,none,0,0.0,0.3399,0.27657499999999996,0.5175,0.8833,0.0368,-0.5411862398075632,1,20,"[-0.043478260869565216, -0.004561003420752607, -0.47112462006079026, -0.5549645390070922, -0.4350736278447122, -0.8214285714285714, -0.8444261281681434, -0.8694672131147541, -0.6510138740661686, -0.8723064644852354, -0.13901250264886633, 0.0030487804878048808, -0.3588235294117647, -0.8456840390879479, -0.8428621536303051, -0.5991369164378189, -0.6275229357798164, -0.44329896907216493, -0.9280697505449261, -0.4745184775596719]","[0.028985507246376812, 0.9407069555302167, 0.39209726443769, 0.37537993920972645, 0.4350736278447122, 0.17857142857142858, 0.13744075829383887, 0.10758196721311475, 0.327641408751334, 0.05187549880287311, 0.8421275694002966, 0.75, 0.492156862745098, 0.1453583061889251, 0.0634864959663276, 0.3708120831698705, 0.3467889908256881, 0.4329896907216495, 0.013078227173649794, 0.5124873283568335]","[0.07246376811594203, 0.9452679589509693, 0.8632218844984803, 0.9303444782168186, 0.8701472556894244, 1.0, 0.9818668864619823, 0.9770491803278688, 0.9786552828175027, 0.9241819632881085, 0.981140072049163, 0.7469512195121951, 0.8509803921568627, 0.991042345276873, 0.9063486495966327, 0.9699489996076893, 0.9743119266055046, 0.8762886597938144, 0.941147977718576, 0.9870058059165054]",0.29349492481203,19,"[0.420875, 0.31216666666666665, 0.016, 0.4285, 0.41433333333333333, 0.3426666666666667, 0.2634, 0.3076, 0.1205, 0.3718, 0.1634, 0.1738, 0.3678, 0.4032857142857143, 0.347, 0.08033333333333334, 0.257, 0.36314285714285716, 0.4228, null]",34.98867321014404,20.825770616531372,0.020290136337280273,13.44725775718689,0.0031485557556152344,0.5111396312713623,1115842,ai08,success,
lenet_fmnist,FashionMNIST,20,0.1,44,300,4.0,no_phase0,none,0,0.0,0.341,0.31369,0.5542,0.8804,0.0897,-0.6255249723879206,0,20,"[-0.9737457759292956, -0.7757812500000001, -0.89453125, -0.9460666437650292, -0.7036379769299024, -0.31563421828908556, -0.8743667679837893, -0.1979955001022704, -0.9926667859059203, -0.625, -0.9085365853658537, -0.7681159420289855, -0.5740740740740742, -0.036312849162011274, -0.9571529745042493, -0.04931689436854381, -0.8774509803921569, -0.7635983263598326, -0.039460020768432025, -0.23705463182897857]","[0.024174681570054587, 0.17533482142857143, 0.06980298913043478, 0.044314668498797664, 0.2653061224489796, 0.6637168141592921, 0.0668693009118541, 0.7895275107383923, 0.004113754247898408, 0.16666666666666666, 0.028455284552845527, 0.2276570048309179, 0.39215686274509803, 0.8812849162011173, 0.028328611898016998, 0.9343552149283573, 0.0915032679738562, 0.19581589958158996, 0.9567324333679473, 0.753206650831354]","[0.9979204574993501, 0.9511160714285715, 0.9643342391304348, 0.9903813122638269, 0.968944099378882, 0.9793510324483776, 0.9412360688956434, 0.9875230108406627, 0.9967805401538187, 0.7916666666666666, 0.9369918699186992, 0.9957729468599034, 0.9662309368191722, 0.9175977653631285, 0.9854815864022662, 0.9836721092969011, 0.9689542483660131, 0.9594142259414226, 0.9961924541363794, 0.9902612826603325]",0.34804548872180446,19,"[0.24357142857142858, 0.4845, 0.24933333333333332, 0.4583333333333333, 0.34675, 0.2901666666666667, 0.8525, 0.1538, 0.4905, 0.3258, 0.7853333333333333, 0.3942, 0.4046, 0.3282, 0.032, 0.028333333333333332, 0.181, 0.3628, 0.20114285714285715, null]",35.23111033439636,21.012587308883667,0.022279739379882812,13.536309957504272,0.003303050994873047,0.48323512077331543,1115910,ai08,success,
lenet_fmnist,FashionMNIST,20,0.1,42,300,4.0,raw_union_K20,raw_union,1882,0.0,0.7593,0.337945,0.538,0.8894,0.7635,-0.1542996914580444,3,20,"[-0.3296928327645051, -0.0009960159362549792, -0.16414141414141414, 0.012835472578763163, -0.5087572977481234, -0.12046444121915822, -0.17730095990965555, -0.17926734216679652, -0.12117692605497488, -0.3394980184940555, -0.20500164527805198, -0.19969418960244645, -0.1649525711432851, -0.12944898497231738, -0.09318727490996404, 0.012658227848101333, -0.17520901490367136, 0.15555555555555556, -0.1475589687328579, -0.2106951871657754]","[0.5447098976109215, 0.7310756972111554, 0.7954545454545454, 0.7701283547257877, 0.3886572143452877, 0.8425253991291727, 0.7402597402597403, 0.7611067809820733, 0.8637243515292296, 0.5525099075297226, 0.7367555116814741, 0.7636085626911315, 0.8102845731402896, 0.6989190614289481, 0.9020108043217286, 0.9620253164556962, 0.7599054889131225, 0.9777777777777777, 0.8370817334064728, 0.7614973262032085]","[0.8744027303754266, 0.7320717131474104, 0.9595959595959596, 0.7572928821470245, 0.8974145120934112, 0.9629898403483309, 0.9175607001693958, 0.9403741231488698, 0.9849012775842044, 0.8920079260237781, 0.9417571569595261, 0.963302752293578, 0.9752371442835747, 0.8283680464012655, 0.9951980792316927, 0.9493670886075949, 0.9351145038167938, 0.8222222222222222, 0.9846407021393307, 0.9721925133689839]",0.7772940476190477,20,"[0.738, 0.7278, 0.735, 0.7573333333333333, 0.7696, 0.5896666666666667, 0.8336666666666667, 0.822, 0.8313333333333334, 0.848, 0.774, 0.8158333333333333, 0.781, 0.771, 0.8723333333333333, 0.8117142857142857, 0.749, 0.7166, 0.719, 0.883]",35.161165952682495,20.80338478088379,0.26960015296936035,13.42806887626648,0.003226041793823242,0.4825136661529541,1115842,ai08,success,
lenet_fmnist,FashionMNIST,20,0.1,43,300,4.0,raw_union_K20,raw_union,1533,0.0,0.7063,0.27603,0.5207,0.8878,0.7412,-0.14412460424439336,5,20,"[0.8115942028985508, 0.005701254275940704, -0.0957446808510638, -0.33814589665653494, -0.35073627844712185, -0.0357142857142857, -0.23099113950133932, -0.114139344262295, -0.06332266097474204, -0.7086991221069433, -0.034753125662216666, 0.11890243902439024, 0.056862745098039236, -0.21946254071661242, -0.7102770957558752, -0.3373872106708513, -0.08899082568807337, 0.04123711340206182, -0.4550738677645919, -0.1333517648143029]","[0.8840579710144928, 0.95096921322691, 0.7674772036474165, 0.5904255319148937, 0.5194109772423026, 0.9642857142857143, 0.7411910158664744, 0.8635245901639345, 0.9142653859836357, 0.2154828411811652, 0.9487179487179487, 0.8658536585365854, 0.907843137254902, 0.7675081433224755, 0.20343739038933709, 0.6360925853275794, 0.8853211009174312, 0.9175257731958762, 0.49019132961976264, 0.8536540411022026]","[0.07246376811594203, 0.9452679589509693, 0.8632218844984803, 0.9285714285714286, 0.8701472556894244, 1.0, 0.9721821553678137, 0.9776639344262295, 0.9775880469583778, 0.9241819632881085, 0.9834710743801653, 0.7469512195121951, 0.8509803921568627, 0.9869706840390879, 0.9137144861452122, 0.9734797959984307, 0.9743119266055046, 0.8762886597938144, 0.9452651973843545, 0.9870058059165054]",0.6845315789473684,19,"[0.7, 0.6423333333333333, 0.7315, 0.9285, 0.8213333333333334, 0.6816666666666666, 0.5838, 0.553, 0.4085, 0.8558, 0.5324, 0.6466, 0.7104, 0.7367142857142858, 0.8421428571428572, 0.4856666666666667, 0.5472, 0.7331428571428571, 0.8654, null]",35.47619700431824,21.017893314361572,0.22553300857543945,13.531487941741943,0.0032351016998291016,0.5120749473571777,1115910,ai08,success,
lenet_fmnist,FashionMNIST,20,0.1,44,300,4.0,raw_union_K20,raw_union,1615,0.0,0.7222,0.31472,0.5584,0.8816,0.7246,-0.2400883098298056,1,20,"[-0.07408370158565114, -0.41149553571428577, -0.24490489130434778, -0.10786671246994162, -0.48890860692102933, -0.06784660766961659, -0.6342451874366768, -0.11842912661075888, -0.26256483634412453, 0.01041666666666674, -0.10365853658536583, -0.106280193236715, -0.09259259259259267, -0.6005586592178771, -0.061260623229461686, -0.3302232589136954, -0.1086601307189542, -0.11087866108786615, -0.8435444790584978, -0.04418052256532068]","[0.923836755913699, 0.5408482142857143, 0.72265625, 0.8825145997938852, 0.4800354924578527, 0.911504424778761, 0.3069908814589666, 0.8695029658416854, 0.7342157038096941, 0.8020833333333334, 0.8333333333333334, 0.8894927536231884, 0.8736383442265795, 0.3170391061452514, 0.9224504249291785, 0.6454515161612796, 0.8602941176470589, 0.8489539748953975, 0.15610938040844582, 0.9460807600950119]","[0.9979204574993501, 0.95234375, 0.9675611413043478, 0.9903813122638269, 0.968944099378882, 0.9793510324483776, 0.9412360688956434, 0.9879320924524443, 0.9967805401538187, 0.7916666666666666, 0.9369918699186992, 0.9957729468599034, 0.9662309368191722, 0.9175977653631285, 0.9837110481586402, 0.975674775074975, 0.9689542483660131, 0.9598326359832636, 0.9996538594669436, 0.9902612826603325]",0.7361101503759399,19,"[0.7452857142857143, 0.5345, 0.9196666666666666, 0.8556666666666667, 0.92675, 0.8888333333333334, 0.5405, 0.7266, 0.912, 0.7066, 0.9126666666666666, 0.6076, 0.5664, 0.72, 0.734, 0.5376666666666666, 0.6775, 0.694, 0.7798571428571428, null]",35.01523399353027,20.688825130462646,0.23677492141723633,13.418875455856323,0.003323793411254883,0.4940659999847412,1115965,ai08,success,
lenet_fmnist,FashionMNIST,20,0.1,42,300,4.0,warmup_only_labelled,warmup_only,100,0.0,0.1,0.341115,0.535,0.8841,0.1,-0.8059464183258906,0,20,"[-0.762457337883959, -0.5780212483399734, -0.9583333333333333, -0.7572928821470245, -0.8974145120934112, -0.9194484760522497, -0.5680406549971768, -0.8782151208106002, -0.978513356562137, -0.6588507265521797, -0.2290227048371175, -0.964525993883792, -0.9763354967548677, -0.7392565251779594, -0.9948979591836735, -0.9493670886075949, -0.9133042529989095, -0.7999999999999999, -0.6346681294569392, -0.9609625668449198]","[0.11194539249146758, 0.22709163346613545, 0.0012626262626262627, 0.0, 0.0, 0.04281567489114659, 0.3359683794466403, 0.0750194855806703, 0.0, 0.2450462351387054, 0.7097729516288253, 0.0, 0.000599101347978033, 0.11837595570788294, 0.0004501800720288115, 0.0, 0.014903671392221011, 0.022222222222222223, 0.3494240263302249, 0.009625668449197862]","[0.8744027303754266, 0.8051128818061088, 0.9595959595959596, 0.7572928821470245, 0.8974145120934112, 0.9622641509433962, 0.9040090344438171, 0.9532346063912704, 0.978513356562137, 0.9038969616908851, 0.9387956564659428, 0.964525993883792, 0.9769345981028458, 0.8576324808858423, 0.9953481392557023, 0.9493670886075949, 0.9282079243911305, 0.8222222222222222, 0.984092155787164, 0.9705882352941176]",0.05880952380952381,20,"[0.0, 0.0, 0.0, 0.3333333333333333, 0.2, 0.0, 0.0, 0.0, 0.3333333333333333, 0.0, 0.0, 0.16666666666666666, 0.0, 0.0, 0.0, 0.14285714285714285, 0.0, 0.0, 0.0, 0.0]",21.321965217590332,20.659568309783936,0.023625850677490234,0.0,0.0,0.4570584297180176,1115965,ai08,success,
lenet_fmnist,FashionMNIST,20,0.3,42,300,4.0,dp_avg_eps2_K20,dp_avg,10,4.484595957758596,0.6084,0.520475,0.6664,0.88,0.1169,-0.2830146375604477,0,20,"[-0.3437243642329779, -0.1912964641885766, -0.30882787127251254, -0.42873497424155693, -0.38205499276411004, -0.05282112845138054, -0.13800623052959493, -0.24832932371023797, -0.4150442477876106, -0.07511737089201875, -0.19822266107134046, -0.2525930445393533, -0.33494730845912846, -0.5060319530485817, -0.46582733812949645, -0.327979081060889, -0.35588865096359745, -0.12741617357001978, -0.3012088650100738, -0.20622070728589692]","[0.5561936013125512, 0.7180417044424298, 0.5899025686448184, 0.4613623354321694, 0.4187168355041003, 0.6812725090036015, 0.6897196261682244, 0.6573108794439989, 0.46814159292035395, 0.7429577464788732, 0.7788200444334732, 0.5308114704087858, 0.6089433209911707, 0.468862080208673, 0.44004796163069543, 0.5754576017930519, 0.5569593147751606, 0.7731755424063116, 0.5691739422431162, 0.7388155091606305]","[0.8999179655455292, 0.9093381686310064, 0.8987304399173309, 0.8900973096737264, 0.8007718282682104, 0.734093637454982, 0.8277258566978193, 0.9056402031542369, 0.8831858407079646, 0.818075117370892, 0.9770427055048136, 0.7834045149481391, 0.9438906294502991, 0.9748940332572547, 0.9058752997601919, 0.903436682853941, 0.912847965738758, 0.9005917159763314, 0.8703828072531901, 0.9450362164465275]",0.5809545454545454,11,"[0.7563333333333333, null, null, 0.59, null, 0.516, 0.001, 0.6346666666666667, null, 0.685, null, 0.335, null, 0.6005, 0.59, 0.866, 0.816, null, null, null]",35.1280951499939,20.98021101951599,0.09251880645751953,13.510590076446533,0.0033707618713378906,0.3610398769378662,1115679,ai08,success,
lenet_fmnist,FashionMNIST,20,0.3,43,300,4.0,dp_avg_eps2_K20,dp_avg,10,4.508633413678534,0.5299,0.51102,0.7504,0.8801,0.098,-0.39376511215852195,0,20,"[-0.6623376623376623, -0.3881169142309535, -0.5475836431226766, -0.25801952580195264, -0.4946407304485907, -0.6554934823091247, -0.37653350110097505, -0.4939888364104766, -0.1143314011593044, -0.30489782679208566, -0.1428571428571429, -0.4898810765699979, -0.276555023923445, -0.38086457693095677, -0.487977369165488, -0.3012871027055425, -0.44691701437181275, -0.5410396716826266, -0.07130177514792901, -0.44067796610169496]","[0.231555678364189, 0.563967417345472, 0.3308550185873606, 0.6429567642956764, 0.3862643906312029, 0.1787709497206704, 0.5803711859075181, 0.4132674967797338, 0.8428942634419349, 0.5465455724943237, 0.7431827431827431, 0.46254955142916754, 0.6607655502392344, 0.5054292153247285, 0.37057991513437055, 0.6690307328605201, 0.4612888270746407, 0.42270861833105333, 0.8840236686390532, 0.4350282485875706]","[0.8938933407018513, 0.9520843315764255, 0.8784386617100371, 0.900976290097629, 0.8809051210797936, 0.8342644320297952, 0.9569046870084932, 0.9072563331902104, 0.9572256646012393, 0.8514433992864093, 0.886039886039886, 0.9524306279991654, 0.9373205741626794, 0.8862937922556853, 0.8585572842998586, 0.9703178355660625, 0.9082058414464534, 0.9637482900136799, 0.9553254437869823, 0.8757062146892656]",0.5548846153846153,13,"[0.956, 0.188, null, null, 0.188, 0.42, 0.168, 0.4375, null, null, 0.956, 0.591, 0.304, 0.948, null, null, 0.913, 0.956, 0.188, null]",35.224706172943115,21.019853353500366,0.09230184555053711,13.537382125854492,0.00323486328125,0.3901965618133545,1115740,ai08,success,
lenet_fmnist,FashionMNIST,20,0.3,44,300,4.0,dp_avg_eps2_K20,dp_avg,10,4.49268806737862,0.4312,0.5278250000000001,0.7581,0.8763,0.1839,-0.4457520319789232,0,20,"[-0.5038469993405144, -0.38471570161711005, -0.6679890143423863, -0.5644067796610169, -0.8373879641485276, -0.5853730462990269, -0.11757648470305937, -0.3368564609614729, -0.23733108108108114, -0.46180860403863044, -0.6190954773869346, -0.7521083000443852, -0.2558970693352395, -0.543375053949072, -0.15532774153463813, -0.6278267535454196, -0.21905379131561886, -0.17931835786212236, -0.3036789297658863, -0.562067028646321]","[0.4721916904814245, 0.4872196139801774, 0.22917302410741533, 0.3619854721549637, 0.07106274007682459, 0.3880861102919493, 0.5518896220755849, 0.6304125468803273, 0.6072635135135135, 0.504828797190518, 0.17839195979899497, 0.13670661340434975, 0.6711937097927091, 0.33405265429434616, 0.7576887232059646, 0.2798006899195094, 0.7258587167854829, 0.7815646785437645, 0.6214046822742475, 0.3808275603819509]","[0.9760386898219389, 0.8719353155972874, 0.8971620384498017, 0.9263922518159806, 0.9084507042253521, 0.9734591565909761, 0.6694661067786443, 0.9672690078418003, 0.8445945945945946, 0.9666374012291484, 0.7974874371859296, 0.888814913448735, 0.9270907791279486, 0.8774277082434182, 0.9130164647406027, 0.9076274434649291, 0.9449125081011017, 0.9608830364058869, 0.9250836120401338, 0.9428945890282718]",0.38176923076923075,13,"[0.0, null, 0.594, 0.575, null, 0.6435, null, 0.045, null, 0.461, 0.145, 0.791, 0.0235, null, null, 0.5145, 0.4385, 0.049, 0.683, null]",35.00386428833008,20.939021110534668,0.09201598167419434,13.41326117515564,0.0032570362091064453,0.3791384696960449,1115790,ai08,success,
lenet_fmnist,FashionMNIST,20,0.3,42,300,4.0,dp_avg_eps8_K20,dp_avg,10,1.121148989439649,0.6019,0.524805,0.6715,0.877,0.1013,-0.28678170661749525,1,20,"[-0.3379819524200165, -0.21441523118767003, -0.3200472394449365, -0.4499141385231826, -0.3786782440906898, 0.017406962785114, -0.22367601246105917, -0.21411387329591014, -0.42212389380530974, -0.10093896713615014, -0.24006418168353494, -0.25198291641244663, -0.36656223298205637, -0.526899250081513, -0.4469424460431655, -0.3283526335450131, -0.2899357601713062, -0.12859960552268246, -0.32135661517797176, -0.19045590115040478]","[0.5619360131255127, 0.6881233000906618, 0.5863596102745793, 0.4430452203777905, 0.4081041968162084, 0.6836734693877551, 0.6862928348909657, 0.6933974873028602, 0.46106194690265484, 0.7183098591549296, 0.736114539619847, 0.5314215985356925, 0.5798917687268584, 0.4496250407564395, 0.45743405275779375, 0.576391483003362, 0.6226980728051392, 0.7708086785009862, 0.5493619879113499, 0.7545803152961227]","[0.8999179655455292, 0.9025385312783318, 0.9064068497195158, 0.8929593589009731, 0.7867824409068982, 0.6662665066026411, 0.9099688473520249, 0.9075113605987704, 0.8831858407079646, 0.8192488262910798, 0.9761787213033819, 0.7834045149481391, 0.9464540017089148, 0.9765242908379524, 0.9043764988009593, 0.904744116548375, 0.9126338329764454, 0.8994082840236687, 0.8707186030893217, 0.9450362164465275]",0.5586818181818183,11,"[0.7593333333333333, null, null, 0.496, null, 0.481, 0.001, 0.6636666666666666, null, 0.684, null, 0.331, null, 0.5825, 0.496, 0.932, 0.719, null, null, null]",34.93818473815918,20.850006103515625,0.09553861618041992,13.446403741836548,0.003124713897705078,0.3708341121673584,1115842,ai08,success,
lenet_fmnist,FashionMNIST,20,0.3,43,300,4.0,dp_avg_eps8_K20,dp_avg,10,1.1271583534196334,0.5238,0.5055750000000001,0.7683,0.8891,0.0994,-0.39391760514387864,0,20,"[-0.7217463387676153, -0.33828461907043605, -0.5256505576208179, -0.24198047419804736, -0.49106788408098456, -0.6530105524518932, -0.3784208870714061, -0.5480893087161872, -0.11293224065560659, -0.32598118715536817, -0.148962148962149, -0.44126851658668886, -0.27559808612440184, -0.38803523868059825, -0.4752475247524752, -0.2737063304439191, -0.4645340751043116, -0.5444596443228454, -0.07426035502958572, -0.4551161330822348]","[0.172147001934236, 0.6142788691902252, 0.35724907063197026, 0.6576011157601116, 0.389043271139341, 0.16387337057728119, 0.5696759987417427, 0.3705452984113353, 0.8380971417149711, 0.5199481024975673, 0.7435897435897436, 0.5130398497809305, 0.6574162679425838, 0.48719524687564025, 0.38189533239038187, 0.6895193065405831, 0.4376448771441817, 0.41997264021887826, 0.8828402366863906, 0.4199623352165725]","[0.8938933407018513, 0.9525634882606613, 0.8828996282527881, 0.899581589958159, 0.8801111552203256, 0.8168839230291745, 0.9480968858131488, 0.9186346071275225, 0.9510293823705777, 0.8459292896529355, 0.8925518925518926, 0.9543083663676194, 0.9330143540669856, 0.8752304855562385, 0.8571428571428571, 0.9632256369845023, 0.9021789522484933, 0.9644322845417237, 0.9571005917159763, 0.8750784682988073]",0.5291153846153847,13,"[0.95, 0.098, null, null, 0.098, 0.465, 0.088, 0.432, null, null, 0.95, 0.572, 0.2815, 0.96, null, null, 0.936, 0.95, 0.098, null]",35.41025757789612,21.127923250198364,0.09425044059753418,13.618272542953491,0.003317117691040039,0.39246273040771484,1115910,ai08,success,
lenet_fmnist,FashionMNIST,20,0.3,44,300,4.0,dp_avg_eps8_K20,dp_avg,10,1.123172016844655,0.5015,0.5250049999999999,0.7651,0.891,0.2433,-0.36457274082220964,0,20,"[-0.24994504286656405, -0.4144496609285342, -0.5822398535245651, -0.5075060532687652, -0.5832266325224071, -0.536714833382483, -0.09898020395920815, -0.37777020115922266, -0.17905405405405406, -0.33450395083406503, -0.22060301507537683, -0.6140701287172659, -0.21408148677626881, -0.533880017263703, -0.20068344206275246, -0.596780375622844, -0.19053791315618918, -0.2219209914794733, -0.19264214046822747, -0.4418648193222243]","[0.7300505605627611, 0.45748565466875324, 0.32529752822703695, 0.4290556900726392, 0.324583866837388, 0.43350044234739016, 0.563887222555489, 0.5782475281281964, 0.6630067567567568, 0.6321334503950834, 0.43366834170854274, 0.27851753217931646, 0.7130092923516798, 0.30945187742770824, 0.7123330226778503, 0.3100804906094289, 0.7543745949449125, 0.7401239349341595, 0.7364548494983277, 0.49691069088185735]","[0.9799956034293251, 0.8719353155972874, 0.907537381751602, 0.9365617433414044, 0.9078104993597952, 0.9702152757298732, 0.6628674265146971, 0.956017729287419, 0.8420608108108109, 0.9666374012291484, 0.6542713567839196, 0.8925876608965824, 0.9270907791279486, 0.8433318946914113, 0.9130164647406027, 0.9068608662322729, 0.9449125081011017, 0.9620449264136328, 0.9290969899665552, 0.9387755102040817]",0.4677948717948718,13,"[0.0, null, 0.665, 0.515, null, 0.807, null, 0.446, null, 0.556, 0.239, 0.81, 0.245, null, null, 0.7085, 0.333, 0.09433333333333334, 0.6625, null]",34.8904173374176,20.77676749229431,0.09154081344604492,13.463489294052124,0.0032088756561279297,0.3746068477630615,1115965,ai08,success,
lenet_fmnist,FashionMNIST,20,0.3,42,300,4.0,labelled_probe_warmup,labelled,100,0.0,0.5858,0.5222500000000001,0.6746,0.8796,0.1,-0.30443083034055435,0,20,"[-0.3650533223954061, -0.22892112420670896, -0.3141423088278712, -0.3926731539782484, -0.3675832127351665, -0.07262905162064826, -0.2258566978193146, -0.25153702218658114, -0.4128318584070797, -0.07159624413145538, -0.23290545544310048, -0.32824893227577795, -0.37567644545713474, -0.5057059015324421, -0.4634292565947242, -0.3819574150168099, -0.3745182012847965, -0.134516765285996, -0.33915379449294836, -0.24968044311887516]","[0.534864643150123, 0.6776971894832275, 0.5813404192500738, 0.5002862049227247, 0.4331886155330439, 0.6632653061224489, 0.6928348909657321, 0.652499331729484, 0.47168141592920354, 0.7464788732394366, 0.7457417921500864, 0.47895057962172055, 0.5636570777556251, 0.4704923377893707, 0.44544364508393286, 0.5218528203212551, 0.5323340471092077, 0.7712031558185405, 0.5342511752854264, 0.6949296974861525]","[0.8999179655455292, 0.9066183136899365, 0.895482728077945, 0.8929593589009731, 0.8007718282682104, 0.7358943577430972, 0.9186915887850468, 0.9040363539160652, 0.8845132743362832, 0.818075117370892, 0.9786472475931869, 0.8071995118974985, 0.9393335232127599, 0.9761982393218128, 0.9088729016786571, 0.903810235338065, 0.9068522483940042, 0.9057199211045365, 0.8734049697783748, 0.9446101406050277]",0.544530303030303,11,"[0.7496666666666667, null, null, 0.392, null, 0.53, 0.007, 0.6206666666666667, null, 0.627, null, 0.415, null, 0.5785, 0.392, 0.842, 0.836, null, null, null]",34.78329586982727,20.754807472229004,0.040488243103027344,13.412675857543945,0.003325223922729492,0.3977484703063965,1115790,ai08,success,
lenet_fmnist,FashionMNIST,20,0.3,43,300,4.0,labelled_probe_warmup,labelled,100,0.0,0.544,0.50949,0.7632,0.8791,0.1735,-0.37971811406509004,0,20,"[-0.5783365570599612, -0.4446574029707714, -0.5468401486988848, -0.2629009762900977, -0.48273124255657, -0.6530105524518932, -0.340673167662787, -0.4439673679690855, -0.12612432540475715, -0.30846578008433345, -0.12006512006512005, -0.48862925099102855, -0.2727272727272727, -0.3460356484326982, -0.4752475247524752, -0.29314420803782504, -0.3968474733426055, -0.5095759233926129, -0.07751479289940832, -0.4268675455116133]","[0.3152804642166344, 0.5074269286056541, 0.3243494423791822, 0.6380753138075314, 0.39023421992854307, 0.17939168218497828, 0.6096256684491979, 0.47316444826105625, 0.8402958225064961, 0.5844956211482323, 0.7708587708587709, 0.46797412893803464, 0.6598086124401914, 0.5324728539233764, 0.38330975954738333, 0.6687680588389808, 0.512285581826611, 0.4548563611491108, 0.8778106508875739, 0.4475831763967357]","[0.8936170212765957, 0.9520843315764255, 0.8711895910780669, 0.900976290097629, 0.8729654624851131, 0.8324022346368715, 0.9502988361119848, 0.9171318162301417, 0.9664201479112533, 0.8929614012325657, 0.8909238909238909, 0.9566033799290632, 0.9325358851674641, 0.8785085023560746, 0.8585572842998586, 0.9619122668768059, 0.9091330551692165, 0.9644322845417237, 0.9553254437869823, 0.874450721908349]",0.6030769230769232,13,"[0.969, 0.322, null, null, 0.322, 0.459, 0.195, 0.422, null, null, 0.969, 0.681, 0.3905, 0.9315, null, null, 0.888, 0.969, 0.322, null]",34.856656312942505,20.79972219467163,0.04086470603942871,13.46421217918396,0.003252267837524414,0.3762209415435791,1115842,ai08,success,
lenet_fmnist,FashionMNIST,20,0.3,44,300,4.0,labelled_probe_warmup,labelled,100,0.0,0.4413,0.528205,0.728,0.8765,0.1837,-0.43157640019330595,0,20,"[-0.3398549131677292, -0.43675013041210226, -0.7290204455294476, -0.47288135593220343, -0.8585147247119078, -0.5865526393394278, -0.08218356328734255, -0.632799181725196, -0.26266891891891897, -0.31870061457418797, -0.6457286432160804, -0.7399023524189968, -0.2623302358827735, -0.4488562796719896, -0.1717924821373098, -0.6144116519739364, -0.19831497083603367, -0.24941905499612704, -0.09030100334448166, -0.490544841789927]","[0.6418993185315454, 0.4281429316640584, 0.17851693622215442, 0.44455205811138016, 0.04801536491677337, 0.38838100855204954, 0.5872825434913017, 0.3249232867371292, 0.5793918918918919, 0.6479367866549605, 0.15226130653266332, 0.13648468708388814, 0.6719085060757684, 0.3642641346568839, 0.7542715128922025, 0.2955155231889613, 0.7465975372650681, 0.7095274980635167, 0.8381270903010033, 0.4564688260625351]","[0.9817542316992746, 0.8648930620761607, 0.907537381751602, 0.9174334140435836, 0.9065300896286812, 0.9749336478914774, 0.6694661067786443, 0.9577224684623252, 0.8420608108108109, 0.9666374012291484, 0.7979899497487437, 0.876387039502885, 0.9342387419585418, 0.8131204143288735, 0.9260639950295123, 0.9099271751628977, 0.9449125081011017, 0.9589465530596437, 0.928428093645485, 0.9470136678524621]",0.3499615384615385,13,"[0.0, null, 0.6035, 0.144, null, 0.8455, null, 0.001, null, 0.4465, 0.252, 0.768, 0.008, null, null, 0.49, 0.446, 0.089, 0.456, null]",35.067198514938354,20.900888204574585,0.040576934814453125,13.559231519699097,0.0033218860626220703,0.3814263343811035,1115910,ai08,success,
lenet_fmnist,FashionMNIST,20,0.3,42,300,4.0,no_phase0,none,0,0.0,0.5976,0.523395,0.6741,0.88,0.1,-0.2846465796812049,1,20,"[-0.2920426579163248, -0.2348141432456935, -0.27871272512547973, -0.40755580995993135, -0.3699951760733237, 0.10084033613445376, -0.20436137071651095, -0.22988505747126442, -0.43805309734513276, -0.11619718309859162, -0.2615403604048383, -0.30628431970713854, -0.39789233836513815, -0.5161395500489078, -0.4322541966426859, -0.3309675009338813, -0.2554603854389722, -0.1637080867850098, -0.3274009402283411, -0.23050703025138475]","[0.6086956521739131, 0.6736174070716229, 0.6238559196929436, 0.48540354894104176, 0.43367100820067533, 0.673469387755102, 0.7006230529595016, 0.673616680032077, 0.44424778761061945, 0.7007042253521126, 0.7163663293014071, 0.5125076266015863, 0.5465679293648533, 0.459406586240626, 0.47452038369304556, 0.5786327979081061, 0.6597430406852248, 0.7420118343195267, 0.5496977837474816, 0.7217724755006392]","[0.9007383100902379, 0.9084315503173164, 0.9025686448184234, 0.8929593589009731, 0.803666184273999, 0.5726290516206483, 0.9049844236760125, 0.9035017375033414, 0.8823008849557522, 0.8169014084507042, 0.9779066897062454, 0.8187919463087249, 0.9444602677299915, 0.9755461362895338, 0.9067745803357314, 0.9096002988419873, 0.915203426124197, 0.9057199211045365, 0.8770987239758227, 0.9522795057520239]",0.5406818181818182,11,"[0.743, null, null, 0.396, null, 0.478, 0.001, 0.678, null, 0.627, null, 0.408, null, 0.5525, 0.396, 0.909, 0.759, null, null, null]",35.18714928627014,21.033291339874268,0.024963855743408203,13.574934244155884,0.003329753875732422,0.37625646591186523,1115910,ai08,success,
lenet_fmnist,FashionMNIST,20,0.3,43,300,4.0,no_phase0,none,0,0.0,0.5186,0.5111000000000001,0.7607,0.8872,0.0368,-0.40328778991358816,0,20,"[-0.7054434926775353, -0.342117872544322, -0.5355018587360596, -0.25871687587168757, -0.49067090115125045, -0.6623215394165115, -0.36300723497955323, -0.5268355517389437, -0.133120127923246, -0.3765812520272461, -0.1265771265771266, -0.5001043187982475, -0.2808612440191387, -0.44232739192788356, -0.5106082036775106, -0.25400577882847386, -0.4705609643022717, -0.5533515731874146, -0.08106508875739649, -0.4519774011299435]","[0.1884498480243161, 0.6099664590321034, 0.35353159851301114, 0.6387726638772664, 0.38427947598253276, 0.16821849782743636, 0.5806857502359233, 0.37913267496779735, 0.8382970217869279, 0.5283814466428803, 0.7484737484737485, 0.4533694971833924, 0.6574162679425838, 0.44601516082769926, 0.347949080622348, 0.7016023115313895, 0.4418173388966157, 0.4110807113543092, 0.8742603550295858, 0.4180790960451977]","[0.8938933407018513, 0.9520843315764255, 0.8890334572490707, 0.897489539748954, 0.8749503771337832, 0.8305400372439479, 0.9436929852154765, 0.905968226706741, 0.9714171497101739, 0.9049626986701265, 0.8750508750508751, 0.9534738159816399, 0.9382775119617225, 0.8883425527555828, 0.8585572842998586, 0.9556080903598634, 0.9123783031988874, 0.9644322845417237, 0.9553254437869823, 0.8700564971751412]",0.5325384615384615,13,"[0.952, 0.152, null, null, 0.152, 0.37, 0.044, 0.4235, null, null, 0.952, 0.59, 0.261, 0.9675, null, null, 0.955, 0.952, 0.152, null]",34.66761589050293,20.674230337142944,0.02045726776123047,13.417363166809082,0.0033185482025146484,0.37268805503845215,1115965,ai08,success,
lenet_fmnist,FashionMNIST,20,0.3,42,300,4.0,raw_union_K20,raw_union,3136,0.0,0.8115,0.5189400000000001,0.6742,0.8823,0.7914,-0.06337528020149479,2,20,"[-0.057424118129614454, -0.027198549410698103, -0.038382049010924124, -0.14024041213508875, -0.08055957549445247, 0.11824729891956776, -0.02554517133956391, -0.16519647153167605, -0.08761061946902649, 0.073943661971831, -0.15465317205628237, -0.08724832214765099, -0.09484477356878385, -0.14444082164982064, -0.08723021582733814, -0.052484124019424705, -0.03854389721627405, -0.005522682445759375, -0.12357286769644049, -0.04899872177247555]","[0.8424938474159147, 0.871713508612874, 0.8573959255978743, 0.7527189467658844, 0.7095996140858659, 0.8091236494597839, 0.8476635514018691, 0.7364341085271318, 0.8008849557522124, 0.8908450704225352, 0.8214021229326093, 0.6961561928004881, 0.8521788664198234, 0.8317574176719922, 0.8186450839328537, 0.8436682853940979, 0.8862955032119915, 0.9037475345167653, 0.7427803895231699, 0.9037068598210481]","[0.8999179655455292, 0.8989120580235721, 0.8957779746087984, 0.8929593589009731, 0.7901591895803184, 0.6908763505402161, 0.873208722741433, 0.9016305800588078, 0.8884955752212389, 0.8169014084507042, 0.9760552949888917, 0.7834045149481391, 0.9470236399886073, 0.9761982393218128, 0.9058752997601919, 0.8961524094135226, 0.9248394004282655, 0.9092702169625246, 0.8663532572196104, 0.9527055815935237]",0.784590909090909,11,"[0.9456666666666667, null, null, 0.68, null, 0.933, 0.672, 0.9273333333333333, null, 0.598, null, 0.575, null, 0.7655, 0.68, 0.95, 0.904, null, null, null]",35.296109676361084,20.85331964492798,0.410534143447876,13.48002576828003,0.0033185482025146484,0.3755338191986084,1115965,ai08,success,
lenet_fmnist,FashionMNIST,20,0.3,43,300,4.0,warmup_only_labelled,warmup_only,100,0.0,0.1735,0.5104099999999999,0.7574,0.889,0.1735,-0.7409336884489657,0,20,"[-0.5026250345399281, -0.8988979396262577, -0.820446096654275, -0.810320781032078, -0.814211988884478, -0.7746741154562383, -0.6838628499528153, -0.5030055817947616, -0.8506895862482511, -0.6454751865066493, -0.8884818884818885, -0.8322553724181098, -0.46076555023923443, -0.6734275763163287, -0.6322489391796322, -0.9369582348305753, -0.7375985164580435, -0.8673050615595076, -0.8476331360946745, -0.6377903327055869]","[0.3937551809892235, 0.05318639195016771, 0.06431226765799257, 0.08716875871687588, 0.06351726875744343, 0.06207324643078833, 0.27304183705567786, 0.4021039072563332, 0.1219268438936638, 0.21505027570548169, 0.001221001221001221, 0.12121844356353015, 0.4717703349282297, 0.21020282728948986, 0.2263083451202263, 0.026530076175466245, 0.1743161798794622, 0.09712722298221614, 0.10946745562130178, 0.23603264281230382]","[0.8963802155291517, 0.9520843315764255, 0.8847583643122676, 0.897489539748954, 0.8777292576419214, 0.8367473618870267, 0.9569046870084932, 0.9051094890510949, 0.9726164301419149, 0.860525462212131, 0.8897028897028897, 0.9534738159816399, 0.9325358851674641, 0.8836304036058185, 0.8585572842998586, 0.9634883110060415, 0.9119146963375058, 0.9644322845417237, 0.9571005917159763, 0.8738229755178908]",0.42849999999999994,13,"[0.998, 0.736, null, null, 0.736, 0.0, 0.0, 0.0005, null, null, 0.998, 0.0, 0.368, 0.0, null, null, 0.0, 0.998, 0.736, null]",21.48487138748169,20.917866468429565,0.024397850036621094,0.0,0.0,0.3678867816925049,1115679,ai08,success,
lenet_fmnist,FashionMNIST,20,0.3,44,300,4.0,warmup_only_labelled,warmup_only,100,0.0,0.1837,0.52213,0.7293,0.8724,0.1837,-0.7158557138838687,0,20,"[-0.8744779072323587, -0.8107720396452791, -0.8312480927677754, -0.4450363196125908, -0.8636363636363636, -0.8383957534650546, -0.5368926214757048, -0.8557790658029322, -0.6190878378378379, -0.8858647936786656, -0.7020100502512562, -0.4520639147802929, -0.6969263759828449, -0.47647820457488127, -0.7958993476234855, -0.47489459563050973, -0.5703175631885936, -0.8865220759101471, -0.8528428093645485, -0.8479685452162516]","[0.09958232578588701, 0.05581637976004173, 0.05309734513274336, 0.48256658595641644, 0.045454545454545456, 0.13152462400471837, 0.1247750449910018, 0.10535288100920559, 0.22550675675675674, 0.08077260755048288, 0.03969849246231156, 0.44940079893475365, 0.21193709792709078, 0.36167457919723783, 0.12612612612612611, 0.4361824453813722, 0.3745949449125081, 0.07552285050348567, 0.07625418060200669, 0.10073020033701555]","[0.9740602330182457, 0.8665884194053208, 0.8843454379005188, 0.9276029055690073, 0.9090909090909091, 0.9699203774697729, 0.6616676664667066, 0.9611319468121378, 0.8445945945945946, 0.9666374012291484, 0.7417085427135678, 0.9014647137150466, 0.9088634739099357, 0.8381527837721191, 0.9220254737496116, 0.9110770410118819, 0.9449125081011017, 0.9620449264136328, 0.9290969899665552, 0.9486987455532672]",0.18708974358974356,13,"[0.969, null, 0.141, 0.0, null, 0.054, null, 0.002, null, 0.001, 0.002, 0.108, 0.001, null, null, 0.292, 0.4845, 0.32366666666666666, 0.054, null]",21.582357168197632,21.009088277816772,0.02532172203063965,0.0,0.0,0.3691718578338623,1115740,ai08,success,
lenet_fmnist,FashionMNIST,20,1.0,42,300,4.0,dp_avg_eps2_K20,dp_avg,10,4.484595957758596,0.6617,0.688385,0.8141,0.8891,0.1,-0.18524376552557603,0,20,"[-0.09842249657064472, -0.12250830564784054, -0.22686393965767326, -0.07288317256162913, -0.14458850056369787, -0.30888269885484365, -0.2511431586352444, -0.087547580206634, -0.23415492957746487, -0.1797985781990521, -0.25341841385597075, -0.15067911714770799, -0.24111752201639836, -0.12, -0.2141333333333334, -0.1175529788084766, -0.2294665537679932, -0.1610452749924035, -0.1563748079877112, -0.33429394812680124]","[0.8148148148148148, 0.7221760797342193, 0.6408471134319699, 0.7486602357984995, 0.7316798196166855, 0.5468895078922934, 0.5856489623637003, 0.7346383904295813, 0.6289612676056338, 0.6910545023696683, 0.6194165907019143, 0.7521222410865874, 0.657151533556028, 0.7295238095238096, 0.6405333333333333, 0.6933226709316274, 0.6926333615580017, 0.7013065937405044, 0.7259600614439324, 0.5679291889666529]","[0.9132373113854595, 0.8446843853820598, 0.8677110530896431, 0.8215434083601286, 0.8762683201803834, 0.855772206747137, 0.8367921209989447, 0.8221859706362153, 0.8631161971830986, 0.8708530805687204, 0.8728350045578851, 0.9028013582342954, 0.8982690555724263, 0.8495238095238096, 0.8546666666666667, 0.810875649740104, 0.9220999153259949, 0.8623518687329079, 0.8823348694316436, 0.9022231370934541]",,0,"[null, null, null, null, null, null, null, null, null, null, null, null, null, null, null, null, null, null, null, null]",34.611109018325806,20.69154977798462,0.10328817367553711,13.303191184997559,0.00321197509765625,0.33655261993408203,1115790,ai08,success,
lenet_fmnist,FashionMNIST,20,1.0,43,300,4.0,dp_avg_eps2_K20,dp_avg,10,4.508633413678534,0.6086,0.696715,0.7737,0.8881,0.0983,-0.244645457172946,0,20,"[-0.18743228602383533, -0.2120456165359943, -0.2836008813345924, -0.20607476635514022, -0.24346405228758172, -0.28937728937728946, -0.20257570483814824, -0.25681818181818183, -0.17523124357656727, -0.17614533965244872, -0.26470588235294124, -0.3064280496712929, -0.1914371420779929, -0.22631804543506218, -0.29995862639635906, -0.4112721417069243, -0.23130341880341887, -0.3453795779772011, -0.19904803115534397, -0.1842928660826032]","[0.6799566630552546, 0.6742694226657163, 0.6298394711992445, 0.5738317757009346, 0.5996732026143791, 0.45731191885038036, 0.6630699617124957, 0.6102272727272727, 0.6765159301130524, 0.7069510268562401, 0.6355325914149443, 0.5069393718042366, 0.6536678483774202, 0.7029575653664809, 0.5506826644600745, 0.46344605475040257, 0.6316773504273504, 0.5721561969439728, 0.7321505841627002, 0.6899249061326659]","[0.8673889490790899, 0.8863150392017106, 0.9134403525338369, 0.7799065420560748, 0.8431372549019608, 0.7466892082276698, 0.8656456665506439, 0.8670454545454546, 0.8517471736896197, 0.8830963665086888, 0.9002384737678856, 0.8133674214755295, 0.8451049904554131, 0.9292756108015431, 0.8506412908564336, 0.8747181964573268, 0.8629807692307693, 0.9175357749211739, 0.9311986153180442, 0.8742177722152691]",0.792,1,"[null, null, null, null, null, null, null, 0.792, null, null, null, null, null, null, null, null, null, null, null, null]",35.053987979888916,20.98594617843628,0.0982205867767334,13.437281370162964,0.0032091140747070312,0.3560500144958496,1115842,ai08,success,
lenet_fmnist,FashionMNIST,20,1.0,44,300,4.0,dp_avg_eps2_K20,dp_avg,10,4.49268806737862,0.6138,0.6845150000000001,0.7684,0.8748,0.1986,-0.23221761747718994,0,20,"[-0.19302272205646087, -0.20748898678414096, -0.239, -0.27788649706457924, -0.2125396106835672, -0.3020502454519203, -0.25437743190661477, -0.2842438638163104, -0.20775156475686085, -0.25243553008595987, -0.2005801906340654, -0.11903285802851826, -0.3019457956914524, -0.33774655498513917, -0.33872472783825813, -0.17015376859087472, -0.14913252122554455, -0.16548463356973997, -0.20882971268395234, -0.22192513368983957]","[0.6215285747073674, 0.6502202643171806, 0.5973333333333334, 0.6156555772994129, 0.6783612494341331, 0.4741553566272019, 0.5914396887159533, 0.6025336500395883, 0.5982185844968705, 0.6558739255014326, 0.6974720265230004, 0.6069435833849969, 0.5069492703266157, 0.572818157254796, 0.5642301710730949, 0.7332997227123771, 0.7441860465116279, 0.7155240346729709, 0.6951646811492642, 0.5765374331550802]","[0.8145512967638283, 0.8577092511013216, 0.8363333333333334, 0.8935420743639921, 0.8909008601177003, 0.7762056020791221, 0.8458171206225681, 0.8867775138558986, 0.8059701492537313, 0.9083094555873925, 0.8980522171570658, 0.7259764414135151, 0.8088950660180682, 0.9105647122399352, 0.902954898911353, 0.9034534913032518, 0.8933185677371724, 0.8810086682427108, 0.9039943938332166, 0.7984625668449198]",,0,"[null, null, null, null, null, null, null, null, null, null, null, null, null, null, null, null, null, null, null, null]",35.18797993659973,20.9918532371521,0.09848904609680176,13.574691534042358,0.003357410430908203,0.3391690254211426,1115910,ai08,success,
lenet_fmnist,FashionMNIST,20,1.0,42,300,4.0,dp_avg_eps8_K20,dp_avg,10,1.121148989439649,0.6719,0.683305,0.7958,0.876,0.1,-0.17802768732464677,0,20,"[-0.10185185185185186, -0.1009136212624584, -0.2088772845953002, -0.09699892818863887, -0.1437429537767756, -0.28659857629216967, -0.24270137179036222, -0.11310494834148999, -0.20510563380281688, -0.15906398104265407, -0.22082953509571557, -0.17954159592529706, -0.2392954752505314, -0.13571428571428568, -0.22773333333333334, -0.11715313874450217, -0.1604572396274344, -0.15527195381343062, -0.1683563748079877, -0.2972416632358995]","[0.8058984910836763, 0.7400332225913622, 0.6556425877574703, 0.740085744908896, 0.7395715896279594, 0.5868152274837511, 0.6025325360534647, 0.7030995106035889, 0.6654929577464789, 0.7123815165876777, 0.6378760255241568, 0.7372665534804754, 0.6620103249316732, 0.7133333333333334, 0.624, 0.6929228308676529, 0.7324301439458086, 0.7076876329383166, 0.7032258064516129, 0.598394400988061]","[0.9077503429355281, 0.8409468438538206, 0.8645198723527705, 0.8370846730975349, 0.883314543404735, 0.8734138037759208, 0.8452339078438269, 0.8162044589450789, 0.8705985915492958, 0.8714454976303317, 0.8587055606198724, 0.9168081494057725, 0.9013058001822046, 0.849047619047619, 0.8517333333333333, 0.8100759696121551, 0.892887383573243, 0.8629595867517472, 0.8715821812596006, 0.8956360642239605]",,0,"[null, null, null, null, null, null, null, null, null, null, null, null, null, null, null, null, null, null, null, null]",34.917858362197876,20.829111099243164,0.09760093688964844,13.469482660293579,0.0032727718353271484,0.3440890312194824,1115965,ai08,success,
lenet_fmnist,FashionMNIST,20,1.0,42,300,4.0,labelled_probe_warmup,labelled,100,0.0,0.6605,0.6792749999999999,0.8112,0.8858,0.1,-0.1884813305366871,0,20,"[-0.0867626886145405, -0.12998338870431891, -0.24281984334203655, -0.07717041800643087, -0.13838782412626827, -0.3358093469514082, -0.2877242349630671, -0.08863512778684068, -0.2328345070422535, -0.16587677725118488, -0.24225159525979945, -0.14770797962648552, -0.2429395687822654, -0.13761904761904764, -0.22586666666666666, -0.135545781687325, -0.20237087214225236, -0.16408386508659978, -0.15176651305683564, -0.3334705640181145]","[0.8172153635116598, 0.7396179401993356, 0.632143893240499, 0.759914255091104, 0.7412626832018039, 0.5317239244815847, 0.5575096728807598, 0.7379010331702012, 0.636443661971831, 0.6990521327014217, 0.6212397447584321, 0.7550933786078099, 0.6413604615851807, 0.7095238095238096, 0.6082666666666666, 0.6781287485005998, 0.6985605419136325, 0.7013065937405044, 0.728110599078341, 0.5634005763688761]","[0.9039780521262003, 0.8696013289036545, 0.8749637365825356, 0.8370846730975349, 0.8796505073280722, 0.8675332714329929, 0.8452339078438269, 0.8265361609570419, 0.8692781690140845, 0.8649289099526066, 0.8634913400182316, 0.9028013582342954, 0.8843000303674461, 0.8471428571428572, 0.8341333333333333, 0.8136745301879248, 0.9009314140558848, 0.8653904588271042, 0.8798771121351766, 0.8968711403869906]",,0,"[null, null, null, null, null, null, null, null, null, null, null, null, null, null, null, null, null, null, null, null]",35.3089382648468,21.12602162361145,0.04067730903625488,13.617274284362793,0.003213167190551758,0.34688282012939453,1115910,ai08,success,
lenet_fmnist,FashionMNIST,20,1.0,43,300,4.0,labelled_probe_warmup,labelled,100,0.0,0.6279,0.7058000000000001,0.7835,0.8822,0.1735,-0.23221077750690378,0,20,"[-0.18938244853737818, -0.17676407697790453, -0.2653446647780926, -0.18785046728971955, -0.22031590413943347, -0.35672020287404904, -0.18760877131917852, -0.24375000000000002, -0.15107913669064754, -0.15244865718799372, -0.23529411764705888, -0.3075237399561723, -0.17834742296154893, -0.1808829832833262, -0.32312784443525033, -0.38582930756843803, -0.19631410256410264, -0.34077128304632553, -0.19558632626568584, -0.16927409261576976]","[0.6840736728060671, 0.7049180327868853, 0.6455775889203651, 0.577570093457944, 0.6375272331154684, 0.4697097774020851, 0.6815175774451793, 0.6284090909090909, 0.6957862281603289, 0.7306477093206951, 0.670906200317965, 0.5087655222790358, 0.6711208071993455, 0.7321045863694814, 0.5482002482416218, 0.49404186795491145, 0.6634615384615384, 0.5731263642978414, 0.7442665512765037, 0.7024405506883604]","[0.8734561213434453, 0.8816821097647898, 0.9109222536984577, 0.7654205607476635, 0.8578431372549019, 0.8264299802761341, 0.8691263487643578, 0.8721590909090909, 0.8468653648509764, 0.8830963665086888, 0.9062003179650239, 0.8162892622352081, 0.8494682301608945, 0.9129875696528076, 0.8713280926768722, 0.8798711755233495, 0.8597756410256411, 0.9138976473441669, 0.9398528775421895, 0.8717146433041302]",0.816,1,"[null, null, null, null, null, null, null, 0.816, null, null, null, null, null, null, null, null, null, null, null, null]",34.83216190338135,20.805232763290405,0.04084944725036621,13.461662292480469,0.0032501220703125,0.3484950065612793,1115965,ai08,success,
lenet_fmnist,FashionMNIST,20,1.0,44,300,4.0,no_phase0,none,0,0.0,0.5826,0.6949850000000001,0.814,0.8805,0.0897,-0.26950509265383815,0,20,"[-0.22928620610511818, -0.26431718061674014, -0.2476666666666667, -0.33855185909980434, -0.21118153010411944, -0.3395899509096159, -0.382295719844358, -0.2814726840855106, -0.1961964371689937, -0.3392550143266476, -0.2648155822627435, -0.15561066336019835, -0.36970118137595553, -0.3347743853012699, -0.4637636080870917, -0.21981346105369304, -0.15319306016980427, -0.1828211189913317, -0.2105816398037842, -0.2052139037433155]","[0.606839568510443, 0.5986784140969162, 0.5886666666666667, 0.5620352250489237, 0.6668175645088276, 0.455385503898354, 0.48151750972762647, 0.6144101346001584, 0.6148290804044295, 0.5587392550143266, 0.6394529631164525, 0.5728456292622442, 0.4364141765114663, 0.5579573088354499, 0.43359253499222394, 0.7098563145954121, 0.7404946474713917, 0.7131599684791174, 0.6965662228451296, 0.6059491978609626]","[0.8361257746155611, 0.8629955947136564, 0.8363333333333334, 0.900587084148728, 0.877999094612947, 0.7949754548079699, 0.8638132295719845, 0.895882818685669, 0.8110255175734232, 0.8979942693409743, 0.904268545379196, 0.7284562926224426, 0.8061153578874218, 0.8927316941367198, 0.8973561430793157, 0.9296697756491051, 0.893687707641196, 0.8959810874704491, 0.9071478626489138, 0.8111631016042781]",,0,"[null, null, null, null, null, null, null, null, null, null, null, null, null, null, null, null, null, null, null, null]",35.00439119338989,20.916749715805054,0.020619630813598633,13.523725271224976,0.0032796859741210938,0.36649084091186523,1115679,ai08,success,
lenet_fmnist,FashionMNIST,20,1.0,43,300,4.0,raw_union_K20,raw_union,3859,0.0,0.8183,0.7052700000000001,0.7985,0.8834,0.8004,-0.039590954367868636,4,20,"[-0.05070422535211272, -0.0032074126870991204, -0.059490084985835634, 0.0065420560747663226, 0.0016339869281045694, -0.04113834883065659, -0.05221023320570828, -0.04375000000000007, -0.05061664953751288, 0.0023696682464454666, -0.05325914149443556, -0.027027027027026973, -0.06490319061903471, -0.028289755679382855, -0.058750517170045535, -0.07922705314009659, 0.015491452991452936, -0.09701673538685429, -0.05538727823453049, -0.052878598247809716]","[0.828385698808234, 0.8777619387027797, 0.8545797922568461, 0.7780373831775701, 0.8572984749455338, 0.796844181459566, 0.8301427079707623, 0.8301136363636363, 0.7995889003083247, 0.8838862559241706, 0.8521462639109698, 0.8049671292914536, 0.7990182710662667, 0.9001285897985426, 0.8076127430699214, 0.8074074074074075, 0.8501602564102564, 0.8137278680572398, 0.884465599307659, 0.8222778473091364]","[0.8790899241603467, 0.8809693513898789, 0.9140698772426817, 0.7714953271028038, 0.8556644880174292, 0.8379825302902226, 0.8823529411764706, 0.8738636363636364, 0.8502055498458376, 0.8815165876777251, 0.9054054054054054, 0.8319941563184806, 0.8639214616853014, 0.9284183454779255, 0.8663632602399669, 0.886634460547504, 0.8346688034188035, 0.9107446034440941, 0.9398528775421895, 0.8751564455569462]",0.935,1,"[null, null, null, null, null, null, null, 0.935, null, null, null, null, null, null, null, null, null, null, null, null]",35.44727563858032,20.866157054901123,0.504345178604126,13.556290864944458,0.003250598907470703,0.3427262306213379,1115679,ai08,success,
lenet_fmnist,FashionMNIST,20,1.0,44,300,4.0,raw_union_K20,raw_union,3866,0.0,0.8302,0.6967,0.7975,0.8803,0.8021,-0.018613244827135538,5,20,"[-0.03419784255221481, -0.014537444933920618, -0.01200000000000001, -0.024657534246575352, -0.018334087822544087, -0.030898065261334096, 0.0029182879377431803, -0.0621536025336501, -0.014203177660086608, -0.039255014326647575, 0.0058019063406548055, 0.12523248605083703, -0.020500347463516366, -0.048365306673871955, -0.055676516329704606, -0.017141416687673328, 0.006275378368401641, 0.03467297084318366, -0.054309740714786225, -0.10093582887700536]","[0.7920587560247877, 0.83568281938326, 0.8043333333333333, 0.8720156555772994, 0.8675871435038479, 0.7710077967080566, 0.8487354085603113, 0.8171021377672208, 0.8119884448724122, 0.8716332378223496, 0.9104848736013261, 0.8282703037817731, 0.7946490618485059, 0.8594974331261821, 0.8491446345256609, 0.9115200403327451, 0.9058693244739756, 0.9251379038613081, 0.8577435178696566, 0.7359625668449198]","[0.8262565985770025, 0.8502202643171806, 0.8163333333333334, 0.8966731898238748, 0.885921231326392, 0.8019058619693907, 0.8458171206225681, 0.879255740300871, 0.8261916225324988, 0.9108882521489972, 0.9046829672606713, 0.7030378177309361, 0.8151494093120223, 0.907862739800054, 0.9048211508553655, 0.9286614570204185, 0.899593946105574, 0.8904649330181245, 0.9120532585844429, 0.8368983957219251]",,0,"[null, null, null, null, null, null, null, null, null, null, null, null, null, null, null, null, null, null, null, null]",35.46288704872131,20.91884160041809,0.5007400512695312,13.520900011062622,0.0032677650451660156,0.33625173568725586,1115740,ai08,success,
lenet_fmnist,FashionMNIST,20,1.0,42,300,4.0,warmup_only_labelled,warmup_only,100,0.0,0.1,0.6769299999999999,0.7981,0.888,0.1,-0.7661699649729203,0,20,"[-0.840877914951989, -0.6843853820598007, -0.8102697998259356, -0.7127545551982851, -0.7657835400225479, -0.7892293407613742, -0.8121702427013718, -0.6971179989124524, -0.6751760563380281, -0.5574644549763033, -0.74179580674567, -0.8230050933786078, -0.8712420285453993, -0.8414285714285715, -0.788, -0.7936825269892043, -0.8289585097375106, -0.7441507140686721, -0.7136712749615975, -0.8322354878550844]","[0.07098765432098765, 0.16071428571428573, 0.06846533217290397, 0.1227224008574491, 0.1161217587373168, 0.07985143918291551, 0.028139289482940557, 0.13322457857531267, 0.15140845070422534, 0.3130924170616114, 0.11964448495897903, 0.09125636672325976, 0.034922563012450655, 0.005714285714285714, 0.0528, 0.023990403838464614, 0.07154953429297206, 0.11273169249468247, 0.16374807987711212, 0.06792918896665294]","[0.9118655692729767, 0.8450996677740864, 0.8787351319988396, 0.8354769560557342, 0.8819052987598647, 0.8690807799442897, 0.8403095321843124, 0.8303425774877651, 0.8265845070422535, 0.8705568720379147, 0.8614402917046491, 0.9142614601018676, 0.90616459155785, 0.8471428571428572, 0.8408, 0.8176729308276689, 0.9005080440304827, 0.8568824065633546, 0.8774193548387097, 0.9001646768217373]",,0,"[null, null, null, null, null, null, null, null, null, null, null, null, null, null, null, null, null, null, null, null]",21.51980972290039,20.956957578659058,0.023540973663330078,0.0,0.0,0.36095595359802246,1115740,ai08,success,
lenet_fmnist,FashionMNIST,20,1.0,43,300,4.0,warmup_only_labelled,warmup_only,100,0.0,0.1735,0.70332,0.7936,0.8884,0.1735,-0.6750191510608637,0,20,"[-0.733477789815818, -0.5933713471133286, -0.6871262197041234, -0.5668224299065421, -0.7546296296296297, -0.7548605240912933, -0.7104072398190044, -0.603409090909091, -0.7070914696813978, -0.3507109004739336, -0.6955484896661367, -0.6800584368151935, -0.6643032451595309, -0.7843977711101586, -0.7227968556061233, -0.788083735909823, -0.796474358974359, -0.8343439243269465, -0.4006923409779316, -0.6717772215269087]","[0.13759479956663057, 0.2826086956521739, 0.23135033050047216, 0.21261682242990654, 0.10185185185185185, 0.08537616229923922, 0.1677688827010094, 0.26875, 0.12949640287769784, 0.5308056872037915, 0.20190779014308427, 0.13659605551497445, 0.18789200981728935, 0.12858979854264896, 0.14853123707074886, 0.09114331723027375, 0.06837606837606838, 0.07809847198641766, 0.5305062743401125, 0.20619524405506884]","[0.8710725893824486, 0.8759800427655025, 0.9184765502045955, 0.7794392523364486, 0.8564814814814815, 0.8402366863905325, 0.8781761225200139, 0.8721590909090909, 0.8365878725590956, 0.8815165876777251, 0.8974562798092209, 0.816654492330168, 0.8521952549768202, 0.9129875696528076, 0.8713280926768722, 0.8792270531400966, 0.8648504273504274, 0.9124423963133641, 0.9311986153180442, 0.8779724655819775]",0.001,1,"[null, null, null, null, null, null, null, 0.001, null, null, null, null, null, null, null, null, null, null, null, null]",21.35213351249695,20.820708751678467,0.024053096771240234,0.0,0.0,0.3274233341217041,1115790,ai08,success,
lenet_fmnist,FashionMNIST,20,1.0,44,300,4.0,warmup_only_labelled,warmup_only,100,0.0,0.1837,0.6894500000000001,0.794,0.876,0.1837,-0.6832922304875765,0,20,"[-0.6662841404636217, -0.7264317180616741, -0.6756666666666666, -0.8418786692759295, -0.5717519239474875, -0.5495235345076523, -0.6556420233463036, -0.5946159936658749, -0.638180067404911, -0.7518624641833811, -0.7384997927890593, -0.5114693118412895, -0.49583043780403063, -0.6295595784922994, -0.7632970451010888, -0.8416939752961936, -0.7796234772978958, -0.7738376674546887, -0.7964260686755431, -0.6637700534759359]","[0.17167775992655496, 0.12158590308370044, 0.12666666666666668, 0.058317025440313114, 0.3182435491172476, 0.2414091827894889, 0.20428015564202334, 0.2921615201900237, 0.20462205103514686, 0.1693409742120344, 0.15540820555325321, 0.16676999380037197, 0.2995135510771369, 0.2696568495001351, 0.13312597200622084, 0.08545500378119486, 0.10668143226282761, 0.12135539795114263, 0.11878065872459706, 0.16644385026737968]","[0.8379619003901767, 0.8480176211453745, 0.8023333333333333, 0.9001956947162426, 0.8899954730647351, 0.7909327172971412, 0.8599221789883269, 0.8867775138558986, 0.8428021184400578, 0.9212034383954155, 0.8939079983423125, 0.6782393056416615, 0.7953439888811675, 0.8992164279924345, 0.8964230171073095, 0.9271489790773885, 0.8863049095607235, 0.8951930654058313, 0.9152067274001402, 0.8302139037433155]",,0,"[null, null, null, null, null, null, null, null, null, null, null, null, null, null, null, null, null, null, null, null]",21.419241189956665,20.88651394844055,0.0241696834564209,0.0,0.0,0.32875704765319824,1115842,ai08,success,
lenet_fmnist,FashionMNIST,50,0.01,42,300,4.0,dp_avg_eps2_K20,dp_avg,0,0.0,,0.11414999999999999,0.392,0.8799,,,,,[],[],[],,,[],21.587358951568604,21.39675545692444,0.0,0.0,0.0,0.0,1115910,ai08,FAIL,"RuntimeError: cannot reshape tensor of 0 elements into shape [0, -1] because the unspecified dimension size -1 can be any value and is ambiguous"
lenet_fmnist,FashionMNIST,50,0.01,43,300,4.0,dp_avg_eps2_K20,dp_avg,0,0.0,,0.11200399999999998,0.2608,0.8899,,,,,[],[],[],,,[],21.4246346950531,21.23065733909607,0.0,0.0,0.0,0.0,1115965,ai08,FAIL,"RuntimeError: cannot reshape tensor of 0 elements into shape [0, -1] because the unspecified dimension size -1 can be any value and is ambiguous"
lenet_fmnist,FashionMNIST,50,0.01,43,300,4.0,dp_avg_eps8_K20,dp_avg,0,0.0,,0.11203999999999999,0.2608,0.8838,,,,,[],[],[],,,[],21.563057899475098,21.16303014755249,0.0,0.0,0.0,0.0,1115679,ai08,FAIL,"RuntimeError: cannot reshape tensor of 0 elements into shape [0, -1] because the unspecified dimension size -1 can be any value and is ambiguous"
lenet_fmnist,FashionMNIST,50,0.01,44,300,4.0,dp_avg_eps8_K20,dp_avg,0,0.0,,0.11413199999999998,0.2782,0.8776,,,,,[],[],[],,,[],21.4235897064209,21.209696531295776,0.0,0.0,0.0,0.0,1115740,ai08,FAIL,"RuntimeError: cannot reshape tensor of 0 elements into shape [0, -1] because the unspecified dimension size -1 can be any value and is ambiguous"
lenet_fmnist,FashionMNIST,50,0.01,44,300,4.0,labelled_probe_warmup,labelled,100,0.0,0.1001,0.11425999999999999,0.2799,0.8798,0.1837,-0.8732346357070404,0,33,"[null, -1.0, null, -1.0, null, null, null, -0.9983434566537824, 0.0, null, null, null, -0.9989224137931034, null, null, -1.0, -0.9337474120082816, null, null, -0.9966679007774898, -1.0, -0.8548387096774194, null, 0.0, -1.0, -0.7889221556886228, null, -1.0, -0.9964664310954063, -0.9694960212201592, null, null, -1.0, -0.5560074200913241, -1.0, -1.0, -1.0, -0.9991704686851929, -1.0, -1.0, -1.0, null, -1.0, -0.9994646680942184, -1.0, -1.0, 0.0, -0.9998328318288198, -0.9975903614457832, -0.7272727272727273]","[null, 0.0, null, 0.0, null, null, null, 0.0016565433462175593, 1.0, null, null, null, 0.0, null, null, 0.0, 0.0, null, null, 0.0, 0.0, 0.0, null, 1.0, 0.0, 0.19086826347305388, null, 0.0, 0.0, 0.0003315649867374005, null, null, 0.0, 0.4036815068493151, 0.0, 0.0, 0.0, 0.0, 0.0, 0.0, 0.0, null, 0.0, 0.0, 0.0, 0.0, 0.5, 0.0, 0.0, 0.0]","[null, 1.0, null, 1.0, null, null, null, 1.0, 1.0, null, null, null, 0.9989224137931034, null, null, 1.0, 0.9337474120082816, null, null, 0.9966679007774898, 1.0, 0.8548387096774194, null, 1.0, 1.0, 0.9797904191616766, null, 1.0, 0.9964664310954063, 0.9698275862068966, null, null, 1.0, 0.9596889269406392, 1.0, 1.0, 1.0, 0.9991704686851929, 1.0, 1.0, 1.0, null, 1.0, 0.9994646680942184, 1.0, 1.0, 0.5, 0.9998328318288198, 0.9975903614457832, 0.7272727272727273]",0.10167288888888887,50,"[0.1001, 0.11122222222222222, 0.1001, 0.1111111111111111, 0.1001, 0.1001, 0.1001, 0.1111111111111111, 0.00011111111111111112, 0.1001, 0.1001, 0.1001, 0.125125, 0.1001, 0.1001, 0.11122222222222222, 0.125125, 0.1001, 0.1001, 0.16683333333333333, 0.11122222222222222, 0.125125, 0.1001, 0.00011111111111111112, 0.11122222222222222, 0.00014285714285714287, 0.1001, 0.11122222222222222, 0.125, 0.14285714285714285, 0.1001, 0.1001, 0.11122222222222222, 0.0, 0.11122222222222222, 0.11122222222222222, 0.11122222222222222, 0.125125, 0.1111111111111111, 0.11122222222222222, 0.11122222222222222, 0.1001, 0.11122222222222222, 0.125125, 0.11122222222222222, 0.125, 0.000125, 0.125125, 0.125125, 0.16666666666666666]",44.70638871192932,21.153721809387207,0.04061293601989746,22.207096576690674,0.007916450500488281,1.119882345199585,1115679,ai08,success,
lenet_fmnist,FashionMNIST,50,0.01,42,300,4.0,no_phase0,none,0,0.0,0.1,0.11413599999999999,0.3913,0.8919,0.1,-0.8728926183270731,0,36,"[-1.0, -1.0, null, null, -1.0, -1.0, -0.9459459459459459, null, -0.9952840300107181, -1.0, -1.0, null, null, null, -1.0, -1.0, -1.0, null, -1.0, -0.9166666666666666, null, -1.0, null, -0.9883532509621228, null, -1.0, -1.0, -1.0, null, 0.0, null, -0.835820895522388, -0.8614285714285714, -0.9601226993865031, null, -1.0, -1.0, -0.9616087751371115, -1.0, -1.0, 0.0, -0.9770852428964253, -1.0, -1.0, null, -1.0, -1.0, -0.9818181818181818, 0.0, 0.0]","[0.0, 0.0, null, null, 0.0, 0.0, 0.0, null, 0.0, 0.0, 0.0, null, null, null, 0.0, 0.0, 0.0, null, 0.0, 0.0, null, 0.0, null, 0.0, null, 0.0, 0.0, 0.0, null, 0.9998328597693464, null, 0.0, 0.0, 0.0, null, 0.0, 0.0, 0.0, 0.0, 0.0, 0.0, 0.008249312557286892, 0.0, 0.0, null, 0.0, 0.0, 0.0, 0.0, 0.2]","[1.0, 1.0, null, null, 1.0, 1.0, 0.9459459459459459, null, 0.9952840300107181, 1.0, 1.0, null, null, null, 1.0, 1.0, 1.0, null, 1.0, 0.9166666666666666, null, 1.0, null, 0.9883532509621228, null, 1.0, 1.0, 1.0, null, 0.9998328597693464, null, 0.835820895522388, 0.8614285714285714, 0.9601226993865031, null, 1.0, 1.0, 0.9616087751371115, 1.0, 1.0, 0.0, 0.9853345554537122, 1.0, 1.0, null, 1.0, 1.0, 0.9818181818181818, 0.0, 0.2]",0.10696825396825395,50,"[0.1111111111111111, 0.1111111111111111, 0.1, 0.1, 0.1111111111111111, 0.1111111111111111, 0.125, 0.1, 0.125, 0.1111111111111111, 0.125, 0.1, 0.1, 0.1, 0.1111111111111111, 0.1111111111111111, 0.1111111111111111, 0.1, 0.1111111111111111, 0.125, 0.1, 0.1111111111111111, 0.1, 0.16666666666666666, 0.1, 0.1111111111111111, 0.1111111111111111, 0.1111111111111111, 0.1, 0.0, 0.1, 0.125, 0.16666666666666666, 0.125, 0.1, 0.1111111111111111, 0.125, 0.125, 0.1111111111111111, 0.1111111111111111, 0.125, 0.0, 0.1111111111111111, 0.1111111111111111, 0.1, 0.1111111111111111, 0.1111111111111111, 0.125, 0.14285714285714285, 0.0]",46.81649208068848,21.18798065185547,0.02104949951171875,24.298556327819824,0.00818181037902832,1.1174225807189941,1115679,ai08,success,
lenet_fmnist,FashionMNIST,50,0.01,43,300,4.0,no_phase0,none,0,0.0,0.1005,0.11257999999999999,0.2608,0.8839,0.0368,-0.8794521860820252,0,32,"[null, null, null, null, -1.0, 0.0, null, -1.0, -1.0, null, null, null, -0.6666666666666667, -1.0, -0.9993417804837913, null, null, -1.0, -1.0, null, null, -1.0, -1.0, -1.0, null, -0.9972461273666092, -1.0, null, -1.0, -0.3821894791262763, -1.0, null, -1.0, null, -1.0, -1.0, -0.9907665505226481, null, -0.9953488372093023, -0.999503804168045, -1.0, -0.9702702702702702, null, -0.999627004848937, -1.0, -0.6415094339622641, -0.75, -0.5, -1.0, -0.25]","[null, null, null, null, 0.0, 1.0, null, 0.0, 0.0, null, null, null, 0.16666666666666666, 0.0, 0.0, null, null, 0.0, 0.0, null, null, 0.0, 0.0, 0.0, null, 0.0025817555938037868, 0.0, null, 0.0, 0.5658523975701176, 0.0, null, 0.0, null, 0.0, 0.0, 0.0, null, 0.0, 0.0, 0.0, 0.0, null, 0.0, 0.0, 0.0, 0.08333333333333333, 0.0, 0.0, 0.0]","[null, null, null, null, 1.0, 1.0, null, 1.0, 1.0, null, null, null, 0.8333333333333334, 1.0, 0.9993417804837913, null, null, 1.0, 1.0, null, null, 1.0, 1.0, 1.0, null, 0.999827882960413, 1.0, null, 1.0, 0.948041876696394, 1.0, null, 1.0, null, 1.0, 1.0, 0.9907665505226481, null, 0.9953488372093023, 0.999503804168045, 1.0, 0.9702702702702702, null, 0.999627004848937, 1.0, 0.6415094339622641, 0.8333333333333334, 0.5, 1.0, 0.25]",0.10090674603174604,50,"[0.1005, 0.1005, 0.1005, 0.1005, 0.11166666666666666, 0.0005555555555555556, 0.1005, 0.11166666666666666, 0.11166666666666666, 0.1005, 0.1005, 0.1005, 0.000625, 0.11166666666666666, 0.125125, 0.1005, 0.1005, 0.11166666666666666, 0.11166666666666666, 0.1005, 0.1005, 0.11166666666666666, 0.11166666666666666, 0.11166666666666666, 0.1005, 0.000125, 0.11166666666666666, 0.1005, 0.11166666666666666, 0.0005, 0.11166666666666666, 0.1005, 0.11166666666666666, 0.1005, 0.11122222222222222, 0.11166666666666666, 0.125625, 0.1005, 0.1255, 0.125625, 0.11166666666666666, 0.14357142857142857, 0.1005, 0.14342857142857143, 0.11166666666666666, 0.143, 0.00014285714285714287, 0.125625, 0.11166666666666666, 0.16733333333333333]",44.036099672317505,21.14861488342285,0.020948171615600586,21.53419041633606,0.007826566696166992,1.1411666870117188,1115740,ai08,success,
lenet_fmnist,FashionMNIST,50,0.01,44,300,4.0,no_phase0,none,0,0.0,0.1,0.11408599999999998,0.2794,0.8721,0.0897,-0.8683563030947618,0,33,"[null, -1.0, null, 0.0, null, null, null, 0.0, -1.0, null, null, null, -0.9989224137931034, null, null, -1.0, -0.9185645272601795, null, null, -0.9966679007774898, -1.0, -0.8548387096774194, null, -1.0, -1.0, -0.9782934131736527, null, -1.0, -0.9929328621908127, -0.8504641909814324, null, null, -1.0, -0.9596175799086758, -1.0, -1.0, -1.0, -0.9991704686851929, 0.0, -1.0, -1.0, null, -1.0, -0.9994646680942184, -1.0, -0.9730344379467186, -0.5, -0.9998328318288198, -0.9975903614457832, -0.6363636363636364]","[null, 0.0, null, 1.0, null, null, null, 1.0, 0.0, null, null, null, 0.0, null, null, 0.0, 0.0, null, null, 0.0, 0.0, 0.0, null, 0.0, 0.0, 0.0, null, 0.0, 0.0035335689045936395, 0.11803713527851459, null, null, 0.0, 0.0006421232876712328, 0.0, 0.0, 0.0, 0.0, 1.0, 0.0, 0.0, null, 0.0, 0.0, 0.0, 0.02696556205328135, 0.0, 0.0, 0.0, 0.09090909090909091]","[null, 1.0, null, 1.0, null, null, null, 1.0, 1.0, null, null, null, 0.9989224137931034, null, null, 1.0, 0.9185645272601795, null, null, 0.9966679007774898, 1.0, 0.8548387096774194, null, 1.0, 1.0, 0.9782934131736527, null, 1.0, 0.9964664310954063, 0.968501326259947, null, null, 1.0, 0.960259703196347, 1.0, 1.0, 1.0, 0.9991704686851929, 1.0, 1.0, 1.0, null, 1.0, 0.9994646680942184, 1.0, 1.0, 0.5, 0.9998328318288198, 0.9975903614457832, 0.7272727272727273]",0.09352380952380952,50,"[0.1, 0.1111111111111111, 0.1, 0.0, 0.1, 0.1, 0.1, 0.0, 0.1111111111111111, 0.1, 0.1, 0.1, 0.125, 0.1, 0.1, 0.1111111111111111, 0.125, 0.1, 0.1, 0.16666666666666666, 0.1111111111111111, 0.125, 0.1, 0.1111111111111111, 0.1111111111111111, 0.14285714285714285, 0.1, 0.1111111111111111, 0.0, 0.0, 0.1, 0.1, 0.1111111111111111, 0.0, 0.1111111111111111, 0.1111111111111111, 0.1111111111111111, 0.125, 0.0, 0.1111111111111111, 0.1111111111111111, 0.1, 0.1111111111111111, 0.125, 0.1111111111111111, 0.0, 0.125, 0.125, 0.125, 0.0]",43.73146319389343,20.74510169029236,0.020580291748046875,21.657310962677002,0.007928133010864258,1.1114814281463623,1115790,ai08,success,
lenet_fmnist,FashionMNIST,50,0.01,42,300,4.0,raw_union_K20,raw_union,743,0.0,0.1,0.11416199999999999,0.3926,0.8836,0.5573,-0.8729288928463332,0,36,"[-1.0, -1.0, null, null, -1.0, -1.0, -0.9459459459459459, null, -0.9952840300107181, -1.0, -1.0, null, null, null, -1.0, -1.0, -1.0, null, -1.0, -0.9166666666666666, null, -1.0, null, -0.9910877050840592, null, -1.0, -1.0, -1.0, null, 0.0, null, -0.835820895522388, -0.86, -0.9601226993865031, null, -1.0, -1.0, -0.9616087751371115, -1.0, -1.0, 0.0, -0.9770852428964253, -1.0, -1.0, null, -1.0, -1.0, -0.9818181818181818, 0.0, 0.0]","[0.0, 0.0, null, null, 0.0, 0.0, 0.0, null, 0.0, 0.0, 0.0, null, null, null, 0.0, 0.0, 0.0, null, 0.0, 0.0, null, 0.0, null, 0.0, null, 0.0, 0.0, 0.0, null, 0.9998328597693464, null, 0.0, 0.0, 0.0, null, 0.0, 0.0, 0.0, 0.0, 0.0, 0.0, 0.008249312557286892, 0.0, 0.0, null, 0.0, 0.0, 0.0, 0.0, 0.2]","[1.0, 1.0, null, null, 1.0, 1.0, 0.9459459459459459, null, 0.9952840300107181, 1.0, 1.0, null, null, null, 1.0, 1.0, 1.0, null, 1.0, 0.9166666666666666, null, 1.0, null, 0.9910877050840592, null, 1.0, 1.0, 1.0, null, 0.9998328597693464, null, 0.835820895522388, 0.86, 0.9601226993865031, null, 1.0, 1.0, 0.9616087751371115, 1.0, 1.0, 0.0, 0.9853345554537122, 1.0, 1.0, null, 1.0, 1.0, 0.9818181818181818, 0.0, 0.2]",0.10696825396825395,50,"[0.1111111111111111, 0.1111111111111111, 0.1, 0.1, 0.1111111111111111, 0.1111111111111111, 0.125, 0.1, 0.125, 0.1111111111111111, 0.125, 0.1, 0.1, 0.1, 0.1111111111111111, 0.1111111111111111, 0.1111111111111111, 0.1, 0.1111111111111111, 0.125, 0.1, 0.1111111111111111, 0.1, 0.16666666666666666, 0.1, 0.1111111111111111, 0.1111111111111111, 0.1111111111111111, 0.1, 0.0, 0.1, 0.125, 0.16666666666666666, 0.125, 0.1, 0.1111111111111111, 0.125, 0.125, 0.1111111111111111, 0.1111111111111111, 0.125, 0.0, 0.1111111111111111, 0.1111111111111111, 0.1, 0.1111111111111111, 0.1111111111111111, 0.125, 0.14285714285714285, 0.0]",46.926522731781006,21.274857997894287,0.132584810256958,24.23139786720276,0.007621049880981445,1.1009769439697266,1115740,ai08,success,
lenet_fmnist,FashionMNIST,50,0.01,43,300,4.0,raw_union_K20,raw_union,663,0.0,0.5359,0.11248999999999999,0.2608,0.8859,0.6165,-0.4752009188718296,3,32,"[null, null, null, null, -1.0, -0.16000000000000003, null, -0.3934206109432695, -0.06137918284340915, null, null, null, 0.04166666666666663, -0.043209876543209846, -0.9603422741484284, null, null, -0.9992281965526113, -1.0, null, null, -1.0, -1.0, -0.2093023255813954, null, -0.14406196213425126, -1.0, null, -1.0, -0.12123562104174745, -0.9983700081499592, null, -1.0, null, 0.0, 0.0, -0.22473867595818808, null, -0.9913621262458472, -0.4123387363546146, -1.0, -0.7702702702702702, null, -0.20738530399104815, -1.0, 0.12264150943396235, -0.16666666666666674, 0.0, -0.25742574257425743, 0.75]","[null, null, null, null, 0.0, 0.84, null, 0.6065793890567305, 0.9386208171565908, null, null, null, 0.875, 0.9567901234567902, 0.038999506335362845, null, null, 0.0007718034473887317, 0.0, null, null, 0.0, 0.0, 0.7906976744186046, null, 0.8557659208261618, 0.0, null, 0.0, 0.8213777950109862, 0.0016299918500407497, null, 0.0, null, 1.0, 1.0, 0.76602787456446, null, 0.003986710963455149, 0.5869996692027787, 0.0, 0.2, null, 0.7922417008578888, 0.0, 0.7641509433962265, 0.6666666666666666, 0.5, 0.7425742574257426, 1.0]","[null, null, null, null, 1.0, 1.0, null, 1.0, 1.0, null, null, null, 0.8333333333333334, 1.0, 0.9993417804837913, null, null, 1.0, 1.0, null, null, 1.0, 1.0, 1.0, null, 0.999827882960413, 1.0, null, 1.0, 0.9426134160527336, 1.0, null, 1.0, null, 1.0, 1.0, 0.9907665505226481, null, 0.9953488372093023, 0.9993384055573933, 1.0, 0.9702702702702702, null, 0.999627004848937, 1.0, 0.6415094339622641, 0.8333333333333334, 0.5, 1.0, 0.25]",0.5314293571428572,50,"[0.5359, 0.5359, 0.5359, 0.5359, 0.593, 0.5036666666666667, 0.5359, 0.5298888888888889, 0.49044444444444446, 0.5359, 0.5359, 0.5359, 0.4485, 0.49044444444444446, 0.56175, 0.5359, 0.5359, 0.5954444444444444, 0.5314444444444445, 0.5359, 0.5359, 0.5954444444444444, 0.5954444444444444, 0.51, 0.5359, 0.46125, 0.5954444444444444, 0.5359, 0.5954444444444444, 0.468125, 0.5954444444444444, 0.5359, 0.5954444444444444, 0.5359, 0.5017777777777778, 0.49044444444444446, 0.455625, 0.5359, 0.571375, 0.47975, 0.5954444444444444, 0.5462857142857143, 0.5359, 0.54, 0.593, 0.451, 0.44285714285714284, 0.55175, 0.51, 0.43933333333333335]",43.12516975402832,20.587573766708374,0.1263585090637207,21.094334363937378,0.007865428924560547,1.1282069683074951,1115790,ai08,success,
lenet_fmnist,FashionMNIST,50,0.01,44,300,4.0,raw_union_K20,raw_union,690,0.0,0.612,0.11419799999999998,0.2788,0.8769,0.5655,-0.26721780461226263,1,33,"[null, -0.09999999999999998, null, 0.0, null, null, null, -0.06939076016933554, 0.0, null, null, null, -0.31788793103448276, null, null, -0.33333333333333337, -0.6480331262939959, null, null, -0.9596445760829322, 0.0, -0.14516129032258063, null, -0.875, -0.1395095367847411, -0.25823353293413176, null, -0.14414414414414412, -0.18374558303886923, -0.10377984084880643, null, null, -0.9692307692307692, -0.41409817351598166, -0.03309222423146474, -0.2995951417004049, 0.0, -0.9709664039817503, 0.0, -0.09195402298850575, -0.16666666666666663, null, 0.0, -0.1871877230549608, 0.0, -0.9749837556855101, -0.5, -0.09027081243731194, -0.024096385542168752, 0.18181818181818177]","[null, 0.9, null, 1.0, null, null, null, 0.9306092398306645, 1.0, null, null, null, 0.6810344827586207, null, null, 0.6666666666666666, 0.2995169082125604, null, null, 0.037023324694557574, 1.0, 0.7096774193548387, null, 0.125, 0.8604904632152589, 0.7215568862275449, null, 0.8558558558558559, 0.8127208480565371, 0.8620689655172413, null, null, 0.03076923076923077, 0.5413099315068494, 0.9669077757685353, 0.7004048582995951, 1.0, 0.028204064703442555, 1.0, 0.9080459770114943, 0.8333333333333334, null, 1.0, 0.8122769450392576, 1.0, 0.025016244314489927, 0.0, 0.9095620193915078, 0.9734939759036144, 0.9090909090909091]","[null, 1.0, null, 1.0, null, null, null, 1.0, 1.0, null, null, null, 0.9989224137931034, null, null, 1.0, 0.9475500345065563, null, null, 0.9966679007774898, 1.0, 0.8548387096774194, null, 1.0, 1.0, 0.9797904191616766, null, 1.0, 0.9964664310954063, 0.9658488063660478, null, null, 1.0, 0.955408105022831, 1.0, 1.0, 1.0, 0.9991704686851929, 1.0, 1.0, 1.0, null, 1.0, 0.9994646680942184, 1.0, 1.0, 0.5, 0.9998328318288198, 0.9975903614457832, 0.7272727272727273]",0.60535873015873,50,"[0.612, 0.5916666666666667, 0.612, 0.5755555555555556, 0.612, 0.612, 0.612, 0.5755555555555556, 0.6683333333333333, 0.612, 0.612, 0.612, 0.682375, 0.612, 0.612, 0.5743333333333334, 0.6795, 0.612, 0.612, 0.5683333333333334, 0.5824444444444444, 0.654875, 0.612, 0.6683333333333333, 0.5846666666666667, 0.6231428571428571, 0.612, 0.5846666666666667, 0.548125, 0.48757142857142854, 0.612, 0.612, 0.6774444444444444, 0.5893333333333334, 0.5743333333333334, 0.6065555555555555, 0.579, 0.66275, 0.5755555555555556, 0.5824444444444444, 0.5743333333333334, 0.612, 0.5916666666666667, 0.54675, 0.5916666666666667, 0.6475, 0.749, 0.56875, 0.538875, 0.5585]",44.453938007354736,21.150861978530884,0.1249082088470459,21.888038158416748,0.007481575012207031,1.1056041717529297,1115842,ai08,success,
lenet_fmnist,FashionMNIST,50,0.01,42,300,4.0,warmup_only_labelled,warmup_only,100,0.0,0.1,0.11416199999999999,0.3925,0.884,0.1,-0.7674330492430559,1,36,"[-1.0, -1.0, null, null, 0.0, -1.0, -0.9459459459459459, null, -0.9952840300107181, -1.0, -1.0, null, null, null, -1.0, 0.0, -1.0, null, -1.0, -0.9166666666666666, null, -1.0, null, -0.9904800486125177, null, -1.0, 0.0, -1.0, null, -0.9998328597693464, null, -0.835820895522388, -0.8614285714285714, -0.9601226993865031, null, -1.0, -1.0, -0.9616087751371115, -1.0, -1.0, 0.00033732501264968796, -0.9789184234647113, -1.0, 0.0, null, 0.0, -1.0, -0.9818181818181818, 0.0, -0.2]","[0.0, 0.0, null, null, 1.0, 0.0, 0.0, null, 0.0, 0.0, 0.0, null, null, null, 0.0, 1.0, 0.0, null, 0.0, 0.0, null, 0.0, null, 0.0, null, 0.0, 1.0, 0.0, null, 0.0, null, 0.0, 0.0, 0.0, null, 0.0, 0.0, 0.0, 0.0, 0.0, 0.00033732501264968796, 0.006416131989000917, 0.0, 1.0, null, 1.0, 0.0, 0.0, 0.0, 0.0]","[1.0, 1.0, null, null, 1.0, 1.0, 0.9459459459459459, null, 0.9952840300107181, 1.0, 1.0, null, null, null, 1.0, 1.0, 1.0, null, 1.0, 0.9166666666666666, null, 1.0, null, 0.9904800486125177, null, 1.0, 1.0, 1.0, null, 0.9998328597693464, null, 0.835820895522388, 0.8614285714285714, 0.9601226993865031, null, 1.0, 1.0, 0.9616087751371115, 1.0, 1.0, 0.0, 0.9853345554537122, 1.0, 1.0, null, 1.0, 1.0, 0.9818181818181818, 0.0, 0.2]",0.09985714285714284,50,"[0.1111111111111111, 0.1111111111111111, 0.1, 0.1, 0.0, 0.1111111111111111, 0.125, 0.1, 0.125, 0.1111111111111111, 0.125, 0.1, 0.1, 0.1, 0.1111111111111111, 0.0, 0.1111111111111111, 0.1, 0.1111111111111111, 0.125, 0.1, 0.1111111111111111, 0.1, 0.16666666666666666, 0.1, 0.1111111111111111, 0.0, 0.1111111111111111, 0.1, 0.125, 0.1, 0.125, 0.16666666666666666, 0.125, 0.1, 0.1111111111111111, 0.125, 0.125, 0.1111111111111111, 0.1111111111111111, 0.0, 0.0, 0.1111111111111111, 0.0, 0.1, 0.0, 0.1111111111111111, 0.125, 0.14285714285714285, 0.2]",22.48484778404236,21.18085765838623,0.0248110294342041,0.0,0.0,1.1007165908813477,1115842,ai08,success,
lenet_fmnist,FashionMNIST,50,0.01,43,300,4.0,warmup_only_labelled,warmup_only,100,0.0,0.1735,0.11252999999999998,0.2608,0.8847,0.1735,-0.7774250870618935,0,32,"[null, null, null, null, 0.0, -1.0, null, -1.0, -1.0, null, null, null, -0.8333333333333334, -1.0, -0.00773407931545167, null, null, -1.0, -1.0, null, null, -1.0, -1.0, -1.0, null, -0.2578313253012048, -1.0, null, -1.0, -0.9365387100943519, -1.0, null, -1.0, null, -0.19999999999999996, -1.0, -0.9907665505226481, null, -0.9953488372093023, -0.9993384055573933, -1.0, -0.9702702702702702, null, -0.9977620290936218, 0.0, -0.18867924528301883, -0.75, -0.5, -1.0, -0.25]","[null, null, null, null, 1.0, 0.0, null, 0.0, 0.0, null, null, null, 0.0, 0.0, 0.9916077011683396, null, null, 0.0, 0.0, null, null, 0.0, 0.0, 0.0, null, 0.7419965576592082, 0.0, null, 0.0, 0.0, 0.0, null, 0.0, null, 0.8, 0.0, 0.0, null, 0.0, 0.00016539861065167054, 0.0, 0.0, null, 0.001864975755315181, 1.0, 0.4528301886792453, 0.08333333333333333, 0.0, 0.0, 0.0]","[null, null, null, null, 1.0, 1.0, null, 1.0, 1.0, null, null, null, 0.8333333333333334, 1.0, 0.9993417804837913, null, null, 1.0, 1.0, null, null, 1.0, 1.0, 1.0, null, 0.999827882960413, 1.0, null, 1.0, 0.9365387100943519, 1.0, null, 1.0, null, 1.0, 1.0, 0.9907665505226481, null, 0.9953488372093023, 0.999503804168045, 1.0, 0.9702702702702702, null, 0.999627004848937, 1.0, 0.6415094339622641, 0.8333333333333334, 0.5, 1.0, 0.25]",0.17671615079365072,50,"[0.1735, 0.1735, 0.1735, 0.1735, 0.08188888888888889, 0.19277777777777777, 0.1735, 0.19277777777777777, 0.19277777777777777, 0.1735, 0.1735, 0.1735, 0.216875, 0.19277777777777777, 0.000125, 0.1735, 0.1735, 0.19277777777777777, 0.19266666666666668, 0.1735, 0.1735, 0.19277777777777777, 0.19277777777777777, 0.19277777777777777, 0.1735, 0.124875, 0.19277777777777777, 0.1735, 0.19277777777777777, 0.216875, 0.19277777777777777, 0.1735, 0.19277777777777777, 0.1735, 0.111, 0.19277777777777777, 0.216875, 0.1735, 0.216875, 0.21675, 0.19277777777777777, 0.24785714285714286, 0.1735, 0.10528571428571429, 0.08188888888888889, 0.1427142857142857, 0.1427142857142857, 0.216875, 0.19277777777777777, 0.289]",22.658076763153076,21.297597646713257,0.025670289993286133,0.0,0.0,1.1533939838409424,1115910,ai08,success,
lenet_fmnist,FashionMNIST,50,0.01,44,300,4.0,warmup_only_labelled,warmup_only,100,0.0,0.1837,0.11425799999999997,0.2789,0.8797,0.1837,-0.774154496126355,0,33,"[null, -1.0, null, -1.0, null, null, null, -0.999815939628198, 0.0, null, null, null, -0.9989224137931034, null, null, -0.6666666666666667, -0.9406487232574189, null, null, -0.9907441688263606, -1.0, -0.7258064516129032, null, -0.01388888888888884, -0.8768392370572207, -0.7200598802395209, null, -0.8716216216216216, -0.9964664310954063, -0.8706896551724137, null, null, -1.0, -0.5669948630136986, -0.43182640144665463, -1.0, -0.6, -0.9991704686851929, -1.0, -1.0, -0.33333333333333337, null, -1.0, -0.9991077801570307, -1.0, -0.9993502274204029, 0.0, -0.8323303243062521, -0.3855421686746988, -0.7272727272727273]","[null, 0.0, null, 0.0, null, null, null, 0.00018406037180195104, 1.0, null, null, null, 0.0, null, null, 0.3333333333333333, 0.0, null, null, 0.005923731951129212, 0.0, 0.12903225806451613, null, 0.9861111111111112, 0.12316076294277929, 0.2597305389221557, null, 0.12837837837837837, 0.0, 0.09980106100795756, null, null, 0.0, 0.3926940639269406, 0.5681735985533454, 0.0, 0.4, 0.0, 0.0, 0.0, 0.6666666666666666, null, 0.0, 0.00035688793718772306, 0.0, 0.000649772579597141, 0.5, 0.1675025075225677, 0.6120481927710844, 0.0]","[null, 1.0, null, 1.0, null, null, null, 1.0, 1.0, null, null, null, 0.9989224137931034, null, null, 1.0, 0.9406487232574189, null, null, 0.9966679007774898, 1.0, 0.8548387096774194, null, 1.0, 1.0, 0.9797904191616766, null, 1.0, 0.9964664310954063, 0.9704907161803713, null, null, 1.0, 0.9596889269406392, 1.0, 1.0, 1.0, 0.9991704686851929, 1.0, 1.0, 1.0, null, 1.0, 0.9994646680942184, 1.0, 1.0, 0.5, 0.9998328318288198, 0.9975903614457832, 0.7272727272727273]",0.18395740476190472,50,"[0.1837, 0.2041111111111111, 0.1837, 0.2038888888888889, 0.1837, 0.1837, 0.1837, 0.2038888888888889, 0.09644444444444444, 0.1837, 0.1837, 0.1837, 0.229375, 0.1837, 0.1837, 0.13944444444444445, 0.229625, 0.1837, 0.1837, 0.19116666666666668, 0.2041111111111111, 0.216125, 0.1837, 0.09644444444444444, 0.19211111111111112, 0.10857142857142857, 0.1837, 0.19211111111111112, 0.229375, 0.22185714285714286, 0.1837, 0.1837, 0.2041111111111111, 0.14433333333333334, 0.13944444444444445, 0.2041111111111111, 0.1847777777777778, 0.229625, 0.2038888888888889, 0.2041111111111111, 0.13944444444444445, 0.1837, 0.2041111111111111, 0.156875, 0.2041111111111111, 0.229125, 0.1085, 0.207875, 0.143375, 0.2085]",22.35670495033264,21.04510807991028,0.023916244506835938,0.0,0.0,1.0998096466064453,1115965,ai08,success,
lenet_fmnist,FashionMNIST,50,0.05,44,300,4.0,dp_avg_eps2_K20,dp_avg,10,4.49268806737862,0.1,0.16064,0.3524,0.8803,0.2317,-0.7481211842472831,0,50,"[0.0, -0.8868217054263565, -0.9680094786729857, -0.9749536178107606, -0.97252208047105, -0.8461538461538463, -1.0, -0.671875, -0.39473684210526316, -0.9981521404373268, -0.8875379939209727, -0.9304123711340206, -0.5714285714285714, -0.963855421686747, -0.5806451612903226, -0.0031948881789136685, -0.7300853485064012, 0.0, -0.9821041214750542, -1.0, -0.9697493517718236, -0.10597470562581773, -1.0, -0.689873417721519, -0.9977608598298253, -0.06770833333333326, -0.7640449438202247, -0.9699453551912568, -0.9886941775014132, -0.9545454545454546, -0.9808811305070657, -0.9042224510813595, -0.9933614966807484, -0.8403755868544601, -0.9991823385118561, -0.6666666666666666, -0.5238095238095238, -0.024691358024691357, -0.9795918367346939, -0.8989382618953992, 0.0, -0.9518072289156626, -0.9473684210526315, -0.978448275862069, -1.0, -0.9991789819376026, -0.988456865127582, -0.9337652987760979, -0.9245283018867925, 0.0]","[0.0, 0.09496124031007752, 0.0007898894154818325, 0.0, 0.0, 0.07692307692307693, 0.0, 0.0, 0.0, 0.0, 0.060790273556231005, 0.0, 0.4020408163265306, 0.0, 0.0, 0.9799593377868139, 0.0, 0.4791666666666667, 0.0, 0.0, 0.0, 0.35063235935455733, 0.0, 0.0, 0.0, 0.7630208333333334, 0.0, 0.0, 0.0, 0.0, 0.0, 0.05149330587023687, 0.0, 0.028169014084507043, 0.0, 0.0, 0.0, 0.6296296296296297, 0.0, 0.0, 1.0, 0.0, 0.0, 0.0, 0.0, 0.0, 0.0, 0.0, 0.0, 0.6273291925465838]","[0.0, 0.9817829457364341, 0.9687993680884676, 0.9749536178107606, 0.97252208047105, 0.9230769230769231, 1.0, 0.671875, 0.39473684210526316, 0.9981521404373268, 0.9483282674772037, 0.9304123711340206, 0.9734693877551021, 0.963855421686747, 0.5806451612903226, 0.9831542259657275, 0.7300853485064012, 0.4791666666666667, 0.9821041214750542, 1.0, 0.9697493517718236, 0.45660706498037507, 1.0, 0.689873417721519, 0.9977608598298253, 0.8307291666666666, 0.7640449438202247, 0.9699453551912568, 0.9886941775014132, 0.9545454545454546, 0.9808811305070657, 0.9557157569515963, 0.9933614966807484, 0.8685446009389671, 0.9991823385118561, 0.6666666666666666, 0.5238095238095238, 0.654320987654321, 0.9795918367346939, 0.8989382618953992, 1.0, 0.9518072289156626, 0.9473684210526315, 0.978448275862069, 1.0, 0.9991789819376026, 0.988456865127582, 0.9337652987760979, 0.9245283018867925, 0.6273291925465838]",0.11499028182701654,49,"[0.14285714285714285, 0.0, 0.0, 0.2, 0.16666666666666666, 0.0, 0.125, 0.125, 0.16666666666666666, 0.14285714285714285, 0.0, 0.16666666666666666, 0.0, 0.125, 0.14285714285714285, 0.0, 0.125, 0.0, 0.16666666666666666, 0.1111111111111111, 0.2, 0.0, 0.1111111111111111, 0.16666666666666666, 0.14285714285714285, 0.0, 0.2, 0.2, 0.2, 0.125, 0.14285714285714285, 0.0, 0.16666666666666666, 0.0, 0.125, 0.14285714285714285, 0.14285714285714285, 0.0, 0.125, 0.25, 0.0, 0.2, 0.14285714285714285, 0.125, 0.1111111111111111, 0.125, 0.16666666666666666, 0.25, 0.16666666666666666, null]",56.56429839134216,21.6337571144104,0.09035396575927734,33.709648847579956,0.0080413818359375,0.9403553009033203,1115679,ai08,success,
lenet_fmnist,FashionMNIST,50,0.05,42,300,4.0,dp_avg_eps8_K20,dp_avg,10,1.121148989439649,0.3022,0.167672,0.4056,0.8807,0.1,-0.5771098363758184,2,50,"[0.07534246575342463, -0.0649188514357053, -0.626984126984127, -0.313953488372093, -0.7093023255813954, -0.6909871244635193, -0.004237288135593209, -0.991430611759105, -0.9863582443653618, -0.07674684994272618, -0.05882352941176472, -0.8196371398078977, -0.8490683229813665, -0.924187725631769, -0.8574549426542872, -0.981941309255079, 0.06666666666666665, -0.19183673469387758, -0.8143564356435644, -0.8410636982065554, -0.5, -0.8185840707964601, -0.504984828781968, -0.87291280148423, -0.9866071428571429, -0.06512477175897746, -1.0, -0.15111619919862618, -0.6182795698924732, -0.7558479532163743, -0.4666304937601737, -0.690788013318535, -0.9607167470709854, -0.5294117647058824, -0.8096828046744574, -0.4921940928270042, -0.7, -0.7656415694591728, -0.3908045977011494, -0.7491467576791808, -0.5952380952380952, -0.9910581222056631, -0.6319520174482007, -0.8445692883895132, -0.5416666666666666, -0.03082191780821919, -0.8230337078651686, -0.7796610169491525, -0.03669724770642202, -0.09103994242533286]","[0.9726027397260274, 0.916354556803995, 0.362962962962963, 0.37209302325581395, 0.046511627906976744, 0.2652360515021459, 0.961864406779661, 0.008093311116400857, 0.005338078291814947, 0.8969072164948454, 0.46218487394957986, 0.12273212379935966, 0.13819875776397517, 0.02888086642599278, 0.10922992900054615, 0.0, 0.8444444444444444, 0.3551020408163265, 0.08415841584158416, 0.0, 0.45454545454545453, 0.008849557522123894, 0.4664065886432596, 0.0074211502782931356, 0.008928571428571428, 0.9348752282410225, 0.0, 0.8288494562106469, 0.1989247311827957, 0.14327485380116958, 0.49701573521432446, 0.2887902330743618, 0.01171605789110958, 0.4117647058823529, 0.02671118530884808, 0.3793248945147679, 0.10952380952380952, 0.2142099681866384, 0.41954022988505746, 0.24715585893060296, 0.07142857142857142, 0.00894187779433681, 0.3579607415485278, 0.006554307116104869, 0.08333333333333333, 0.940068493150685, 0.17415730337078653, 0.20581113801452786, 0.7706422018348624, 0.9071608492263404]","[0.8972602739726028, 0.9812734082397003, 0.9899470899470899, 0.686046511627907, 0.7558139534883721, 0.9562231759656652, 0.9661016949152542, 0.9995239228755058, 0.9916963226571768, 0.9736540664375716, 0.5210084033613446, 0.9423692636072573, 0.9872670807453416, 0.9530685920577617, 0.9666848716548334, 0.981941309255079, 0.7777777777777778, 0.5469387755102041, 0.8985148514851485, 0.8410636982065554, 0.9545454545454546, 0.827433628318584, 0.9713914174252276, 0.8803339517625232, 0.9955357142857143, 1.0, 1.0, 0.979965655409273, 0.8172043010752689, 0.8991228070175439, 0.9636462289744981, 0.9795782463928968, 0.972432804962095, 0.9411764705882353, 0.8363939899833055, 0.8715189873417721, 0.8095238095238095, 0.9798515376458112, 0.8103448275862069, 0.9963026166097838, 0.6666666666666666, 1.0, 0.9899127589967285, 0.851123595505618, 0.625, 0.9708904109589042, 0.9971910112359551, 0.9854721549636803, 0.8073394495412844, 0.9982007916516733]",0.28405264285714293,50,"[0.14175, 0.16185714285714287, 0.2794, 0.291875, 0.389, 0.2796, 0.236, 0.37675, 0.242, 0.22171428571428572, 0.258, 0.35728571428571426, 0.1735, 0.4055714285714286, 0.16185714285714287, 0.376875, 0.236, 0.22585714285714287, 0.1875, 0.43028571428571427, 0.313, 0.2947142857142857, 0.3468333333333333, 0.4142, 0.368, 0.23244444444444445, 0.3357777777777778, 0.31033333333333335, 0.35575, 0.2266, 0.10057142857142858, 0.005333333333333333, 0.376625, 0.20775, 0.3605, 0.274, 0.2902, 0.2395, 0.23214285714285715, 0.0745, 0.369, 0.3347777777777778, 0.2914, 0.4052857142857143, 0.401, 0.15966666666666668, 0.4064285714285714, 0.21228571428571427, 0.48033333333333333, 0.351]",56.46876573562622,21.599250555038452,0.09648656845092773,33.638723611831665,0.007696390151977539,0.9439752101898193,1115740,ai08,success,
lenet_fmnist,FashionMNIST,50,0.05,43,300,4.0,dp_avg_eps8_K20,dp_avg,0,0.0,,0.180296,0.3846,0.8884,,,,,[],[],[],,,[],21.270398378372192,21.068942546844482,0.0,0.0,0.0,0.0,1115790,ai08,FAIL,"RuntimeError: cannot reshape tensor of 0 elements into shape [0, -1] because the unspecified dimension size -1 can be any value and is ambiguous"
lenet_fmnist,FashionMNIST,50,0.05,44,300,4.0,dp_avg_eps8_K20,dp_avg,10,1.123172016844655,0.1,0.16144999999999998,0.3524,0.8775,0.249,-0.7484721064467885,0,50,"[0.0, -0.8844961240310079, -0.9703791469194313, -0.9749536178107606, -0.97252208047105, -0.8461538461538463, -1.0, -0.671875, -0.39473684210526316, -0.9981521404373268, -0.8875379939209727, -0.9304123711340206, -0.5714285714285714, -0.963855421686747, -0.5806451612903226, -0.0031948881789136685, -0.7300853485064012, 0.0, -0.9821041214750542, -1.0, -0.9611063094209161, -0.16528565198430006, -1.0, -0.6613924050632911, -0.9977608598298253, -0.06770833333333326, -0.7640449438202247, -0.9699453551912568, -0.9875635952515546, -0.9545454545454546, -0.9829592684954281, -0.9042224510813595, -0.9933614966807484, -0.8403755868544601, -0.9991823385118561, -0.6666666666666666, -0.5238095238095238, -0.024691358024691357, -0.9795918367346939, -0.8961856075501377, 0.0, -0.9518072289156626, -0.9473684210526315, -0.978448275862069, -1.0, -0.9991789819376026, -0.988456865127582, -0.9308855291576674, -0.9245283018867925, 0.0]","[0.0, 0.09496124031007752, 0.0007898894154818325, 0.0, 0.0, 0.07692307692307693, 0.0, 0.0, 0.0, 0.0, 0.060790273556231005, 0.0, 0.4020408163265306, 0.0, 0.0, 0.9799593377868139, 0.0, 0.4791666666666667, 0.0, 0.0, 0.0, 0.35063235935455733, 0.0, 0.0, 0.0, 0.7630208333333334, 0.0, 0.0, 0.0, 0.0, 0.0, 0.05149330587023687, 0.0, 0.028169014084507043, 0.0, 0.0, 0.0, 0.6296296296296297, 0.0, 0.0, 1.0, 0.0, 0.0, 0.0, 0.0, 0.0, 0.0, 0.0, 0.0, 0.6273291925465838]","[0.0, 0.9794573643410853, 0.9711690363349131, 0.9749536178107606, 0.97252208047105, 0.9230769230769231, 1.0, 0.671875, 0.39473684210526316, 0.9981521404373268, 0.9483282674772037, 0.9304123711340206, 0.9734693877551021, 0.963855421686747, 0.5806451612903226, 0.9831542259657275, 0.7300853485064012, 0.4791666666666667, 0.9821041214750542, 1.0, 0.9611063094209161, 0.5159180113388574, 1.0, 0.6613924050632911, 0.9977608598298253, 0.8307291666666666, 0.7640449438202247, 0.9699453551912568, 0.9875635952515546, 0.9545454545454546, 0.9829592684954281, 0.9557157569515963, 0.9933614966807484, 0.8685446009389671, 0.9991823385118561, 0.6666666666666666, 0.5238095238095238, 0.654320987654321, 0.9795918367346939, 0.8961856075501377, 1.0, 0.9518072289156626, 0.9473684210526315, 0.978448275862069, 1.0, 0.9991789819376026, 0.988456865127582, 0.9308855291576674, 0.9245283018867925, 0.6273291925465838]",0.11499028182701654,49,"[0.14285714285714285, 0.0, 0.0, 0.2, 0.16666666666666666, 0.0, 0.125, 0.125, 0.16666666666666666, 0.14285714285714285, 0.0, 0.16666666666666666, 0.0, 0.125, 0.14285714285714285, 0.0, 0.125, 0.0, 0.16666666666666666, 0.1111111111111111, 0.2, 0.0, 0.1111111111111111, 0.16666666666666666, 0.14285714285714285, 0.0, 0.2, 0.2, 0.2, 0.125, 0.14285714285714285, 0.0, 0.16666666666666666, 0.0, 0.125, 0.14285714285714285, 0.14285714285714285, 0.0, 0.125, 0.25, 0.0, 0.2, 0.14285714285714285, 0.125, 0.1111111111111111, 0.125, 0.16666666666666666, 0.25, 0.16666666666666666, null]",56.43183779716492,21.565473794937134,0.08969807624816895,33.63726544380188,0.007801055908203125,0.947091817855835,1115842,ai08,success,
lenet_fmnist,FashionMNIST,50,0.05,42,300,4.0,labelled_probe_warmup,labelled,100,0.0,0.3557,0.16764199999999999,0.4098,0.8748,0.1,-0.47981107392016276,3,50,"[0.0, -0.7865168539325842, -0.9777777777777777, -0.4069767441860465, -0.17441860465116277, -0.20600858369098718, 0.029661016949152574, -0.9957153058795525, -0.9863582443653618, -0.11454753722794964, -0.05882352941176472, -0.4909284951974387, -0.9515527950310559, -0.7942238267148014, -0.27034407427635165, -0.981941309255079, 0.15555555555555556, -0.5387755102040817, -0.8366336633663367, -0.43908472479901056, -0.9545454545454546, -0.33628318584070793, -0.35543996532293026, -0.7968460111317254, -0.9895833333333334, -0.888618381010347, -1.0, -0.11276473955352029, -0.11827956989247312, -0.7543859649122807, -0.15246880086814985, -0.6839067702552719, -0.9738111647139903, -0.17647058823529416, -0.8067612687813022, -0.48037974683544304, -0.6619047619047619, -0.11664899257688233, -0.005747126436781547, -0.21928327645051193, -0.5238095238095237, -1.0, -0.24236641221374045, -0.8384831460674157, 0.125, -0.022260273972602773, -0.0926966292134832, -0.060532687651331685, -0.042813455657492394, -0.8830514573587622]","[0.8972602739726028, 0.1947565543071161, 0.01216931216931217, 0.27906976744186046, 0.5813953488372093, 0.7527896995708154, 0.9957627118644068, 0.0038086169959533444, 0.005338078291814947, 0.8591065292096219, 0.46218487394957986, 0.45144076840981856, 0.03571428571428571, 0.1588447653429603, 0.6963407973784818, 0.0, 0.9333333333333333, 0.00816326530612245, 0.06188118811881188, 0.4236239950525665, 0.0, 0.4911504424778761, 0.38881664499349805, 0.08348794063079777, 0.005952380952380952, 0.11138161898965307, 0.0, 0.8672009158557528, 0.6989247311827957, 0.14473684210526316, 0.8111774281063483, 0.30055493895671476, 0.0, 0.7647058823529411, 0.04340567612687813, 0.3852320675105485, 0.14761904761904762, 0.8632025450689289, 0.8045977011494253, 0.7770193401592719, 0.14285714285714285, 0.0, 0.747546346782988, 0.011235955056179775, 0.75, 0.9486301369863014, 0.9044943820224719, 0.9249394673123487, 0.764525993883792, 0.11514933429291112]","[0.8972602739726028, 0.9812734082397003, 0.9899470899470899, 0.686046511627907, 0.7558139534883721, 0.9587982832618026, 0.9661016949152542, 0.9995239228755058, 0.9916963226571768, 0.9736540664375716, 0.5210084033613446, 0.9423692636072573, 0.9872670807453416, 0.9530685920577617, 0.9666848716548334, 0.981941309255079, 0.7777777777777778, 0.5469387755102041, 0.8985148514851485, 0.862708719851577, 0.9545454545454546, 0.827433628318584, 0.7442566103164283, 0.8803339517625232, 0.9955357142857143, 1.0, 1.0, 0.979965655409273, 0.8172043010752689, 0.8991228070175439, 0.9636462289744981, 0.9844617092119867, 0.9738111647139903, 0.9411764705882353, 0.8501669449081803, 0.8656118143459915, 0.8095238095238095, 0.9798515376458112, 0.8103448275862069, 0.9963026166097838, 0.6666666666666666, 1.0, 0.9899127589967285, 0.8497191011235955, 0.625, 0.9708904109589042, 0.9971910112359551, 0.9854721549636803, 0.8073394495412844, 0.9982007916516733]",0.3149929999999999,50,"[0.30825, 0.2542857142857143, 0.369, 0.33175, 0.328, 0.5062, 0.210375, 0.3585, 0.41425, 0.2714285714285714, 0.32325, 0.41014285714285714, 0.2265, 0.3787142857142857, 0.2542857142857143, 0.44425, 0.210375, 0.491, 0.411, 0.41014285714285714, 0.44425, 0.2714285714285714, 0.44716666666666666, 0.3994, 0.38285714285714284, 0.3818888888888889, 0.3952222222222222, 0.26866666666666666, 0.33175, 0.356, 0.22742857142857142, 0.001, 0.444625, 0.320375, 0.2015, 0.336, 0.1612, 0.31675, 0.24457142857142858, 0.2605, 0.3832857142857143, 0.3952222222222222, 0.0246, 0.37914285714285717, 0.18233333333333332, 0.2605, 0.28114285714285714, 0.23714285714285716, 0.04, 0.462]",56.44471549987793,21.548017740249634,0.04139828681945801,33.72581386566162,0.007836341857910156,0.9451742172241211,1115679,ai08,success,
lenet_fmnist,FashionMNIST,50,0.05,43,300,4.0,labelled_probe_warmup,labelled,100,0.0,0.2064,0.18083399999999997,0.3826,0.8833,0.1735,-0.704110225857713,1,48,"[-0.9246794871794872, -0.9953952417498081, null, -0.17007762879322508, -0.018952854773750305, -0.9830949284785435, -0.7192917742530431, -0.6444444444444444, 0.35400516795865633, -0.5, null, -0.5368731563421829, -1.0, -0.9743150684931507, -0.5865724381625441, -0.8398876404494382, -0.7653163709407432, -0.9848484848484849, -0.95, -0.7946428571428572, -0.01333333333333342, -0.7607361963190183, -0.8943248532289627, -0.9670947030497592, -1.0, -0.8712674187126741, -0.8391987005955603, -0.9942100909842845, -0.8035714285714286, -0.9832962138084632, -0.4852941176470589, -0.9541463414634146, -0.9683544303797469, -0.9641509433962264, -0.9946524064171123, -0.05769230769230771, -0.9876203576341128, -0.9689396644055694, -0.9371005718129836, -0.7999118554429263, -0.929689009078617, -0.9045226130653267, -0.9740740740740741, 0.0, -0.9192949907235622, 0.0, -0.6708860759493671, -0.015449438202247201, -0.8580786026200873, -0.24601289446895147]","[0.028846153846153848, 0.0007674597083653108, null, 0.8115737473535639, 0.9732290926320777, 0.0, 0.2567318332718554, 0.022222222222222223, 0.6744186046511628, 0.0, null, 0.3185840707964602, 0.0, 0.0017123287671232876, 0.20318021201413428, 0.015730337078651686, 0.21124874455975895, 0.0025252525252525255, 0.043333333333333335, 0.005952380952380952, 0.7866666666666666, 0.012269938650306749, 0.009784735812133072, 0.01043338683788122, 0.0, 0.11612475116124751, 0.1429344883595019, 0.0008271298593879239, 0.0, 0.004454342984409799, 0.16176470588235295, 0.0, 0.0, 0.035849056603773584, 0.0, 0.46153846153846156, 0.0, 0.008925383791503035, 0.06088126471577531, 0.17893345085940943, 0.053312729379949776, 0.04522613065326633, 0.0, 1.0, 0.04406307977736549, 0.8484848484848485, 0.0, 0.9606741573033708, 0.13256394260761073, 0.7088564642008822]","[0.9535256410256411, 0.9961627014581734, null, 0.981651376146789, 0.992181947405828, 0.9830949284785435, 0.9760236075248986, 0.6666666666666666, 0.32041343669250644, 0.5, null, 0.855457227138643, 1.0, 0.976027397260274, 0.7897526501766784, 0.8556179775280899, 0.9765651155005022, 0.9873737373737373, 0.9933333333333333, 0.8005952380952381, 0.8, 0.7730061349693251, 0.9041095890410958, 0.9775280898876404, 1.0, 0.9873921698739216, 0.9821331889550623, 0.9950372208436724, 0.8035714285714286, 0.987750556792873, 0.6470588235294118, 0.9541463414634146, 0.9683544303797469, 1.0, 0.9946524064171123, 0.5192307692307693, 0.9876203576341128, 0.9778650481970724, 0.9979818365287588, 0.9788453063023358, 0.9830017384585668, 0.949748743718593, 0.9740740740740741, 1.0, 0.9633580705009277, 0.8484848484848485, 0.6708860759493671, 0.976123595505618, 0.990642545227698, 0.9548693586698337]",0.2037729591836734,49,"[0.2096, 0.147, 0.2064, 0.15828571428571428, 0.0116, 0.25325, 0.181, 0.14985714285714286, 0.16916666666666666, 0.2947142857142857, 0.2064, 0.007, 0.22511111111111112, 0.25375, 0.018714285714285715, 0.497, 0.181, 0.181, 0.250625, 0.25075, 0.14214285714285715, 0.3984, 0.49175, 0.3868, 0.22933333333333333, 0.17883333333333334, 0.17466666666666666, 0.15828571428571428, 0.2865714285714286, 0.2844285714285714, 0.147, 0.33416666666666667, 0.257875, 0.22511111111111112, 0.257875, 0.15528571428571428, 0.2947142857142857, 0.0118, 0.2864285714285714, 0.14457142857142857, 0.0003333333333333333, 0.15042857142857144, 0.33416666666666667, 0.12311111111111112, 0.0002, 0.15514285714285714, 0.2947142857142857, 0.018714285714285715, 0.2098, null]",54.9810106754303,21.50508427619934,0.04047656059265137,32.304232358932495,0.007983922958374023,0.9357821941375732,1115740,ai08,success,
lenet_fmnist,FashionMNIST,50,0.05,44,300,4.0,labelled_probe_warmup,labelled,100,0.0,0.1,0.160656,0.3524,0.8766,0.1837,-0.7331679928509429,0,50,"[0.0, -0.8833333333333333, -0.9707740916271722, -0.9749536178107606, -0.97252208047105, -0.8461538461538463, -1.0, -0.671875, -0.39473684210526316, -0.9981521404373268, -0.8875379939209727, -0.9304123711340206, -0.5714285714285714, -0.963855421686747, -0.5806451612903226, -0.0031948881789136685, 0.0, 0.0, -0.9821041214750542, -1.0, -0.9809853068280034, -0.10597470562581773, -1.0, -0.6708860759493671, -0.9977608598298253, -0.06770833333333326, -0.7640449438202247, -0.9699453551912568, -0.9886941775014132, -0.9545454545454546, -0.9808811305070657, -0.9042224510813595, -0.9933614966807484, -0.8403755868544601, -0.9991823385118561, -0.6666666666666666, -0.5238095238095238, -0.024691358024691357, -0.9795918367346939, -0.897758552890287, 0.0, -0.9518072289156626, -0.9473684210526315, -0.978448275862069, -1.0, -0.9991789819376026, -0.988456865127582, -0.925845932325414, -0.9245283018867925, 0.0]","[0.0, 0.09496124031007752, 0.0007898894154818325, 0.0, 0.0, 0.07692307692307693, 0.0, 0.0, 0.0, 0.0, 0.060790273556231005, 0.0, 0.4020408163265306, 0.0, 0.0, 0.9799593377868139, 0.0, 0.4791666666666667, 0.0, 0.0, 0.0, 0.35063235935455733, 0.0, 0.0, 0.0, 0.7630208333333334, 0.0, 0.0, 0.0, 0.0, 0.0, 0.05149330587023687, 0.0, 0.028169014084507043, 0.0, 0.0, 0.0, 0.6296296296296297, 0.0, 0.0, 1.0, 0.0, 0.0, 0.0, 0.0, 0.0, 0.0, 0.0, 0.0, 0.6273291925465838]","[0.0, 0.9782945736434109, 0.9715639810426541, 0.9749536178107606, 0.97252208047105, 0.9230769230769231, 1.0, 0.671875, 0.39473684210526316, 0.9981521404373268, 0.9483282674772037, 0.9304123711340206, 0.9734693877551021, 0.963855421686747, 0.5806451612903226, 0.9831542259657275, 0.0, 0.4791666666666667, 0.9821041214750542, 1.0, 0.9809853068280034, 0.45660706498037507, 1.0, 0.6708860759493671, 0.9977608598298253, 0.8307291666666666, 0.7640449438202247, 0.9699453551912568, 0.9886941775014132, 0.9545454545454546, 0.9808811305070657, 0.9557157569515963, 0.9933614966807484, 0.8685446009389671, 0.9991823385118561, 0.6666666666666666, 0.5238095238095238, 0.654320987654321, 0.9795918367346939, 0.897758552890287, 1.0, 0.9518072289156626, 0.9473684210526315, 0.978448275862069, 1.0, 0.9991789819376026, 0.988456865127582, 0.925845932325414, 0.9245283018867925, 0.6273291925465838]",0.11499028182701654,49,"[0.14285714285714285, 0.0, 0.0, 0.2, 0.16666666666666666, 0.0, 0.125, 0.125, 0.16666666666666666, 0.14285714285714285, 0.0, 0.16666666666666666, 0.0, 0.125, 0.14285714285714285, 0.0, 0.125, 0.0, 0.16666666666666666, 0.1111111111111111, 0.2, 0.0, 0.1111111111111111, 0.16666666666666666, 0.14285714285714285, 0.0, 0.2, 0.2, 0.2, 0.125, 0.14285714285714285, 0.0, 0.16666666666666666, 0.0, 0.125, 0.14285714285714285, 0.14285714285714285, 0.0, 0.125, 0.25, 0.0, 0.2, 0.14285714285714285, 0.125, 0.1111111111111111, 0.125, 0.16666666666666666, 0.25, 0.16666666666666666, null]",55.08382964134216,21.00683093070984,0.04072880744934082,32.93147134780884,0.008034467697143555,0.9190409183502197,1115790,ai08,success,
lenet_fmnist,FashionMNIST,50,0.05,42,300,4.0,no_phase0,none,0,0.0,0.2074,0.16537599999999997,0.4119,0.8802,0.1,-0.6611973831896121,1,50,"[0.08904109589041087, -0.017478152309612915, -0.9417989417989417, -0.686046511627907, -0.7558139534883721, -0.8738197424892704, -0.012711864406779627, -0.9966674601285408, -0.9905100830367735, -0.1202749140893471, -0.04201680672268909, -0.9295624332977589, -0.8381987577639751, -0.9530685920577617, -0.8547241944292736, -0.981941309255079, -0.04444444444444451, -0.38367346938775515, -0.8242574257425743, -0.8559059987631417, -0.9090909090909092, -0.8185840707964601, -0.4009536194191591, -0.8803339517625232, -0.9925595238095238, -0.0066950699939135605, -1.0, -0.16485403548941047, -0.8172043010752689, -0.7529239766081872, -0.7715680954964731, -0.9438401775804661, -0.9779462439696761, -0.8823529411764706, -0.7925709515859767, -0.4955696202531646, -0.7523809523809524, -0.9278897136797455, -0.6551724137931034, -0.9869169510807736, -0.6666666666666666, -1.0, -0.9408396946564885, -0.8441011235955056, -0.625, -0.006849315068493178, -0.9971910112359551, -0.983050847457627, -0.042813455657492394, -0.010075566750629816]","[0.9863013698630136, 0.9637952559300874, 0.04814814814814815, 0.0, 0.0, 0.08497854077253218, 0.9533898305084746, 0.0028564627469650082, 0.0011862396204033216, 0.870561282932417, 0.4789915966386555, 0.012806830309498399, 0.14906832298136646, 0.0, 0.1119606772255598, 0.0, 0.7333333333333333, 0.16326530612244897, 0.07425742574257425, 0.0, 0.045454545454545456, 0.008849557522123894, 0.04681404421326398, 0.0, 0.002976190476190476, 0.9933049300060864, 0.0, 0.8151116199198626, 0.0, 0.14619883040935672, 0.19262072707542052, 0.03618201997780244, 0.0, 0.058823529411764705, 0.005425709515859766, 0.38544303797468354, 0.05714285714285714, 0.051961823966065745, 0.15517241379310345, 0.00938566552901024, 0.0, 0.0, 0.0485278080697928, 0.0, 0.0, 0.964041095890411, 0.0, 0.002421307506053269, 0.764525993883792, 0.9881252249010435]","[0.8972602739726028, 0.9812734082397003, 0.9899470899470899, 0.686046511627907, 0.7558139534883721, 0.9587982832618026, 0.9661016949152542, 0.9995239228755058, 0.9916963226571768, 0.9908361970217641, 0.5210084033613446, 0.9423692636072573, 0.9872670807453416, 0.9530685920577617, 0.9666848716548334, 0.981941309255079, 0.7777777777777778, 0.5469387755102041, 0.8985148514851485, 0.8559059987631417, 0.9545454545454546, 0.827433628318584, 0.44776766363242304, 0.8803339517625232, 0.9955357142857143, 1.0, 1.0, 0.979965655409273, 0.8172043010752689, 0.8991228070175439, 0.9641888225718936, 0.9800221975582686, 0.9779462439696761, 0.9411764705882353, 0.7979966611018364, 0.8810126582278481, 0.8095238095238095, 0.9798515376458112, 0.8103448275862069, 0.9963026166097838, 0.6666666666666666, 1.0, 0.9893675027262814, 0.8441011235955056, 0.625, 0.9708904109589042, 0.9971910112359551, 0.9854721549636803, 0.8073394495412844, 0.9982007916516733]",0.19202522222222218,50,"[0.01275, 0.014571428571428572, 0.2066, 0.25325, 0.33766666666666667, 0.2066, 0.13675, 0.259125, 0.245, 0.14942857142857144, 0.13675, 0.2894285714285714, 0.01225, 0.29614285714285715, 0.014571428571428572, 0.259125, 0.13675, 0.14771428571428571, 0.017, 0.29628571428571426, 0.253125, 0.15628571428571428, 0.3288333333333333, 0.3946, 0.2885714285714286, 0.12022222222222222, 0.23044444444444445, 0.33066666666666666, 0.25925, 0.0204, 0.007, 0.0003333333333333333, 0.25925, 0.128625, 0.26, 0.209, 0.208, 0.13525, 0.14871428571428572, 0.009, 0.2887142857142857, 0.23044444444444445, 0.2082, 0.29628571428571426, 0.3368333333333333, 0.017, 0.29628571428571426, 0.147, 0.3466666666666667, 0.2585]",55.23399066925049,21.014384508132935,0.021950960159301758,33.04185390472412,0.007909059524536133,0.9603207111358643,1115790,ai08,success,
lenet_fmnist,FashionMNIST,50,0.05,43,300,4.0,no_phase0,none,0,0.0,0.2146,0.180852,0.3833,0.8827,0.0368,-0.7000459701098376,1,48,"[-0.9182692307692308, -0.9953952417498081, null, -0.14043754410726883, -0.034352049277422414, -0.9804941482444733, -0.7222427148653634, -0.6222222222222222, 0.3359173126614987, -0.5, null, -0.5240904621435595, -1.0, -0.952054794520548, -0.5830388692579505, -0.8348314606741573, -0.767659859390693, -0.9848484848484849, -0.99, -0.8005952380952381, -0.040000000000000036, -0.7014314928425358, -0.898238747553816, -0.9767255216693418, -1.0, -0.8659588586595885, -0.8067135896047645, -0.9942100909842845, -0.8035714285714286, -0.9810690423162584, -0.5, -0.9541463414634146, -0.9620253164556962, -0.8962264150943396, -0.9946524064171123, -0.07692307692307698, -0.9876203576341128, -0.9507318814709033, -0.9926000672721157, -0.8413397972675187, -0.8779215762024338, -0.9095477386934674, -0.9555555555555556, 0.0, -0.865491651205937, 0.0, -0.6708860759493671, -0.008426966292134908, -0.8543356207111665, -0.2212419409569053]","[0.035256410256410256, 0.0007674597083653108, null, 0.8412138320395202, 0.9578298981284056, 0.002600780234070221, 0.25378089265953524, 0.044444444444444446, 0.6563307493540051, 0.0, null, 0.3303834808259587, 0.0, 0.023972602739726026, 0.2067137809187279, 0.017696629213483146, 0.2058921995313023, 0.0025252525252525255, 0.0033333333333333335, 0.0, 0.76, 0.07157464212678936, 0.005870841487279843, 0.0008025682182985554, 0.0, 0.12143331121433311, 0.16946399566865186, 0.0008271298593879239, 0.0, 0.0066815144766146995, 0.14705882352941177, 0.0, 0.006329113924050633, 0.10377358490566038, 0.0, 0.4423076923076923, 0.0, 0.028561228132809712, 0.0053817692566431215, 0.13353900396650506, 0.10604597257098705, 0.04020100502512563, 0.018518518518518517, 1.0, 0.10018552875695733, 0.8484848484848485, 0.0, 0.9676966292134831, 0.1363069245165315, 0.7315914489311164]","[0.9535256410256411, 0.9961627014581734, null, 0.981651376146789, 0.992181947405828, 0.9830949284785435, 0.9760236075248986, 0.6666666666666666, 0.32041343669250644, 0.5, null, 0.8544739429695182, 1.0, 0.976027397260274, 0.7897526501766784, 0.8525280898876404, 0.9735520589219954, 0.9873737373737373, 0.9933333333333333, 0.8005952380952381, 0.8, 0.7730061349693251, 0.9041095890410958, 0.9775280898876404, 1.0, 0.9873921698739216, 0.9761775852734164, 0.9950372208436724, 0.8035714285714286, 0.987750556792873, 0.6470588235294118, 0.9541463414634146, 0.9683544303797469, 1.0, 0.9946524064171123, 0.5192307692307693, 0.9876203576341128, 0.979293109603713, 0.9979818365287588, 0.9748788012340238, 0.9839675487734209, 0.949748743718593, 0.9740740740740741, 1.0, 0.9656771799628943, 0.8484848484848485, 0.6708860759493671, 0.976123595505618, 0.990642545227698, 0.9528333898880217]",0.2141405247813411,49,"[0.2184, 0.17285714285714285, 0.2146, 0.166, 0.0042, 0.255625, 0.19883333333333333, 0.156, 0.16433333333333333, 0.3038571428571429, 0.2146, 0.025, 0.22722222222222221, 0.255, 0.03257142857142857, 0.5425, 0.202, 0.202, 0.268, 0.268, 0.15771428571428572, 0.384, 0.51075, 0.3836, 0.23844444444444443, 0.176, 0.18516666666666667, 0.166, 0.3062857142857143, 0.277, 0.17285714285714285, 0.3541666666666667, 0.265875, 0.22722222222222221, 0.26825, 0.17042857142857143, 0.30657142857142855, 0.0004, 0.3062857142857143, 0.15128571428571427, 0.006333333333333333, 0.158, 0.3541666666666667, 0.12911111111111112, 0.0038, 0.17042857142857143, 0.30657142857142855, 0.03257142857142857, 0.232, null]",54.312511682510376,21.099271297454834,0.020901918411254883,32.07693386077881,0.0075871944427490234,0.9367513656616211,1115842,ai08,success,
lenet_fmnist,FashionMNIST,50,0.05,44,300,4.0,no_phase0,none,0,0.0,0.1,0.160876,0.351,0.8726,0.0897,-0.7337809357983012,0,50,"[0.0, -0.8843023255813953, -0.9676145339652449, -0.9758812615955473, -0.97252208047105, -0.8461538461538463, -1.0, -0.671875, -0.39473684210526316, -0.9981521404373268, -0.8875379939209727, -0.9304123711340206, -0.5714285714285714, -0.963855421686747, -0.5806451612903226, -0.0031948881789136685, 0.0, 0.0, -0.9821041214750542, -1.0, -0.9611063094209161, -0.1434801569995639, -1.0, -0.680379746835443, -0.9977608598298253, -0.06770833333333326, -0.7640449438202247, -0.9699453551912568, -0.9875635952515546, -0.9545454545454546, -0.9825436408977556, -0.9031925849639546, -0.9933614966807484, -0.8403755868544601, -0.9991823385118561, -0.6666666666666666, -0.5238095238095238, -0.024691358024691357, -0.9795918367346939, -0.8879276445143531, 0.0, -0.9518072289156626, -0.9473684210526315, -0.978448275862069, -1.0, -0.9991789819376026, -0.988456865127582, -0.9409647228221742, -0.9245283018867925, 0.0]","[0.0, 0.09496124031007752, 0.0007898894154818325, 0.0, 0.0, 0.07692307692307693, 0.0, 0.0, 0.0, 0.0, 0.060790273556231005, 0.0, 0.4020408163265306, 0.0, 0.0, 0.9799593377868139, 0.0, 0.4791666666666667, 0.0, 0.0, 0.0, 0.35063235935455733, 0.0, 0.0, 0.0, 0.7630208333333334, 0.0, 0.0, 0.0, 0.0, 0.0, 0.05149330587023687, 0.0, 0.028169014084507043, 0.0, 0.0, 0.0, 0.6296296296296297, 0.0, 0.0, 1.0, 0.0, 0.0, 0.0, 0.0, 0.0, 0.0, 0.0, 0.0, 0.6273291925465838]","[0.0, 0.9792635658914729, 0.9684044233807267, 0.9758812615955473, 0.97252208047105, 0.9230769230769231, 1.0, 0.671875, 0.39473684210526316, 0.9981521404373268, 0.9483282674772037, 0.9304123711340206, 0.9734693877551021, 0.963855421686747, 0.5806451612903226, 0.9831542259657275, 0.0, 0.4791666666666667, 0.9821041214750542, 1.0, 0.9611063094209161, 0.49411251635412123, 1.0, 0.680379746835443, 0.9977608598298253, 0.8307291666666666, 0.7640449438202247, 0.9699453551912568, 0.9875635952515546, 0.9545454545454546, 0.9825436408977556, 0.9546858908341915, 0.9933614966807484, 0.8685446009389671, 0.9991823385118561, 0.6666666666666666, 0.5238095238095238, 0.654320987654321, 0.9795918367346939, 0.8879276445143531, 1.0, 0.9518072289156626, 0.9473684210526315, 0.978448275862069, 1.0, 0.9991789819376026, 0.988456865127582, 0.9409647228221742, 0.9245283018867925, 0.6273291925465838]",0.11499028182701654,49,"[0.14285714285714285, 0.0, 0.0, 0.2, 0.16666666666666666, 0.0, 0.125, 0.125, 0.16666666666666666, 0.14285714285714285, 0.0, 0.16666666666666666, 0.0, 0.125, 0.14285714285714285, 0.0, 0.125, 0.0, 0.16666666666666666, 0.1111111111111111, 0.2, 0.0, 0.1111111111111111, 0.16666666666666666, 0.14285714285714285, 0.0, 0.2, 0.2, 0.2, 0.125, 0.14285714285714285, 0.0, 0.16666666666666666, 0.0, 0.125, 0.14285714285714285, 0.14285714285714285, 0.0, 0.125, 0.25, 0.0, 0.2, 0.14285714285714285, 0.125, 0.1111111111111111, 0.125, 0.16666666666666666, 0.25, 0.16666666666666666, null]",56.46572399139404,21.599928379058838,0.02091217041015625,33.719940185546875,0.008010149002075195,0.9405264854431152,1115910,ai08,success,
lenet_fmnist,FashionMNIST,50,0.05,42,300,4.0,raw_union_K20,raw_union,2352,0.0,0.7738,0.168236,0.4056,0.8815,0.7765,-0.08223302948318648,11,50,"[0.0273972602739726, -0.10237203495630454, -0.041269841269841234, 0.3023255813953488, -0.13953488372093026, -0.012875536480686733, -0.0423728813559322, -0.06974529873839563, -0.14887307236061686, -0.0756013745704468, 0.3445378151260504, -0.19530416221985059, -0.8161490683229813, -0.31046931407942235, -0.27198252321135996, -0.13995485327313772, 0.1777777777777778, 0.35918367346938773, -0.08168316831683176, -0.37291280148423, 0.0, -0.08628318584070793, -0.12050281751192027, -0.10853432282003705, -0.06994047619047616, -0.11503347534996955, 0.0, -0.07097882083571838, 0.11827956989247301, -0.6798245614035088, -0.11068909386869241, -0.16137624861265265, -0.19503790489317707, 0.0, -0.2708681135225375, 0.004430379746835356, 0.14761904761904765, -0.020148462354188768, 0.005747126436781658, -0.028725824800910127, 0.2142857142857143, -0.20715350223546947, -0.14640130861504908, -0.5, 0.20833333333333337, -0.05308219178082196, -0.06460674157303381, -0.016949152542372836, -0.06422018348623859, -0.11011155091759628]","[0.9246575342465754, 0.8789013732833958, 0.9486772486772487, 0.9883720930232558, 0.6162790697674418, 0.9459227467811159, 0.923728813559322, 0.9297786241371102, 0.8428232502965599, 0.9140893470790378, 0.865546218487395, 0.7470651013874067, 0.1701863354037267, 0.6425992779783394, 0.6952484980884762, 0.8419864559819413, 0.9555555555555556, 0.9061224489795918, 0.8168316831683168, 0.48484848484848486, 0.9545454545454546, 0.7411504424778761, 0.8565236237537928, 0.7717996289424861, 0.9255952380952381, 0.8849665246500305, 1.0, 0.9089868345735547, 0.9354838709677419, 0.21929824561403508, 0.8529571351058057, 0.8157602663706992, 0.777394900068918, 0.9411764705882353, 0.5717863105175293, 0.8658227848101265, 0.9571428571428572, 0.9597030752916225, 0.8160919540229885, 0.9684300341296929, 0.8809523809523809, 0.7928464977645305, 0.8435114503816794, 0.3595505617977528, 0.8333333333333334, 0.9178082191780822, 0.9325842696629213, 0.9685230024213075, 0.7431192660550459, 0.888089240734077]","[0.8972602739726028, 0.9812734082397003, 0.9899470899470899, 0.686046511627907, 0.7558139534883721, 0.9587982832618026, 0.9661016949152542, 0.9995239228755058, 0.9916963226571768, 0.9896907216494846, 0.5210084033613446, 0.9423692636072573, 0.986335403726708, 0.9530685920577617, 0.9672310212998362, 0.981941309255079, 0.7777777777777778, 0.5469387755102041, 0.8985148514851485, 0.8577612863327149, 0.9545454545454546, 0.827433628318584, 0.977026441265713, 0.8803339517625232, 0.9955357142857143, 1.0, 1.0, 0.979965655409273, 0.8172043010752689, 0.8991228070175439, 0.9636462289744981, 0.9771365149833519, 0.972432804962095, 0.9411764705882353, 0.8426544240400667, 0.8613924050632912, 0.8095238095238095, 0.9798515376458112, 0.8103448275862069, 0.997155858930603, 0.6666666666666666, 1.0, 0.9899127589967285, 0.8595505617977528, 0.625, 0.9708904109589042, 0.9971910112359551, 0.9854721549636803, 0.8073394495412844, 0.9982007916516733]",0.7600338968253969,50,"[0.744625, 0.7612857142857142, 0.6774, 0.7265, 0.8588333333333333, 0.7968, 0.732625, 0.773875, 0.58675, 0.7507142857142857, 0.750875, 0.7675714285714286, 0.91825, 0.8305714285714285, 0.7612857142857142, 0.748875, 0.732625, 0.7257142857142858, 0.724, 0.8991428571428571, 0.733375, 0.7684285714285715, 0.8478333333333333, 0.9004, 0.742, 0.7622222222222222, 0.7677777777777778, 0.5123333333333333, 0.742, 0.894, 0.731, 0.5783333333333334, 0.86525, 0.7525, 0.8215, 0.6324, 0.6548, 0.73575, 0.7442857142857143, 0.6718333333333333, 0.755, 0.7725555555555556, 0.713, 0.8497142857142858, 0.7518333333333334, 0.6925, 0.8721428571428571, 0.7208571428571429, 0.886, 0.86175]",56.578548431396484,21.5303213596344,0.3216414451599121,33.58139944076538,0.007699251174926758,0.9488015174865723,1115842,ai08,success,
lenet_fmnist,FashionMNIST,50,0.05,43,300,4.0,raw_union_K20,raw_union,2386,0.0,0.7676,0.18086000000000002,0.3805,0.8853,0.7054,-0.07243676168300049,11,48,"[0.022435897435897356, -0.049117421335379885, null, -0.06563161609033163, -0.11798152096659553, -0.20416124837451233, -0.2759129472519365, -0.06666666666666665, 0.5762273901808785, 0.38888888888888884, null, -0.0540806293018683, 0.0, -0.19691780821917815, 0.04593639575971742, -0.15084269662921346, -0.049548041513224006, -0.012626262626262652, -0.4666666666666667, -0.044642857142857206, 0.039999999999999925, 0.15746421267893662, 0.025440313111546042, -0.1215890850722311, 0.0, -0.02786994027869938, -0.04981050351922034, -0.2191894127377998, 0.1428571428571428, -0.018930957683741645, 0.25, -0.13219512195121952, -0.4683544303797469, -0.04245283018867929, -0.021390374331550777, 0.32692307692307687, -0.038514442916093516, -0.5026776151374509, -0.48402287251934073, -0.4319083296606434, -0.3531002511106818, 0.0, -0.5, 0.0, -0.20779220779220786, 0.0, 0.30379746835443033, -0.061797752808988804, -0.1905801621958827, -0.12996267390566685]","[0.9759615384615384, 0.9470452801227935, null, 0.9160197600564574, 0.8742004264392325, 0.7789336801040312, 0.7004795278495021, 0.6, 0.896640826873385, 0.8888888888888888, null, 0.799410029498525, 1.0, 0.7791095890410958, 0.8356890459363958, 0.701123595505618, 0.925677937730164, 0.9747474747474747, 0.5266666666666666, 0.7559523809523809, 0.84, 0.9304703476482618, 0.9295499021526419, 0.8559390048154093, 1.0, 0.9595222295952223, 0.9296155928532756, 0.7758478081058726, 0.9464285714285714, 0.9688195991091314, 0.8970588235294118, 0.8219512195121951, 0.5, 0.9575471698113207, 0.9732620320855615, 0.8461538461538461, 0.9491059147180193, 0.47697250981792216, 0.5139589640094181, 0.5469369766416924, 0.6291288390960016, 0.949748743718593, 0.4740740740740741, 1.0, 0.7555658627087198, 0.8484848484848485, 0.9746835443037974, 0.9143258426966292, 0.8000623830318153, 0.8215134034611469]","[0.9535256410256411, 0.9961627014581734, null, 0.981651376146789, 0.992181947405828, 0.9830949284785435, 0.9763924751014386, 0.6666666666666666, 0.32041343669250644, 0.5, null, 0.8534906588003933, 1.0, 0.976027397260274, 0.7897526501766784, 0.8519662921348314, 0.975225979243388, 0.9873737373737373, 0.9933333333333333, 0.8005952380952381, 0.8, 0.7730061349693251, 0.9041095890410958, 0.9775280898876404, 1.0, 0.9873921698739216, 0.9794260963724959, 0.9950372208436724, 0.8035714285714286, 0.987750556792873, 0.6470588235294118, 0.9541463414634146, 0.9683544303797469, 1.0, 0.9946524064171123, 0.5192307692307693, 0.9876203576341128, 0.9796501249553731, 0.9979818365287588, 0.9788453063023358, 0.9822290902066834, 0.949748743718593, 0.9740740740740741, 1.0, 0.9633580705009277, 0.8484848484848485, 0.6708860759493671, 0.976123595505618, 0.990642545227698, 0.9514760773668137]",0.7631587787495954,49,"[0.7312, 0.7787142857142857, 0.7676, 0.7188571428571429, 0.6942, 0.743375, 0.7685, 0.7725714285714286, 0.8173333333333334, 0.7547142857142857, 0.7676, 0.7468, 0.7467777777777778, 0.791875, 0.7334285714285714, 0.942, 0.6906666666666667, 0.6906666666666667, 0.781625, 0.79925, 0.8411428571428572, 0.8056, 0.6865, 0.8714, 0.7598888888888888, 0.738, 0.6883333333333334, 0.7188571428571429, 0.779, 0.7484285714285714, 0.7787142857142857, 0.8236666666666667, 0.778, 0.7467777777777778, 0.719625, 0.7745714285714286, 0.7118571428571429, 0.795, 0.7827142857142857, 0.7638571428571429, 0.742, 0.7702857142857142, 0.8341666666666666, 0.7496666666666667, 0.8008, 0.7692857142857142, 0.7267142857142858, 0.7095714285714285, 0.7426, null]",55.50800538063049,21.624839067459106,0.3314826488494873,32.424286127090454,0.008157730102539062,0.9359385967254639,1115910,ai08,success,
lenet_fmnist,FashionMNIST,50,0.05,44,300,4.0,raw_union_K20,raw_union,2241,0.0,0.1,0.16094999999999998,0.3524,0.8768,0.732,-0.748193221864851,0,50,"[0.0, -0.8872093023255814, -0.9703791469194313, -0.9749536178107606, -0.97252208047105, -0.8461538461538463, -1.0, -0.671875, -0.39473684210526316, -0.9981521404373268, -0.8875379939209727, -0.9304123711340206, -0.5714285714285714, -0.963855421686747, -0.5806451612903226, -0.0031948881789136685, -0.7300853485064012, 0.0, -0.9821041214750542, -1.0, -0.9697493517718236, -0.11208024422154383, -1.0, -0.680379746835443, -0.9977608598298253, -0.06770833333333326, -0.7640449438202247, -0.9699453551912568, -0.9875635952515546, -0.9545454545454546, -0.9808811305070657, -0.9042224510813595, -0.9933614966807484, -0.8403755868544601, -0.9991823385118561, -0.6666666666666666, -0.5238095238095238, -0.024691358024691357, -0.9795918367346939, -0.8963822257176564, 0.0, -0.9518072289156626, -0.9473684210526315, -0.978448275862069, -1.0, -0.9991789819376026, -0.988456865127582, -0.9416846652267818, -0.9245283018867925, 0.0]","[0.0, 0.09496124031007752, 0.0007898894154818325, 0.0, 0.0, 0.07692307692307693, 0.0, 0.0, 0.0, 0.0, 0.060790273556231005, 0.0, 0.4020408163265306, 0.0, 0.0, 0.9799593377868139, 0.0, 0.4791666666666667, 0.0, 0.0, 0.0, 0.35063235935455733, 0.0, 0.0, 0.0, 0.7630208333333334, 0.0, 0.0, 0.0, 0.0, 0.0, 0.05149330587023687, 0.0, 0.028169014084507043, 0.0, 0.0, 0.0, 0.6296296296296297, 0.0, 0.0, 1.0, 0.0, 0.0, 0.0, 0.0, 0.0, 0.0, 0.0, 0.0, 0.6273291925465838]","[0.0, 0.982170542635659, 0.9711690363349131, 0.9749536178107606, 0.97252208047105, 0.9230769230769231, 1.0, 0.671875, 0.39473684210526316, 0.9981521404373268, 0.9483282674772037, 0.9304123711340206, 0.9734693877551021, 0.963855421686747, 0.5806451612903226, 0.9831542259657275, 0.7300853485064012, 0.4791666666666667, 0.9821041214750542, 1.0, 0.9697493517718236, 0.46271260357610117, 1.0, 0.680379746835443, 0.9977608598298253, 0.8307291666666666, 0.7640449438202247, 0.9699453551912568, 0.9875635952515546, 0.9545454545454546, 0.9808811305070657, 0.9557157569515963, 0.9933614966807484, 0.8685446009389671, 0.9991823385118561, 0.6666666666666666, 0.5238095238095238, 0.654320987654321, 0.9795918367346939, 0.8963822257176564, 1.0, 0.9518072289156626, 0.9473684210526315, 0.978448275862069, 1.0, 0.9991789819376026, 0.988456865127582, 0.9416846652267818, 0.9245283018867925, 0.6273291925465838]",0.11499028182701654,49,"[0.14285714285714285, 0.0, 0.0, 0.2, 0.16666666666666666, 0.0, 0.125, 0.125, 0.16666666666666666, 0.14285714285714285, 0.0, 0.16666666666666666, 0.0, 0.125, 0.14285714285714285, 0.0, 0.125, 0.0, 0.16666666666666666, 0.1111111111111111, 0.2, 0.0, 0.1111111111111111, 0.16666666666666666, 0.14285714285714285, 0.0, 0.2, 0.2, 0.2, 0.125, 0.14285714285714285, 0.0, 0.16666666666666666, 0.0, 0.125, 0.14285714285714285, 0.14285714285714285, 0.0, 0.125, 0.25, 0.0, 0.2, 0.14285714285714285, 0.125, 0.1111111111111111, 0.125, 0.16666666666666666, 0.25, 0.16666666666666666, null]",56.88197875022888,21.62225103378296,0.31571412086486816,33.8106107711792,0.0078084468841552734,0.9397759437561035,1115965,ai08,success,
lenet_fmnist,FashionMNIST,50,0.05,42,300,4.0,warmup_only_labelled,warmup_only,100,0.0,0.1,0.16432,0.4151,0.8842,0.1,-0.788969004259731,0,50,"[-0.8972602739726028, -0.9588014981273407, -0.9756613756613757, -0.686046511627907, 0.0, -0.9587982832618026, -0.9661016949152542, -0.9990478457510117, -0.9916963226571768, -0.9839633447880871, -0.5210084033613446, -0.2379935965848453, -0.9869565217391305, -0.9530685920577617, -0.07973784817039864, -0.981941309255079, -0.7777777777777778, -0.5469387755102041, -0.8985148514851485, -0.20593692022263455, -0.9545454545454546, -0.13938053097345127, -0.44776766363242304, -0.7653061224489796, -0.9955357142857143, -1.0, -1.0, -0.9610761305094447, -0.8172043010752689, -0.8976608187134503, -0.9641888225718936, -0.5194228634850167, -0.9738111647139903, -0.9411764705882353, -0.825542570951586, -0.8867088607594936, -0.8095238095238095, -0.9798515376458112, -0.8103448275862069, -0.997155858930603, -0.6666666666666666, -1.0, -0.9833696837513631, -0.8450374531835206, 0.0, -0.9708904109589042, -0.904494382022472, -0.9854721549636803, -0.8012232415902141, -0.997840949982008]","[0.0, 0.02247191011235955, 0.014285714285714285, 0.0, 0.7558139534883721, 0.0, 0.0, 0.00047607712449416806, 0.0, 0.0057273768613974796, 0.0, 0.7043756670224119, 0.00031055900621118014, 0.0, 0.8869470234844348, 0.0, 0.0, 0.0, 0.0, 0.6413110698824984, 0.0, 0.6880530973451328, 0.0, 0.1150278293135436, 0.0, 0.0, 0.0, 0.0, 0.0, 0.0014619883040935672, 0.0, 0.4528301886792453, 0.0, 0.0, 0.0, 0.0, 0.0, 0.0, 0.0, 0.0, 0.0, 0.0, 0.004634678298800436, 0.0, 0.625, 0.0, 0.09269662921348315, 0.0, 0.0061162079510703364, 0.0003598416696653472]","[0.8972602739726028, 0.9812734082397003, 0.9899470899470899, 0.686046511627907, 0.7558139534883721, 0.9587982832618026, 0.9661016949152542, 0.9995239228755058, 0.9916963226571768, 0.9896907216494846, 0.5210084033613446, 0.9423692636072573, 0.9872670807453416, 0.9530685920577617, 0.9666848716548334, 0.981941309255079, 0.7777777777777778, 0.5469387755102041, 0.8985148514851485, 0.847247990105133, 0.9545454545454546, 0.827433628318584, 0.44776766363242304, 0.8803339517625232, 0.9955357142857143, 1.0, 1.0, 0.9610761305094447, 0.8172043010752689, 0.8991228070175439, 0.9641888225718936, 0.9722530521642619, 0.9738111647139903, 0.9411764705882353, 0.825542570951586, 0.8867088607594936, 0.8095238095238095, 0.9798515376458112, 0.8103448275862069, 0.997155858930603, 0.6666666666666666, 1.0, 0.9880043620501636, 0.8450374531835206, 0.625, 0.9708904109589042, 0.9971910112359551, 0.9854721549636803, 0.8073394495412844, 0.9982007916516733]",0.09902380952380957,50,"[0.125, 0.0, 0.0, 0.125, 0.0, 0.2, 0.125, 0.0, 0.25, 0.0, 0.125, 0.0, 0.0, 0.14285714285714285, 0.0, 0.125, 0.125, 0.14285714285714285, 0.16666666666666666, 0.0, 0.125, 0.0, 0.16666666666666666, 0.0, 0.14285714285714285, 0.1111111111111111, 0.1111111111111111, 0.3333333333333333, 0.125, 0.0, 0.14285714285714285, 0.0, 0.125, 0.125, 0.25, 0.2, 0.2, 0.125, 0.14285714285714285, 0.16666666666666666, 0.14285714285714285, 0.1111111111111111, 0.0, 0.14285714285714285, 0.0, 0.16666666666666666, 0.0, 0.14285714285714285, 0.0, 0.0]",22.765267372131348,21.61990785598755,0.024155139923095703,0.0,0.0,0.9352638721466064,1115965,ai08,success,
lenet_fmnist,FashionMNIST,50,0.1,42,300,4.0,dp_avg_eps2_K20,dp_avg,10,4.484595957758596,0.4117,0.24991000000000002,0.6189,0.883,0.1001,-0.4759662333604036,1,50,"[-0.3546910755148741, -0.3219789132197892, -0.03938356164383561, -0.9287901990811639, -0.9223744292237442, -0.9937185929648241, -0.4939172749391728, -0.8594507269789984, -0.0927258193445244, -0.3952483801295896, -0.608433734939759, -0.14714033761652812, -0.9683995922528033, -0.4119318181818181, -0.8568376068376069, -0.033175355450236976, -0.39849624060150374, -0.6857506361323156, -0.3138622493461203, -0.858325666973321, -0.3319011815252416, -0.09392265193370164, -0.39147802929427433, -0.2284263959390863, -0.014764133957508085, 0.07361963190184051, -0.8966431095406361, -0.26875, -0.14364261168384884, -0.4900574458683164, -0.7680168332456602, -0.08966861598440545, -0.9785330948121646, -0.3395209580838323, -0.6497252747252746, -0.40054054054054056, -0.04207119741100329, -0.8849557522123894, -0.16666666666666669, -0.9634340222575516, -0.515748031496063, -0.322202166064982, -0.12235009085402787, -0.886184681460272, -0.7855887521968365, -0.31835205992509363, -0.06746031746031744, -0.5058823529411764, -0.6790754257907543, -0.8417366946778712]","[0.5583524027459954, 0.6463909164639091, 0.922945205479452, 0.036753445635528334, 0.03424657534246575, 0.005025125628140704, 0.3722627737226277, 0.1098546042003231, 0.8001598721023181, 0.5777537796976242, 0.14457831325301204, 0.8384983623078861, 0.017329255861365953, 0.5085227272727273, 0.1047008547008547, 0.3933649289099526, 0.45286292654713706, 0.1743002544529262, 0.6669572798605057, 0.034958601655933765, 0.6305048335123523, 0.6464088397790055, 0.5605858854860186, 0.6142131979695431, 0.9852358660424919, 0.8588957055214724, 0.0715547703180212, 0.315625, 0.8481099656357388, 0.47856827220503756, 0.185691741188848, 0.8635477582846004, 0.005366726296958855, 0.6269461077844312, 0.3008241758241758, 0.5540540540540541, 0.6084142394822006, 0.061946902654867256, 0.4166666666666667, 0.011128775834658187, 0.4338582677165354, 0.5, 0.40218049666868566, 0.06943450250536864, 0.1195079086115993, 0.6601123595505618, 0.5515873015873016, 0.18823529411764706, 0.1894160583941606, 0.13165266106442577]","[0.9130434782608695, 0.9683698296836983, 0.9623287671232876, 0.9655436447166922, 0.95662100456621, 0.9987437185929648, 0.8661800486618005, 0.9693053311793215, 0.8928856914468425, 0.9730021598272138, 0.7530120481927711, 0.9856386999244142, 0.9857288481141692, 0.9204545454545454, 0.9615384615384616, 0.4265402843601896, 0.8513591671486408, 0.8600508905852418, 0.980819529206626, 0.8932842686292548, 0.9624060150375939, 0.7403314917127072, 0.952063914780293, 0.8426395939086294, 1.0, 0.7852760736196319, 0.9681978798586572, 0.584375, 0.9917525773195877, 0.968625718073354, 0.9537085744345082, 0.9532163742690059, 0.9838998211091234, 0.9664670658682635, 0.9505494505494505, 0.9545945945945946, 0.6504854368932039, 0.9469026548672567, 0.5833333333333334, 0.9745627980922098, 0.9496062992125984, 0.822202166064982, 0.5245305875227135, 0.9556191839656406, 0.9050966608084359, 0.9784644194756554, 0.6190476190476191, 0.6941176470588235, 0.8684914841849148, 0.9733893557422969]",0.40025211370262387,49,"[0.625, 0.3814, 0.36833333333333335, 0.5826666666666667, 0.642, 0.46114285714285713, 0.294, 0.6266666666666667, 0.48433333333333334, 0.47025, 0.472, 0.118, 0.22225, 0.531, 0.4402, 0.36325, 0.0, 0.436, 0.298, 0.47225, 0.61525, 0.2773333333333333, 0.3274, 0.2906666666666667, 0.279625, 0.1816, 0.5855, 0.4103333333333333, 0.3135, 0.3363333333333333, 0.2676, 0.00675, 0.5393333333333333, 0.3274, 0.4922, 0.304, 0.6266666666666667, 0.33714285714285713, 0.3567142857142857, 0.5038571428571429, 0.3832, 0.6266666666666667, 0.4906, 0.47225, 0.61325, 0.23657142857142857, 0.6296666666666667, 0.4922, 0.0, null]",56.30597639083862,21.54144263267517,0.11187076568603516,33.682127475738525,0.00785970687866211,0.786304235458374,1115679,ai08,success,
lenet_fmnist,FashionMNIST,50,0.1,43,300,4.0,dp_avg_eps2_K20,dp_avg,10,4.508633413678534,0.4326,0.23901800000000006,0.551,0.8859,0.1098,-0.4324061853664133,6,50,"[-0.8459915611814346, -0.575, 0.12195121951219512, -0.6781898177247014, -0.6666666666666667, -0.5198019801980198, -0.7247259439707674, -0.38647242455775244, -0.3015160022459292, -0.6037735849056605, -0.10054347826086962, -0.015021459227467782, 0.007547169811320753, -0.02749999999999997, -0.08718487394957986, -0.009345794392523366, -0.6370664023785927, -0.5356608478802993, -0.7411003236245954, -0.5573476702508962, -0.6483720930232559, -0.5793103448275863, 0.019230769230769273, -0.6094674556213018, -0.5249294449670743, -0.34608985024958405, -0.6770491803278689, -0.18131868131868134, -0.5584512285927029, -0.0767386091127098, -0.8257713248638838, -0.6222664015904573, -0.5470208183776023, -0.7795059469350412, 0.1428571428571429, 0.2566176470588236, -0.24737945492662472, -0.8623345367027678, -0.9201995012468829, -0.4290657439446367, -0.5261382799325462, -0.35943517329910146, -0.7511244377811095, -0.2421150278293136, -0.07761732851985559, -0.7386503067484662, 0.017467248908296984, -0.6431403647898494, -0.8101761252446185, -0.5894039735099337]","[0.1308016877637131, 0.175, 0.6341463414634146, 0.2960402262727844, 0.1111111111111111, 0.44224422442244227, 0.2387332521315469, 0.6066597294484911, 0.6687254351487928, 0.19382504288164665, 0.8876811594202898, 0.7875536480686696, 0.7320754716981132, 0.9516666666666667, 0.8046218487394958, 0.9345794392523364, 0.27888999008919724, 0.4483790523690773, 0.11326860841423948, 0.4236559139784946, 0.26325581395348835, 0.27816091954022987, 0.8406593406593407, 0.28846153846153844, 0.31702728127939794, 0.4750415973377704, 0.3163934426229508, 0.2692307692307692, 0.41325390915860016, 0.9092725819344525, 0.17180883242589232, 0.22266401590457258, 0.4113424264178033, 0.09057639524245197, 0.746031746031746, 0.7985294117647059, 0.6844863731656184, 0.1299638989169675, 0.0024937655860349127, 0.38408304498269896, 0.4451939291736931, 0.5186136071887034, 0.19640179910044978, 0.725417439703154, 0.9139590854392299, 0.18527607361963191, 0.925764192139738, 0.09357652656621729, 0.1350293542074364, 0.30960264900662254]","[0.9767932489451476, 0.75, 0.5121951219512195, 0.9742300439974858, 0.7777777777777778, 0.9620462046204621, 0.9634591961023142, 0.9931321540062436, 0.970241437394722, 0.7975986277873071, 0.9882246376811594, 0.8025751072961373, 0.7245283018867924, 0.9791666666666666, 0.8918067226890757, 0.9439252336448598, 0.9159563924677899, 0.9840399002493766, 0.8543689320388349, 0.9810035842293907, 0.9116279069767442, 0.8574712643678161, 0.8214285714285714, 0.8979289940828402, 0.8419567262464722, 0.8211314475873545, 0.9934426229508196, 0.45054945054945056, 0.9717051377513031, 0.9860111910471623, 0.9975801572897761, 0.8449304174950298, 0.9583632447954056, 0.8700823421774931, 0.6031746031746031, 0.5419117647058823, 0.9318658280922432, 0.9922984356197353, 0.9226932668329177, 0.8131487889273357, 0.9713322091062394, 0.8780487804878049, 0.9475262368815592, 0.9675324675324676, 0.9915764139590855, 0.9239263803680982, 0.9082969432314411, 0.7367168913560667, 0.9452054794520548, 0.8990066225165563]",0.40960852769679285,49,"[0.297, 0.43142857142857144, 0.3766, 0.18775, 0.4412857142857143, 0.5015, 0.3863333333333333, 0.556, 0.3634, 0.6191666666666666, 0.4628, 0.36975, 0.325, 0.3418333333333333, 0.3805, 0.44485714285714284, 0.067, 0.2425, 0.53575, 0.393, 0.7365, 0.69375, 0.4078, 0.6256666666666667, 0.5345, 0.47075, 0.4322857142857143, 0.404, 0.15275, 0.249, 0.37385714285714283, 0.5904, 0.067, 0.4535, 0.35025, 0.338375, 0.2785, 0.5785, 0.6046, 0.4794285714285714, 0.382, 0.32775, 0.476, 0.2015, 0.2634, 0.4041666666666667, 0.2748, 0.5626666666666666, 0.6336666666666667, null]",56.17899417877197,21.601479291915894,0.11363458633422852,33.5074577331543,0.007590770721435547,0.7701051235198975,1115740,ai08,success,
lenet_fmnist,FashionMNIST,50,0.1,44,300,4.0,dp_avg_eps2_K20,dp_avg,10,4.49268806737862,0.4201,0.24525999999999995,0.6456,0.8767,0.224,-0.44797378888222916,5,50,"[-0.5930807248764416, -0.3205033308660251, -0.7585551330798479, -0.5625, -0.13186157517899766, -0.419953596287703, -0.12017887087758528, -0.10359408033826645, -0.6265560165975104, -0.6228209191759113, -0.5849524596940885, -0.2918032786885246, -0.014084507042253613, -0.31438356164383563, 0.2857142857142857, 0.04597701149425282, -0.8939962476547842, -0.29999999999999993, -0.9688796680497925, -0.5685920577617329, -0.8125552608311228, 0.09090909090909094, -0.2751322751322752, -0.7655860349127183, -0.7282051282051282, -0.7230162641695417, -0.17943336831059808, -0.5, -0.30970336852689795, -0.8151315789473683, -0.1372762985595809, -0.5910012160518849, -0.7386363636363636, -0.5271867612293144, -0.7807933194154488, -0.15005246589716692, 0.08181818181818185, 0.125, -0.8142857142857143, -0.5687361419068737, -0.7248113626276076, -0.2916666666666667, -0.4373227453204765, -0.8194130925507901, -0.635682933126775, -0.4502212389380531, -0.30769230769230765, -0.9203216374269005, -0.4065399911621741, -0.4214084507042254]","[0.30065897858319607, 0.6739452257586973, 0.1311787072243346, 0.2730263157894737, 0.8490453460620525, 0.568445475638051, 0.7451089994410285, 0.7632135306553911, 0.3457814661134163, 0.34072900158478603, 0.3728813559322034, 0.39344262295081966, 0.6197183098591549, 0.6520547945205479, 0.8333333333333334, 0.6283524904214559, 0.09568480300187618, 0.55, 0.014522821576763486, 0.37725631768953066, 0.1184792219274978, 0.8181818181818182, 0.4497354497354497, 0.08229426433915212, 0.2041025641025641, 0.2582552981764416, 0.8195173137460651, 0.2413793103448276, 0.4972347913524384, 0.14901315789473685, 0.8520296813618508, 0.38994730441832187, 0.22402597402597402, 0.3806146572104019, 0.20250521920668058, 0.8237145855194123, 0.5, 0.6776315789473685, 0.162406015037594, 0.18403547671840353, 0.25521526853084775, 0.2916666666666667, 0.4906409529211571, 0.10835214446952596, 0.3506325845597728, 0.4756637168141593, 0.23076923076923078, 0.02046783625730994, 0.5470614228899691, 0.5515492957746478]","[0.8937397034596376, 0.9944485566247224, 0.8897338403041825, 0.8355263157894737, 0.9809069212410502, 0.988399071925754, 0.8652878703186138, 0.8668076109936576, 0.9723374827109267, 0.9635499207606973, 0.9578338156262919, 0.6852459016393443, 0.6338028169014085, 0.9664383561643836, 0.5476190476190477, 0.5823754789272031, 0.9896810506566605, 0.85, 0.983402489626556, 0.9458483754512635, 0.9310344827586207, 0.7272727272727273, 0.7248677248677249, 0.8478802992518704, 0.9323076923076923, 0.9812715623459832, 0.9989506820566632, 0.7413793103448276, 0.8069381598793364, 0.9641447368421052, 0.9893059799214317, 0.9809485204702068, 0.9626623376623377, 0.9078014184397163, 0.9832985386221295, 0.9737670514165793, 0.41818181818181815, 0.5526315789473685, 0.9766917293233083, 0.7527716186252772, 0.9800266311584553, 0.5833333333333334, 0.9279636982416336, 0.927765237020316, 0.9863155176865479, 0.9258849557522124, 0.5384615384615384, 0.9407894736842105, 0.9536014140521432, 0.9729577464788732]",0.375990857142857,50,"[0.308, 0.117, 0.53075, 0.3544, 0.2576, 0.4662857142857143, 0.182, 0.16175, 0.3622, 0.49866666666666665, 0.5816666666666667, 0.5486, 0.2414, 0.524, 0.30725, 0.3482, 0.4568333333333333, 0.4217142857142857, 0.39616666666666667, 0.43575, 0.43525, 0.3395714285714286, 0.2472, 0.383, 0.283, 0.16175, 0.4235714285714286, 0.3983333333333333, 0.309, 0.447, 0.4346, 0.3055, 0.5106666666666667, 0.4335, 0.447, 0.30175, 0.4335, 0.51375, 0.305, 0.58625, 0.60475, 0.51375, 0.4285, 0.4005, 0.2476, 0.07075, 0.49166666666666664, 0.4916, 0.351, 0.0]",55.819191694259644,21.456289052963257,0.11342287063598633,33.28831076622009,0.007567405700683594,0.7719287872314453,1115790,ai08,success,
lenet_fmnist,FashionMNIST,50,0.1,42,300,4.0,dp_avg_eps8_K20,dp_avg,10,1.121148989439649,0.4085,0.249586,0.6188,0.8837,0.106,-0.48087085594307366,1,50,"[-0.3935926773455377, -0.35117599351176, -0.03938356164383561, -0.9157733537519143, -0.9204174820613177, -0.9836683417085428, -0.5085158150851582, -0.8578352180936996, -0.07913669064748197, -0.37257019438444927, -0.608433734939759, -0.13630637440161242, -0.9689092762487257, -0.41619318181818177, -0.8632478632478633, -0.033175355450236976, -0.4065934065934066, -0.6870229007633588, -0.3095030514385353, -0.8730450781968722, -0.33404940923737914, -0.10497237569060769, -0.4194407456724367, -0.24365482233502533, -0.010442924018725264, 0.07361963190184051, -0.8984098939929328, -0.2875, -0.11615120274914092, -0.4984533804684048, -0.775907417148869, -0.10136452241715399, -0.9785330948121646, -0.367065868263473, -0.6442307692307692, -0.3967567567567567, -0.04854368932038844, -0.8761061946902655, -0.16666666666666669, -0.9626391096979332, -0.5314960629921259, -0.32942238267148016, -0.12477286493034528, -0.9083750894774516, -0.7943760984182777, -0.3539325842696629, -0.08730158730158732, -0.5058823529411764, -0.6942822384428224, -0.8319327731092436]","[0.5194508009153318, 0.6171938361719383, 0.922945205479452, 0.04977029096477795, 0.036203522504892366, 0.01507537688442211, 0.35766423357664234, 0.11147011308562198, 0.8137490007993605, 0.6004319654427646, 0.14457831325301204, 0.8435374149659864, 0.016819571865443424, 0.5042613636363636, 0.09829059829059829, 0.3933649289099526, 0.448235974551764, 0.17302798982188294, 0.6713164777680907, 0.020239190432382703, 0.6283566058002148, 0.6353591160220995, 0.5326231691078562, 0.5989847715736041, 0.9895570759812747, 0.8588957055214724, 0.06978798586572438, 0.296875, 0.8756013745704467, 0.47238179407865666, 0.17780115728563914, 0.8518518518518519, 0.005366726296958855, 0.5982035928143713, 0.30631868131868134, 0.5535135135135135, 0.6019417475728155, 0.07079646017699115, 0.4166666666666667, 0.01192368839427663, 0.41811023622047244, 0.4927797833935018, 0.39975772259236825, 0.047244094488188976, 0.11072056239015818, 0.6245318352059925, 0.5317460317460317, 0.18823529411764706, 0.18369829683698297, 0.14145658263305322]","[0.9130434782608695, 0.9683698296836983, 0.9623287671232876, 0.9655436447166922, 0.95662100456621, 0.9987437185929648, 0.8661800486618005, 0.9693053311793215, 0.8928856914468425, 0.9730021598272138, 0.7530120481927711, 0.9798437893675989, 0.9857288481141692, 0.9204545454545454, 0.9615384615384616, 0.4265402843601896, 0.8548293811451706, 0.8600508905852418, 0.980819529206626, 0.8932842686292548, 0.9624060150375939, 0.7403314917127072, 0.952063914780293, 0.8426395939086294, 1.0, 0.7852760736196319, 0.9681978798586572, 0.584375, 0.9917525773195877, 0.9708351745470615, 0.9537085744345082, 0.9532163742690059, 0.9838998211091234, 0.9652694610778443, 0.9505494505494505, 0.9502702702702702, 0.6504854368932039, 0.9469026548672567, 0.5833333333333334, 0.9745627980922098, 0.9496062992125984, 0.822202166064982, 0.5245305875227135, 0.9556191839656406, 0.9050966608084359, 0.9784644194756554, 0.6190476190476191, 0.6941176470588235, 0.8779805352798054, 0.9733893557422969]",0.39820867346938776,49,"[0.62575, 0.3834, 0.36133333333333334, 0.5813333333333334, 0.6336, 0.45185714285714285, 0.2946, 0.6346666666666667, 0.4686666666666667, 0.46825, 0.4646, 0.1138, 0.2305, 0.5322, 0.43, 0.3515, 0.0, 0.4275, 0.29833333333333334, 0.4805, 0.61375, 0.2798333333333333, 0.3332, 0.285, 0.272625, 0.1772, 0.582, 0.404, 0.31216666666666665, 0.3393333333333333, 0.2626, 0.00325, 0.5353333333333333, 0.3332, 0.491, 0.282, 0.6346666666666667, 0.33185714285714285, 0.35514285714285715, 0.5022857142857143, 0.387, 0.6346666666666667, 0.4812, 0.4805, 0.6015, 0.23285714285714285, 0.6406666666666667, 0.491, 0.0, null]",56.311420917510986,21.578956127166748,0.11799812316894531,33.661792278289795,0.007542610168457031,0.7614831924438477,1115842,ai08,success,
lenet_fmnist,FashionMNIST,50,0.1,43,300,4.0,dp_avg_eps8_K20,dp_avg,10,1.1271583534196334,0.5442,0.24045199999999997,0.5517,0.886,0.1,-0.31956423174587467,3,50,"[-0.8428270042194093, -0.275, 0.09756097560975607, -0.5612822124450032, -0.5555555555555556, -0.33003300330033003, -0.5164433617539586, -0.2287200832466182, -0.38124649073554173, -0.3156089193825043, -0.07427536231884058, -0.0858369098712446, 0.15094339622641517, -0.11749999999999994, -0.02941176470588236, -0.10280373831775702, -0.553221010901883, -0.18852867830423936, -0.4757281553398058, -0.2655913978494624, -0.546046511627907, -0.01839080459770115, -0.0027472527472527375, -0.2618343195266273, -0.1166509877704609, -0.3136439267886856, -0.06557377049180324, -0.010989010989011005, -0.344005956813105, -0.08393285371702641, -0.8656987295825771, -0.6003976143141153, -0.5254845656855707, -0.7053979871912168, 0.3492063492063492, -0.23235294117647065, -0.19392033542976939, -0.5961492178098675, -0.9064837905236908, -0.397923875432526, -0.042158516020236014, -0.2772785622593068, -0.6911544227886057, -0.42300556586270877, -0.029482551143200975, -0.7521472392638037, -0.048034934497816595, -0.4750198255352894, -0.7033827229521946, -0.4470198675496689]","[0.1339662447257384, 0.475, 0.6097560975609756, 0.41231929604022627, 0.2222222222222222, 0.6320132013201321, 0.4470158343483557, 0.7631633714880333, 0.5889949466591803, 0.48198970840480276, 0.9139492753623188, 0.7167381974248928, 0.8754716981132076, 0.8616666666666667, 0.8623949579831933, 0.8411214953271028, 0.3863230921704658, 0.7950124688279302, 0.3786407766990291, 0.7139784946236559, 0.3851162790697674, 0.8390804597701149, 0.8186813186813187, 0.6346153846153846, 0.7234242709313264, 0.5083194675540765, 0.9278688524590164, 0.43956043956043955, 0.6310498883097543, 0.904476418864908, 0.13188142770719904, 0.24453280318091453, 0.43000717875089733, 0.16742909423604757, 0.9523809523809523, 0.700735294117647, 0.7379454926624738, 0.39638989169675093, 0.016209476309226933, 0.41522491349480967, 0.9291736930860034, 0.6020539152759948, 0.2563718140929535, 0.5445269016697588, 0.9620938628158845, 0.17177914110429449, 0.8602620087336245, 0.25931800158604285, 0.23874755381604695, 0.4519867549668874]","[0.9767932489451476, 0.75, 0.5121951219512195, 0.9736015084852294, 0.7777777777777778, 0.9620462046204621, 0.9634591961023142, 0.9918834547346514, 0.970241437394722, 0.7975986277873071, 0.9882246376811594, 0.8025751072961373, 0.7245283018867924, 0.9791666666666666, 0.8918067226890757, 0.9439252336448598, 0.9395441030723488, 0.9835411471321696, 0.8543689320388349, 0.9795698924731183, 0.9311627906976744, 0.8574712643678161, 0.8214285714285714, 0.8964497041420119, 0.8400752587017873, 0.8219633943427621, 0.9934426229508196, 0.45054945054945056, 0.9750558451228593, 0.9884092725819345, 0.9975801572897761, 0.8449304174950298, 0.955491744436468, 0.8728270814272644, 0.6031746031746031, 0.9330882352941177, 0.9318658280922432, 0.9925391095066185, 0.9226932668329177, 0.8131487889273357, 0.9713322091062394, 0.8793324775353016, 0.9475262368815592, 0.9675324675324676, 0.9915764139590855, 0.9239263803680982, 0.9082969432314411, 0.7343378271213322, 0.9421302767682416, 0.8990066225165563]",0.520539941690962,49,"[0.4495, 0.46514285714285714, 0.4822, 0.205, 0.5178571428571429, 0.5456666666666666, 0.49066666666666664, 0.676, 0.4326, 0.6448333333333334, 0.5322, 0.54425, 0.3434, 0.45216666666666666, 0.598, 0.5621428571428572, 0.30366666666666664, 0.28675, 0.54675, 0.44433333333333336, 0.7995, 0.681, 0.5324, 0.706, 0.7575, 0.60275, 0.507, 0.5023333333333333, 0.39325, 0.452, 0.5801428571428572, 0.6982, 0.30366666666666664, 0.5105, 0.458, 0.50225, 0.435, 0.66525, 0.6754, 0.6135714285714285, 0.4584, 0.46875, 0.49975, 0.54775, 0.4336, 0.6025, 0.3902, 0.5976666666666667, 0.609, null]",56.66206455230713,21.736093282699585,0.11257410049438477,33.84741950035095,0.00820469856262207,0.7744729518890381,1115910,ai08,success,
lenet_fmnist,FashionMNIST,50,0.1,44,300,4.0,dp_avg_eps8_K20,dp_avg,10,1.123172016844655,0.4398,0.24454199999999995,0.6338,0.8691,0.2209,-0.432049359149479,5,50,"[-0.5280065897858319, -0.316062176165803, -0.7547528517110266, -0.3618421052631579, -0.16825775656324582, -0.43155452436194897, -0.15315818893236444, -0.13319238900634256, -0.6251728907330567, -0.6402535657686212, -0.4609342703596528, -0.30819672131147546, -0.05633802816901412, -0.2705479452054794, 0.32539682539682535, 0.03831417624521072, -0.8986866791744841, -0.19999999999999996, -0.9668049792531119, -0.5794223826714802, -0.8143236074270557, 0.09090909090909094, -0.2222222222222222, -0.7655860349127183, -0.701025641025641, -0.7328733366190242, -0.1636935991605456, -0.5344827586206897, -0.20160884866767226, -0.7786184210526316, -0.15517241379310343, -0.6076205918119173, -0.7548701298701299, -0.4940898345153664, -0.7828810020876826, -0.19937040923399796, 0.10909090909090907, 0.13157894736842102, -0.8270676691729324, -0.4611973392461198, -0.7412339103417666, -0.20833333333333337, -0.4662507090187181, -0.8103837471783295, -0.47663310095533185, -0.4756637168141593, -0.30769230769230765, -0.9203216374269005, -0.37825894829871853, -0.4630985915492958]","[0.3657331136738056, 0.6794966691339749, 0.13498098859315588, 0.47368421052631576, 0.8120525059665871, 0.5568445475638051, 0.7110117384013416, 0.733615221987315, 0.34716459197787, 0.3232963549920761, 0.4968995452666391, 0.3770491803278688, 0.5774647887323944, 0.6958904109589041, 0.873015873015873, 0.6206896551724138, 0.09099437148217636, 0.65, 0.016597510373443983, 0.3664259927797834, 0.11671087533156499, 0.8181818181818182, 0.5026455026455027, 0.08229426433915212, 0.22384615384615383, 0.24790537210448496, 0.8352570828961176, 0.20689655172413793, 0.5691302161890397, 0.18453947368421053, 0.8339153208206024, 0.3733279286582894, 0.2077922077922078, 0.41371158392434987, 0.20041753653444677, 0.7743966421825813, 0.5272727272727272, 0.6842105263157895, 0.14962406015037594, 0.2915742793791574, 0.23923657345761207, 0.375, 0.4617129892229155, 0.11738148984198646, 0.5143299767621998, 0.4502212389380531, 0.23076923076923078, 0.02046783625730994, 0.5731330092797172, 0.5098591549295775]","[0.8937397034596376, 0.9955588452997779, 0.8897338403041825, 0.8355263157894737, 0.9803102625298329, 0.988399071925754, 0.864169927333706, 0.8668076109936576, 0.9723374827109267, 0.9635499207606973, 0.9578338156262919, 0.6852459016393443, 0.6338028169014085, 0.9664383561643836, 0.5476190476190477, 0.5823754789272031, 0.9896810506566605, 0.85, 0.983402489626556, 0.9458483754512635, 0.9310344827586207, 0.7272727272727273, 0.7248677248677249, 0.8478802992518704, 0.9248717948717948, 0.9807787087235091, 0.9989506820566632, 0.7413793103448276, 0.770739064856712, 0.9631578947368421, 0.9890877346137058, 0.9809485204702068, 0.9626623376623377, 0.9078014184397163, 0.9832985386221295, 0.9737670514165793, 0.41818181818181815, 0.5526315789473685, 0.9766917293233083, 0.7527716186252772, 0.9804704837993786, 0.5833333333333334, 0.9279636982416336, 0.927765237020316, 0.9909630777175317, 0.9258849557522124, 0.5384615384615384, 0.9407894736842105, 0.9513919575784358, 0.9729577464788732]",0.4029852142857145,50,"[0.28933333333333333, 0.11033333333333334, 0.50975, 0.3416, 0.2744, 0.4795714285714286, 0.252, 0.24675, 0.3372, 0.5386666666666666, 0.551, 0.5942, 0.2702, 0.496, 0.334125, 0.382, 0.5071666666666667, 0.42914285714285716, 0.4231666666666667, 0.43125, 0.4775, 0.3627142857142857, 0.2442, 0.46925, 0.483, 0.24675, 0.45385714285714285, 0.452, 0.30525, 0.449, 0.4524, 0.33475, 0.6256666666666667, 0.4455, 0.449, 0.33775, 0.4455, 0.54775, 0.381, 0.56125, 0.67375, 0.54775, 0.46375, 0.41325, 0.2298, 0.12075, 0.5126666666666667, 0.5346, 0.331, 0.0]",56.5939884185791,21.707769632339478,0.11458349227905273,33.80826807022095,0.00808095932006836,0.7736434936523438,1115965,ai08,success,
lenet_fmnist,FashionMNIST,50,0.1,42,300,4.0,labelled_probe_warmup,labelled,100,0.0,0.4663,0.248928,0.616,0.8835,0.1,-0.41162862487214646,3,50,"[-0.1556064073226544, -0.19140308191403077, -0.05821917808219179, -0.7166921898928025, -0.6699282452707109, -0.8115577889447236, -0.3990267639902677, -0.6833602584814217, -0.09592326139088725, -0.316414686825054, -0.5903614457831325, -0.17939027462836987, -0.6299694189602446, -0.5909090909090908, -0.8418803418803419, 0.10900473933649285, -0.4447657605552342, -0.55470737913486, -0.27375762859633823, -0.6697332106715731, -0.41031149301825987, 0.02209944751381221, -0.13981358189081228, -0.20812182741116747, -0.04069139359020524, 0.09815950920245398, -0.8913427561837456, -0.06562499999999993, -0.1924398625429553, -0.6442775077330977, -0.7075223566543924, -0.08382066276803124, -0.9767441860465116, -0.22694610778443114, -0.6881868131868132, -0.42324324324324325, -0.28155339805825247, -0.6991150442477876, -0.16666666666666669, -0.9562798092209857, -0.2732283464566929, -0.3898916967509025, -0.0048455481526348265, -0.7000715819613457, -0.6028119507908611, -0.11142322097378277, -0.3055555555555556, -0.4588235294117647, -0.6560827250608272, -0.6316526610644257]","[0.7574370709382151, 0.7761557177615572, 0.9041095890410958, 0.24885145482388973, 0.28669275929549903, 0.1871859296482412, 0.46715328467153283, 0.2859450726978998, 0.7969624300559552, 0.6565874730021598, 0.16265060240963855, 0.800453514739229, 0.35575942915392456, 0.32954545454545453, 0.11965811965811966, 0.5355450236966824, 0.40717177559282824, 0.3053435114503817, 0.7070619006102877, 0.22355105795768168, 0.5520945220193341, 0.7624309392265194, 0.8122503328894807, 0.6345177664974619, 0.9593086064097948, 0.8834355828220859, 0.07685512367491167, 0.51875, 0.7993127147766323, 0.3247901016349978, 0.24618621778011573, 0.8732943469785575, 0.007155635062611807, 0.7365269461077845, 0.2623626373626374, 0.5005405405405405, 0.36893203883495146, 0.24778761061946902, 0.4166666666666667, 0.018282988871224166, 0.6763779527559055, 0.4314079422382672, 0.5196850393700787, 0.25554760200429494, 0.3022847100175747, 0.8670411985018727, 0.3134920634920635, 0.23529411764705882, 0.21581508515815084, 0.34173669467787116]","[0.9130434782608695, 0.967558799675588, 0.9623287671232876, 0.9655436447166922, 0.95662100456621, 0.9987437185929648, 0.8661800486618005, 0.9693053311793215, 0.8928856914468425, 0.9730021598272138, 0.7530120481927711, 0.9798437893675989, 0.9857288481141692, 0.9204545454545454, 0.9615384615384616, 0.4265402843601896, 0.8519375361480624, 0.8600508905852418, 0.980819529206626, 0.8932842686292548, 0.9624060150375939, 0.7403314917127072, 0.952063914780293, 0.8426395939086294, 1.0, 0.7852760736196319, 0.9681978798586572, 0.584375, 0.9917525773195877, 0.9690676093680954, 0.9537085744345082, 0.9571150097465887, 0.9838998211091234, 0.9634730538922156, 0.9505494505494505, 0.9237837837837838, 0.6504854368932039, 0.9469026548672567, 0.5833333333333334, 0.9745627980922098, 0.9496062992125984, 0.8212996389891697, 0.5245305875227135, 0.9556191839656406, 0.9050966608084359, 0.9784644194756554, 0.6190476190476191, 0.6941176470588235, 0.871897810218978, 0.9733893557422969]",0.4453849611273081,49,"[0.60925, 0.4014, 0.44383333333333336, 0.5923333333333334, 0.6564, 0.5217142857142857, 0.437, 0.7153333333333334, 0.435, 0.41825, 0.4642, 0.2776, 0.25275, 0.5586, 0.4926, 0.328, 0.0, 0.2445, 0.3426666666666667, 0.5865, 0.65275, 0.336, 0.3608, 0.2823333333333333, 0.359375, 0.1802, 0.57725, 0.416, 0.3385, 0.397, 0.4362, 0.14425, 0.6038333333333333, 0.3608, 0.5952, 0.5175, 0.5983333333333334, 0.38371428571428573, 0.484, 0.52, 0.44, 0.7153333333333334, 0.4592, 0.5865, 0.57225, 0.29314285714285715, 0.6626666666666666, 0.5938, 0.179, null]",55.393718957901,21.211702346801758,0.04047894477844238,33.186931133270264,0.007884025573730469,0.7684576511383057,1115790,ai08,success,
lenet_fmnist,FashionMNIST,50,0.1,43,300,4.0,labelled_probe_warmup,labelled,100,0.0,0.4029,0.23906000000000002,0.5488,0.8919,0.1735,-0.46647198683644453,5,50,"[-0.8428270042194093, -0.675, 0.09756097560975607, -0.5424261470773097, -0.6666666666666667, -0.47689768976897695, -0.7490864799025578, -0.4720083246618106, -0.21729365524985955, -0.5900514579759863, -0.04438405797101452, 0.03218884120171672, -0.12452830188679243, -0.15166666666666662, -0.10504201680672276, -0.12616822429906538, -0.7062438057482656, -0.7022443890274315, -0.7346278317152103, -0.6469534050179212, -0.6697674418604651, -0.7999999999999999, 0.02472527472527475, -0.6420118343195267, -0.766698024459078, -0.3361064891846922, -0.9770491803278688, -0.21978021978021978, -0.6407297096053611, -0.04916067146282965, -0.7973381730187538, -0.6083499005964215, -0.3840631730078966, -0.8252516010978957, 0.06349206349206349, 0.37426470588235294, -0.27253668763102723, -0.8777376654632972, -0.9214463840399003, -0.5051903114186851, -0.7723440134907251, -0.3735558408215661, -0.6761619190404797, -0.10760667903525056, -0.1179302045728039, -0.7644171779141105, -0.12227074235807867, -0.7153053132434576, -0.7581772435001397, -0.640728476821192]","[0.1339662447257384, 0.075, 0.6097560975609756, 0.431803896920176, 0.1111111111111111, 0.48514851485148514, 0.2143727161997564, 0.468678459937565, 0.7529477821448625, 0.20754716981132076, 0.9438405797101449, 0.8347639484978541, 0.6, 0.8275, 0.7867647058823529, 0.8177570093457944, 0.2307234886025768, 0.2827930174563591, 0.11974110032362459, 0.3340501792114695, 0.2567441860465116, 0.05747126436781609, 0.8461538461538461, 0.2559171597633136, 0.07337723424270931, 0.4933444259567388, 0.01639344262295082, 0.23076923076923078, 0.3339538346984363, 0.9400479616306955, 0.20024198427102238, 0.23658051689860835, 0.574300071787509, 0.04483074107959744, 0.6666666666666666, 0.9161764705882353, 0.6593291404612159, 0.1148014440433213, 0.0012468827930174563, 0.3079584775086505, 0.19898819561551434, 0.5057766367137355, 0.27136431784107945, 0.859925788497217, 0.8736462093862816, 0.15950920245398773, 0.7860262008733624, 0.02141157811260904, 0.18143695834498183, 0.2582781456953642]","[0.9767932489451476, 0.75, 0.5121951219512195, 0.9742300439974858, 0.7777777777777778, 0.9620462046204621, 0.9634591961023142, 0.9406867845993756, 0.970241437394722, 0.7975986277873071, 0.9882246376811594, 0.8025751072961373, 0.7245283018867924, 0.9791666666666666, 0.8918067226890757, 0.9439252336448598, 0.9369672943508425, 0.9850374064837906, 0.8543689320388349, 0.9810035842293907, 0.9265116279069767, 0.8574712643678161, 0.8214285714285714, 0.8979289940828402, 0.8400752587017873, 0.829450915141431, 0.9934426229508196, 0.45054945054945056, 0.9746835443037974, 0.9892086330935251, 0.9975801572897761, 0.8449304174950298, 0.9583632447954056, 0.8700823421774931, 0.6031746031746031, 0.5419117647058823, 0.9318658280922432, 0.9925391095066185, 0.9226932668329177, 0.8131487889273357, 0.9713322091062394, 0.8793324775353016, 0.9475262368815592, 0.9675324675324676, 0.9915764139590855, 0.9239263803680982, 0.9082969432314411, 0.7367168913560667, 0.9396142018451216, 0.8990066225165563]",0.3842934159378037,49,"[0.32725, 0.4451428571428571, 0.3576, 0.219, 0.4347142857142857, 0.43833333333333335, 0.2866666666666667, 0.569, 0.3718, 0.5991666666666666, 0.4302, 0.35, 0.3684, 0.2981666666666667, 0.22, 0.3962857142857143, 0.006333333333333333, 0.21025, 0.537, 0.43566666666666665, 0.67575, 0.675, 0.3652, 0.596, 0.4925, 0.447, 0.4451428571428571, 0.41833333333333333, 0.1085, 0.19228571428571428, 0.3302857142857143, 0.5406, 0.006333333333333333, 0.46525, 0.3185, 0.273375, 0.224, 0.53775, 0.6228, 0.4554285714285714, 0.3472, 0.34975, 0.434, 0.11325, 0.2798, 0.3825, 0.2652, 0.5896666666666667, 0.578, null]",56.30346608161926,21.55985999107361,0.03998255729675293,33.74834156036377,0.0076313018798828125,0.7707805633544922,1115842,ai08,success,
lenet_fmnist,FashionMNIST,50,0.1,44,300,4.0,labelled_probe_warmup,labelled,100,0.0,0.4256,0.245142,0.65,0.886,0.1837,-0.4308257033422261,4,50,"[-0.44316309719934105, -0.28793486306439675, -0.8022813688212928, -0.4144736842105263, -0.15572792362768495, -0.8051044083526682, -0.20514253773057578, -0.2684989429175476, -0.6071922544951591, -0.6022187004754358, -0.19718892104175278, -0.3737704918032787, -0.04225352112676062, -0.13013698630136983, 0.3015873015873015, 0.06130268199233713, -0.9634146341463415, -0.04999999999999993, -0.954356846473029, -0.5054151624548737, -0.7922192749778956, -0.27272727272727276, 0.031746031746031744, -0.7880299251870324, -0.652051282051282, -0.7580088713652046, -0.11647429171038826, -0.4655172413793104, -0.16490698843640028, -0.7743421052631578, -0.1959842863378437, -0.7263883259019052, -0.8847402597402597, -0.4491725768321513, -0.7745302713987474, -0.1983210912906611, 0.29090909090909095, -0.013157894736842146, -0.8353383458646617, -0.44678492239467854, -0.8972481136262761, 0.0, -0.42427680090754394, -0.8148984198645598, -0.495997934417764, -0.43030973451327437, -0.23076923076923073, -0.9181286549707602, -0.486964206805126, -0.4112676056338028]","[0.45057660626029655, 0.7076239822353811, 0.08745247148288973, 0.42105263157894735, 0.8245823389021479, 0.18329466357308585, 0.6607043040804919, 0.5983086680761099, 0.3651452282157676, 0.3613312202852615, 0.7606448945845391, 0.3114754098360656, 0.5915492957746479, 0.8356164383561644, 0.8492063492063492, 0.6436781609195402, 0.02626641651031895, 0.8, 0.029045643153526972, 0.4404332129963899, 0.13793103448275862, 0.45454545454545453, 0.7566137566137566, 0.059850374064837904, 0.27487179487179486, 0.22276983735830458, 0.8824763903462749, 0.27586206896551724, 0.6400201106083458, 0.1944078947368421, 0.7931034482758621, 0.2541548439400081, 0.07792207792207792, 0.458628841607565, 0.20876826722338204, 0.7754459601259182, 0.7090909090909091, 0.5394736842105263, 0.14135338345864662, 0.2771618625277162, 0.08455392809587217, 0.5833333333333334, 0.5036868973340897, 0.11286681715575621, 0.4903175832687839, 0.49557522123893805, 0.3076923076923077, 0.02266081871345029, 0.45735749005744586, 0.5616901408450704]","[0.8937397034596376, 0.9955588452997779, 0.8897338403041825, 0.8355263157894737, 0.9803102625298329, 0.988399071925754, 0.8658468418110676, 0.8668076109936576, 0.9723374827109267, 0.9635499207606973, 0.9578338156262919, 0.6852459016393443, 0.6338028169014085, 0.9657534246575342, 0.5476190476190477, 0.5823754789272031, 0.9896810506566605, 0.85, 0.983402489626556, 0.9458483754512635, 0.9301503094606542, 0.7272727272727273, 0.7248677248677249, 0.8478802992518704, 0.926923076923077, 0.9807787087235091, 0.9989506820566632, 0.7413793103448276, 0.8049270990447461, 0.96875, 0.9890877346137058, 0.9805431698419133, 0.9626623376623377, 0.9078014184397163, 0.9832985386221295, 0.9737670514165793, 0.41818181818181815, 0.5526315789473685, 0.9766917293233083, 0.7239467849223947, 0.9818020417221482, 0.5833333333333334, 0.9279636982416336, 0.927765237020316, 0.9863155176865479, 0.9258849557522124, 0.5384615384615384, 0.9407894736842105, 0.9443216968625718, 0.9729577464788732]",0.39238380952380963,50,"[0.18266666666666667, 0.14066666666666666, 0.5275, 0.3444, 0.2684, 0.4765714285714286, 0.397, 0.30275, 0.2638, 0.5098333333333334, 0.5266666666666666, 0.6324, 0.193, 0.49625, 0.31625, 0.2988, 0.5541666666666667, 0.36114285714285715, 0.4246666666666667, 0.43575, 0.3735, 0.36642857142857144, 0.2712, 0.532, 0.417, 0.2985, 0.4167142857142857, 0.4895, 0.33475, 0.4166666666666667, 0.4518, 0.39225, 0.7093333333333334, 0.3566666666666667, 0.4166666666666667, 0.24125, 0.35383333333333333, 0.53475, 0.3385, 0.46625, 0.72475, 0.53475, 0.338, 0.48825, 0.2386, 0.1085, 0.4485, 0.5026, 0.405, 0.0]",56.58770537376404,21.721535205841064,0.042093753814697266,33.83598351478577,0.007809638977050781,0.7983253002166748,1115910,ai08,success,
lenet_fmnist,FashionMNIST,50,0.1,42,300,4.0,no_phase0,none,0,0.0,0.3938,0.250578,0.623,0.8828,0.1,-0.5019370871070954,1,50,"[-0.5675057208237986, -0.4363341443633414, -0.03938356164383561, -0.9295558958652373, -0.9217221135029354, -0.9949748743718593, -0.4793187347931874, -0.9095315024232633, -0.08313349320543562, -0.3866090712742981, -0.608433734939759, -0.13681027966742254, -0.9689092762487257, -0.39488636363636365, -0.8568376068376069, -0.028436018957345988, -0.3811451706188548, -0.6959287531806616, -0.31299040976460324, -0.8408463661453541, -0.32116004296455414, -0.2541436464088398, -0.6231691078561917, -0.24873096446700504, -0.01368383147281238, 0.06134969325153372, -0.8984098939929328, -0.284375, -0.1274914089347079, -0.4922669023420239, -0.7596002104155708, -0.10721247563352831, -0.9767441860465116, -0.5059880239520957, -0.6401098901098901, -0.3827027027027027, -0.032362459546925626, -0.8938053097345133, -0.16666666666666669, -0.9674085850556439, -0.6992125984251969, -0.33303249097472926, -0.12719563900666264, -0.8740157480314961, -0.7662565905096661, -0.5280898876404494, -0.059523809523809534, -0.5137254901960784, -0.7054744525547445, -0.8823529411764706]","[0.34553775743707094, 0.5312246553122466, 0.922945205479452, 0.03598774885145482, 0.03489889106327462, 0.0037688442211055275, 0.38686131386861317, 0.05977382875605816, 0.8073541167066347, 0.5863930885529157, 0.14457831325301204, 0.8455530360292265, 0.016819571865443424, 0.5255681818181818, 0.1047008547008547, 0.3981042654028436, 0.46732215153267787, 0.16412213740458015, 0.6678291194420227, 0.05243790248390064, 0.6412459720730398, 0.4861878453038674, 0.3288948069241012, 0.5939086294416244, 0.9863161685271876, 0.8466257668711656, 0.06978798586572438, 0.3, 0.8642611683848798, 0.4794520547945205, 0.1941083640189374, 0.8460038986354775, 0.007155635062611807, 0.45868263473053894, 0.31043956043956045, 0.5632432432432433, 0.6181229773462783, 0.05309734513274336, 0.4166666666666667, 0.007154213036565978, 0.24960629921259841, 0.48826714801444043, 0.3973349485160509, 0.0816034359341446, 0.13884007029876977, 0.450374531835206, 0.5595238095238095, 0.1803921568627451, 0.16970802919708028, 0.09103641456582633]","[0.9130434782608695, 0.967558799675588, 0.9623287671232876, 0.9655436447166922, 0.95662100456621, 0.9987437185929648, 0.8661800486618005, 0.9693053311793215, 0.8904876099120703, 0.9730021598272138, 0.7530120481927711, 0.982363315696649, 0.9857288481141692, 0.9204545454545454, 0.9615384615384616, 0.4265402843601896, 0.8484673221515326, 0.8600508905852418, 0.980819529206626, 0.8932842686292548, 0.9624060150375939, 0.7403314917127072, 0.952063914780293, 0.8426395939086294, 1.0, 0.7852760736196319, 0.9681978798586572, 0.584375, 0.9917525773195877, 0.9717189571365444, 0.9537085744345082, 0.9532163742690059, 0.9838998211091234, 0.9646706586826347, 0.9505494505494505, 0.9459459459459459, 0.6504854368932039, 0.9469026548672567, 0.5833333333333334, 0.9745627980922098, 0.9488188976377953, 0.8212996389891697, 0.5245305875227135, 0.9556191839656406, 0.9050966608084359, 0.9784644194756554, 0.6190476190476191, 0.6941176470588235, 0.8751824817518248, 0.9733893557422969]",0.38276348396501453,49,"[0.6325, 0.3888, 0.3323333333333333, 0.5813333333333334, 0.5988, 0.43442857142857144, 0.25, 0.631, 0.41533333333333333, 0.47425, 0.438, 0.0714, 0.22425, 0.5376, 0.398, 0.3115, 0.0, 0.4465, 0.30683333333333335, 0.47425, 0.5615, 0.282, 0.3282, 0.2976666666666667, 0.255625, 0.1896, 0.53575, 0.375, 0.31616666666666665, 0.33466666666666667, 0.2202, 0.01275, 0.5068333333333334, 0.3282, 0.4492, 0.202, 0.631, 0.31285714285714283, 0.32871428571428574, 0.5115714285714286, 0.3896, 0.631, 0.4492, 0.47425, 0.5615, 0.24171428571428571, 0.6323333333333333, 0.4492, 0.0, null]",56.507301330566406,21.770434379577637,0.021127700805664062,33.762473344802856,0.008032083511352539,0.770148754119873,1115910,ai08,success,
lenet_fmnist,FashionMNIST,50,0.1,43,300,4.0,no_phase0,none,0,0.0,0.4388,0.239676,0.5486,0.8827,0.0368,-0.4084108631602133,3,50,"[-0.8586497890295358, -0.425, -0.07317073170731708, -0.9032055311125079, -0.5555555555555556, -0.6584158415841584, -0.6686967113276492, -0.5837669094693028, -0.09713644020213363, -0.49228130360205835, -0.14311594202898548, -0.027896995708154515, -0.1622641509433962, -0.26416666666666666, -0.3445378151260504, -0.2757009345794392, -0.5504459861248762, -0.17955112219451363, -0.5631067961165048, -0.6010752688172043, -0.6967441860465116, -0.01839080459770115, -0.11813186813186805, -0.42603550295857984, -0.1241768579492003, -0.4975041597337771, -0.04426229508196722, 0.06593406593406598, -0.6180193596425911, -0.11870503597122295, -0.7749546279491832, -0.7256461232604374, -0.6094759511844938, -0.7200365965233303, 0.33333333333333337, 0.3985294117647059, -0.4863731656184486, -0.7316486161251503, -0.9102244389027432, -0.4948096885813149, -0.09612141652613826, -0.47368421052631576, -0.8365817091454273, -0.011131725417439786, -0.3772563176895307, -0.7926380368098159, -0.20087336244541487, -0.5114988104678827, -0.839250768800671, -0.5364238410596026]","[0.11814345991561181, 0.325, 0.43902439024390244, 0.07039597737272156, 0.2222222222222222, 0.30363036303630364, 0.29476248477466505, 0.4037460978147763, 0.8725435148792813, 0.3053173241852487, 0.845108695652174, 0.7746781115879828, 0.5622641509433962, 0.715, 0.5472689075630253, 0.6682242990654206, 0.3896927651139742, 0.801995012468828, 0.2912621359223301, 0.37849462365591396, 0.2288372093023256, 0.8390804597701149, 0.7032967032967034, 0.4718934911242604, 0.7177798682972719, 0.324459234608985, 0.9491803278688524, 0.5164835164835165, 0.35591958302308263, 0.8705035971223022, 0.22262552934059285, 0.11928429423459244, 0.3460157932519742, 0.15004574565416284, 0.9365079365079365, 0.9404411764705882, 0.44549266247379454, 0.26089049338146814, 0.012468827930174564, 0.31833910034602075, 0.8752107925801011, 0.4056482670089859, 0.11094452773613193, 0.9564007421150278, 0.6143200962695547, 0.1312883435582822, 0.7074235807860262, 0.22759714512291832, 0.10455689124965055, 0.36258278145695366]","[0.9767932489451476, 0.75, 0.5121951219512195, 0.9736015084852294, 0.7777777777777778, 0.9620462046204621, 0.9634591961023142, 0.9875130072840791, 0.9696799550814149, 0.7975986277873071, 0.9882246376811594, 0.8025751072961373, 0.7245283018867924, 0.9791666666666666, 0.8918067226890757, 0.9439252336448598, 0.9401387512388504, 0.9815461346633416, 0.8543689320388349, 0.9795698924731183, 0.9255813953488372, 0.8574712643678161, 0.8214285714285714, 0.8979289940828402, 0.8419567262464722, 0.8219633943427621, 0.9934426229508196, 0.45054945054945056, 0.9739389426656738, 0.9892086330935251, 0.9975801572897761, 0.8449304174950298, 0.955491744436468, 0.8700823421774931, 0.6031746031746031, 0.5419117647058823, 0.9318658280922432, 0.9925391095066185, 0.9226932668329177, 0.8131487889273357, 0.9713322091062394, 0.8793324775353016, 0.9475262368815592, 0.9675324675324676, 0.9915764139590855, 0.9239263803680982, 0.9082969432314411, 0.739095955590801, 0.9438076600503215, 0.8990066225165563]",0.4047343780369292,49,"[0.30575, 0.3732857142857143, 0.3636, 0.296, 0.3618571428571429, 0.541, 0.24066666666666667, 0.71225, 0.3428, 0.5346666666666666, 0.5302, 0.46775, 0.4162, 0.4588333333333333, 0.42, 0.4952857142857143, 0.07633333333333334, 0.22625, 0.3315, 0.209, 0.883, 0.55175, 0.365, 0.5373333333333333, 0.46, 0.4545, 0.4027142857142857, 0.307, 0.295, 0.2591428571428571, 0.3872857142857143, 0.7476, 0.07633333333333334, 0.4745, 0.1845, 0.314125, 0.5355, 0.66275, 0.4858, 0.49757142857142855, 0.3812, 0.234, 0.425, 0.30075, 0.2284, 0.513, 0.13, 0.5983333333333334, 0.43666666666666665, null]",56.533952474594116,21.61710476875305,0.020616531372070312,33.91802263259888,0.007818937301635742,0.7871739864349365,1115965,ai08,success,
lenet_fmnist,FashionMNIST,50,0.1,42,300,4.0,raw_union_K20,raw_union,3852,0.0,0.8172,0.250358,0.6147,0.8861,0.7913,-0.02949641678366923,12,50,"[-0.020594965675057142, -0.047039740470397495, -0.044520547945205435, -0.02986217457886675, -0.07501630789302016, -0.06030150753768848, -0.04379562043795626, -0.021001615508885352, -0.1079136690647482, -0.275377969762419, 0.0060240963855421326, -0.14739229024943312, -0.10448521916411824, -0.10369318181818177, -0.03418803418803418, 0.3459715639810426, -0.039329091960670914, -0.006361323155216314, -0.06364428945074108, -0.2364305427782889, -0.08055853920515565, 0.17679558011049723, -0.09986684420772307, 0.1116751269035533, -0.08894490457328053, 0.1165644171779141, -0.017667844522968212, 0.3125, -0.4151202749140894, -0.08042421564295177, -0.12677538137822197, -0.01949317738791423, -0.05366726296958857, -0.10059880239520957, -0.03434065934065933, -0.10054054054054051, 0.1618122977346278, 0.02654867256637161, 0.16666666666666663, -0.027027027027026973, -0.0795275590551181, -0.027075812274368283, 0.42943670502725617, -0.30279169649248383, -0.13181019332161692, -0.09737827715355807, 0.15873015873015872, 0.050980392156862786, -0.14635036496350373, -0.04761904761904756]","[0.8924485125858124, 0.9213300892133008, 0.9178082191780822, 0.9356814701378254, 0.8816046966731899, 0.9384422110552764, 0.8223844282238443, 0.9483037156704361, 0.7785771382893685, 0.6976241900647948, 0.7590361445783133, 0.8321995464852607, 0.8812436289500509, 0.8167613636363636, 0.9273504273504274, 0.7725118483412322, 0.8097165991902834, 0.8536895674300254, 0.9171752397558849, 0.6568537258509659, 0.8818474758324383, 0.9171270718232044, 0.8521970705725699, 0.9543147208121827, 0.9110550954267195, 0.901840490797546, 0.950530035335689, 0.896875, 0.5766323024054982, 0.8899690676093681, 0.8269331930562862, 0.9337231968810916, 0.9302325581395349, 0.8652694610778443, 0.9162087912087912, 0.8172972972972973, 0.8122977346278317, 0.9734513274336283, 0.75, 0.9475357710651828, 0.8692913385826772, 0.7942238267148014, 0.9539672925499697, 0.6528274874731568, 0.773286467486819, 0.8810861423220974, 0.7777777777777778, 0.7450980392156863, 0.7268856447688564, 0.9257703081232493]","[0.9130434782608695, 0.9683698296836983, 0.9623287671232876, 0.9655436447166922, 0.95662100456621, 0.9987437185929648, 0.8661800486618005, 0.9693053311793215, 0.8864908073541167, 0.9730021598272138, 0.7530120481927711, 0.9795918367346939, 0.9857288481141692, 0.9204545454545454, 0.9615384615384616, 0.4265402843601896, 0.8490456911509543, 0.8600508905852418, 0.980819529206626, 0.8932842686292548, 0.9624060150375939, 0.7403314917127072, 0.952063914780293, 0.8426395939086294, 1.0, 0.7852760736196319, 0.9681978798586572, 0.584375, 0.9917525773195877, 0.9703932832523199, 0.9537085744345082, 0.9532163742690059, 0.9838998211091234, 0.9658682634730539, 0.9505494505494505, 0.9178378378378378, 0.6504854368932039, 0.9469026548672567, 0.5833333333333334, 0.9745627980922098, 0.9488188976377953, 0.8212996389891697, 0.5245305875227135, 0.9556191839656406, 0.9050966608084359, 0.9784644194756554, 0.6190476190476191, 0.6941176470588235, 0.8732360097323602, 0.9733893557422969]",0.8164808309037901,49,"[0.7985, 0.7436, 0.8458333333333333, 0.9426666666666667, 0.9024, 0.8627142857142858, 0.8404, 0.7973333333333333, 0.8673333333333333, 0.82925, 0.7638, 0.8526, 0.767, 0.809, 0.8246, 0.80575, 0.935, 0.71, 0.7983333333333333, 0.836, 0.827, 0.7788333333333334, 0.8032, 0.769, 0.833375, 0.7928, 0.79475, 0.8533333333333334, 0.8565, 0.8393333333333334, 0.8552, 0.775, 0.7665, 0.8032, 0.7762, 0.7625, 0.7086666666666667, 0.761, 0.7842857142857143, 0.7738571428571429, 0.8098, 0.7973333333333333, 0.8336, 0.836, 0.88675, 0.8284285714285714, 0.819, 0.839, 0.911, null]",57.086204528808594,21.758618354797363,0.51668381690979,33.865617752075195,0.007685184478759766,0.7615029811859131,1115965,ai08,success,
lenet_fmnist,FashionMNIST,50,0.1,43,300,4.0,warmup_only_labelled,warmup_only,100,0.0,0.1735,0.23982200000000004,0.5509,0.8852,0.1735,-0.717829646298604,2,50,"[-0.9092827004219409, -0.75, -0.17073170731707316, -0.9710873664362036, -0.6666666666666667, -0.6551155115511551, -0.9573690621193666, -0.9207075962539022, -0.39696799550814144, -0.7975986277873071, -0.17028985507246375, -0.40772532188841204, -0.7245283018867924, -0.9633333333333333, -0.7741596638655462, -0.9439252336448598, -0.7399405351833499, -0.8054862842892768, -0.7540453074433656, -0.6458781362007169, -0.9265116279069767, -0.8344827586206897, -0.5686813186813187, -0.8683431952662721, -0.8259642521166509, -0.788685524126456, -0.9934426229508196, -0.2967032967032967, -0.6928518242740134, -0.20103916866506788, -0.8336358136721113, -0.8449304174950298, -0.7071069633883704, -0.8700823421774931, 0.015873015873015928, 0.31691176470588234, -0.9308176100628931, -0.9908543922984356, -0.9214463840399003, -0.8131487889273357, -0.9544688026981449, -0.8421052631578947, -0.8575712143928036, -0.241187384044527, -0.9891696750902528, -0.9239263803680982, -0.8427947598253275, -0.7287866772402856, -0.9348616158792284, -0.8758278145695364]","[0.06751054852320675, 0.0, 0.34146341463414637, 0.00251414204902577, 0.1111111111111111, 0.3069306930693069, 0.0060901339829476245, 0.0, 0.5732734418865806, 0.0, 0.8179347826086957, 0.3948497854077253, 0.0, 0.015833333333333335, 0.11764705882352941, 0.0, 0.1692765113974232, 0.17805486284289276, 0.10032362459546926, 0.33512544802867383, 0.0, 0.022988505747126436, 0.25274725274725274, 0.029585798816568046, 0.014111006585136407, 0.033277870216306155, 0.0, 0.15384615384615385, 0.2822040208488459, 0.7881694644284573, 0.16394434361766486, 0.0, 0.24623115577889448, 0.0, 0.6190476190476191, 0.8588235294117647, 0.0010482180293501049, 0.0016847172081829122, 0.0012468827930174563, 0.0, 0.016863406408094434, 0.037227214377406934, 0.08995502248875563, 0.7263450834879406, 0.0024067388688327317, 0.0, 0.06550218340611354, 0.014274385408406027, 0.003913894324853229, 0.023178807947019868]","[0.9767932489451476, 0.75, 0.5121951219512195, 0.9736015084852294, 0.7777777777777778, 0.9620462046204621, 0.9634591961023142, 0.9207075962539022, 0.970241437394722, 0.7975986277873071, 0.9882246376811594, 0.8025751072961373, 0.7245283018867924, 0.9791666666666666, 0.8918067226890757, 0.9439252336448598, 0.9092170465807731, 0.9835411471321696, 0.8543689320388349, 0.9810035842293907, 0.9265116279069767, 0.8574712643678161, 0.8214285714285714, 0.8979289940828402, 0.8400752587017873, 0.8219633943427621, 0.9934426229508196, 0.45054945054945056, 0.9750558451228593, 0.9892086330935251, 0.9975801572897761, 0.8449304174950298, 0.9533381191672649, 0.8700823421774931, 0.6031746031746031, 0.5419117647058823, 0.9318658280922432, 0.9925391095066185, 0.9226932668329177, 0.8131487889273357, 0.9713322091062394, 0.8793324775353016, 0.9475262368815592, 0.9675324675324676, 0.9915764139590855, 0.9239263803680982, 0.9082969432314411, 0.7430610626486915, 0.9387755102040817, 0.8990066225165563]",0.16618442662779395,49,"[0.18425, 0.24785714285714286, 0.1472, 0.184, 0.10528571428571429, 0.12266666666666666, 0.0, 0.43375, 0.1996, 0.289, 0.1474, 0.24975, 0.3468, 0.12266666666666666, 0.0, 0.24771428571428572, 0.0, 0.0, 0.00025, 0.0003333333333333333, 0.4335, 0.2495, 0.1996, 0.24533333333333332, 0.499, 0.184, 0.24785714285714286, 0.0003333333333333333, 0.00025, 0.00014285714285714287, 0.1427142857142857, 0.3468, 0.0, 0.4335, 0.00025, 0.000125, 0.184, 0.18425, 0.1998, 0.24785714285714286, 0.1472, 0.24975, 0.184, 0.00025, 0.1998, 0.2891666666666667, 0.0002, 0.24533333333333332, 0.0, null]",22.696265935897827,21.717536687850952,0.024307966232299805,0.0,0.0,0.770012617111206,1115679,ai08,success,
lenet_fmnist,FashionMNIST,50,0.1,44,300,4.0,warmup_only_labelled,warmup_only,100,0.0,0.1837,0.24484599999999998,0.641,0.8704,0.1837,-0.6684313704206761,0,50,"[-0.584019769357496, -0.5736491487786824, -0.865019011406844, -0.8289473684210527, -0.6974940334128878, -0.9860788863109049, -0.8585802124091672, -0.7420718816067654, -0.2614107883817427, -0.9397781299524565, -0.8358825961140968, -0.09508196721311479, -0.4225352112676057, -0.6178082191780822, -0.16666666666666674, -0.3984674329501916, -0.9831144465290808, -0.675, -0.029045643153526868, -0.944043321299639, -0.2900088417329796, -0.7272727272727273, -0.6296296296296297, -0.6633416458852868, -0.5446153846153847, -0.23164120256283882, -0.4795383001049318, -0.7413793103448276, -0.6777275012569131, -0.9582236842105263, -0.8568310781318201, -0.8228617754357519, -0.8928571428571429, -0.6879432624113475, -0.8663883089770356, -0.9548793284365164, -0.23636363636363633, -0.46052631578947373, -0.9759398496240601, -0.7527716186252772, -0.9798047048379938, -0.5416666666666667, -0.8542257515598412, -0.22799097065462748, -0.9403563129357088, -0.9070796460176991, -0.30769230769230765, -0.9181286549707602, -0.8528501988510826, -0.9363380281690141]","[0.30971993410214166, 0.42079940784604, 0.024714828897338403, 0.006578947368421052, 0.2828162291169451, 0.002320185614849188, 0.005589714924538848, 0.12473572938689217, 0.710926694329184, 0.02377179080824089, 0.12195121951219512, 0.5901639344262295, 0.2112676056338028, 0.34794520547945207, 0.38095238095238093, 0.1839080459770115, 0.006566604127579738, 0.175, 0.9543568464730291, 0.0018050541516245488, 0.6401414677276747, 0.0, 0.09523809523809523, 0.18453865336658354, 0.3923076923076923, 0.7471660916707737, 0.5194123819517313, 0.0, 0.11060834590246355, 0.002631578947368421, 0.13225665648188564, 0.1580867450344548, 0.0698051948051948, 0.2198581560283688, 0.11691022964509394, 0.01888772298006296, 0.18181818181818182, 0.09210526315789473, 0.0007518796992481203, 0.0, 0.0011096316023080338, 0.041666666666666664, 0.07203630175836642, 0.6997742663656885, 0.045959204750839144, 0.018805309734513276, 0.23076923076923078, 0.02266081871345029, 0.09368095448519664, 0.036619718309859155]","[0.8937397034596376, 0.9944485566247224, 0.8897338403041825, 0.8355263157894737, 0.9803102625298329, 0.988399071925754, 0.864169927333706, 0.8668076109936576, 0.9723374827109267, 0.9635499207606973, 0.9578338156262919, 0.6852459016393443, 0.6338028169014085, 0.9657534246575342, 0.5476190476190477, 0.5823754789272031, 0.9896810506566605, 0.85, 0.983402489626556, 0.9458483754512635, 0.9301503094606542, 0.7272727272727273, 0.7248677248677249, 0.8478802992518704, 0.936923076923077, 0.9788072942336126, 0.9989506820566632, 0.7413793103448276, 0.7883358471593765, 0.9608552631578947, 0.9890877346137058, 0.9809485204702068, 0.9626623376623377, 0.9078014184397163, 0.9832985386221295, 0.9737670514165793, 0.41818181818181815, 0.5526315789473685, 0.9766917293233083, 0.7527716186252772, 0.9809143364403018, 0.5833333333333334, 0.9262620533182075, 0.927765237020316, 0.9863155176865479, 0.9258849557522124, 0.5384615384615384, 0.9407894736842105, 0.9465311533362792, 0.9729577464788732]",0.17815764285714286,50,"[0.0006666666666666666, 0.323, 0.146, 0.3106, 0.2158, 0.24671428571428572, 0.5385, 0.26925, 0.0008, 0.2771666666666667, 0.38166666666666665, 0.0568, 0.0004, 0.28625, 0.135125, 0.1168, 0.144, 0.02542857142857143, 0.126, 0.43125, 0.146, 0.24642857142857144, 0.3102, 0.1725, 0.0, 0.027, 0.1792857142857143, 0.3055, 0.1455, 0.20916666666666667, 0.1384, 0.0705, 0.23, 0.19116666666666668, 0.20916666666666667, 0.0005, 0.029666666666666668, 0.38825, 0.26975, 0.38875, 0.173, 0.38825, 0.044, 0.0275, 0.1942, 0.24225, 0.12633333333333333, 0.0224, 0.0, 0.0]",22.62014412879944,21.63840413093567,0.025138378143310547,0.0,0.0,0.7699432373046875,1115740,ai08,success,
lenet_fmnist,FashionMNIST,50,0.3,42,300,4.0,dp_avg_eps2_K20,dp_avg,10,4.484595957758596,0.6037,0.409988,0.6674,0.8843,0.1077,-0.235705654768194,0,50,"[-0.03456790123456793, -0.18649517684887462, -0.1917344173441735, -0.19874213836477994, -0.18525641025641026, -0.20783645655877347, -0.052969502407704594, -0.18209255533199192, -0.30347349177330896, -0.48958333333333337, -0.15312046444121918, -0.30200633579725444, -0.2955442752397067, -0.3462686567164179, -0.5047862156987875, -0.11306306306306302, -0.30176211453744495, -0.34004024144869216, -0.38698915763135955, -0.4724857685009488, -0.2890295358649788, -0.0770465489566613, -0.5244648318042813, -0.20872865275142316, -0.11464497041420119, -0.22136752136752136, -0.15064758009543278, -0.20835405271009455, -0.18822393822393824, -0.015625, -0.0019512195121951237, -0.17598533455545373, -0.3345291479820628, -0.25533049040511735, -0.11027756939234812, -0.27526395173454, -0.09638554216867468, -0.35174953959484345, -0.42672014810243747, -0.4063839923773225, -0.22990654205607475, -0.1723009814612868, -0.16434108527131785, -0.4159869494290375, -0.018672199170124526, -0.3808400188768286, -0.16906474820143885, -0.1435726210350584, -0.08392857142857135, -0.3251417769376181]","[0.41975308641975306, 0.7668810289389068, 0.7168021680216802, 0.6150943396226415, 0.7, 0.40545144804088584, 0.7704654895666132, 0.48993963782696176, 0.573126142595978, 0.3912037037037037, 0.7017416545718432, 0.6251319957761352, 0.6153412295544275, 0.48208955223880595, 0.36119974473516275, 0.7941441441441441, 0.5374449339207048, 0.5311871227364185, 0.5162635529608006, 0.25806451612903225, 0.5643459915611815, 0.8057784911717496, 0.3516819571865443, 0.5967741935483871, 0.834319526627219, 0.7042735042735043, 0.8009543285616906, 0.6006961710591745, 0.7302123552123552, 0.79375, 0.72, 0.6379468377635197, 0.5488789237668161, 0.6647121535181236, 0.8642160540135033, 0.6802413273001509, 0.6196213425129088, 0.430939226519337, 0.4520209811786486, 0.5421629347308242, 0.5644859813084112, 0.7208287895310797, 0.5131782945736434, 0.3871669385535617, 0.7157676348547718, 0.5356300141576216, 0.47002398081534774, 0.7370617696160268, 0.8035714285714286, 0.4621928166351607]","[0.454320987654321, 0.9533762057877814, 0.9085365853658537, 0.8138364779874214, 0.8852564102564102, 0.6132879045996593, 0.8234349919743178, 0.6720321931589537, 0.876599634369287, 0.8807870370370371, 0.8548621190130624, 0.9271383315733897, 0.9108855047941342, 0.8283582089552238, 0.8659859604339503, 0.9072072072072072, 0.8392070484581498, 0.8712273641851107, 0.9032527105921602, 0.7305502846299811, 0.8533755274261603, 0.8828250401284109, 0.8761467889908257, 0.8055028462998103, 0.9489644970414202, 0.9256410256410257, 0.9516019086571234, 0.809050223769269, 0.9184362934362934, 0.809375, 0.7219512195121951, 0.8139321723189734, 0.8834080717488789, 0.920042643923241, 0.9744936234058514, 0.9555052790346908, 0.7160068846815835, 0.7826887661141805, 0.878741129281086, 0.9485469271081467, 0.794392523364486, 0.8931297709923665, 0.6775193798449612, 0.8031538879825992, 0.7344398340248963, 0.9164700330344502, 0.6390887290167866, 0.8806343906510852, 0.8875, 0.7873345935727788]",0.57965625,40,"[0.7046666666666667, 0.361, null, 0.8473333333333334, 0.361, 0.72775, 0.7303333333333333, null, 0.397, 0.784, null, 0.626, 0.397, 0.862, 0.5875, 0.431, 0.814, 0.397, null, 0.677, 0.361, 0.626, 0.454, null, null, 0.4196666666666667, 0.1985, 0.599, 0.187, 0.837, 0.0, 0.731, 0.1985, null, 0.0935, 0.31975, 0.957, 0.6115, null, 0.814, 0.431, 0.7725, 0.891, 0.837, 0.837, null, 0.7965, 0.957, 0.55225, null]",55.53382396697998,21.49337863922119,0.15117764472961426,33.216840505599976,0.007848978042602539,0.4897778034210205,1115790,ai08,success,
lenet_fmnist,FashionMNIST,50,0.3,43,300,4.0,dp_avg_eps2_K20,dp_avg,10,4.508633413678534,0.57,0.41844999999999993,0.687,0.8877,0.0973,-0.28286112541692193,1,50,"[-0.15639097744360908, -0.2883211678832117, -0.15013404825737264, -0.11151079136690645, -0.08982035928143717, -0.6602641056422569, -0.2359550561797753, -0.19044811320754718, -0.23909774436090225, -0.11585365853658536, -0.5097613882863341, -0.28357438016528935, -0.6102661596958174, -0.2876627402355859, -0.17982017982017984, -0.11359570661896234, 0.11428571428571421, -0.4213451917732074, -0.3975409836065573, -0.1520618556701031, -0.48349381017881704, -0.15561224489795922, -0.1327503974562798, -0.18415417558886504, -0.3550701010759699, -0.11538461538461542, -0.025000000000000022, -0.3738140417457306, -0.5827098919368245, -0.42653182629387276, -0.2751572327044025, -0.18283343969368215, -0.4681318681318682, -0.4721792890262751, -0.2834532374100719, -0.22426470588235292, -0.28378378378378377, -0.4909975669099757, -0.446985446985447, -0.21281263712154452, -0.26289180990899896, -0.28665413533834583, -0.04783258594917794, -0.40396530359355637, -0.4464075382803298, -0.2684931506849315, -0.02708803611738142, -0.5729234793982996, -0.29383886255924174, -0.27870216306156415]","[0.6571428571428571, 0.4720194647201946, 0.7024128686327078, 0.5995203836930456, 0.5652694610778443, 0.1836734693877551, 0.6729088639200999, 0.7270047169811321, 0.6526315789473685, 0.2682926829268293, 0.3969631236442516, 0.6229338842975206, 0.2889733840304182, 0.5883446993180409, 0.6743256743256744, 0.7951699463327371, 0.6914285714285714, 0.4385769872151195, 0.4098360655737705, 0.6791237113402062, 0.4484181568088033, 0.7308673469387755, 0.5238473767885533, 0.7130620985010707, 0.5911313987610043, 0.847985347985348, 0.6818181818181818, 0.4985768500948767, 0.2975893599334996, 0.5252825698988697, 0.5864779874213837, 0.6809189534141672, 0.45384615384615384, 0.4327666151468315, 0.5237410071942447, 0.7279411764705882, 0.6549227799227799, 0.3922141119221411, 0.3804573804573805, 0.7397981570864415, 0.6754297269969667, 0.5639097744360902, 0.8295964125560538, 0.48203221809169766, 0.41460541813898705, 0.6178082191780822, 0.7652370203160271, 0.2838456507521256, 0.5616113744075829, 0.6813643926788685]","[0.8135338345864662, 0.7603406326034063, 0.8525469168900804, 0.7110311750599521, 0.6550898203592814, 0.843937575030012, 0.9088639200998752, 0.9174528301886793, 0.8917293233082707, 0.38414634146341464, 0.9067245119305857, 0.90650826446281, 0.8992395437262357, 0.8760074395536268, 0.8541458541458542, 0.9087656529516994, 0.5771428571428572, 0.8599221789883269, 0.8073770491803278, 0.8311855670103093, 0.9319119669876204, 0.8864795918367347, 0.6565977742448331, 0.8972162740899358, 0.9462014998369742, 0.9633699633699634, 0.7068181818181818, 0.8723908918406073, 0.8802992518703242, 0.9518143961927424, 0.8616352201257862, 0.8637523931078493, 0.921978021978022, 0.9049459041731066, 0.8071942446043165, 0.9522058823529411, 0.9387065637065637, 0.8832116788321168, 0.8274428274428275, 0.952610794207986, 0.9383215369059656, 0.8505639097744361, 0.8774289985052317, 0.885997521685254, 0.8610129564193169, 0.8863013698630137, 0.7923250564334086, 0.8567691301504251, 0.8554502369668247, 0.9600665557404326]",0.4725641025641025,39,"[0.759, 0.765, 0.3685, 0.0, 0.167, 0.517, 0.0, 0.0835, 0.8715, 0.484, 0.167, 0.167, 0.732, null, 0.663, null, 0.5543333333333333, 0.759, 0.0, 0.57, 0.6645, 0.35, null, 0.5126666666666667, null, 0.4495, 0.57, null, 0.3315, 0.711, 0.13, 0.801, 0.748, null, 0.801, 0.648, null, null, 0.3965, 0.13, 0.167, 0.3315, 0.065, 0.57, null, 0.833, 0.759, null, 0.833, null]",56.031673431396484,21.5811505317688,0.15215587615966797,33.636231660842896,0.00766301155090332,0.47698235511779785,1115842,ai08,success,
lenet_fmnist,FashionMNIST,50,0.3,44,300,4.0,dp_avg_eps2_K20,dp_avg,10,4.49268806737862,0.4856,0.417622,0.7342,0.8566,0.175,-0.389244996331125,0,50,"[-0.528976572133169, -0.37674169346195074, -0.5918097754293263, -0.20580333154218167, -0.368141592920354, -0.080952380952381, -0.5344986200551978, -0.26201550387596906, -0.5352480417754569, -0.3829973707274321, -0.7369687249398557, -0.4645021645021646, -0.09581881533101044, -0.16541353383458646, -0.6032992930086409, -0.7427075542258789, -0.7303727200634418, -0.38867635807192047, -0.307153965785381, -0.31149927219796214, -0.23489278752436638, -0.3361408882082695, -0.23251417769376181, -0.08297872340425538, -0.7262388302193339, -0.2448979591836734, -0.5681665547347213, -0.5039370078740157, -0.359026369168357, -0.2412028150991682, -0.733652312599681, -0.25775193798449614, -0.22988505747126442, -0.39263157894736844, -0.5381637168141593, -0.5955056179775281, -0.347075208913649, -0.23300970873786409, -0.5398230088495575, -0.41377601585728446, -0.47805642633228845, -0.23416370106761564, -0.48791018998272884, -0.21033210332103325, -0.38885017421602786, -0.2250489236790607, -0.06896551724137934, -0.26274509803921564, -0.3698347107438017, -0.5114754098360655]","[0.406905055487053, 0.5653804930332261, 0.38837516512549536, 0.7329392799570124, 0.5035398230088496, 0.5666666666666667, 0.28978840846366144, 0.6093023255813953, 0.3785900783289817, 0.3908851884312007, 0.23576583801122694, 0.47748917748917746, 0.7682926829268293, 0.7642320085929108, 0.32521602513747055, 0.19895287958115182, 0.14353687549563837, 0.4361132364192808, 0.5101088646967341, 0.6390101892285298, 0.6306042884990254, 0.5405819295558959, 0.5614366729678639, 0.8127659574468085, 0.23395613322502032, 0.7142857142857143, 0.33243787777031564, 0.3968503937007874, 0.4340770791075051, 0.5930902111324377, 0.18421052631578946, 0.5397286821705426, 0.6402298850574712, 0.5063157894736842, 0.3268805309734513, 0.3439930855661193, 0.4740947075208914, 0.6504854368932039, 0.3473451327433628, 0.4276511397423191, 0.42476489028213166, 0.7167259786476868, 0.3635578583765112, 0.7380073800738007, 0.43205574912891986, 0.6379647749510763, 0.5448275862068965, 0.5934640522875817, 0.46728650137741046, 0.3114754098360656]","[0.935881627620222, 0.9421221864951769, 0.9801849405548216, 0.938742611499194, 0.8716814159292036, 0.6476190476190476, 0.8242870285188593, 0.8713178294573644, 0.9138381201044387, 0.7738825591586328, 0.9727345629510826, 0.941991341991342, 0.8641114982578397, 0.9296455424274973, 0.9285153181461115, 0.9416604338070307, 0.8739095955590801, 0.8247895944912013, 0.8172628304821151, 0.950509461426492, 0.8654970760233918, 0.8767228177641654, 0.7939508506616257, 0.8957446808510638, 0.9601949634443542, 0.9591836734693877, 0.900604432505037, 0.9007874015748032, 0.7931034482758621, 0.8342930262316058, 0.9178628389154705, 0.7974806201550387, 0.8701149425287357, 0.8989473684210526, 0.8650442477876106, 0.9394987035436474, 0.8211699164345404, 0.883495145631068, 0.8871681415929203, 0.8414271555996036, 0.9028213166144201, 0.9508896797153025, 0.8514680483592401, 0.948339483394834, 0.8209059233449477, 0.863013698630137, 0.6137931034482759, 0.8562091503267973, 0.8371212121212122, 0.8229508196721311]",0.4305607843137254,34,"[0.512, 0.008, 0.4556, 0.5616666666666666, null, null, 0.673, 0.008, 0.505, 0.76, 0.591, null, 0.2158, null, 0.963, 0.008, null, 0.207, null, 0.311, 0.562, null, 0.306, 0.8015, 0.469, 0.6355, 0.329, null, 0.579, null, 0.764, 0.011, null, 0.715, 0.963, 0.8015, 0.598, 0.014, 0.014, null, 0.845, null, null, 0.008, 0.207, 0.2295, null, 0.008, null, null]",56.45533299446106,21.741023063659668,0.15065479278564453,33.88864994049072,0.007988452911376953,0.4846923351287842,1115910,ai08,success,
lenet_fmnist,FashionMNIST,50,0.3,42,300,4.0,dp_avg_eps8_K20,dp_avg,10,1.121148989439649,0.5863,0.4117640000000001,0.6809,0.8776,0.1014,-0.25273247087864786,0,50,"[-0.04444444444444445, -0.14469453376205788, -0.21341463414634143, -0.18993710691823906, -0.20833333333333337, -0.25724020442930157, -0.0401284109149278, -0.18712273641851102, -0.3308957952468008, -0.5300925925925927, -0.13352685050798263, -0.31890179514255546, -0.3006204173716863, -0.4029850746268656, -0.5220165922144224, -0.11441441441441436, -0.3193832599118942, -0.40241448692152915, -0.37447873227689743, -0.46489563567362435, -0.319620253164557, -0.0609951845906902, -0.5229357798165137, -0.24667931688804556, -0.11612426035502965, -0.26752136752136757, -0.1376959781867757, -0.2222774738935852, -0.20849420849420852, -0.010937499999999933, -0.07512195121951226, -0.20806599450045837, -0.36591928251121075, -0.2675906183368869, -0.11102775693923483, -0.29864253393665163, -0.11359724612736655, -0.40699815837937386, -0.4301141622955878, -0.4564078132444021, -0.2766355140186916, -0.17884405670665215, -0.17519379844961236, -0.4703643284393692, -0.03526970954356856, -0.3709296838131194, -0.21342925659472423, -0.1569282136894825, -0.06071428571428572, -0.3516068052930057]","[0.40987654320987654, 0.8086816720257235, 0.6964769647696477, 0.6238993710691824, 0.683974358974359, 0.35604770017035775, 0.78330658105939, 0.48490945674044267, 0.5484460694698354, 0.3506944444444444, 0.716255442670537, 0.6082365364308342, 0.6170332769317541, 0.4253731343283582, 0.3388640714741544, 0.7923423423423424, 0.5198237885462555, 0.4678068410462777, 0.5271059216013344, 0.2656546489563567, 0.5327004219409283, 0.8218298555377207, 0.3532110091743119, 0.5578747628083491, 0.8328402366863905, 0.6581196581196581, 0.8104976141785958, 0.5882645450024864, 0.7181467181467182, 0.7984375, 0.7063414634146341, 0.6049495875343721, 0.5174887892376682, 0.6513859275053305, 0.8634658664666166, 0.6568627450980392, 0.6024096385542169, 0.3756906077348066, 0.4103671706263499, 0.49547403525488326, 0.5177570093457944, 0.7142857142857143, 0.5023255813953489, 0.3387710712343665, 0.6991701244813278, 0.5427088249174139, 0.42805755395683454, 0.7237061769616027, 0.8267857142857142, 0.444234404536862]","[0.454320987654321, 0.9533762057877814, 0.9098915989159891, 0.8138364779874214, 0.8923076923076924, 0.6132879045996593, 0.8234349919743178, 0.6720321931589537, 0.8793418647166362, 0.8807870370370371, 0.8497822931785196, 0.9271383315733897, 0.9176536943034405, 0.8283582089552238, 0.8608806636885769, 0.9067567567567567, 0.8392070484581498, 0.8702213279678068, 0.9015846538782318, 0.7305502846299811, 0.8523206751054853, 0.8828250401284109, 0.8761467889908257, 0.8045540796963947, 0.9489644970414202, 0.9256410256410257, 0.9481935923653715, 0.8105420188960716, 0.9266409266409267, 0.809375, 0.7814634146341464, 0.8130155820348305, 0.8834080717488789, 0.9189765458422174, 0.9744936234058514, 0.9555052790346908, 0.7160068846815835, 0.7826887661141805, 0.8404813329219377, 0.9518818484992854, 0.794392523364486, 0.8931297709923665, 0.6775193798449612, 0.8091353996737357, 0.7344398340248963, 0.9136385087305333, 0.6414868105515588, 0.8806343906510852, 0.8875, 0.7958412098298677]",0.5539916666666667,40,"[0.6676666666666666, 0.244, null, 0.8546666666666667, 0.244, 0.7195, 0.7033333333333334, null, 0.314, 0.815, null, 0.5565, 0.314, 0.89, 0.549, 0.445, 0.854, 0.314, null, 0.6345, 0.244, 0.5565, 0.40166666666666667, null, null, 0.4013333333333333, 0.157, 0.5425, 0.107, 0.841, 0.0, 0.789, 0.157, null, 0.0535, 0.285, 0.955, 0.567, null, 0.854, 0.445, 0.8215, 0.869, 0.841, 0.841, null, 0.8395, 0.955, 0.517, null]",56.311975955963135,21.710652112960815,0.1538410186767578,33.77568531036377,0.007736682891845703,0.48697972297668457,1115965,ai08,success,
lenet_fmnist,FashionMNIST,50,0.3,42,300,4.0,labelled_probe_warmup,labelled,100,0.0,0.556,0.41052600000000006,0.6728,0.8855,0.1,-0.2814254191305171,0,50,"[-0.07160493827160497, -0.184887459807074, -0.2682926829268293, -0.2515723270440252, -0.17564102564102557, -0.21294718909710397, -0.049759229534510396, -0.22434607645875249, -0.45886654478976235, -0.5347222222222223, -0.20609579100145137, -0.36853220696937694, -0.2690355329949239, -0.5104477611940298, -0.4652201659221442, -0.1265765765765765, -0.31718061674008813, -0.579476861167002, -0.4003336113427857, -0.3946869070208729, -0.35443037974683544, -0.043338683788122, -0.5022935779816514, -0.3244781783681215, -0.08136094674556216, -0.34615384615384615, -0.19325153374233128, -0.21531576330183988, -0.2586872586872586, -0.028124999999999956, -0.045853658536585296, -0.30889092575618693, -0.48878923766816146, -0.3539445628997868, -0.07126781695423856, -0.3589743589743589, -0.1480206540447504, -0.3738489871086556, -0.47793890774452336, -0.5521676989042401, -0.40747663551401864, -0.17993456924754636, -0.15038759689922476, -0.4932028276237085, -0.018672199170124526, -0.34497404436054746, -0.28177458033573144, -0.1427378964941569, -0.07857142857142851, -0.37618147448015127]","[0.38271604938271603, 0.7684887459807074, 0.6415989159891599, 0.5622641509433962, 0.7108974358974359, 0.40034071550255534, 0.7736757624398074, 0.4476861167002012, 0.41773308957952465, 0.3460648148148148, 0.6386066763425254, 0.5586061246040127, 0.6412859560067682, 0.31791044776119404, 0.393107849393746, 0.7806306306306307, 0.5220264317180616, 0.29074446680080485, 0.4987489574645538, 0.33586337760910817, 0.4978902953586498, 0.8394863563402889, 0.382262996941896, 0.484819734345351, 0.867603550295858, 0.5794871794871795, 0.7511929107021131, 0.591745400298359, 0.6597490347490348, 0.78125, 0.6760975609756098, 0.5050412465627865, 0.39461883408071746, 0.5618336886993603, 0.9032258064516129, 0.5912518853695324, 0.5679862306368331, 0.4088397790055249, 0.39401419315026226, 0.39923773225345405, 0.3850467289719626, 0.7131952017448201, 0.5271317829457365, 0.31049483414899404, 0.7157676348547718, 0.5663048607833884, 0.3597122302158273, 0.7395659432387313, 0.8071428571428572, 0.41965973534971646]","[0.454320987654321, 0.9533762057877814, 0.9098915989159891, 0.8138364779874214, 0.8865384615384615, 0.6132879045996593, 0.8234349919743178, 0.6720321931589537, 0.876599634369287, 0.8807870370370371, 0.8447024673439768, 0.9271383315733897, 0.9103214890016921, 0.8283582089552238, 0.8583280153158902, 0.9072072072072072, 0.8392070484581498, 0.8702213279678068, 0.8990825688073395, 0.7305502846299811, 0.8523206751054853, 0.8828250401284109, 0.8845565749235474, 0.8092979127134725, 0.9489644970414202, 0.9256410256410257, 0.9444444444444444, 0.8070611636001989, 0.9184362934362934, 0.809375, 0.7219512195121951, 0.8139321723189734, 0.8834080717488789, 0.9157782515991472, 0.9744936234058514, 0.9502262443438914, 0.7160068846815835, 0.7826887661141805, 0.8719531008947856, 0.9514054311576942, 0.7925233644859813, 0.8931297709923665, 0.6775193798449612, 0.8036976617727025, 0.7344398340248963, 0.9112789051439358, 0.6414868105515588, 0.8823038397328882, 0.8857142857142857, 0.7958412098298677]",0.5055833333333333,40,"[0.5986666666666667, 0.006, null, 0.8623333333333333, 0.006, 0.636, 0.6776666666666666, null, 0.179, 0.783, null, 0.442, 0.179, 0.912, 0.409, 0.51, 0.812, 0.179, null, 0.568, 0.006, 0.442, 0.32, null, null, 0.39966666666666667, 0.1435, 0.4515, 0.142, 0.897, 0.108, 0.669, 0.1435, null, 0.125, 0.23125, 0.957, 0.459, null, 0.812, 0.51, 0.7405, 0.878, 0.897, 0.897, null, 0.7905, 0.957, 0.48725, null]",56.455016136169434,21.84506130218506,0.04082369804382324,33.90283989906311,0.008091926574707031,0.48169875144958496,1115910,ai08,success,
lenet_fmnist,FashionMNIST,50,0.3,43,300,4.0,labelled_probe_warmup,labelled,100,0.0,0.4918,0.41839,0.6971,0.8932,0.1735,-0.36670289909806625,0,50,"[-0.2511278195488722, -0.3150851581508516, -0.3989276139410187, -0.22422062350119903, -0.3077844311377246, -0.6410564225690276, -0.5230961298377028, -0.2228773584905661, -0.43909774436090226, -0.05182926829268292, -0.5755603759942154, -0.29132231404958675, -0.41730038022813687, -0.3093614383137012, -0.4025974025974027, -0.19767441860465107, -0.034285714285714364, -0.36297943301834346, -0.5184426229508197, -0.35824742268041243, -0.6987620357634112, -0.3622448979591837, -0.16454689984101756, -0.2740899357601714, -0.2895337463319204, -0.1062271062271063, -0.0636363636363636, -0.3894686907020873, -0.6492103075644222, -0.7061273051754907, -0.37578616352201255, -0.16560306317804718, -0.4032967032967033, -0.6383307573415764, -0.28057553956834536, -0.494485294117647, -0.41023166023166024, -0.6403892944038929, -0.4677754677754678, -0.40631856077226847, -0.30637007077856415, -0.2979323308270676, -0.22571001494768317, -0.45229244114002476, -0.4275618374558304, -0.35342465753424657, -0.05643340857787804, -0.6232831916285153, -0.39573459715639814, -0.3668885191347754]","[0.562406015037594, 0.44282238442822386, 0.4546916890080429, 0.486810551558753, 0.3688622754491018, 0.20408163265306123, 0.3857677902621723, 0.6975235849056604, 0.45263157894736844, 0.3323170731707317, 0.33116413593637023, 0.5981404958677686, 0.48193916349809884, 0.5635461872287663, 0.4515484515484515, 0.7110912343470484, 0.5428571428571428, 0.4924958310172318, 0.29098360655737704, 0.4729381443298969, 0.23314993122420907, 0.5242346938775511, 0.49205087440381556, 0.6238401142041399, 0.6397130746657972, 0.8571428571428571, 0.6431818181818182, 0.4852941176470588, 0.22942643391521197, 0.24509220701963116, 0.48742138364779874, 0.6898532227185705, 0.5186813186813187, 0.26661514683153015, 0.5266187050359712, 0.4577205882352941, 0.5246138996138996, 0.22530413625304135, 0.3596673596673597, 0.5445370776656429, 0.6309403437815976, 0.5545112781954887, 0.6517189835575485, 0.43370508054522927, 0.4334511189634865, 0.5328767123287671, 0.7358916478555305, 0.2328319162851537, 0.4597156398104265, 0.5940099833610649]","[0.8135338345864662, 0.7579075425790754, 0.8536193029490616, 0.7110311750599521, 0.6766467065868264, 0.8451380552220888, 0.9088639200998752, 0.9204009433962265, 0.8917293233082707, 0.38414634146341464, 0.9067245119305857, 0.8894628099173554, 0.8992395437262357, 0.8729076255424675, 0.8541458541458542, 0.9087656529516994, 0.5771428571428572, 0.8554752640355753, 0.8094262295081968, 0.8311855670103093, 0.9319119669876204, 0.8864795918367347, 0.6565977742448331, 0.8979300499643112, 0.9292468209977176, 0.9633699633699634, 0.7068181818181818, 0.8747628083491461, 0.8786367414796342, 0.9512195121951219, 0.8632075471698113, 0.8554562858966177, 0.921978021978022, 0.9049459041731066, 0.8071942446043165, 0.9522058823529411, 0.9348455598455598, 0.8656934306569343, 0.8274428274428275, 0.9508556384379113, 0.9373104145601617, 0.8524436090225563, 0.8774289985052317, 0.885997521685254, 0.8610129564193169, 0.8863013698630137, 0.7923250564334086, 0.8561151079136691, 0.8554502369668247, 0.9608985024958403]",0.38434188034188027,39,"[0.485, 0.5795, 0.311, 0.0, 0.01, 0.3965, 0.0, 0.005, 0.9595, 0.1755, 0.01, 0.01, 0.6266666666666667, null, 0.376, null, 0.4493333333333333, 0.485, 0.0, 0.612, 0.5485, 0.502, null, 0.321, null, 0.379, 0.612, null, 0.188, 0.4305, 0.392, 0.341, 0.669, null, 0.341, 0.5833333333333334, null, null, 0.384, 0.392, 0.01, 0.188, 0.196, 0.612, null, 0.962, 0.485, null, 0.962, null]",56.39485239982605,21.77061367034912,0.041165828704833984,33.90308475494385,0.007814407348632812,0.48795056343078613,1115965,ai08,success,
lenet_fmnist,FashionMNIST,50,0.3,44,300,4.0,no_phase0,none,0,0.0,0.4455,0.4194,0.747,0.8711,0.0897,-0.4285140607461134,0,50,"[-0.5474722564734895, -0.42711682743837087, -0.6869220607661823, -0.22944653412144012, -0.4132743362831859, -0.14761904761904765, -0.5722171113155474, -0.31317829457364343, -0.6449086161879896, -0.4163014899211218, -0.7690457097032879, -0.5121212121212121, -0.0383275261324042, -0.1584317937701396, -0.6794972505891594, -0.7442034405385191, -0.7192704203013481, -0.41545524100994646, -0.33437013996889586, -0.3823386705482775, -0.2807017543859649, -0.3782542113323124, -0.29300567107750475, -0.06382978723404253, -0.8245329000812347, -0.2821821036106751, -0.5963734049697784, -0.5653543307086615, -0.411764705882353, -0.2539987204094689, -0.7312599681020733, -0.2858527131782945, -0.24597701149425288, -0.36421052631578954, -0.5884955752212389, -0.6767502160760588, -0.3721448467966574, -0.2815533980582525, -0.5973451327433628, -0.5084241823587711, -0.5540752351097179, -0.32028469750889677, -0.503454231433506, -0.22435424354243538, -0.43414634146341463, -0.27788649706457924, -0.06620689655172418, -0.32156862745098036, -0.43904958677685946, -0.5311475409836066]","[0.3884093711467324, 0.5155412647374062, 0.29326287978863935, 0.7092960773777539, 0.4584070796460177, 0.5, 0.25206991720331184, 0.5581395348837209, 0.2689295039164491, 0.3593339176161262, 0.1996792301523657, 0.43333333333333335, 0.8257839721254355, 0.7728249194414608, 0.24901806755695208, 0.1974569932685116, 0.15305313243457574, 0.4093343534812548, 0.4867807153965785, 0.5681707908782144, 0.615009746588694, 0.498468606431853, 0.502835538752363, 0.8319148936170213, 0.13566206336311942, 0.6766091051805337, 0.30423102753525855, 0.3354330708661417, 0.3813387423935091, 0.5802943058221369, 0.18580542264752792, 0.5116279069767442, 0.6241379310344828, 0.5336842105263158, 0.2771017699115044, 0.2627484874675886, 0.45181058495821724, 0.6019417475728155, 0.28982300884955753, 0.3855302279484638, 0.3487460815047022, 0.6306049822064057, 0.348013816925734, 0.7254612546125462, 0.3867595818815331, 0.5851272015655578, 0.5475862068965517, 0.534640522875817, 0.4035812672176309, 0.29180327868852457]","[0.935881627620222, 0.9426580921757771, 0.9801849405548216, 0.938742611499194, 0.8716814159292036, 0.6476190476190476, 0.8242870285188593, 0.8713178294573644, 0.9138381201044387, 0.775635407537248, 0.9687249398556536, 0.9454545454545454, 0.8641114982578397, 0.9312567132116004, 0.9285153181461115, 0.9416604338070307, 0.8723235527359239, 0.8247895944912013, 0.8211508553654744, 0.950509461426492, 0.8957115009746589, 0.8767228177641654, 0.7958412098298677, 0.8957446808510638, 0.9601949634443542, 0.9587912087912088, 0.900604432505037, 0.9007874015748032, 0.7931034482758621, 0.8342930262316058, 0.9170653907496013, 0.7974806201550387, 0.8701149425287357, 0.8978947368421053, 0.8655973451327433, 0.9394987035436474, 0.8239554317548746, 0.883495145631068, 0.8871681415929203, 0.8939544103072349, 0.9028213166144201, 0.9508896797153025, 0.8514680483592401, 0.9498154981549816, 0.8209059233449477, 0.863013698630137, 0.6137931034482759, 0.8562091503267973, 0.8426308539944903, 0.8229508196721311]",0.3943367647058823,34,"[0.44766666666666666, 0.006, 0.4142, 0.5316666666666666, null, null, 0.622, 0.006, 0.48275, 0.849, 0.4735, null, 0.15, null, 0.975, 0.006, null, 0.084, null, 0.25066666666666665, 0.529, null, 0.268, 0.7225, 0.4145, 0.568, 0.26, null, 0.6153333333333333, null, 0.6685, 0.014, null, 0.6406666666666667, 0.975, 0.7225, 0.514, 0.022, 0.022, null, 0.836, null, null, 0.006, 0.084, 0.221, null, 0.006, null, null]",56.130128622055054,21.655910968780518,0.020463228225708008,33.79235291481018,0.007960796356201172,0.47098517417907715,1115679,ai08,success,
lenet_fmnist,FashionMNIST,50,0.3,43,300,4.0,raw_union_K20,raw_union,6856,0.0,0.8234,0.418138,0.6988,0.8878,0.813,-0.017356496372337864,17,50,"[0.06466165413533831, -0.06812652068126512, -0.024128686327077764, 0.1390887290167866, 0.03832335329341319, -0.1212484993997599, -0.0037453183520599342, -0.04599056603773588, -0.10526315789473684, 0.32012195121951215, -0.0976138828633406, -0.06353305785123964, -0.20912547528517111, -0.027898326100433968, 0.03096903096903092, 0.03398926654740608, 0.22857142857142854, -0.041689827682045544, 0.0696721311475409, 0.06314432989690721, -0.08321870701513068, -0.028061224489795977, 0.10015898251192368, -0.050678087080656686, -0.10042386697098149, -0.04090354090354087, 0.1454545454545455, -0.04127134724857684, -0.006650041562759834, -0.019036287923854922, -0.0062893081761006275, -0.06955966815571146, -0.12637362637362648, 0.007727975270479082, 0.031654676258992764, -0.27022058823529405, -0.07528957528957525, -0.05012165450121653, -0.0498960498960499, -0.15357612988152702, 0.006066734074823055, 0.020676691729323293, -0.04783258594917794, -0.09665427509293678, -0.0223792697290931, -0.006849315068493067, 0.08577878103837477, -0.04578155657292349, 0.007109004739336511, -0.061564059900166446]","[0.8781954887218045, 0.6934306569343066, 0.8310991957104558, 0.8501199040767387, 0.7149700598802395, 0.723889555822329, 0.9051186017478152, 0.8714622641509434, 0.7864661654135339, 0.7042682926829268, 0.8076644974692697, 0.8274793388429752, 0.6901140684410646, 0.847489150650961, 0.8851148851148851, 0.9427549194991055, 0.8057142857142857, 0.8132295719844358, 0.8790983606557377, 0.8943298969072165, 0.8486932599724897, 0.8584183673469388, 0.7639109697933227, 0.8486795146324054, 0.8382784479947831, 0.924908424908425, 0.8522727272727273, 0.8287476280834914, 0.8736492103075644, 0.9327781082688875, 0.8569182389937107, 0.7970644543714104, 0.7956043956043956, 0.9119010819165378, 0.8388489208633093, 0.6819852941176471, 0.8614864864864865, 0.8170316301703163, 0.7775467775467776, 0.7999122422114963, 0.9413549039433772, 0.8712406015037594, 0.8295964125560538, 0.7893432465923172, 0.8386336866902238, 0.8821917808219178, 0.8781038374717833, 0.8109875735775016, 0.8625592417061612, 0.8976705490848585]","[0.8135338345864662, 0.7615571776155717, 0.8552278820375335, 0.7110311750599521, 0.6766467065868264, 0.8451380552220888, 0.9088639200998752, 0.9174528301886793, 0.8917293233082707, 0.38414634146341464, 0.9052783803326103, 0.8910123966942148, 0.8992395437262357, 0.8753874767513949, 0.8541458541458542, 0.9087656529516994, 0.5771428571428572, 0.8549193996664813, 0.8094262295081968, 0.8311855670103093, 0.9319119669876204, 0.8864795918367347, 0.6637519872813991, 0.8993576017130621, 0.9387023149657646, 0.9658119658119658, 0.7068181818181818, 0.8700189753320683, 0.8802992518703242, 0.9518143961927424, 0.8632075471698113, 0.8666241225271218, 0.921978021978022, 0.9041731066460588, 0.8071942446043165, 0.9522058823529411, 0.9367760617760618, 0.8671532846715329, 0.8274428274428275, 0.9534883720930233, 0.9352881698685541, 0.8505639097744361, 0.8774289985052317, 0.885997521685254, 0.8610129564193169, 0.8890410958904109, 0.7923250564334086, 0.8567691301504251, 0.8554502369668247, 0.959234608985025]",0.8116089743589746,39,"[0.667, 0.834, 0.9125, 0.65, 0.884, 0.849, 0.65, 0.767, 0.9435, 0.931, 0.884, 0.884, 0.8073333333333333, null, 0.854, null, 0.8933333333333333, 0.667, 0.65, 0.941, 0.804, 0.75, null, 0.9343333333333333, null, 0.75025, 0.941, null, 0.752, 0.7605, 0.559, 0.978, 0.898, null, 0.978, 0.881, null, null, 0.7065, 0.559, 0.884, 0.752, 0.6045, 0.941, null, 0.942, 0.667, null, 0.942, null]",56.87511968612671,21.613955974578857,0.8683905601501465,33.727911710739136,0.008123159408569336,0.48009419441223145,1115679,ai08,success,
lenet_fmnist,FashionMNIST,50,0.3,44,300,4.0,raw_union_K20,raw_union,6684,0.0,0.832,0.419254,0.7214,0.8807,0.8321,-0.03264609053492562,19,50,"[-0.17879161528976573, -0.055734190782422255, -0.09643328929986783, -0.05803331542181622, -0.005309734513274322, 0.2761904761904762, -0.048758049678012894, 0.0480620155038759, 0.031331592689294974, 0.04206836108676604, -0.1355252606255012, -0.04025974025974022, 0.08188153310104529, -0.02309344790547796, -0.012568735271013431, -0.4899027673896784, -0.464710547184774, -0.03596021423106355, 0.031104199066874005, -0.019893255701115997, -0.00877192982456143, 0.008422664624808562, 0.13988657844990549, -0.008510638297872353, -0.07636068237205518, -0.06593406593406592, -0.3149764942914708, -0.018897637795275646, 0.06490872210953347, 0.01855406269993598, -0.45055821371610844, 0.1191860465116279, 0.01724137931034475, -0.012631578947368438, -0.047566371681415864, -0.0017286084701815252, -0.0022284122562673536, 0.0568654646324549, -0.015486725663716783, 0.00842418235877107, 0.003918495297805635, -0.03416370106761568, -0.1951640759930916, -0.05166051660516602, -0.0006968641114982743, 0.05675146771037176, 0.23310344827586205, 0.07058823529411773, 0.03443526170798905, -0.004918032786885185]","[0.7570900123304563, 0.8853161843515541, 0.8837516512549538, 0.8807092960773778, 0.8663716814159292, 0.9238095238095239, 0.7755289788408464, 0.9193798449612403, 0.9451697127937336, 0.8177037686240141, 0.8323977546110666, 0.887012987012987, 0.945993031358885, 0.9033297529538131, 0.9175176747839748, 0.45175766641735227, 0.4091990483743061, 0.7888293802601377, 0.8483670295489891, 0.9301310043668122, 0.8927875243664717, 0.885145482388974, 0.9357277882797732, 0.8872340425531915, 0.8854589764419172, 0.8928571428571429, 0.5856279382135662, 0.8818897637795275, 0.8580121703853956, 0.855406269993602, 0.46730462519936206, 0.9166666666666666, 0.8873563218390804, 0.8852631578947369, 0.8180309734513275, 0.9377700950734659, 0.8495821727019499, 0.941747572815534, 0.8716814159292036, 0.8612487611496531, 0.9106583072100314, 0.9167259786476868, 0.657167530224525, 0.8981549815498155, 0.8202090592334494, 0.9197651663405088, 0.8468965517241379, 0.9267973856209151, 0.8670798898071626, 0.8180327868852459]","[0.935881627620222, 0.9410503751339764, 0.9801849405548216, 0.938742611499194, 0.8716814159292036, 0.6476190476190476, 0.8242870285188593, 0.8713178294573644, 0.9138381201044387, 0.775635407537248, 0.9679230152365678, 0.9272727272727272, 0.8641114982578397, 0.9264232008592911, 0.9300864100549883, 0.9416604338070307, 0.8739095955590801, 0.8247895944912013, 0.8172628304821151, 0.9500242600679282, 0.9015594541910331, 0.8767228177641654, 0.7958412098298677, 0.8957446808510638, 0.9618196588139724, 0.9587912087912088, 0.900604432505037, 0.9007874015748032, 0.7931034482758621, 0.836852207293666, 0.9178628389154705, 0.7974806201550387, 0.8701149425287357, 0.8978947368421053, 0.8655973451327433, 0.9394987035436474, 0.8518105849582173, 0.8848821081830791, 0.8871681415929203, 0.852824578790882, 0.9067398119122257, 0.9508896797153025, 0.8523316062176166, 0.9498154981549816, 0.8209059233449477, 0.863013698630137, 0.6137931034482759, 0.8562091503267973, 0.8326446280991735, 0.8229508196721311]",0.8054799019607845,34,"[0.875, 0.739, 0.7824, 0.937, null, null, 0.948, 0.739, 0.85575, 0.915, 0.94, null, 0.759, null, 0.839, 0.739, null, 0.874, null, 0.8783333333333333, 0.9195, null, 0.617, 0.94, 0.8355, 0.951, 0.8825, null, 0.678, null, 0.943, 0.5095, null, 0.9063333333333333, 0.839, 0.94, 0.954, 0.28, 0.28, null, 0.9235, null, null, 0.739, 0.874, 0.815, null, 0.739, null, null]",57.01548957824707,21.78028416633606,0.84836745262146,33.719316720962524,0.007914304733276367,0.4805924892425537,1115740,ai08,success,
lenet_fmnist,FashionMNIST,50,0.3,42,300,4.0,warmup_only_labelled,warmup_only,100,0.0,0.1,0.40878800000000004,0.662,0.8875,0.1,-0.7301081924042159,0,50,"[-0.25679012345679014, -0.952572347266881, -0.9024390243902439, -0.6981132075471699, -0.7391025641025641, -0.434412265758092, -0.754414125200642, -0.5, -0.8482632541133455, -0.5405092592592593, -0.8461538461538461, -0.883843717001056, -0.7117879300620417, -0.8208955223880596, -0.5060625398851308, -0.9072072072072072, -0.5638766519823788, -0.8672032193158954, -0.6346955796497081, -0.23339658444022776, -0.7215189873417722, -0.8250401284109149, -0.3356269113149847, -0.7666034155597723, -0.9378698224852071, -0.9256410256410257, -0.9533060668029993, -0.722526106414719, -0.8967181467181466, -0.7921874999999999, -0.7765853658536586, -0.8093492208982584, -0.8834080717488789, -0.9184434968017057, -0.9744936234058514, -0.9555052790346908, -0.5886402753872633, -0.7808471454880295, -0.7688984881209503, -0.9471176750833731, -0.794392523364486, -0.8582333696837514, -0.35658914728682173, -0.7183251767264818, -0.6639004149377594, -0.5516753185464842, -0.45923261390887293, -0.7654424040066778, -0.8875, -0.5680529300567108]","[0.19753086419753085, 0.0008038585209003215, 0.006097560975609756, 0.11572327044025157, 0.14294871794871794, 0.1788756388415673, 0.06902086677367576, 0.1720321931589537, 0.0283363802559415, 0.33796296296296297, 0.006531204644412192, 0.04329461457233368, 0.20473773265651438, 0.007462686567164179, 0.35928525845564774, 0.0, 0.2753303964757709, 0.0030181086519114686, 0.26438698915763137, 0.4971537001897533, 0.1308016877637131, 0.05778491171749599, 0.5374617737003058, 0.03889943074003795, 0.011094674556213017, 0.0, 0.0, 0.07856787667826952, 0.02171814671814672, 0.0171875, 0.0, 0.00458295142071494, 0.0, 0.0005330490405117271, 0.0, 0.0, 0.12736660929432014, 0.001841620626151013, 0.11138537488429497, 0.0004764173415912339, 0.0, 0.03489640130861505, 0.3209302325581395, 0.08156606851549755, 0.07053941908713693, 0.34403020292590847, 0.18225419664268586, 0.11352253756260434, 0.0, 0.21928166351606806]","[0.454320987654321, 0.9533762057877814, 0.9085365853658537, 0.8138364779874214, 0.882051282051282, 0.6132879045996593, 0.8234349919743178, 0.6720321931589537, 0.876599634369287, 0.8784722222222222, 0.8526850507982583, 0.9271383315733897, 0.9165256627185561, 0.8283582089552238, 0.8653477983407786, 0.9072072072072072, 0.8392070484581498, 0.8702213279678068, 0.8990825688073395, 0.7305502846299811, 0.8523206751054853, 0.8828250401284109, 0.8730886850152905, 0.8055028462998103, 0.9489644970414202, 0.9256410256410257, 0.9533060668029993, 0.8010939830929885, 0.9184362934362934, 0.809375, 0.7765853658536586, 0.8139321723189734, 0.8834080717488789, 0.9189765458422174, 0.9744936234058514, 0.9555052790346908, 0.7160068846815835, 0.7826887661141805, 0.8802838630052453, 0.9475940924249643, 0.794392523364486, 0.8931297709923665, 0.6775193798449612, 0.7998912452419793, 0.7344398340248963, 0.8957055214723927, 0.6414868105515588, 0.8789649415692822, 0.8875, 0.7873345935727788]",0.10833333333333332,40,"[0.0, 0.0, null, 0.0, 0.0, 0.0, 0.0, null, 0.0, 0.0, null, 0.0, 0.0, 0.0, 0.0, 0.5, 0.0, 0.0, null, 0.0, 0.0, 0.0, 0.0, null, null, 0.3333333333333333, 0.5, 0.0, 0.0, 0.0, 1.0, 0.0, 0.5, null, 0.5, 0.25, 0.0, 0.0, null, 0.0, 0.5, 0.0, 0.0, 0.0, 0.0, null, 0.0, 0.0, 0.25, null]",22.320653200149536,21.597466468811035,0.02438807487487793,0.0,0.0,0.511815071105957,1115740,ai08,success,
lenet_fmnist,FashionMNIST,50,0.3,43,300,4.0,warmup_only_labelled,warmup_only,100,0.0,0.1735,0.41839,0.6963,0.8845,0.1735,-0.6972649111535694,0,50,"[-0.6992481203007519, -0.6982968369829684, -0.7093833780160858, -0.5599520383693046, -0.6215568862275449, -0.82953181272509, -0.8651685393258427, -0.4840801886792453, -0.8917293233082707, -0.3628048780487805, -0.8293564714389009, -0.7272727272727273, -0.7442965779467681, -0.5182889026658402, -0.7662337662337663, -0.28354203935599287, -0.56, -0.5847693162868259, -0.764344262295082, -0.6443298969072165, -0.9147180192572214, -0.6760204081632654, -0.5556438791732909, -0.7187723054960742, -0.6185197261167266, -0.15323565323565325, -0.40909090909090906, -0.8064516129032259, -0.8038237738985868, -0.9256395002974419, -0.5676100628930818, -0.4658583280153159, -0.9054945054945055, -0.8493044822256568, -0.7856115107913669, -0.9485294117647058, -0.6694015444015444, -0.8618004866180049, -0.501039501039501, -0.9131197893813076, -0.7937310414560161, -0.8270676691729324, -0.7204783258594918, -0.768277571251549, -0.8032979976442874, -0.4246575342465753, -0.7178329571106095, -0.8083714846304775, -0.8530805687203792, -0.9525790349417638]","[0.11428571428571428, 0.06204379562043796, 0.1447721179624665, 0.1510791366906475, 0.055089820359281436, 0.015606242496998799, 0.04369538077403246, 0.4375, 0.0, 0.021341463414634148, 0.07736804049168475, 0.16683884297520662, 0.15494296577946767, 0.3558586484810911, 0.08791208791208792, 0.6216457960644007, 0.017142857142857144, 0.27292940522512504, 0.045081967213114756, 0.18685567010309279, 0.0171939477303989, 0.21045918367346939, 0.10095389507154214, 0.1777301927194861, 0.3139876100423867, 0.8101343101343101, 0.29772727272727273, 0.0659392789373814, 0.07481296758104738, 0.02558001189767995, 0.29559748427672955, 0.37970644543714105, 0.016483516483516484, 0.05564142194744977, 0.02158273381294964, 0.003676470588235294, 0.2557915057915058, 0.006812652068126521, 0.3264033264033264, 0.04300131636682756, 0.14459049544994945, 0.021616541353383457, 0.15695067264573992, 0.11895910780669144, 0.05771495877502945, 0.46164383561643835, 0.0744920993227991, 0.04839764551994768, 0.002369668246445498, 0.008735440931780365]","[0.8135338345864662, 0.7603406326034063, 0.8541554959785522, 0.7110311750599521, 0.6766467065868264, 0.8451380552220888, 0.9088639200998752, 0.9215801886792453, 0.8917293233082707, 0.38414634146341464, 0.9067245119305857, 0.8941115702479339, 0.8992395437262357, 0.8741475511469312, 0.8541458541458542, 0.9051878354203936, 0.5771428571428572, 0.857698721511951, 0.8094262295081968, 0.8311855670103093, 0.9319119669876204, 0.8864795918367347, 0.6565977742448331, 0.8965024982155603, 0.9325073361591132, 0.9633699633699634, 0.7068181818181818, 0.8723908918406073, 0.8786367414796342, 0.9512195121951219, 0.8632075471698113, 0.845564773452457, 0.921978021978022, 0.9049459041731066, 0.8071942446043165, 0.9522058823529411, 0.9251930501930502, 0.8686131386861314, 0.8274428274428275, 0.9561211057481351, 0.9383215369059656, 0.8486842105263158, 0.8774289985052317, 0.8872366790582404, 0.8610129564193169, 0.8863013698630137, 0.7923250564334086, 0.8567691301504251, 0.8554502369668247, 0.9613144758735441]",0.08436324786324785,39,"[0.0, 0.0, 0.0005, 0.0, 0.0, 0.0, 0.0, 0.0, 0.867, 0.0, 0.0, 0.0, 0.0003333333333333333, null, 0.0, null, 0.24533333333333332, 0.0, 0.0, 0.001, 0.0005, 0.0005, null, 0.0003333333333333333, null, 0.0, 0.001, null, 0.0, 0.0, 0.0, 0.0, 0.368, null, 0.0, 0.33266666666666667, null, null, 0.0, 0.0, 0.0, 0.0, 0.0, 0.001, null, 0.736, 0.0, null, 0.736, null]",22.145849227905273,21.465452671051025,0.024541378021240234,0.0,0.0,0.47176432609558105,1115790,ai08,success,
lenet_fmnist,FashionMNIST,50,0.3,44,300,4.0,warmup_only_labelled,warmup_only,100,0.0,0.1837,0.41667000000000004,0.7316,0.8791,0.1837,-0.6838257682521679,0,50,"[-0.7114673242909988, -0.8536977491961415, -0.8996036988110964, -0.8291241268135411, -0.5672566371681416, -0.5190476190476191, -0.44986200551977923, -0.7875968992248062, -0.9112271540469974, -0.6319018404907976, -0.3528468323977546, -0.5476190476190477, -0.3641114982578397, -0.6058002148227712, -0.8067556952081696, -0.9177262528047868, -0.774781919111816, -0.5439938791124713, -0.7192846034214618, -0.8369723435225618, -0.6705653021442496, -0.6990811638591118, -0.612476370510397, -0.7361702127659575, -0.9520714865962632, -0.9438775510204082, -0.8341168569509738, -0.8188976377952757, -0.44624746450304265, -0.563659628918746, -0.8827751196172249, -0.5784883720930232, -0.7000000000000001, -0.4852631578947369, -0.5951327433628317, -0.8599827139152982, -0.44846796657381616, -0.6796116504854369, -0.5199115044247787, -0.6947472745292368, -0.8087774294670846, -0.8953736654804271, -0.7322970639032815, -0.7785977859778598, -0.7442508710801393, -0.7847358121330724, -0.2827586206896552, -0.7947712418300653, -0.7355371900826446, -0.28196721311475403]","[0.22441430332922319, 0.08896034297963558, 0.08058124174372523, 0.09564750134336378, 0.30619469026548674, 0.12857142857142856, 0.37442502299908004, 0.08372093023255814, 0.0026109660574412533, 0.12883435582822086, 0.6190858059342422, 0.3943722943722944, 0.5, 0.3184747583243824, 0.12411626080125687, 0.02393418100224383, 0.09912767644726407, 0.28079571537872994, 0.1026438569206843, 0.11353711790393013, 0.2212475633528265, 0.1776416539050536, 0.1833648393194707, 0.1595744680851064, 0.010560519902518278, 0.018838304552590265, 0.06648757555406314, 0.08188976377952756, 0.34685598377281945, 0.23736404350607807, 0.0342902711323764, 0.2189922480620155, 0.17011494252873563, 0.4031578947368421, 0.26548672566371684, 0.07951598962834917, 0.3816155988857939, 0.20388349514563106, 0.3672566371681416, 0.17046580773042616, 0.09796238244514106, 0.05551601423487545, 0.12176165803108809, 0.16974169741697417, 0.07665505226480836, 0.07827788649706457, 0.3310344827586207, 0.06143790849673202, 0.1119146005509642, 0.5409836065573771]","[0.935881627620222, 0.9426580921757771, 0.9801849405548216, 0.9247716281569048, 0.8734513274336283, 0.6476190476190476, 0.8242870285188593, 0.8713178294573644, 0.9138381201044387, 0.7607361963190185, 0.9719326383319968, 0.941991341991342, 0.8641114982578397, 0.9242749731471536, 0.9308719560094265, 0.9416604338070307, 0.8739095955590801, 0.8247895944912013, 0.8219284603421462, 0.950509461426492, 0.8918128654970761, 0.8767228177641654, 0.7958412098298677, 0.8957446808510638, 0.9626320064987814, 0.9627158555729984, 0.900604432505037, 0.9007874015748032, 0.7931034482758621, 0.8010236724248241, 0.9170653907496013, 0.7974806201550387, 0.8701149425287357, 0.888421052631579, 0.8606194690265486, 0.9394987035436474, 0.83008356545961, 0.883495145631068, 0.8871681415929203, 0.865213082259663, 0.9067398119122257, 0.9508896797153025, 0.8540587219343696, 0.948339483394834, 0.8209059233449477, 0.863013698630137, 0.6137931034482759, 0.8562091503267973, 0.8474517906336089, 0.8229508196721311]",0.28403578431372545,34,"[0.38166666666666665, 0.969, 0.0352, 0.23, null, null, 0.108, 0.969, 0.28625, 0.582, 0.001, null, 0.2286, null, 0.002, 0.969, null, 0.0, null, 0.359, 0.054, null, 0.087, 0.055, 0.4855, 0.141, 0.0, null, 0.19466666666666665, null, 0.088, 0.4845, null, 0.0013333333333333333, 0.002, 0.055, 0.174, 0.0, 0.0, null, 0.292, null, null, 0.969, 0.0, 0.4845, null, 0.969, null, null]",22.313857316970825,21.645615816116333,0.024149417877197266,0.0,0.0,0.458690881729126,1115842,ai08,success,
lenet_fmnist,FashionMNIST,50,1.0,42,300,4.0,dp_avg_eps2_K20,dp_avg,10,4.484595957758596,0.6282,0.572222,0.7272,0.8878,0.1,-0.1595595655478147,0,50,"[-0.17162471395881007, -0.16522574447646488, -0.0835303388494878, -0.1671270718232044, -0.08703071672354945, -0.25399811853245535, -0.11291632818846464, -0.0727272727272727, -0.1584241408214585, -0.32623250152160677, -0.008116883116883078, -0.10310218978102192, -0.16485623003194894, -0.12332112332112333, -0.10038119440914861, -0.2704347826086957, -0.339894019682059, -0.03933136676499516, -0.10148232611174457, -0.07378777231201683, -0.13773035887487883, -0.18323863636363635, -0.19512195121951215, -0.061471861471861455, -0.19233971690258123, -0.13385826771653542, -0.15290519877675834, -0.09492988133764824, -0.18796992481203012, -0.1610968294772922, -0.2848689771766695, -0.18196994991652748, -0.33835039133052375, -0.15213770127706827, -0.16316232127838515, -0.04761904761904767, -0.11744022503516172, -0.02640264026402639, -0.44919354838709674, -0.026567481402762994, -0.13998703823720027, -0.19120458891013392, -0.14771709937332134, -0.16095534787123578, -0.40016708437761067, -0.03926380368098159, -0.23263327948303714, -0.14504324683965397, -0.17514488087572433, -0.1339421613394216]","[0.7200610221205187, 0.6695485110470701, 0.7360126083530338, 0.6422651933701657, 0.6612627986348123, 0.5023518344308561, 0.7278635255889521, 0.4779220779220779, 0.7091366303436715, 0.5459525258673159, 0.7548701298701299, 0.7846715328467153, 0.6523961661341853, 0.7216117216117216, 0.5959339263024143, 0.5921739130434782, 0.36109008327024983, 0.8466076696165191, 0.7229190421892816, 0.791988756148981, 0.6333656644034917, 0.6669034090909091, 0.5795586527293844, 0.729004329004329, 0.6061615320566195, 0.65748031496063, 0.6732925586136596, 0.7195253505933118, 0.6133190118152524, 0.5904027420736933, 0.5781910397295013, 0.6421814134668893, 0.4599638771824202, 0.6129927817878956, 0.63919259882254, 0.5095238095238095, 0.7081575246132208, 0.6584158415841584, 0.3596774193548387, 0.8235919234856536, 0.7316915100453661, 0.6061185468451242, 0.64816472694718, 0.5970924195223261, 0.47702589807852963, 0.758282208588957, 0.5993537964458805, 0.5608782435129741, 0.7398583386992917, 0.6643835616438356]","[0.8916857360793288, 0.834774255523535, 0.8195429472025216, 0.8093922651933702, 0.7482935153583617, 0.7563499529633114, 0.8407798537774167, 0.5506493506493506, 0.86756077116513, 0.8721850273889227, 0.762987012987013, 0.8877737226277372, 0.8172523961661342, 0.8449328449328449, 0.6963151207115629, 0.8626086956521739, 0.7009841029523088, 0.8859390363815143, 0.8244013683010262, 0.8657765284609978, 0.7710960232783706, 0.8501420454545454, 0.7746806039488966, 0.7904761904761904, 0.7985012489592007, 0.7913385826771654, 0.8261977573904179, 0.81445523193096, 0.8012889366272825, 0.7514995715509855, 0.8630600169061707, 0.8241513633834168, 0.798314268512944, 0.7651304830649639, 0.8023549201009251, 0.5571428571428572, 0.8255977496483825, 0.6848184818481848, 0.8088709677419355, 0.8501594048884166, 0.8716785482825664, 0.7973231357552581, 0.7958818263205013, 0.7580477673935618, 0.8771929824561403, 0.7975460122699386, 0.8319870759289176, 0.7059214903526281, 0.9150032195750161, 0.7983257229832572]",0.494,3,"[null, null, null, null, null, null, null, null, 0.652, null, null, null, null, null, null, null, null, null, null, 0.003, null, null, null, null, null, null, null, null, null, null, null, null, null, null, null, null, null, 0.827, null, null, null, null, null, null, null, null, null, null, null, null]",56.44033217430115,21.89589023590088,0.1693413257598877,33.80780553817749,0.00798177719116211,0.383803129196167,1115910,ai08,success,
lenet_fmnist,FashionMNIST,50,1.0,43,300,4.0,dp_avg_eps2_K20,dp_avg,10,4.508633413678534,0.6279,0.581552,0.7339,0.8832,0.1007,-0.14939704713582247,0,50,"[-0.2353556485355649, -0.17030567685589526, -0.19613526570048312, -0.15744274809160308, -0.06437125748502992, -0.05484330484330491, -0.018196202531645556, -0.28226652675760755, -0.11699164345403901, -0.2442211055276382, -0.0957551826258638, -0.1266912669126692, -0.08423586040914555, -0.11064718162839249, -0.20107238605898126, -0.080952380952381, -0.15212765957446805, -0.017100371747211907, -0.4225352112676057, -0.12427506213753103, -0.07554517133956384, -0.16624203821656058, -0.15847457627118644, -0.14309484193011657, -0.19577133907595934, -0.22204599524187152, -0.11663807890222988, -0.11305241521068865, -0.0761559383499546, -0.15887850467289721, -0.15462962962962967, -0.20738874895046178, -0.20940170940170932, -0.06512605042016806, -0.21113445378151252, -0.1137397634212921, -0.12253641816623817, -0.1548076923076923, -0.06335282651072127, -0.09316239316239316, -0.20641025641025645, -0.2014802631578948, -0.09800190294957178, -0.14663461538461542, -0.26655202063628547, -0.10356652949245548, -0.09466263846928491, -0.1251422070534699, -0.20636604774535805, -0.24433534743202423]","[0.5951882845188284, 0.5644104803493449, 0.6753623188405797, 0.7223282442748091, 0.7215568862275449, 0.6089743589743589, 0.6439873417721519, 0.5687303252885625, 0.691736304549675, 0.549748743718593, 0.7097729516288253, 0.6002460024600246, 0.6618531889290012, 0.7536534446764092, 0.6032171581769437, 0.653968253968254, 0.548936170212766, 0.6817843866171004, 0.4818075117370892, 0.6826843413421707, 0.7725856697819314, 0.597452229299363, 0.7305084745762712, 0.6863560732113144, 0.7047768206734534, 0.6883425852498017, 0.7186963979416809, 0.6998972250770812, 0.5947416137805984, 0.6285046728971962, 0.5842592592592593, 0.5155331654072208, 0.5833333333333334, 0.7247899159663865, 0.5178571428571429, 0.6787989080982711, 0.6718080548414739, 0.6855769230769231, 0.7485380116959064, 0.6991452991452991, 0.573076923076923, 0.5460526315789473, 0.6365366317792579, 0.5805288461538461, 0.6096302665520207, 0.6666666666666666, 0.6576032225579054, 0.6666666666666666, 0.5724137931034483, 0.6627643504531722]","[0.8305439330543933, 0.7347161572052402, 0.8714975845410629, 0.8797709923664122, 0.7859281437125748, 0.6638176638176638, 0.6621835443037974, 0.85099685204617, 0.8087279480037141, 0.7939698492462312, 0.805528134254689, 0.7269372693726938, 0.7460890493381468, 0.8643006263048016, 0.8042895442359249, 0.734920634920635, 0.701063829787234, 0.6988847583643123, 0.9043427230046949, 0.8069594034797017, 0.8481308411214953, 0.7636942675159236, 0.8889830508474577, 0.829450915141431, 0.9005481597494127, 0.9103885804916733, 0.8353344768439108, 0.8129496402877698, 0.670897552130553, 0.7873831775700935, 0.7388888888888889, 0.7229219143576826, 0.7927350427350427, 0.7899159663865546, 0.7289915966386554, 0.7925386715195633, 0.794344473007712, 0.8403846153846154, 0.8118908382066277, 0.7923076923076923, 0.7794871794871795, 0.7475328947368421, 0.7345385347288297, 0.7271634615384616, 0.8761822871883062, 0.7702331961591221, 0.7522658610271903, 0.7918088737201365, 0.7787798408488064, 0.9070996978851964]",,0,"[null, null, null, null, null, null, null, null, null, null, null, null, null, null, null, null, null, null, null, null, null, null, null, null, null, null, null, null, null, null, null, null, null, null, null, null, null, null, null, null, null, null, null, null, null, null, null, null, null, null]",56.27439284324646,21.734043836593628,0.17359614372253418,33.82478094100952,0.007842779159545898,0.35672783851623535,1115965,ai08,success,
lenet_fmnist,FashionMNIST,50,1.0,43,300,4.0,dp_avg_eps8_K20,dp_avg,10,1.1271583534196334,0.6295,0.582124,0.7401,0.8873,0.0994,-0.14977792823750063,0,50,"[-0.2667364016736402, -0.14082969432314418, -0.17101449275362313, -0.2757633587786259, -0.058383233532934065, -0.05484330484330491, -0.039556962025316444, -0.2696747114375656, -0.24048282265552468, -0.18391959798994972, -0.15103652517275423, -0.08733087330873313, -0.07942238267148016, -0.151356993736952, -0.18766756032171583, -0.03968253968253965, -0.22163120567375894, -0.004460966542750966, -0.38262910798122063, -0.15161557580778795, -0.06853582554517135, -0.13885350318471346, -0.16271186440677965, -0.16472545757071555, -0.18715740015661708, -0.21490880253766853, -0.12006861063464835, -0.1500513874614594, -0.11060743427017228, -0.12850467289719625, -0.10833333333333339, -0.13014273719563385, -0.287037037037037, -0.051470588235294046, -0.1565126050420168, -0.15195632393084624, -0.07712082262210795, -0.16153846153846152, -0.060428849902534165, -0.09487179487179487, -0.20128205128205123, -0.16447368421052633, -0.1008563273073263, -0.08413461538461542, -0.28546861564918313, -0.09190672153635115, -0.07955689828801615, -0.1843003412969283, -0.16976127320954915, -0.24358006042296076]","[0.5638075313807531, 0.5927947598253275, 0.6995169082125604, 0.6040076335877863, 0.7275449101796407, 0.5769230769230769, 0.6400316455696202, 0.5781741867785939, 0.5673166202414113, 0.6100502512562814, 0.6574531095755183, 0.6322263222632226, 0.6666666666666666, 0.7129436325678496, 0.6166219839142091, 0.6888888888888889, 0.5815602836879432, 0.6944237918215613, 0.517018779342723, 0.6553438276719138, 0.7795950155763239, 0.6242038216560509, 0.726271186440678, 0.6655574043261231, 0.7000783085356304, 0.6954797779540047, 0.7152658662092625, 0.6628982528263104, 0.5548504079782411, 0.6588785046728972, 0.6305555555555555, 0.5659109991603695, 0.5056980056980057, 0.7384453781512605, 0.5714285714285714, 0.640582347588717, 0.7086546700942588, 0.6798076923076923, 0.753411306042885, 0.6982905982905983, 0.5833333333333334, 0.5863486842105263, 0.6336822074215034, 0.6430288461538461, 0.6001719690455718, 0.678326474622771, 0.6787512588116817, 0.6166097838452788, 0.5989389920424403, 0.6740936555891238]","[0.8305439330543933, 0.7336244541484717, 0.8705314009661835, 0.8797709923664122, 0.7859281437125748, 0.6317663817663818, 0.6795886075949367, 0.8478488982161595, 0.807799442896936, 0.7939698492462312, 0.8084896347482725, 0.7195571955719557, 0.7460890493381468, 0.8643006263048016, 0.8042895442359249, 0.7285714285714285, 0.8031914893617021, 0.6988847583643123, 0.8996478873239436, 0.8069594034797017, 0.8481308411214953, 0.7630573248407644, 0.8889830508474577, 0.8302828618968386, 0.8872357086922474, 0.9103885804916733, 0.8353344768439108, 0.8129496402877698, 0.6654578422484134, 0.7873831775700935, 0.7388888888888889, 0.6960537363560033, 0.7927350427350427, 0.7899159663865546, 0.7279411764705882, 0.7925386715195633, 0.7857754927163667, 0.8413461538461539, 0.8138401559454191, 0.7931623931623931, 0.7846153846153846, 0.7508223684210527, 0.7345385347288297, 0.7271634615384616, 0.8856405846947549, 0.7702331961591221, 0.7583081570996979, 0.800910125142207, 0.7687002652519894, 0.9176737160120846]",,0,"[null, null, null, null, null, null, null, null, null, null, null, null, null, null, null, null, null, null, null, null, null, null, null, null, null, null, null, null, null, null, null, null, null, null, null, null, null, null, null, null, null, null, null, null, null, null, null, null, null, null]",56.25006365776062,21.69137215614319,0.17343735694885254,33.8451828956604,0.007967710494995117,0.3563652038574219,1115679,ai08,success,
lenet_fmnist,FashionMNIST,50,1.0,44,300,4.0,dp_avg_eps8_K20,dp_avg,10,1.123172016844655,0.5894,0.575534,0.7025,0.8778,0.2209,-0.21305691030653975,0,50,"[-0.24198988195615512, -0.0968992248062015, -0.1686746987951807, -0.15866797257590592, -0.20783847980997616, -0.15741935483870972, -0.3036649214659686, -0.3125, -0.17887931034482762, -0.3747609942638624, -0.26226734348561764, -0.23197781885397406, -0.19779582366589332, -0.22048271363339855, -0.22851432378414394, -0.22593582887700536, -0.5825852782764812, -0.19999999999999996, -0.25673652694610777, -0.18617614269788185, -0.1733021077283372, -0.2033511043412034, -0.2711442786069652, -0.1292984869325997, -0.14931087289433387, -0.12710280373831773, -0.2229601518026565, -0.18557853549468972, -0.11668757841907151, -0.15363128491620115, -0.15052160953800298, -0.126883425852498, -0.3672654690618763, -0.2934497816593886, -0.16422513492675406, -0.1423785594639866, -0.28665207877461707, -0.2661348803480783, -0.25030978934324655, -0.16530426884650318, -0.08993448481238842, -0.17376681614349776, -0.19278606965174128, -0.1225045372050817, -0.18382978723404264, -0.25975975975975973, -0.1452328159645232, -0.127699530516432, -0.2733900364520049, -0.3446828358208956]","[0.612141652613828, 0.689922480620155, 0.5946137491141035, 0.623898139079334, 0.6092636579572447, 0.6335483870967742, 0.531039640987285, 0.5528169014084507, 0.5926724137931034, 0.4196940726577438, 0.5391990975747321, 0.5914972273567468, 0.5707656612529002, 0.5923026744944553, 0.6608927381745503, 0.516042780748663, 0.2845601436265709, 0.6731914893617021, 0.4408682634730539, 0.5250836120401338, 0.5339578454332553, 0.7022086824067022, 0.5236318407960199, 0.515818431911967, 0.6163859111791731, 0.7140186915887851, 0.6091081593927894, 0.6634991615427613, 0.617314930991217, 0.6145251396648045, 0.7377049180327869, 0.6328310864393338, 0.42015968063872255, 0.5650655021834061, 0.7471087124132614, 0.7495812395309883, 0.6608315098468271, 0.621464829586657, 0.5817843866171004, 0.628519527702089, 0.7480643240023823, 0.6109865470852018, 0.6243781094527363, 0.7441016333938294, 0.6408510638297872, 0.5495495495495496, 0.5221729490022173, 0.6169014084507042, 0.5273390036452005, 0.46455223880597013]","[0.8541315345699831, 0.7868217054263565, 0.7632884479092842, 0.7825661116552399, 0.8171021377672208, 0.7909677419354839, 0.8347045624532535, 0.8653169014084507, 0.771551724137931, 0.7944550669216062, 0.8014664410603497, 0.8234750462107209, 0.7685614849187935, 0.8127853881278538, 0.8894070619586942, 0.7419786096256684, 0.8671454219030521, 0.8731914893617021, 0.6976047904191617, 0.7112597547380156, 0.7072599531615925, 0.9055597867479056, 0.7947761194029851, 0.6451169188445667, 0.7656967840735069, 0.8411214953271028, 0.8320683111954459, 0.8490776970374511, 0.7340025094102886, 0.7681564245810056, 0.8882265275707899, 0.7597145122918318, 0.7874251497005988, 0.8585152838427947, 0.9113338473400154, 0.8919597989949749, 0.9474835886214442, 0.8875997099347354, 0.832094175960347, 0.7938237965485921, 0.8379988088147707, 0.7847533632286996, 0.8171641791044776, 0.8666061705989111, 0.8246808510638298, 0.8093093093093093, 0.6674057649667405, 0.7446009389671362, 0.8007290400972054, 0.8092350746268657]",,0,"[null, null, null, null, null, null, null, null, null, null, null, null, null, null, null, null, null, null, null, null, null, null, null, null, null, null, null, null, null, null, null, null, null, null, null, null, null, null, null, null, null, null, null, null, null, null, null, null, null, null]",56.437127351760864,21.711061477661133,0.16973090171813965,33.97467303276062,0.007856607437133789,0.3866550922393799,1115740,ai08,success,
lenet_fmnist,FashionMNIST,50,1.0,44,300,4.0,labelled_probe_warmup,labelled,100,0.0,0.5998,0.573052,0.705,0.8621,0.1837,-0.19819078633397386,0,50,"[-0.2015177065767284, -0.09302325581395343, -0.1325301204819277, -0.1292850146914789, -0.20783847980997627, -0.08516129032258068, -0.25804038893044134, -0.28873239436619713, -0.20474137931034486, -0.24952198852772467, -0.27580372250423013, -0.2495378927911276, -0.10788863109048719, -0.22113502935420737, -0.1925383077948034, -0.18449197860962563, -0.573608617594255, -0.19148936170212771, -0.25449101796407186, -0.18617614269788185, -0.10850897736143639, -0.1698400609291698, -0.21019900497512434, -0.11554332874828055, -0.18223583460949455, -0.1766355140186916, -0.20967741935483863, -0.18278367803242035, -0.11543287327478036, -0.11359404096834258, -0.14083457526080478, -0.12053925455987313, -0.3972055888223553, -0.2943231441048034, -0.20508866615266008, -0.20854271356783927, -0.25382932166301964, -0.2400290065264684, -0.24969021065675334, -0.17438692098092634, -0.10363311494937466, -0.1782511210762332, -0.19962686567164178, -0.16424682395644274, -0.15659574468085102, -0.1921921921921922, -0.15631929046563187, -0.11173708920187797, -0.17982989064398536, -0.31063432835820903]","[0.6492411467116358, 0.6937984496124031, 0.632884479092842, 0.6552399608227228, 0.6080760095011877, 0.7058064516129032, 0.5684367988032909, 0.5713028169014085, 0.5786637931034483, 0.5478011472275335, 0.530174844895657, 0.5868761552680222, 0.6020881670533643, 0.5916503587736465, 0.698201199200533, 0.5548128342245989, 0.29353680430879714, 0.6808510638297872, 0.4438622754491018, 0.5250836120401338, 0.5932864949258392, 0.7311500380807312, 0.5833333333333334, 0.5254470426409904, 0.5635528330781011, 0.6607476635514019, 0.6223908918406073, 0.6685299049748463, 0.6185696361355082, 0.6499068901303539, 0.7473919523099851, 0.6367961934972244, 0.42614770459081835, 0.5641921397379913, 0.7031611410948342, 0.6834170854271356, 0.6907366885485048, 0.6736765772298767, 0.5817843866171004, 0.6194368755676658, 0.7325789160214413, 0.6065022421524664, 0.6206467661691543, 0.7014519056261344, 0.6706382978723404, 0.6171171171171171, 0.5110864745011087, 0.6328638497652582, 0.6099635479951397, 0.5102611940298507]","[0.8507588532883642, 0.7868217054263565, 0.7654145995747696, 0.7845249755142018, 0.815914489311164, 0.7909677419354839, 0.8264771877337322, 0.8600352112676056, 0.7834051724137931, 0.7973231357552581, 0.8059785673998872, 0.8364140480591498, 0.7099767981438515, 0.8127853881278538, 0.8907395069953364, 0.7393048128342246, 0.8671454219030521, 0.8723404255319149, 0.6983532934131736, 0.7112597547380156, 0.7017954722872756, 0.900990099009901, 0.7935323383084577, 0.640990371389271, 0.7457886676875957, 0.8373831775700935, 0.8320683111954459, 0.8513135830072667, 0.7340025094102886, 0.7635009310986964, 0.8882265275707899, 0.7573354480570975, 0.8233532934131736, 0.8585152838427947, 0.9082498072474943, 0.8919597989949749, 0.9445660102115244, 0.9137055837563451, 0.8314745972738538, 0.7938237965485921, 0.836212030970816, 0.7847533632286996, 0.820273631840796, 0.8656987295825771, 0.8272340425531914, 0.8093093093093093, 0.6674057649667405, 0.7446009389671362, 0.7897934386391251, 0.8208955223880597]",,0,"[null, null, null, null, null, null, null, null, null, null, null, null, null, null, null, null, null, null, null, null, null, null, null, null, null, null, null, null, null, null, null, null, null, null, null, null, null, null, null, null, null, null, null, null, null, null, null, null, null, null]",55.990798473358154,21.640925645828247,0.040299415588378906,33.755197525024414,0.008299827575683594,0.3619871139526367,1115679,ai08,success,
lenet_fmnist,FashionMNIST,50,1.0,42,300,4.0,no_phase0,none,0,0.0,0.6141,0.571628,0.7329,0.8884,0.1,-0.1732830863073858,0,50,"[-0.1998474446987033, -0.16906820365033626, -0.10953506698187543, -0.18784530386740328, -0.1117747440273037, -0.25493885230479774, -0.11697806661251009, -0.08917748917748913, -0.18105616093880972, -0.32927571515520393, -0.03246753246753242, -0.0757299270072993, -0.17124600638977638, -0.144078144078144, -0.11562897077509537, -0.28086956521739126, -0.3633610900832703, -0.0698131760078663, -0.1299885974914481, -0.12579058327477166, -0.15130940834141615, -0.21164772727272718, -0.19976771196283394, -0.06926406926406925, -0.21482098251457127, -0.12598425196850394, -0.17940876656472993, -0.10571736785329011, -0.1707841031149302, -0.1808054841473865, -0.29670329670329665, -0.2125765164162493, -0.34136062612883805, -0.1393670183231538, -0.19007569386038692, -0.05555555555555558, -0.1406469760900141, -0.04950495049504955, -0.45564516129032256, -0.03613177470775775, -0.1471160077770577, -0.2065009560229446, -0.16383169203222914, -0.14953271028037385, -0.39431913116123646, -0.06748466257668717, -0.24555735056542816, -0.1603459747172321, -0.19703799098519004, -0.14687975646879758]","[0.6918382913806255, 0.664745437079731, 0.7076438140267928, 0.6215469613259669, 0.6476109215017065, 0.5032925682031985, 0.7262388302193339, 0.4614718614718615, 0.6865046102263203, 0.5386488131466829, 0.7305194805194806, 0.7746350364963503, 0.6447284345047923, 0.7032967032967034, 0.5857687420584498, 0.5869565217391305, 0.36714610143830434, 0.816125860373648, 0.6944127708095781, 0.7617709065354884, 0.6197866149369544, 0.6342329545454546, 0.570267131242741, 0.7212121212121212, 0.5836802664446294, 0.6653543307086615, 0.6539245667686034, 0.7087378640776699, 0.6305048335123523, 0.570694087403599, 0.5663567202028741, 0.6232609905397886, 0.45454545454545453, 0.606329816768462, 0.6156433978132885, 0.5015873015873016, 0.6821378340365682, 0.6336633663366337, 0.34919354838709676, 0.8140276301806588, 0.7232663642255347, 0.6013384321223709, 0.6320501342882722, 0.608515057113188, 0.48203842940685043, 0.7312883435582822, 0.5864297253634895, 0.5482368596141052, 0.721184803605924, 0.6514459665144596]","[0.8916857360793288, 0.8338136407300673, 0.8171788810086682, 0.8093922651933702, 0.7593856655290102, 0.7582314205079962, 0.843216896831844, 0.5506493506493506, 0.86756077116513, 0.8679245283018868, 0.762987012987013, 0.8503649635036497, 0.8159744408945687, 0.8473748473748474, 0.7013977128335451, 0.8678260869565217, 0.7305071915215746, 0.8859390363815143, 0.8244013683010262, 0.8875614898102601, 0.7710960232783706, 0.8458806818181818, 0.7700348432055749, 0.7904761904761904, 0.7985012489592007, 0.7913385826771654, 0.8333333333333334, 0.81445523193096, 0.8012889366272825, 0.7514995715509855, 0.8630600169061707, 0.8358375069560379, 0.7959060806742926, 0.7456968350916158, 0.8057190916736754, 0.5571428571428572, 0.8227848101265823, 0.6831683168316832, 0.8048387096774193, 0.8501594048884166, 0.8703823720025924, 0.8078393881453155, 0.7958818263205013, 0.7580477673935618, 0.8763575605680869, 0.7987730061349694, 0.8319870759289176, 0.7085828343313373, 0.918222794591114, 0.7983257229832572]",0.488,3,"[null, null, null, null, null, null, null, null, 0.667, null, null, null, null, null, null, null, null, null, null, 0.001, null, null, null, null, null, null, null, null, null, null, null, null, null, null, null, null, null, 0.796, null, null, null, null, null, null, null, null, null, null, null, null]",56.037795543670654,21.6073317527771,0.020941972732543945,33.83625364303589,0.008177518844604492,0.3823666572570801,1115679,ai08,success,
lenet_fmnist,FashionMNIST,50,1.0,43,300,4.0,no_phase0,none,0,0.0,0.5932,0.5815459999999999,0.7423,0.8808,0.0368,-0.18545592947589962,0,50,"[-0.2635983263598327, -0.18122270742358082, -0.1942028985507247, -0.3225190839694656, -0.11826347305389218, -0.05626780626780625, -0.07436708860759489, -0.3231899265477439, -0.2330547818012999, -0.24522613065326626, -0.1974333662388944, -0.15990159901599021, -0.1155234657039711, -0.14405010438413357, -0.25737265415549593, -0.09047619047619049, -0.21524822695035462, -0.015613382899628325, -0.42605633802816906, -0.18061309030654515, -0.048286604361370666, -0.1630573248407644, -0.24745762711864405, -0.19633943427620637, -0.24197337509788563, -0.2894528152260111, -0.17066895368782165, -0.16238437821171636, -0.10788757932910242, -0.19158878504672894, -0.15648148148148155, -0.1628883291351806, -0.30413105413105407, -0.09978991596638653, -0.20798319327731085, -0.20382165605095548, -0.11482433590402741, -0.21442307692307694, -0.10526315789473684, -0.11794871794871786, -0.25384615384615383, -0.22286184210526316, -0.1246431969552807, -0.09495192307692313, -0.3611349957007739, -0.10356652949245537, -0.10876132930513593, -0.18373151308304891, -0.23183023872679043, -0.2666163141993958]","[0.5669456066945606, 0.5534934497816594, 0.6772946859903382, 0.5572519083969466, 0.6676646706586826, 0.5754985754985755, 0.6052215189873418, 0.5309548793284365, 0.5756731662024142, 0.5517587939698493, 0.6080947680157947, 0.5670356703567035, 0.6305655836341757, 0.7192066805845512, 0.546916890080429, 0.638095238095238, 0.5127659574468085, 0.683271375464684, 0.47769953051643194, 0.6263463131731566, 0.7998442367601246, 0.60828025477707, 0.6415254237288136, 0.6339434276206323, 0.6468285043069695, 0.6209357652656622, 0.6646655231560892, 0.6505652620760535, 0.557570262919311, 0.5957943925233645, 0.5824074074074074, 0.5373635600335852, 0.4886039886039886, 0.6890756302521008, 0.5199579831932774, 0.5887170154686078, 0.6803770351328192, 0.6269230769230769, 0.7085769980506823, 0.6743589743589744, 0.5333333333333333, 0.5279605263157895, 0.6108468125594672, 0.6322115384615384, 0.5150472914875323, 0.6515775034293553, 0.6354481369587109, 0.6097838452787259, 0.5474801061007958, 0.6438821752265861]","[0.8305439330543933, 0.7347161572052402, 0.8714975845410629, 0.8797709923664122, 0.7859281437125748, 0.6317663817663818, 0.6795886075949367, 0.8541448058761805, 0.8087279480037141, 0.7969849246231155, 0.805528134254689, 0.7269372693726938, 0.7460890493381468, 0.8632567849686847, 0.8042895442359249, 0.7285714285714285, 0.7280141843971631, 0.6988847583643123, 0.903755868544601, 0.8069594034797017, 0.8481308411214953, 0.7713375796178344, 0.8889830508474577, 0.8302828618968386, 0.8888018794048551, 0.9103885804916733, 0.8353344768439108, 0.8129496402877698, 0.6654578422484134, 0.7873831775700935, 0.7388888888888889, 0.7002518891687658, 0.7927350427350427, 0.7888655462184874, 0.7279411764705882, 0.7925386715195633, 0.7952013710368466, 0.8413461538461539, 0.8138401559454191, 0.7923076923076923, 0.7871794871794872, 0.7508223684210527, 0.7354900095147479, 0.7271634615384616, 0.8761822871883062, 0.7551440329218106, 0.7442094662638469, 0.7935153583617748, 0.7793103448275862, 0.9104984894259819]",,0,"[null, null, null, null, null, null, null, null, null, null, null, null, null, null, null, null, null, null, null, null, null, null, null, null, null, null, null, null, null, null, null, null, null, null, null, null, null, null, null, null, null, null, null, null, null, null, null, null, null, null]",56.05669665336609,21.713908195495605,0.021145343780517578,33.767953634262085,0.0077745914459228516,0.3611786365509033,1115740,ai08,success,
lenet_fmnist,FashionMNIST,50,1.0,44,300,4.0,no_phase0,none,0,0.0,0.5814,0.5746060000000001,0.705,0.8778,0.0897,-0.21667450994540066,0,50,"[-0.25632377740303547, -0.12790697674418605, -0.1715095676824947, -0.16650342801175322, -0.19655581947743472, -0.15741935483870972, -0.3507853403141361, -0.3204225352112676, -0.20797413793103448, -0.4053537284894838, -0.2989283699943598, -0.24861367837338266, -0.14617169373549888, -0.24592302674494448, -0.21119253830779483, -0.2526737967914438, -0.5816876122082586, -0.1991489361702128, -0.25523952095808383, -0.1806020066889632, -0.04761904761904756, -0.20944402132520945, -0.2723880597014925, -0.16368638239339756, -0.14395099540581935, -0.1046728971962616, -0.20303605313092976, -0.1906092789267747, -0.14805520702634878, -0.15176908752327745, -0.17138599105812213, -0.1102299762093576, -0.3932135728542914, -0.29694323144104806, -0.15574402467232074, -0.1959798994974875, -0.30488694383661563, -0.26540971718636697, -0.2757125154894672, -0.19164396003633055, -0.06491959499702205, -0.16928251121076243, -0.16666666666666663, -0.09891107078039918, -0.18212765957446808, -0.23873873873873874, -0.1607538802660754, -0.14460093896713622, -0.284325637910085, -0.34608208955223874]","[0.5978077571669477, 0.6589147286821705, 0.6165839829907866, 0.6131243878550441, 0.6193586698337292, 0.6335483870967742, 0.4839192221391174, 0.5431338028169014, 0.5635775862068966, 0.38910133843212236, 0.5070501974055274, 0.5757855822550831, 0.5638051044083526, 0.5694716242661448, 0.6722185209860093, 0.4893048128342246, 0.2845601436265709, 0.6782978723404255, 0.44236526946107785, 0.5306577480490524, 0.5027322404371585, 0.6892612338156893, 0.5211442786069652, 0.48005502063273725, 0.6217457886676876, 0.7345794392523365, 0.6290322580645161, 0.6562325321408609, 0.5859473023839398, 0.611731843575419, 0.7093889716840537, 0.6471054718477399, 0.4301397205588822, 0.5615720524017467, 0.7548188126445644, 0.6959798994974874, 0.6396790663749088, 0.6221899927483684, 0.5563816604708798, 0.6021798365122616, 0.7689100655151876, 0.6154708520179372, 0.6430348258706468, 0.76497277676951, 0.6451063829787234, 0.5705705705705706, 0.5066518847006651, 0.6, 0.5018226002430134, 0.46361940298507465]","[0.8541315345699831, 0.7868217054263565, 0.7880935506732814, 0.7796278158667973, 0.815914489311164, 0.7909677419354839, 0.8347045624532535, 0.863556338028169, 0.771551724137931, 0.7944550669216062, 0.8059785673998872, 0.8243992606284658, 0.7099767981438515, 0.8153946510110893, 0.8834110592938041, 0.7419786096256684, 0.8662477558348295, 0.8774468085106383, 0.6976047904191617, 0.7112597547380156, 0.550351288056206, 0.8987052551408987, 0.7935323383084577, 0.6437414030261348, 0.7656967840735069, 0.8392523364485981, 0.8320683111954459, 0.8468418110676356, 0.7340025094102886, 0.7635009310986964, 0.8807749627421758, 0.7573354480570975, 0.8233532934131736, 0.8585152838427947, 0.9105628373168851, 0.8919597989949749, 0.9445660102115244, 0.8875997099347354, 0.832094175960347, 0.7938237965485921, 0.8338296605122096, 0.7847533632286996, 0.8097014925373134, 0.8638838475499092, 0.8272340425531914, 0.8093093093093093, 0.6674057649667405, 0.7446009389671362, 0.7861482381530984, 0.8097014925373134]",,0,"[null, null, null, null, null, null, null, null, null, null, null, null, null, null, null, null, null, null, null, null, null, null, null, null, null, null, null, null, null, null, null, null, null, null, null, null, null, null, null, null, null, null, null, null, null, null, null, null, null, null]",55.31125473976135,21.41364359855652,0.020750045776367188,33.32522535324097,0.008071660995483398,0.360797643661499,1115790,ai08,success,
lenet_fmnist,FashionMNIST,50,1.0,42,300,4.0,raw_union_K20,raw_union,9190,0.0,0.8376,0.56957,0.7134,0.8824,0.8416,0.05351063861595116,44,50,"[0.020594965675057142, 0.007684918347742653, 0.0843183609141056, 0.08011049723756902, 0.09982935153583616, 0.04891815616180617, 0.052802599512591364, 0.20519480519480526, -0.005867560771165126, -0.038953134510042675, 0.10389610389610393, 0.05930656934306566, 0.052396166134185296, 0.012210012210012167, 0.1423125794155019, 0.014782608695652177, 0.0348221044663134, 0.04523107177974428, 0.06841505131128855, 0.03373155305692199, 0.10475266731328814, 0.024857954545454586, 0.0987224157955866, 0.06839826839826846, 0.04329725228975845, 0.06955380577427817, 0.060652395514780855, 0.04638619201726002, 0.09774436090225558, 0.06769494430162803, 0.020287404902789574, 0.027267668336115714, 0.019265502709211346, 0.03442531926707382, 0.033641715727502075, 0.16190476190476188, 0.03234880450070321, 0.13861386138613851, -0.022580645161290325, 0.07651434643995747, 0.014257939079714843, -0.006692160611854736, 0.08952551477171, 0.0, -0.02172096908939014, 0.0932515337423312, 0.03877221324717284, 0.06520292747837664, 0.013522215067611087, 0.0639269406392694]","[0.9122807017543859, 0.8424591738712777, 0.9014972419227738, 0.8895027624309392, 0.8592150170648464, 0.757761053621825, 0.8895207148659626, 0.7558441558441559, 0.8616932103939648, 0.8289713937918441, 0.8668831168831169, 0.9242700729927007, 0.8690095846645367, 0.8742368742368742, 0.8386277001270648, 0.8773913043478261, 0.7320211960635882, 0.9311701081612586, 0.8928164196123147, 0.8995080815179198, 0.8554801163918526, 0.8721590909090909, 0.8722415795586528, 0.8588744588744589, 0.8501248959200666, 0.8608923884514436, 0.8761467889908257, 0.86084142394822, 0.874328678839957, 0.8191945158526135, 0.8850380388841927, 0.8586533110740122, 0.7953040337146298, 0.7884508606329816, 0.8410428931875525, 0.719047619047619, 0.8544303797468354, 0.8217821782178217, 0.7862903225806451, 0.9256110520722636, 0.8885288399222294, 0.8030592734225621, 0.8854073410922113, 0.7559709241952233, 0.8546365914786967, 0.8920245398773006, 0.8707592891760905, 0.7870924817032602, 0.9259497746297489, 0.8622526636225266]","[0.8916857360793288, 0.834774255523535, 0.8171788810086682, 0.8093922651933702, 0.7593856655290102, 0.7088428974600188, 0.8367181153533713, 0.5506493506493506, 0.86756077116513, 0.8679245283018868, 0.762987012987013, 0.864963503649635, 0.8166134185303514, 0.8620268620268621, 0.6963151207115629, 0.8626086956521739, 0.6971990915972748, 0.8859390363815143, 0.8244013683010262, 0.8657765284609978, 0.7507274490785645, 0.8473011363636364, 0.7735191637630662, 0.7904761904761904, 0.8068276436303081, 0.7913385826771654, 0.8154943934760448, 0.81445523193096, 0.7765843179377014, 0.7514995715509855, 0.8647506339814032, 0.8313856427378965, 0.7760385310054184, 0.7540255413659078, 0.8074011774600505, 0.5571428571428572, 0.8220815752461322, 0.6831683168316832, 0.8088709677419355, 0.8490967056323061, 0.8742709008425146, 0.8097514340344169, 0.7958818263205013, 0.7559709241952233, 0.8763575605680869, 0.7987730061349694, 0.8319870759289176, 0.7218895542248835, 0.9124275595621378, 0.7983257229832572]",0.819,3,"[null, null, null, null, null, null, null, null, 0.805, null, null, null, null, null, null, null, null, null, null, 0.712, null, null, null, null, null, null, null, null, null, null, null, null, null, null, null, null, null, 0.94, null, null, null, null, null, null, null, null, null, null, null, null]",57.23806881904602,21.705897331237793,1.1395442485809326,33.82547450065613,0.008054494857788086,0.37235331535339355,1115740,ai08,success,
lenet_fmnist,FashionMNIST,50,1.0,43,300,4.0,raw_union_K20,raw_union,9322,0.0,0.8405,0.5827100000000001,0.7326,0.8864,0.834,0.056497455298461334,45,50,"[0.030334728033472813, 0.08951965065502177, 0.04347826086956519, -0.04770992366412208, 0.1347305389221557, 0.14743589743589747, 0.21202531645569622, 0.01049317943336836, -0.01857010213556165, 0.019095477386934623, 0.05429417571569595, 0.12669126691266908, 0.06137184115523464, 0.016701461377870652, 0.0630026809651475, 0.12857142857142856, 0.04432624113475181, 0.13977695167286242, -0.01936619718309862, 0.05136702568351281, 0.0700934579439253, -0.01146496815286624, 0.04661016949152541, 0.03410981697171378, 0.012529365700861383, 0.014274385408406087, 0.03602058319039447, 0.04419321685508726, 0.10698096101541255, 0.06074766355140182, 0.0712962962962963, 0.08396305625524769, 0.004985754985755042, 0.10294117647058831, 0.08193277310924374, 0.05277525022747953, 0.07112253641816624, 0.04807692307692302, 0.08966861598440545, 0.05555555555555558, 0.08333333333333337, 0.06496710526315785, 0.09609895337773544, 0.038461538461538436, 0.02751504729148757, 0.07201646090534986, 0.07955689828801615, 0.009101251422070522, 0.010610079575596787, -0.020770392749244748]","[0.8608786610878661, 0.824235807860262, 0.914975845410628, 0.8320610687022901, 0.9206586826347305, 0.7770655270655271, 0.8742088607594937, 0.8646379853095488, 0.7910863509749304, 0.8130653266331658, 0.859822309970385, 0.8536285362853628, 0.8074608904933814, 0.884133611691023, 0.8672922252010724, 0.8634920634920635, 0.8773049645390071, 0.8609665427509293, 0.8826291079812206, 0.8583264291632146, 0.927570093457944, 0.7643312101910829, 0.9355932203389831, 0.8777038269550749, 0.9075959279561472, 0.9246629659000793, 0.8713550600343053, 0.8571428571428571, 0.772438803263826, 0.8481308411214953, 0.8101851851851852, 0.7791771620486986, 0.8098290598290598, 0.8928571428571429, 0.8098739495798319, 0.8453139217470428, 0.856898029134533, 0.8894230769230769, 0.9035087719298246, 0.8478632478632478, 0.8628205128205129, 0.8125, 0.8306374881065651, 0.765625, 0.9097162510748066, 0.8264746227709191, 0.8318227593152064, 0.8077360637087599, 0.8079575596816976, 0.8772658610271903]","[0.8305439330543933, 0.7347161572052402, 0.8714975845410629, 0.8797709923664122, 0.7859281437125748, 0.6296296296296297, 0.6621835443037974, 0.8541448058761805, 0.8096564531104921, 0.7939698492462312, 0.805528134254689, 0.7269372693726938, 0.7460890493381468, 0.8674321503131524, 0.8042895442359249, 0.734920634920635, 0.8329787234042553, 0.7211895910780669, 0.9019953051643192, 0.8069594034797017, 0.8574766355140186, 0.7757961783439491, 0.8889830508474577, 0.8435940099833611, 0.8950665622552858, 0.9103885804916733, 0.8353344768439108, 0.8129496402877698, 0.6654578422484134, 0.7873831775700935, 0.7388888888888889, 0.6952141057934509, 0.8048433048433048, 0.7899159663865546, 0.7279411764705882, 0.7925386715195633, 0.7857754927163667, 0.8413461538461539, 0.8138401559454191, 0.7923076923076923, 0.7794871794871795, 0.7475328947368421, 0.7345385347288297, 0.7271634615384616, 0.882201203783319, 0.7544581618655692, 0.7522658610271903, 0.7986348122866894, 0.7973474801061008, 0.898036253776435]",,0,"[null, null, null, null, null, null, null, null, null, null, null, null, null, null, null, null, null, null, null, null, null, null, null, null, null, null, null, null, null, null, null, null, null, null, null, null, null, null, null, null, null, null, null, null, null, null, null, null, null, null]",56.546252727508545,21.53858733177185,1.1349668502807617,33.33179974555969,0.007763385772705078,0.35717058181762695,1115790,ai08,success,
lenet_fmnist,FashionMNIST,50,1.0,44,300,4.0,raw_union_K20,raw_union,9231,0.0,0.8343,0.57051,0.7027,0.8665,0.8421,0.04386372718696998,37,50,"[0.04384485666104554, 0.12403100775193798, 0.06024096385542177, 0.09598432908912824, 0.03206650831353919, 0.08129032258064517, -0.02692595362752437, -0.014964788732394374, 0.05495689655172409, 0.0497131931166348, 0.036097010716300004, 0.05360443622920519, 0.07308584686774944, -0.0071754729288976415, -0.0006662225183211579, 0.08155080213903743, -0.06642728904847406, -0.004255319148936176, 0.041916167664670656, 0.12931995540691188, 0.2927400468384075, -0.022848438690022843, 0.022388059701492602, 0.11554332874828066, 0.08805513016845323, 0.0065420560747663226, -0.04933586337760909, 0.00950251537171598, 0.07402760351317439, 0.04841713221601496, 0.0253353204172877, 0.060269627279936566, 0.012974051896207595, -0.033187772925764136, -0.018504240555127227, 0.020938023450586263, -0.04668125455871619, -0.005801305293691161, 0.030978934324659257, 0.03633060853769299, 0.011316259678380014, 0.08183856502242148, 0.1318407960199005, 0.02268602540834852, 0.051063829787234005, 0.0780780780780781, 0.14966740576496673, 0.09859154929577463, 0.0850546780072905, -0.02192164179104472]","[0.8887015177065767, 0.9108527131782945, 0.8228206945428774, 0.8756121449559255, 0.8479809976247031, 0.8774193548387097, 0.8137621540762902, 0.8450704225352113, 0.8265086206896551, 0.847036328871893, 0.8437676254935138, 0.8761552680221811, 0.8132250580046404, 0.8075668623613829, 0.882744836775483, 0.8235294117647058, 0.800718132854578, 0.8731914893617021, 0.7395209580838323, 0.8405797101449275, 0.8126463700234192, 0.8834729626808835, 0.8146766169154229, 0.7606602475928473, 0.8277182235834609, 0.8476635514018691, 0.7827324478178368, 0.8608160983789827, 0.8080301129234629, 0.8119180633147114, 0.9061102831594635, 0.8176050753370341, 0.8003992015968064, 0.8253275109170306, 0.8928296067848882, 0.9128978224455612, 0.8964259664478483, 0.8817984046410442, 0.8705080545229245, 0.8310626702997275, 0.8481238832638476, 0.8688340807174888, 0.8563432835820896, 0.8920145190562614, 0.8714893617021277, 0.8873873873873874, 0.8203991130820399, 0.847887323943662, 0.8748481166464156, 0.7957089552238806]","[0.8448566610455311, 0.7868217054263565, 0.7625797306874557, 0.7796278158667973, 0.815914489311164, 0.7961290322580645, 0.8406881077038145, 0.8600352112676056, 0.771551724137931, 0.7973231357552581, 0.8076706147772138, 0.822550831792976, 0.740139211136891, 0.8147423352902805, 0.8834110592938041, 0.7419786096256684, 0.8671454219030521, 0.8774468085106383, 0.6976047904191617, 0.7112597547380156, 0.5199063231850117, 0.9063214013709063, 0.7922885572139303, 0.6451169188445667, 0.7396630934150077, 0.8411214953271028, 0.8320683111954459, 0.8513135830072667, 0.7340025094102886, 0.7635009310986964, 0.8807749627421758, 0.7573354480570975, 0.7874251497005988, 0.8585152838427947, 0.9113338473400154, 0.8919597989949749, 0.9431072210065645, 0.8875997099347354, 0.8395291201982652, 0.7947320617620345, 0.8368076235854676, 0.7869955156950673, 0.724502487562189, 0.8693284936479129, 0.8204255319148936, 0.8093093093093093, 0.6707317073170732, 0.7492957746478873, 0.7897934386391251, 0.8176305970149254]",,0,"[null, null, null, null, null, null, null, null, null, null, null, null, null, null, null, null, null, null, null, null, null, null, null, null, null, null, null, null, null, null, null, null, null, null, null, null, null, null, null, null, null, null, null, null, null, null, null, null, null, null]",56.817156076431274,21.57979130744934,1.1337594985961914,33.564945697784424,0.007656097412109375,0.3536956310272217,1115842,ai08,success,
lenet_fmnist,FashionMNIST,50,1.0,42,300,4.0,warmup_only_labelled,warmup_only,100,0.0,0.1,0.573182,0.7241,0.8853,0.1,-0.707254342037541,0,50,"[-0.8680396643783371, -0.8097982708933718, -0.7470449172576832, -0.7071823204419889, -0.6569965870307167, -0.5809031044214488, -0.8042242079610074, -0.2978354978354978, -0.8541492036881811, -0.5800365185636032, -0.7532467532467533, -0.8485401459854015, -0.7629392971246006, -0.7875457875457876, -0.567979669631512, -0.6799999999999999, -0.33535200605601817, -0.880039331366765, -0.8095781071835804, -0.9234012649332396, -0.7274490785645005, -0.8267045454545454, -0.4889663182346109, -0.7878787878787878, -0.7560366361365529, -0.7296587926509187, -0.7869520897043834, -0.7982740021574972, -0.7046186895810956, -0.7129391602399314, -0.7269653423499577, -0.7518085698386199, -0.5105358217941, -0.7184897279289284, -0.6383515559293524, -0.5523809523809524, -0.8143459915611815, -0.6584158415841584, -0.3169354838709677, -0.8437832093517534, -0.8554763447828905, -0.7189292543021033, -0.7287376902417189, -0.7320872274143302, -0.4837092731829574, -0.7828220858895705, -0.7334410339256866, -0.6307385229540918, -0.8918222794591114, -0.6986301369863014]","[0.02288329519450801, 0.024975984630163303, 0.07249802994483845, 0.10220994475138122, 0.10238907849829351, 0.17591721542803387, 0.04467912266450041, 0.2554112554112554, 0.013411567476948869, 0.2878880097382836, 0.00974025974025974, 0.016423357664233577, 0.06070287539936102, 0.07448107448107448, 0.13341804320203304, 0.1826086956521739, 0.36563209689629067, 0.0058997050147492625, 0.014823261117445839, 0.0, 0.023278370514064017, 0.020596590909090908, 0.2845528455284553, 0.003463203463203463, 0.049125728559533725, 0.06167979002624672, 0.045871559633027525, 0.016181229773462782, 0.0966702470461869, 0.04027420736932305, 0.13778529163144548, 0.07957707289927657, 0.27031908488862133, 0.03053858967240422, 0.16820857863751051, 0.004761904761904762, 0.012658227848101266, 0.024752475247524754, 0.47338709677419355, 0.006376195536663124, 0.018794556059624108, 0.08891013384321224, 0.06714413607878246, 0.023883696780893044, 0.39264828738512947, 0.011042944785276074, 0.09854604200323101, 0.10046573519627412, 0.025112685125563427, 0.09969558599695585]","[0.8909229595728452, 0.834774255523535, 0.8195429472025216, 0.8093922651933702, 0.7593856655290102, 0.7568203198494826, 0.8489033306255077, 0.5532467532467532, 0.86756077116513, 0.8679245283018868, 0.762987012987013, 0.864963503649635, 0.8236421725239617, 0.8620268620268621, 0.7013977128335451, 0.8626086956521739, 0.7009841029523088, 0.8859390363815143, 0.8244013683010262, 0.9234012649332396, 0.7507274490785645, 0.8473011363636364, 0.7735191637630662, 0.7913419913419913, 0.8051623646960866, 0.7913385826771654, 0.8328236493374108, 0.81445523193096, 0.8012889366272825, 0.7532133676092545, 0.8647506339814032, 0.8313856427378965, 0.7808549066827213, 0.7490283176013326, 0.8065601345668629, 0.5571428571428572, 0.8270042194092827, 0.6831683168316832, 0.7903225806451613, 0.8501594048884166, 0.8742709008425146, 0.8078393881453155, 0.7958818263205013, 0.7559709241952233, 0.8763575605680869, 0.7938650306748466, 0.8319870759289176, 0.7312042581503659, 0.9169349645846748, 0.7983257229832572]",0.3333333333333333,3,"[null, null, null, null, null, null, null, null, 0.0, null, null, null, null, null, null, null, null, null, null, 1.0, null, null, null, null, null, null, null, null, null, null, null, null, null, null, null, null, null, 0.0, null, null, null, null, null, null, null, null, null, null, null, null]",22.22721838951111,21.66417384147644,0.02461099624633789,0.0,0.0,0.35253405570983887,1115842,ai08,success,
lenet_fmnist,FashionMNIST,50,1.0,43,300,4.0,warmup_only_labelled,warmup_only,100,0.0,0.1735,0.5809960000000001,0.7311,0.8813,0.1735,-0.6189906234837184,0,50,"[-0.6882845188284519, -0.6572052401746725, -0.5806763285024155, -0.791030534351145, -0.62125748502994, -0.5698005698005698, -0.37420886075949367, -0.7712486883525709, -0.7771587743732591, -0.7045226130653266, -0.3938795656465943, -0.5719557195571956, -0.5403128760529482, -0.5469728601252609, -0.6715817694369973, -0.45079365079365086, -0.6865248226950355, -0.46319702602230484, -0.7188967136150235, -0.5923777961888981, -0.38551401869158874, -0.5719745222929937, -0.771186440677966, -0.6772046589018303, -0.5951448707909162, -0.838223632038065, -0.5102915951972555, -0.6238437821171634, -0.48957388939256574, -0.7114485981308412, -0.712962962962963, -0.6675062972292192, -0.7029914529914529, -0.6995798319327731, -0.6680672268907563, -0.548680618744313, -0.5398457583547558, -0.6038461538461539, -0.7631578947368421, -0.5641025641025641, -0.5916666666666667, -0.5838815789473685, -0.48239771646051377, -0.6454326923076923, -0.7257093723129837, -0.5281207133058985, -0.552870090634441, -0.7138794084186576, -0.5570291777188329, -0.7515105740181269]","[0.14225941422594143, 0.07751091703056769, 0.29082125603864734, 0.08874045801526717, 0.16467065868263472, 0.09686609686609686, 0.2879746835443038, 0.08289611752360965, 0.03064066852367688, 0.08944723618090453, 0.4146100691016782, 0.14760147601476015, 0.20577617328519857, 0.32045929018789143, 0.13270777479892762, 0.2841269841269841, 0.10106382978723404, 0.23568773234200743, 0.18544600938967137, 0.21458160729080364, 0.4719626168224299, 0.20127388535031848, 0.11864406779661017, 0.1572379367720466, 0.2920908379013312, 0.07216494845360824, 0.32504288164665524, 0.18910585817060638, 0.17407071622846781, 0.07593457943925233, 0.025925925925925925, 0.036943744752308987, 0.09757834757834757, 0.09033613445378151, 0.059873949579831935, 0.24203821656050956, 0.25535561268209084, 0.2375, 0.05360623781676413, 0.22905982905982905, 0.1987179487179487, 0.16282894736842105, 0.2530922930542341, 0.08173076923076923, 0.15047291487532244, 0.22633744855967078, 0.19939577039274925, 0.07565415244596133, 0.2206896551724138, 0.15181268882175228]","[0.8305439330543933, 0.7347161572052402, 0.8714975845410629, 0.8797709923664122, 0.7859281437125748, 0.6666666666666666, 0.6621835443037974, 0.8541448058761805, 0.807799442896936, 0.7939698492462312, 0.8084896347482725, 0.7195571955719557, 0.7460890493381468, 0.8674321503131524, 0.8042895442359249, 0.734920634920635, 0.7875886524822695, 0.6988847583643123, 0.9043427230046949, 0.8069594034797017, 0.8574766355140186, 0.7732484076433122, 0.8898305084745762, 0.8344425956738769, 0.8872357086922474, 0.9103885804916733, 0.8353344768439108, 0.8129496402877698, 0.6636446056210336, 0.7873831775700935, 0.7388888888888889, 0.7044500419815282, 0.8005698005698005, 0.7899159663865546, 0.7279411764705882, 0.7907188353048226, 0.7952013710368466, 0.8413461538461539, 0.8167641325536062, 0.7931623931623931, 0.7903846153846154, 0.7467105263157895, 0.7354900095147479, 0.7271634615384616, 0.8761822871883062, 0.7544581618655692, 0.7522658610271903, 0.7895335608646189, 0.7777188328912467, 0.9033232628398792]",,0,"[null, null, null, null, null, null, null, null, null, null, null, null, null, null, null, null, null, null, null, null, null, null, null, null, null, null, null, null, null, null, null, null, null, null, null, null, null, null, null, null, null, null, null, null, null, null, null, null, null, null]",22.335790634155273,21.784993886947632,0.02400994300842285,0.0,0.0,0.3419535160064697,1115910,ai08,success,
lenet_fmnist,FashionMNIST,50,1.0,44,300,4.0,warmup_only_labelled,warmup_only,100,0.0,0.1837,0.5720059999999999,0.7124,0.883,0.1837,-0.6199353984864175,0,50,"[-0.6534569983136593, -0.5310077519379844, -0.5471296952515947, -0.5798237022526935, -0.7517814726840855, -0.6270967741935485, -0.7397157816005984, -0.47007042253521125, -0.6185344827586208, -0.722753346080306, -0.5516074450084603, -0.6146025878003697, -0.669953596287703, -0.7651663405088063, -0.7548301132578281, -0.6751336898395721, -0.26301615798922806, -0.654468085106383, -0.3667664670658683, -0.40022296544035674, -0.6307572209211553, -0.8476770753998477, -0.5472636815920398, -0.49931224209078406, -0.5206738131699847, -0.6934579439252336, -0.6546489563567361, -0.7993292342090553, -0.6148055207026348, -0.6955307262569832, -0.7257824143070044, -0.5400475812846947, -0.37824351297405195, -0.7624454148471616, -0.7293754818812644, -0.7772194304857621, -0.7308533916849015, -0.6555474981870921, -0.6654275092936803, -0.5958219800181652, -0.7659321024419298, -0.5739910313901346, -0.5124378109452736, -0.7313974591651542, -0.5948936170212765, -0.6606606606606606, -0.37139689578713964, -0.6187793427230047, -0.6804374240583232, -0.46548507462686567]","[0.20067453625632378, 0.2558139534883721, 0.24875974486180014, 0.19980411361410383, 0.06353919239904988, 0.1638709677419355, 0.08975317875841436, 0.39348591549295775, 0.15301724137931033, 0.07170172084130019, 0.25662718556119574, 0.20794824399260628, 0.09222737819025523, 0.047619047619047616, 0.12858094603597603, 0.06684491978609626, 0.604129263913824, 0.21872340425531914, 0.32934131736526945, 0.3110367892976589, 0.03434816549570648, 0.057882711348057884, 0.24129353233830847, 0.14442916093535077, 0.22588055130168452, 0.14766355140186915, 0.1774193548387097, 0.049189491335941866, 0.1191969887076537, 0.074487895716946, 0.15499254843517138, 0.21728786677240286, 0.4091816367265469, 0.09606986899563319, 0.18195836545875096, 0.11474036850921274, 0.212253829321663, 0.23422770123277736, 0.1567534076827757, 0.1980018165304269, 0.0714711137581894, 0.21076233183856502, 0.20708955223880596, 0.13430127041742287, 0.2221276595744681, 0.14864864864864866, 0.2960088691796009, 0.12582159624413145, 0.1166464155528554, 0.3591417910447761]","[0.8541315345699831, 0.7868217054263565, 0.7958894401133948, 0.7796278158667973, 0.8153206650831354, 0.7909677419354839, 0.8294689603590127, 0.863556338028169, 0.771551724137931, 0.7944550669216062, 0.8082346305696559, 0.822550831792976, 0.7621809744779582, 0.8127853881278538, 0.8834110592938041, 0.7419786096256684, 0.8671454219030521, 0.8731914893617021, 0.6961077844311377, 0.7112597547380156, 0.6651053864168618, 0.9055597867479056, 0.7885572139303483, 0.6437414030261348, 0.7465543644716692, 0.8411214953271028, 0.8320683111954459, 0.8485187255449972, 0.7340025094102886, 0.7700186219739292, 0.8807749627421758, 0.7573354480570975, 0.7874251497005988, 0.8585152838427947, 0.9113338473400154, 0.8919597989949749, 0.9431072210065645, 0.8897751994198695, 0.822180916976456, 0.7938237965485921, 0.8374032162001191, 0.7847533632286996, 0.7195273631840796, 0.8656987295825771, 0.8170212765957446, 0.8093093093093093, 0.6674057649667405, 0.7446009389671362, 0.7970838396111786, 0.8246268656716418]",,0,"[null, null, null, null, null, null, null, null, null, null, null, null, null, null, null, null, null, null, null, null, null, null, null, null, null, null, null, null, null, null, null, null, null, null, null, null, null, null, null, null, null, null, null, null, null, null, null, null, null, null]",22.20667815208435,21.64262819290161,0.023900508880615234,0.0,0.0,0.35521912574768066,1115965,ai08,success,
lenet_fmnist,FashionMNIST,5,0.01,44,300,4.0,dp_avg_eps2_K20,dp_avg,10,4.49268806737862,0.4244,0.26568,0.3953,0.8716,0.1178,-0.48027918183905643,0,5,"[-0.6181253121704867, -0.9895747145457554, -0.44193195435835986, -0.35176392812068036, 0.0]","[0.24379821299739166, 0.01042528545424458, 0.5498358776637315, 0.6428270929743374, 0.16666666666666666]","[0.8619235251678784, 1.0, 0.9917678320220914, 0.9945910210950177, 0.16666666666666666]",0.44985833333333336,5,"[0.432, 0.435125, 0.368, 0.36566666666666664, 0.6485]",24.443809986114502,20.432966232299805,0.05583810806274414,3.3919060230255127,0.0009424686431884766,0.3830392360687256,1115679,ai08,success,
lenet_fmnist,FashionMNIST,5,0.01,42,300,4.0,dp_avg_eps8_K20,dp_avg,10,1.121148989439649,0.1,0.188,0.4469,0.8804,0.1365,-0.736651491259372,0,5,"[-1.0, -0.7114613946032594, -0.9724632843791722, 0.0, -0.9993327773144287]","[0.0, 0.20007347047822602, 0.0, 0.0001669727834362999, 0.0]","[1.0, 0.9115348650814854, 0.9724632843791722, 0.0001669727834362999, 0.9993327773144287]",0.09079365079365079,5,"[0.1111111111111111, 0.0, 0.14285714285714285, 0.0, 0.2]",24.250550031661987,20.26773452758789,0.05745267868041992,3.3749144077301025,0.0009233951568603516,0.37139344215393066,1115740,ai08,success,
lenet_fmnist,FashionMNIST,5,0.01,43,300,4.0,dp_avg_eps8_K20,dp_avg,10,1.1271583534196334,0.2725,0.23776000000000003,0.3866,0.8883,0.1076,-0.6424145765682645,0,5,"[-0.02941176470588236, -0.2835482380612374, -0.9672823656092107, -0.9343321822435111, -0.997498332221481]","[0.9705882352941176, 0.6867571086563904, 0.006129379607388387, 0.0012810515762504177, 0.0011674449633088727]","[1.0, 0.9703053467176278, 0.973411745216599, 0.9356132338197616, 0.9986657771847899]",0.23480984126984125,5,"[0.19611111111111112, 0.00016666666666666666, 0.153, 0.5442, 0.2805714285714286]",24.274250984191895,20.294103860855103,0.05852913856506348,3.3631327152252197,0.0009202957153320312,0.37526845932006836,1115790,ai08,success,
lenet_fmnist,FashionMNIST,5,0.01,44,300,4.0,dp_avg_eps8_K20,dp_avg,10,1.123172016844655,0.4044,0.26532,0.3942,0.8807,0.2095,-0.4893050443687227,0,5,"[-0.49542149952827563, -0.9923878868111865, -0.6064711092585838, -0.3522447262455676, 0.0]","[0.36061934624562964, 0.007612113188813503, 0.3827958109727505, 0.6422260953182283, 0.16666666666666666]","[0.8560408457739053, 1.0, 0.9892669202313343, 0.9944708215637958, 0.16666666666666666]",0.44836666666666664,5,"[0.3445, 0.45425, 0.355, 0.3453333333333333, 0.74275]",24.38882565498352,20.390997886657715,0.05199170112609863,3.379037618637085,0.0009775161743164062,0.3839256763458252,1115842,ai08,success,
lenet_fmnist,FashionMNIST,5,0.01,42,300,4.0,labelled_probe_warmup,labelled,100,0.0,0.1,0.18827999999999998,0.4477,0.8817,0.1,-0.7369124233704744,0,5,"[-1.0, -0.7169382847982901, -0.9682910547396528, 0.0, -0.9993327773144287]","[0.0, 0.20007347047822602, 0.0, 0.0001669727834362999, 0.0]","[1.0, 0.9170117552765161, 0.9682910547396528, 0.0001669727834362999, 0.9993327773144287]",0.09079365079365079,5,"[0.1111111111111111, 0.0, 0.14285714285714285, 0.0, 0.2]",24.445024967193604,20.431752681732178,0.04113459587097168,3.4121665954589844,0.0009453296661376953,0.38106751441955566,1115679,ai08,success,
lenet_fmnist,FashionMNIST,5,0.01,43,300,4.0,labelled_probe_warmup,labelled,100,0.0,0.2909,0.23452,0.3855,0.887,0.1735,-0.6440781307776234,0,5,"[-0.08823529411764708, -0.2851442731740098, -0.9668682183384412, -0.8826445360365378, -0.997498332221481]","[0.9117647058823529, 0.684783065227435, 0.006295038515696181, 0.05369277041327838, 0.0011674449633088727]","[1.0, 0.9699273384014448, 0.9731632568541373, 0.9363373064498162, 0.9986657771847899]",0.25217999999999996,5,"[0.21966666666666668, 0.026833333333333334, 0.1708, 0.5496, 0.294]",24.143474817276,20.168429136276245,0.039897918701171875,3.3763246536254883,0.0009317398071289062,0.3799781799316406,1115740,ai08,success,
lenet_fmnist,FashionMNIST,5,0.01,44,300,4.0,labelled_probe_warmup,labelled,100,0.0,0.4759,0.2655,0.3939,0.878,0.1837,-0.414309442103357,0,5,"[-0.41212053943060106, -0.783716697004799, -0.4483405408221748, -0.4273694332592103, 0.0]","[0.44536322770409015, 0.21628330299520107, 0.5411868910540301, 0.5672215878358075, 0.16666666666666666]","[0.8574837671346912, 1.0, 0.9895274318762048, 0.9945910210950177, 0.16666666666666666]",0.49429999999999996,5,"[0.43583333333333335, 0.54775, 0.489, 0.39966666666666667, 0.59925]",24.106600284576416,20.160515785217285,0.04152393341064453,3.3353774547576904,0.0009229183197021484,0.38794708251953125,1115790,ai08,success,
lenet_fmnist,FashionMNIST,5,0.01,42,300,4.0,no_phase0,none,0,0.0,0.1,0.18824,0.4474,0.8748,0.1,-0.7352157983932583,0,5,"[-1.0, -0.7072869356131446, -0.9694592790387183, 0.0, -0.9993327773144287]","[0.0, 0.20007347047822602, 0.0, 0.0001669727834362999, 0.0]","[1.0, 0.9073604060913706, 0.9694592790387183, 0.0001669727834362999, 0.9993327773144287]",0.09079365079365079,5,"[0.1111111111111111, 0.0, 0.14285714285714285, 0.0, 0.2]",24.010940313339233,20.10166597366333,0.02099442481994629,3.3316750526428223,0.0009355545043945312,0.37595367431640625,1115790,ai08,success,
lenet_fmnist,FashionMNIST,5,0.01,43,300,4.0,no_phase0,none,0,0.0,0.2791,0.24820000000000003,0.3867,0.8892,0.0368,-0.748977508832958,0,5,"[-0.6323529411764706, -0.4261833760342728, -0.9667853888842872, -0.722067505848279, -0.997498332221481]","[0.36764705882352944, 0.5439539669872737, 0.009359728319390375, 0.21025955218892725, 0.0011674449633088727]","[1.0, 0.9701373430215465, 0.9761451172036776, 0.9323270580372062, 0.9986657771847899]",0.24830666666666662,5,"[0.2633333333333333, 0.105, 0.148, 0.4322, 0.293]",24.369330406188965,20.39544415473938,0.02098560333251953,3.3900485038757324,0.0009369850158691406,0.3818039894104004,1115842,ai08,success,
lenet_fmnist,FashionMNIST,5,0.01,44,300,4.0,no_phase0,none,0,0.0,0.3844,0.27004,0.4161,0.8858,0.0897,-0.49629065106120346,0,5,"[-0.6239524945890449, -0.932980307794142, -0.5320689834835617, -0.39245146943926923, 0.0]","[0.22859204173372552, 0.06701969220585802, 0.45662481112905745, 0.6018991525933048, 0.16666666666666666]","[0.8525445363227704, 1.0, 0.9886937946126192, 0.9943506220325741, 0.16666666666666666]",0.4043833333333334,5,"[0.38483333333333336, 0.359, 0.3373333333333333, 0.3245, 0.61625]",24.36555814743042,20.38776183128357,0.0213162899017334,3.3737192153930664,0.0009555816650390625,0.3909432888031006,1115910,ai08,success,
lenet_fmnist,FashionMNIST,5,0.01,42,300,4.0,raw_union_K20,raw_union,207,0.0,0.1,0.18836,0.4488,0.8763,0.3689,-0.736875447361497,0,5,"[-1.0, -0.7145004007480631, -0.9705440587449933, 0.0, -0.9993327773144287]","[0.0, 0.20007347047822602, 0.0, 0.0001669727834362999, 0.0]","[1.0, 0.9145738712262891, 0.9705440587449933, 0.0001669727834362999, 0.9993327773144287]",0.09079365079365079,5,"[0.1111111111111111, 0.0, 0.14285714285714285, 0.0, 0.2]",24.359068393707275,20.339655876159668,0.07383942604064941,3.38476824760437,0.0009210109710693359,0.3718912601470947,1115842,ai08,success,
lenet_fmnist,FashionMNIST,5,0.01,43,300,4.0,raw_union_K20,raw_union,290,0.0,0.393,0.25016000000000005,0.3849,0.8819,0.2195,-0.7560139310945135,0,5,"[-1.0, -0.2661598555168214, -0.921891824732875, -0.5946864208532917, -0.9973315543695798]","[0.0, 0.7018774413037087, 0.058891741903420856, 0.3388102929709257, 0.00133422281521014]","[1.0, 0.9680372968205301, 0.9807835666362958, 0.9334967138242174, 0.9986657771847899]",0.3637958730158731,5,"[0.43322222222222223, 0.1865, 0.3874, 0.39, 0.4218571428571429]",24.495349168777466,20.45833444595337,0.07890033721923828,3.3885531425476074,0.0009431838989257812,0.37944602966308594,1115910,ai08,success,
lenet_fmnist,FashionMNIST,5,0.01,44,300,4.0,raw_union_K20,raw_union,290,0.0,0.4901,0.26582000000000006,0.3945,0.8854,0.2161,-0.2909161828767178,1,5,"[-0.642266496475942, -0.11153400628826737, -0.43130307924764244, -0.43614399903840373, 0.16666666666666666]","[0.22060047727398857, 0.8884659937117326, 0.5602042411295785, 0.557725824869283, 0.3333333333333333]","[0.8628669737499306, 1.0, 0.9915073203772209, 0.9938698239076867, 0.16666666666666666]",0.47133333333333327,5,"[0.5475, 0.439, 0.307, 0.49866666666666665, 0.5645]",24.46733570098877,20.4003689289093,0.0825660228729248,3.379730463027954,0.0009448528289794922,0.4102799892425537,1115965,ai08,success,
lenet_fmnist,FashionMNIST,5,0.01,42,300,4.0,warmup_only_labelled,warmup_only,100,0.0,0.1,0.187,0.4415,0.8789,0.1,-0.7351955826420582,0,5,"[-1.0, -0.7055169650013359, -0.9711281708945261, 0.0, -0.9993327773144287]","[0.0, 0.19977290943093776, 0.0, 0.0001669727834362999, 0.0]","[1.0, 0.9052898744322736, 0.9711281708945261, 0.0001669727834362999, 0.9993327773144287]",0.09079365079365079,5,"[0.1111111111111111, 0.0, 0.14285714285714285, 0.0, 0.2]",20.91706919670105,20.339561700820923,0.024590730667114258,0.0,0.0,0.3734292984008789,1115965,ai08,success,
lenet_fmnist,FashionMNIST,5,0.05,42,300,4.0,dp_avg_eps2_K20,dp_avg,10,4.484595957758596,0.3784,0.32214000000000004,0.6115,0.8828,0.1027,-0.8097822495462953,0,5,"[-0.9619062307217767, -0.15736742679800297, -0.9555593982362095, -0.9851391048902713, -0.9889390870852157]","[0.0229796421961752, 0.7575563351774389, 0.0057928410859415524, 0.008985657508208053, 0.007945162797943606]","[0.9848858729179519, 0.9149237619754419, 0.9613522393221511, 0.9941247623984794, 0.9968842498831594]",0.3668228571428571,5,"[0.5294, 0.0025, 0.4007142857142857, 0.381, 0.5205]",24.43333339691162,20.44438338279724,0.05702996253967285,3.3966612815856934,0.0009570121765136719,0.3561747074127197,1115679,ai08,success,
lenet_fmnist,FashionMNIST,5,0.05,43,300,4.0,dp_avg_eps2_K20,dp_avg,10,4.508633413678534,0.4124,0.4012599999999999,0.4987,0.888,0.1485,-0.637434844866239,0,5,"[-0.9049309664694279, -0.6285901111614104, -0.5158060363324274, -0.21941165448753974, -0.9184354558803898]","[0.08717948717948718, 0.32558724410240936, 0.4608782720640824, 0.7095122103553807, 0.06901615271659324]","[0.9921104536489151, 0.9541773552638197, 0.9766843083965098, 0.9289238648429204, 0.987451608596983]",0.35062333333333334,5,"[0.443, 0.24325, 0.31566666666666665, 0.2422, 0.509]",24.268242359161377,20.30106210708618,0.0548253059387207,3.370009183883667,0.0009198188781738281,0.3633873462677002,1115740,ai08,success,
lenet_fmnist,FashionMNIST,5,0.05,44,300,4.0,dp_avg_eps2_K20,dp_avg,10,4.49268806737862,0.5032,0.4566,0.6981,0.8788,0.1806,-0.45019444841918493,0,5,"[-0.45612311722331367, -0.3039139248401683, -0.5048507462686567, -0.3601002017952821, -0.6259842519685039]","[0.39478279851560794, 0.6790893497583035, 0.47766524520255865, 0.6185373321272006, 0.3312007874015748]","[0.8509059157389216, 0.9830032745984718, 0.9825159914712154, 0.9786375339224828, 0.9571850393700787]",0.5869038095238095,5,"[0.5008333333333334, 0.4742857142857143, 0.629, 0.3624, 0.968]",24.130643129348755,20.168798685073853,0.05373096466064453,3.356689453125,0.0009336471557617188,0.36075472831726074,1115790,ai08,success,
lenet_fmnist,FashionMNIST,5,0.05,42,300,4.0,dp_avg_eps8_K20,dp_avg,10,1.121148989439649,0.3882,0.31326,0.6063,0.8827,0.1227,-0.7957364356128118,0,5,"[-0.9289019123997532, -0.13189852921333156, -0.9477779699118104, -0.9811646794539485, -0.9889390870852157]","[0.05690931523750771, 0.7708136553771421, 0.008213729897976828, 0.012960082944530845, 0.007945162797943606]","[0.9858112276372609, 0.9027121845904736, 0.9559916998097873, 0.9941247623984794, 0.9968842498831594]",0.3765142857142857,5,"[0.5502, 0.006, 0.4135714285714286, 0.3918, 0.521]",24.32250475883484,20.355180501937866,0.05907177925109863,3.3795883655548096,0.0009267330169677734,0.3515126705169678,1115842,ai08,success,
lenet_fmnist,FashionMNIST,5,0.05,43,300,4.0,dp_avg_eps8_K20,dp_avg,10,1.1271583534196334,0.4246,0.40363999999999994,0.5053,0.8834,0.1704,-0.6347371401795214,0,5,"[-0.9171597633136095, -0.5993159297822042, -0.526033471606351, -0.23490100555867843, -0.8962755306367641]","[0.0757396449704142, 0.36084703988732963, 0.45036475468459447, 0.7071388420460933, 0.09144306501134696]","[0.9928994082840237, 0.9601629696695337, 0.9763982262909455, 0.9420398476047718, 0.987718595648111]",0.35757761904761903,5,"[0.4685714285714286, 0.22925, 0.32866666666666666, 0.2754, 0.486]",24.476386547088623,20.46116280555725,0.05465269088745117,3.413541078567505,0.0009338855743408203,0.35762739181518555,1115910,ai08,success,
lenet_fmnist,FashionMNIST,5,0.05,44,300,4.0,dp_avg_eps8_K20,dp_avg,10,1.123172016844655,0.4443,0.45542000000000005,0.6901,0.8825,0.1867,-0.5130233858151516,0,5,"[-0.5204649639816634, -0.38312802120692335, -0.6131130063965884, -0.3564818036323151, -0.6919291338582677]","[0.3382449246889325, 0.5998752533915485, 0.36433901918976547, 0.6241736831118224, 0.265255905511811]","[0.8587098886705959, 0.9830032745984718, 0.9774520255863539, 0.9806554867441375, 0.9571850393700787]",0.58668,5,"[0.424, 0.451, 0.893, 0.2004, 0.965]",24.419838190078735,20.439436197280884,0.056005001068115234,3.3946495056152344,0.0009274482727050781,0.35044407844543457,1115965,ai08,success,
lenet_fmnist,FashionMNIST,5,0.05,42,300,4.0,labelled_probe_warmup,labelled,100,0.0,0.4508,0.32042000000000004,0.6076,0.8801,0.1,-0.663769110770912,0,5,"[-0.2564774830351635, -0.15851437053029283, -0.9369704305723673, -0.9816830827717298, -0.985200186945007]","[0.7284083898827884, 0.7493927944946701, 0.030520491094587585, 0.012441679626749611, 0.011839850443994392]","[0.9848858729179519, 0.9079071650249629, 0.9674909216669548, 0.9941247623984794, 0.9970400373890014]",0.4426,5,"[0.5576, 0.0255, 0.506, 0.5344, 0.5895]",24.31816816329956,20.3740234375,0.04124879837036133,3.3588714599609375,0.0009334087371826172,0.35463762283325195,1115790,ai08,success,
lenet_fmnist,FashionMNIST,5,0.05,43,300,4.0,labelled_probe_warmup,labelled,100,0.0,0.4678,0.40158000000000005,0.5055,0.8815,0.1735,-0.5845519945940925,0,5,"[-0.837869822485207, -0.5331220763543081, -0.4677442425976255, -0.2129785772281556, -0.8710452543051662]","[0.15463510848126233, 0.42014989185654644, 0.5023601773709054, 0.7381175441883705, 0.1170738219196369]","[0.9925049309664694, 0.9532719682108546, 0.9701044199685309, 0.9510961214165261, 0.9881190762248031]",0.38186428571428566,5,"[0.5105714285714286, 0.32125, 0.249, 0.331, 0.4975]",24.43771743774414,20.47609257698059,0.04042315483093262,3.3855767250061035,0.0009279251098632812,0.35714244842529297,1115842,ai08,success,
lenet_fmnist,FashionMNIST,5,0.05,44,300,4.0,labelled_probe_warmup,labelled,100,0.0,0.4458,0.46128,0.7083,0.8763,0.1837,-0.5140343088110833,0,5,"[-0.5481881685221567, -0.3970060813971621, -0.5954690831556503, -0.34200821098044676, -0.6875]","[0.32263697882558395, 0.5864649929830033, 0.3837953091684435, 0.6394127061443184, 0.26968503937007876]","[0.8708251473477406, 0.9834710743801653, 0.9792643923240938, 0.9814209171247652, 0.9571850393700787]",0.577707619047619,5,"[0.43716666666666665, 0.44657142857142856, 0.873, 0.1698, 0.962]",24.44257640838623,20.45031499862671,0.040700674057006836,3.411651849746704,0.0009441375732421875,0.36049342155456543,1115910,ai08,success,
lenet_fmnist,FashionMNIST,5,0.05,42,300,4.0,no_phase0,none,0,0.0,0.3942,0.32680000000000003,0.6174,0.8874,0.1,-0.795486459624706,0,5,"[-0.9140962368908082, -0.12913237080016193, -0.96117931869272, -0.9839294971487818, -0.9890948745910578]","[0.07078963602714373, 0.778707326946431, 0.003199031644475186, 0.01002246414377052, 0.007789375292101573]","[0.9848858729179519, 0.9078396977465929, 0.9643783503371952, 0.9939519612925523, 0.9968842498831594]",0.37702,5,"[0.5194, 0.0, 0.428, 0.3812, 0.5565]",24.474319458007812,20.524672269821167,0.020702600479125977,3.3927063941955566,0.0009562969207763672,0.3579115867614746,1115910,ai08,success,
lenet_fmnist,FashionMNIST,5,0.05,43,300,4.0,no_phase0,none,0,0.0,0.4486,0.40962,0.5255,0.8885,0.0368,-0.616158774544117,0,5,"[-0.9128205128205128, -0.6173733715607868, -0.4536546988985839, -0.17450502779339205, -0.9224402616473101]","[0.07928994082840236, 0.3333836326140536, 0.5213846373909312, 0.7754044094684904, 0.06527833400080096]","[0.9921104536489151, 0.9507570041748403, 0.9750393362895151, 0.9499094372618825, 0.987718595648111]",0.3745576190476191,5,"[0.49957142857142856, 0.34525, 0.27066666666666667, 0.2618, 0.4955]",24.445704698562622,20.49116015434265,0.020519495010375977,3.39530611038208,0.00095367431640625,0.3555421829223633,1115965,ai08,success,
lenet_fmnist,FashionMNIST,5,0.05,42,300,4.0,raw_union_K20,raw_union,444,0.0,0.5878,0.32730000000000004,0.6239,0.8847,0.5389,-0.4905206810437094,0,5,"[-0.141425046267736, -0.1732559708541357, -0.37731281341864087, -0.8265076896492137, -0.9341018850288207]","[0.8445404071560765, 0.7418027256780462, 0.5889676638422964, 0.1676170727492656, 0.06278236485433868]","[0.9859654534238125, 0.9150586965321819, 0.9662804772609372, 0.9941247623984794, 0.9968842498831594]",0.5826514285714286,5,"[0.6652, 0.4485, 0.5388571428571428, 0.7772, 0.4835]",24.41164469718933,20.373507738113403,0.09100055694580078,3.4012718200683594,0.0009386539459228516,0.35623884201049805,1115965,ai08,success,
lenet_fmnist,FashionMNIST,5,0.05,43,300,4.0,warmup_only_labelled,warmup_only,100,0.0,0.1735,0.40490000000000004,0.5085,0.8857,0.1735,-0.8382520342498747,0,5,"[-0.9925049309664694, -0.7949298325033952, -0.5698040337576884, -0.8500405970895011, -0.9839807769323188]","[0.0, 0.15809063930385794, 0.40380489200400516, 0.1005558678408594, 0.00040048057669203043]","[0.9925049309664694, 0.9530204718072531, 0.9736089257616936, 0.9505964649303604, 0.9843812575090108]",0.12906809523809523,5,"[0.24785714285714286, 0.24975, 0.0003333333333333333, 0.1474, 0.0]",21.19550371170044,20.64219856262207,0.024089574813842773,0.0,0.0,0.34935879707336426,1115679,ai08,success,
lenet_fmnist,FashionMNIST,5,0.05,44,300,4.0,warmup_only_labelled,warmup_only,100,0.0,0.1837,0.45946,0.6977,0.8749,0.1837,-0.7898105185693298,0,5,"[-0.5965400567561667, -0.981443941992827, -0.7676439232409381, -0.8563774267622295, -0.7470472440944882]","[0.2638070290329622, 0.0004677997816934352, 0.20730277185501067, 0.12455639830213625, 0.2111220472440945]","[0.860347085789129, 0.9819117417745205, 0.9749466950959488, 0.9809338250643658, 0.9581692913385826]",0.30285523809523807,5,"[0.14433333333333334, 0.2621428571428571, 0.969, 0.1388, 0.0]",20.92680859565735,20.375435829162598,0.024347782135009766,0.0,0.0,0.3457365036010742,1115740,ai08,success,
lenet_fmnist,FashionMNIST,5,0.1,42,300,4.0,dp_avg_eps2_K20,dp_avg,10,4.484595957758596,0.5458,0.49590000000000006,0.7136,0.8859,0.1028,-0.4614720583450743,0,5,"[-0.26258752917639216, -0.2450987089282055, -0.7932450935645824, -0.5129123625458181, -0.4935165975103734]","[0.7169056352117372, 0.7009017009358562, 0.17412140575079874, 0.3958680439853382, 0.48651452282157676]","[0.9794931643881294, 0.9460004098640618, 0.9673664993153811, 0.9087804065311563, 0.9800311203319502]",0.47695,4,"[0.366, 0.0, 0.6428, 0.899, null]",24.23493456840515,20.282336950302124,0.05701875686645508,3.369967222213745,0.0009267330169677734,0.33323097229003906,1115790,ai08,success,
lenet_fmnist,FashionMNIST,5,0.1,43,300,4.0,dp_avg_eps2_K20,dp_avg,10,4.508633413678534,0.5137,0.45562,0.6115,0.8812,0.0992,-0.4491881854963015,0,5,"[-0.14028748411689962, -0.12392192464820706, -0.4649864171445819, -0.9556059192107719, -0.5611391823610473]","[0.8321156289707751, 0.8261461643213799, 0.5058859040144884, 0.03066257832289028, 0.3746440055121727]","[0.9724031130876747, 0.9500680889695869, 0.9708723211590703, 0.9862684975336622, 0.93578318787322]",0.33225,4,"[0.0, 0.405, 0.295, 0.629, null]",24.027287483215332,20.101271390914917,0.05397987365722656,3.3489718437194824,0.0009768009185791016,0.3398723602294922,1115842,ai08,success,
lenet_fmnist,FashionMNIST,5,0.1,44,300,4.0,dp_avg_eps2_K20,dp_avg,10,4.49268806737862,0.4169,0.45426,0.5042,0.8739,0.2151,-0.580846042338337,0,5,"[-0.8749318503979937, -0.589239332096475, -0.12200067590402164, -0.8357286096256684, -0.4823297436675262]","[0.11132918983753134, 0.3880333951762523, 0.803109158499493, 0.13728275401069517, 0.49848323979978765]","[0.9862610402355251, 0.9772727272727273, 0.9251098344035147, 0.9730113636363636, 0.9808129834673138]",0.24454166666666666,4,"[0.497, 0.2841666666666667, 0.193, 0.004, null]",24.514350414276123,20.5164475440979,0.05576372146606445,3.417832851409912,0.0009524822235107422,0.34401965141296387,1115910,ai08,success,
lenet_fmnist,FashionMNIST,5,0.1,42,300,4.0,dp_avg_eps8_K20,dp_avg,10,1.121148989439649,0.5383,0.48945999999999995,0.7035,0.8734,0.1,-0.4695055347363861,0,5,"[-0.2164054684894965, -0.26904160120226783, -0.8224554997717937, -0.4670109963345552, -0.5726141078838174]","[0.7634211403801268, 0.6741580709064827, 0.15084436330442721, 0.4454348550483172, 0.4074170124481328]","[0.9798266088696233, 0.9431996721087506, 0.9732998630762209, 0.9124458513828724, 0.9800311203319502]",0.432125,4,"[0.308, 0.0005, 0.67, 0.75, null]",24.39572763442993,20.41990089416504,0.05751204490661621,3.4033660888671875,0.000942230224609375,0.33451032638549805,1115965,ai08,success,
lenet_fmnist,FashionMNIST,5,0.1,42,300,4.0,labelled_probe_warmup,labelled,100,0.0,0.5741,0.4914600000000001,0.7163,0.8795,0.1,-0.3943074133812383,0,5,"[-0.3049349783261087, -0.24878748548398122, -0.654153354632588, -0.5297400866377875, -0.2339211618257262]","[0.6730576858952985, 0.6959150215178632, 0.31663623916020084, 0.38428857047650783, 0.7518153526970954]","[0.9779926642214072, 0.9447025070018444, 0.9707895937927887, 0.9140286571142953, 0.9857365145228216]",0.5630999999999999,4,"[0.741, 0.002, 0.6284, 0.881, null]",24.46319270133972,20.49519681930542,0.04060196876525879,3.412017822265625,0.0009686946868896484,0.32993364334106445,1115910,ai08,success,
lenet_fmnist,FashionMNIST,5,0.1,43,300,4.0,labelled_probe_warmup,labelled,100,0.0,0.4688,0.45166000000000006,0.602,0.8791,0.1735,-0.4702354880846487,0,5,"[-0.22002064803049548, -0.1193826600090786, -0.4692121943857531, -0.9692041061191841, -0.5733578318787322]","[0.7598475222363406, 0.8302315024965955, 0.5033202535466345, 0.01586455139314758, 0.35360587965089574]","[0.979868170266836, 0.9496141625056741, 0.9725324479323876, 0.9850686575123316, 0.926963711529628]",0.29900000000000004,4,"[0.0, 0.30925, 0.266, 0.62075, null]",24.411406755447388,20.430723905563354,0.04100489616394043,3.4172017574310303,0.0009548664093017578,0.3411827087402344,1115965,ai08,success,
lenet_fmnist,FashionMNIST,5,0.1,44,300,4.0,no_phase0,none,0,0.0,0.4071,0.45334,0.5126,0.8814,0.0897,-0.5915665922977743,0,5,"[-0.8699160396903282, -0.5923933209647496, -0.14065562690098, -0.8343917112299466, -0.5204762627028667]","[0.11274670155926289, 0.38589981447124305, 0.7976343359242988, 0.1356951871657754, 0.46079174882451085]","[0.9826627412495911, 0.9782931354359926, 0.9382899628252788, 0.9700868983957219, 0.9812680115273775]",0.22641666666666665,4,"[0.44, 0.26216666666666666, 0.2025, 0.001, null]",24.720186710357666,20.760359287261963,0.021075010299682617,3.414382219314575,0.0009496212005615234,0.3449065685272217,1115679,ai08,success,
lenet_fmnist,FashionMNIST,5,0.1,43,300,4.0,raw_union_K20,raw_union,584,0.0,0.4961,0.43848000000000004,0.6239,0.8827,0.2999,-0.46003650032855053,0,5,"[-0.176342121982211, -0.11393554244212434, -0.504074856625415, -0.9660045327289695, -0.5398254478640331]","[0.7961404066073697, 0.8370403994552883, 0.4646845759130697, 0.021663778162911613, 0.39173174092788243]","[0.9724825285895807, 0.9509759418974126, 0.9687594325384847, 0.9876683108918811, 0.9315571887919155]",0.3230208333333333,4,"[0.0, 0.402, 0.30433333333333334, 0.58575, null]",24.58252787590027,20.529077768325806,0.11541056632995605,3.4160983562469482,0.0009508132934570312,0.3430306911468506,1115679,ai08,success,
lenet_fmnist,FashionMNIST,5,0.1,44,300,4.0,raw_union_K20,raw_union,570,0.0,0.53,0.45292000000000004,0.5017,0.8771,0.3499,-0.44236590514797564,0,5,"[-0.5533747682913531, -0.16512059369202226, -0.20736735383575533, -0.8470922459893048, -0.4388745639314424]","[0.4337585868498528, 0.812987012987013, 0.7228793511321392, 0.12533422459893048, 0.5416350674958289]","[0.9871333551412059, 0.9781076066790353, 0.9302467049678945, 0.9724264705882353, 0.9805096314272713]",0.4259791666666667,4,"[0.5253333333333333, 0.30683333333333335, 0.42975, 0.442, null]",23.98016858100891,19.99824333190918,0.11325263977050781,3.343116521835327,0.0009188652038574219,0.3427262306213379,1115740,ai08,success,
lenet_fmnist,FashionMNIST,5,0.1,42,300,4.0,warmup_only_labelled,warmup_only,100,0.0,0.1,0.49266000000000004,0.7125,0.8855,0.1,-0.9140130629217756,0,5,"[-0.9628209403134378, -0.7414782430493886, -0.9706754906435417, -0.9096134621792735, -0.9854771784232366]","[0.01450483494498166, 0.2010041669512945, 0.0, 0.0005831389536821059, 0.001037344398340249]","[0.9773257752584195, 0.9424824100006831, 0.9706754906435417, 0.9101966011329556, 0.9865145228215768]",0.05,4,"[0.0, 0.0, 0.2, 0.0, null]",20.480242252349854,19.939252853393555,0.022804737091064453,0.0,0.0,0.34063100814819336,1115740,ai08,success,
lenet_fmnist,FashionMNIST,5,0.1,43,300,4.0,warmup_only_labelled,warmup_only,100,0.0,0.1735,0.43676000000000004,0.6064,0.8871,0.1735,-0.7905632205686421,0,5,"[-0.8347760482846251, -0.9437131184748071, -0.5104135224871718, -0.7307025729902679, -0.933210840606339]","[0.13901683608640406, 0.007716749886518384, 0.4592514337458497, 0.255632582322357, 0.0005512172714745062]","[0.9737928843710292, 0.9514298683613255, 0.9696649562330214, 0.986335155312625, 0.9337620578778135]",0.1916041666666667,4,"[0.33266666666666667, 0.2495, 0.0, 0.18425, null]",20.850606203079224,20.29782795906067,0.02406024932861328,0.0,0.0,0.3480830192565918,1115790,ai08,success,
lenet_fmnist,FashionMNIST,5,0.1,44,300,4.0,warmup_only_labelled,warmup_only,100,0.0,0.1837,0.45424,0.5225,0.8777,0.1837,-0.8027545034275029,0,5,"[-0.8909606367898811, -0.8858998144712431, -0.5631632308212233, -0.9458556149732621, -0.727893220081905]","[0.09606367898811471, 0.0911873840445269, 0.36762419736397434, 0.02556818181818182, 0.2529956013954194]","[0.9870243157779959, 0.97708719851577, 0.9307874281851977, 0.9714237967914439, 0.9808888214773245]",0.181875,4,"[0.0, 0.25883333333333336, 0.216, 0.25266666666666665, null]",20.83352518081665,20.26910090446472,0.02346968650817871,0.0,0.0,0.36252617835998535,1115842,ai08,success,
lenet_fmnist,FashionMNIST,5,0.3,42,300,4.0,dp_avg_eps2_K20,dp_avg,10,4.484595957758596,0.4947,0.65452,0.7998,0.8886,0.1047,-0.432376762583916,0,5,"[-0.6137544982007197, -0.5452478686454058, -0.456808902409735, -0.2839287968690821, -0.26214374679463703]","[0.31397441023590567, 0.3844647931796653, 0.4765831398606997, 0.6771872238353743, 0.6977067917063521]","[0.9277289084366254, 0.9297126618250711, 0.9333920422704347, 0.9611160207044565, 0.9598505385009891]",0.087,2,"[null, 0.0, null, 0.174, null]",24.452810525894165,20.466880321502686,0.06330537796020508,3.4086170196533203,0.0009436607360839844,0.3243374824523926,1115910,ai08,success,
lenet_fmnist,FashionMNIST,5,0.3,43,300,4.0,dp_avg_eps2_K20,dp_avg,10,4.508633413678534,0.4755,0.62672,0.6684,0.8886,0.1029,-0.46739833995998126,0,5,"[-0.278696268304204, -0.25336191775482353, -0.4582687624529555, -0.8003913894324853, -0.5462733618554381]","[0.6862068965517242, 0.6942116546482168, 0.4889307062209431, 0.15682262942536915, 0.3253021091345793]","[0.9649031648559282, 0.9475735724030403, 0.9471994686738986, 0.9572140188578545, 0.8715754709900173]",0.30462500000000003,4,"[0.0, 0.247, 0.1895, 0.782, null]",24.307955503463745,20.334428310394287,0.0592801570892334,3.3881235122680664,0.0009326934814453125,0.3407759666442871,1115965,ai08,success,
lenet_fmnist,FashionMNIST,5,0.3,43,300,4.0,dp_avg_eps8_K20,dp_avg,10,1.1271583534196334,0.4594,0.61164,0.6572,0.8878,0.0989,-0.4705839187708838,0,5,"[-0.32990080302314595, -0.24205807834730075, -0.48317467345583354, -0.7873154243017257, -0.510470614726413]","[0.6307038261691073, 0.7006431494835315, 0.4672348904139916, 0.1723892545810354, 0.3373864745177513]","[0.9606046291922532, 0.9427012278308322, 0.9504095638698251, 0.9597046788827611, 0.8478570892441643]",0.267,4,"[0.0, 0.065, 0.224, 0.779, null]",24.558497190475464,20.56710982322693,0.06168651580810547,3.420334577560425,0.0009517669677734375,0.3299131393432617,1115679,ai08,success,
lenet_fmnist,FashionMNIST,5,0.3,44,300,4.0,dp_avg_eps8_K20,dp_avg,10,1.123172016844655,0.5247,0.6522399999999999,0.7419,0.8773,0.2074,-0.37801822263351365,0,5,"[-0.33504143044047097, -0.45897435897435895, -0.5775027447849086, -0.3137181409295352, -0.2048544380382945]","[0.6007959005669429, 0.43906882591093116, 0.32328575706158297, 0.5592203898050975, 0.7221154530571571]","[0.9358373310074138, 0.8980431848852901, 0.9007885018464916, 0.8729385307346327, 0.9269698910954516]",0.4665,2,"[null, 0.044, null, 0.889, null]",24.26694655418396,20.332372903823853,0.060437679290771484,3.370170831680298,0.0009202957153320312,0.3205909729003906,1115740,ai08,success,
lenet_fmnist,FashionMNIST,5,0.3,44,300,4.0,labelled_probe_warmup,labelled,100,0.0,0.4657,0.64154,0.7227,0.8828,0.1837,-0.4481035748357984,0,5,"[-0.4186109899694723, -0.6095141700404858, -0.5633296736201219, -0.39730134932533734, -0.2517616912235746]","[0.522187091146969, 0.31032388663967614, 0.3378580696676315, 0.4497751124437781, 0.6789095309274682]","[0.9407980811164414, 0.9198380566801619, 0.9011877432877533, 0.8470764617691154, 0.9306712221510428]",0.447,2,"[null, 0.0, null, 0.894, null]",24.436660289764404,20.46611976623535,0.04084467887878418,3.420095205307007,0.0009319782257080078,0.32213616371154785,1115679,ai08,success,
lenet_fmnist,FashionMNIST,5,0.3,42,300,4.0,no_phase0,none,0,0.0,0.4477,0.65976,0.7958,0.8791,0.1,-0.48683997133530116,0,5,"[-0.645641743302679, -0.5957688664351122, -0.43535345448723084, -0.35374321424062616, -0.4036925782108579]","[0.28708516593362654, 0.3332491316703505, 0.5274997998558962, 0.6125489205908345, 0.5590885779177962]","[0.9327269092363055, 0.9290179981054626, 0.9628532543431271, 0.9662921348314607, 0.9627811561286541]",0.012,2,"[null, 0.005, null, 0.019, null]",24.48360538482666,20.53262948989868,0.021158933639526367,3.4205446243286133,0.000985860824584961,0.3316473960876465,1115679,ai08,success,
lenet_fmnist,FashionMNIST,5,0.3,43,300,4.0,no_phase0,none,0,0.0,0.4548,0.61368,0.6543,0.8863,0.0368,-0.4772168844956398,0,5,"[-0.30217288615966, -0.2588189436756967, -0.4738764666814257, -0.7906066536203522, -0.5606094723410644]","[0.6637222484648087, 0.6850516468524654, 0.47520478193491256, 0.1696317381248888, 0.2765142985814006]","[0.9658951346244686, 0.9438705905281621, 0.9490812486163382, 0.9602383917452411, 0.8371237709224649]",0.284375,4,"[0.0, 0.194, 0.1275, 0.816, null]",24.02403688430786,20.11237120628357,0.02057671546936035,3.383518695831299,0.0009446144104003906,0.32857394218444824,1115740,ai08,success,
lenet_fmnist,FashionMNIST,5,0.3,44,300,4.0,no_phase0,none,0,0.0,0.5111,0.6498,0.7301,0.884,0.0897,-0.396968657571566,0,5,"[-0.38453990405582206, -0.4545209176788124, -0.6074458528795289, -0.3414542728635682, -0.19688234038009822]","[0.5588748364587877, 0.446221322537112, 0.2893502345543467, 0.5288605697151424, 0.7305146273756139]","[0.9434147405146097, 0.9007422402159244, 0.8967960874338756, 0.8703148425787106, 0.9273969677557121]",0.445,2,"[null, 0.0, null, 0.89, null]",24.19429659843445,20.306316375732422,0.02044987678527832,3.3620057106018066,0.0009396076202392578,0.3258335590362549,1115790,ai08,success,
lenet_fmnist,FashionMNIST,5,0.3,42,300,4.0,raw_union_K20,raw_union,884,0.0,0.6837,0.64728,0.7796,0.8875,0.6716,-0.26030407202722033,0,5,"[-0.43632546981207515, -0.2918219134827913, -0.311744456008326, -0.17876530741068042, -0.08286321342222869]","[0.49380247900839663, 0.6387748658035997, 0.6486270114482428, 0.7853806337583639, 0.8834346838596234]","[0.9301279488204718, 0.930596779286391, 0.9603714674565688, 0.9641459411690443, 0.9662978972818521]",0.566,2,"[null, 0.43, null, 0.702, null]",24.323899030685425,20.287697315216064,0.14988231658935547,3.38132905960083,0.0009388923645019531,0.3222231864929199,1115740,ai08,success,
lenet_fmnist,FashionMNIST,5,0.3,43,300,4.0,raw_union_K20,raw_union,814,0.0,0.5975,0.6102,0.6663,0.8865,0.5328,-0.3504783267454007,0,5,"[-0.15030703826169112, -0.1826154745663613, -0.44764224042506084, -0.4549012631204412, -0.5169256173534489]","[0.8076523382144544, 0.7596959656986942, 0.49922514943546603, 0.5022238035936666, 0.3488703745402687]","[0.9579593764761455, 0.9423114402650555, 0.9468673898605269, 0.9571250667141078, 0.8657959918937176]",0.5211250000000001,4,"[0.0, 0.72, 0.4935, 0.871, null]",24.349939823150635,20.339730978012085,0.13950634002685547,3.367459297180176,0.0009219646453857422,0.3243427276611328,1115790,ai08,success,
lenet_fmnist,FashionMNIST,5,0.3,44,300,4.0,raw_union_K20,raw_union,885,0.0,0.6692,0.64736,0.7423,0.8821,0.6531,-0.2253892965215411,0,5,"[-0.20524422154382904, -0.23933873144399465, -0.42728815251023056, -0.07271364317841078, -0.18236173393124067]","[0.7424225904928042, 0.6723346828609986, 0.4581295538476894, 0.7934782608695652, 0.7448928749377179]","[0.9476668120366333, 0.9116734143049933, 0.8854177063579199, 0.866191904047976, 0.9272546088689586]",0.5625,2,"[null, 0.209, null, 0.916, null]",24.344151735305786,20.330021619796753,0.14990997314453125,3.364572286605835,0.000942230224609375,0.3201723098754883,1115842,ai08,success,
lenet_fmnist,FashionMNIST,5,0.3,42,300,4.0,warmup_only_labelled,warmup_only,100,0.0,0.1,0.6406400000000001,0.7964,0.8838,0.1,-0.8592383817009775,0,5,"[-0.8713514594162335, -0.8283549100094727, -0.9514850692498599, -0.9618735008206035, -0.6831269690087185]","[0.05047980807676929, 0.10413640669403221, 0.0036826515090865423, 0.00012624668602449185, 0.27708989669572864]","[0.9218312674930028, 0.9324913167035049, 0.9551677207589464, 0.961999747506628, 0.9602168657044472]",0.0,2,"[null, 0.0, null, 0.0, null]",20.773040533065796,20.25300908088684,0.02378106117248535,0.0,0.0,0.31717920303344727,1115842,ai08,success,
lenet_fmnist,FashionMNIST,5,0.3,43,300,4.0,warmup_only_labelled,warmup_only,100,0.0,0.1735,0.6272400000000001,0.6779,0.8804,0.1735,-0.7564735146626592,0,5,"[-0.8156353330184223, -0.8854024556616644, -0.5853442550365286, -0.6343177370574631, -0.8616677925392179]","[0.14128483703353803, 0.05184174624829468, 0.37270312154084567, 0.3208503824942181, 0.012834947083990092]","[0.9569201700519603, 0.937244201909959, 0.9580473765773744, 0.9551681195516812, 0.874502739623208]",0.125,4,"[0.499, 0.0, 0.0, 0.001, null]",20.995715141296387,20.462480306625366,0.024325847625732422,0.0,0.0,0.3283076286315918,1115910,ai08,success,
lenet_fmnist,FashionMNIST,5,0.3,44,300,4.0,warmup_only_labelled,warmup_only,100,0.0,0.1837,0.6536,0.7451,0.8794,0.1837,-0.7339318826715464,0,5,"[-0.8395115569123419, -0.5606612685560055, -0.8781315500548956, -0.6701649175412294, -0.7211901202932594]","[0.10444832097688618, 0.3584345479082321, 0.020960175666234156, 0.20389805097451275, 0.21090469072531853]","[0.9439598778892281, 0.9190958164642375, 0.8990917257211298, 0.8740629685157422, 0.9320948110185778]",0.055,2,"[null, 0.002, null, 0.108, null]",20.965543508529663,20.44199824333191,0.023506641387939453,0.0,0.0,0.3181471824645996,1115965,ai08,success,
lenet_fmnist,FashionMNIST,5,1.0,44,300,4.0,dp_avg_eps2_K20,dp_avg,10,4.49268806737862,0.6256,0.8008799999999999,0.8218,0.8656,0.1679,-0.2664394959280325,0,5,"[-0.3560465731675046, -0.24351548728280037, -0.20463268466769913, -0.22126705288731074, -0.306735681634848]","[0.4929875628473141, 0.6826995718962477, 0.6951720422867147, 0.64044103905812, 0.6050685668190374]","[0.8490341360148187, 0.9262150591790481, 0.8998047269544138, 0.8617080919454307, 0.9118042484538854]",,0,"[null, null, null, null, null]",24.382653951644897,20.4214289188385,0.060724735260009766,3.4009459018707275,0.0009477138519287109,0.31856489181518555,1115679,ai08,success,
lenet_fmnist,FashionMNIST,5,1.0,42,300,4.0,dp_avg_eps8_K20,dp_avg,10,1.121148989439649,0.6609,0.7992600000000001,0.8488,0.8861,0.1008,-0.2540319106469474,0,5,"[-0.25675368898978435, -0.2799953178040502, -0.19778657731749416, -0.36365891985774546, -0.1719650492656628]","[0.6539160045402951, 0.6420461196301065, 0.7137272819575592, 0.5585145976346042, 0.706822829522216]","[0.9106696935300794, 0.9220414374341567, 0.9115138592750534, 0.9221735174923497, 0.8787878787878788]",,0,"[null, null, null, null, null]",24.265461206436157,20.308196783065796,0.059661865234375,3.3896777629852295,0.0009372234344482422,0.32419824600219727,1115740,ai08,success,
lenet_fmnist,FashionMNIST,5,1.0,43,300,4.0,dp_avg_eps8_K20,dp_avg,10,1.1271583534196334,0.6336,0.77488,0.8074,0.8921,0.1031,-0.2575639156239643,0,5,"[-0.36499649837652004, -0.1974336170753399, -0.27170476653696496, -0.21294167730949343, -0.24074301882150329]","[0.5629337238174063, 0.6958455088298818, 0.6299854085603113, 0.6997871434653044, 0.705990896789273]","[0.9279302221939263, 0.8932791259052217, 0.9016901750972762, 0.9127288207747978, 0.9467339156107762]",,0,"[null, null, null, null, null]",23.9810950756073,20.090638875961304,0.06076478958129883,3.3375778198242188,0.0009162425994873047,0.31337809562683105,1115790,ai08,success,
lenet_fmnist,FashionMNIST,5,1.0,44,300,4.0,dp_avg_eps8_K20,dp_avg,10,1.123172016844655,0.6466,0.8031600000000001,0.842,0.8781,0.2366,-0.24782703622996144,0,5,"[-0.30960571579783014, -0.18299336858893644, -0.24301393845532282, -0.25284993459166505, -0.2506722237160527]","[0.5752844667901561, 0.7424662133803408, 0.6519426301259175, 0.6216595028966548, 0.6593842430760958]","[0.8848901825879862, 0.9254595819692772, 0.8949565685812403, 0.8745094374883199, 0.9100564667921485]",,0,"[null, null, null, null, null]",24.237377643585205,20.302245140075684,0.061827898025512695,3.3735921382904053,0.0009229183197021484,0.3200998306274414,1115842,ai08,success,
lenet_fmnist,FashionMNIST,5,1.0,42,300,4.0,labelled_probe_warmup,labelled,100,0.0,0.6585,0.7877799999999999,0.8465,0.8738,0.1,-0.24541768753629611,0,5,"[-0.24256526674233825, -0.2376214444574506, -0.1841303685653366, -0.38987676784385084, -0.17289459007250418]","[0.6582292849035187, 0.6566779819735455, 0.7264696923545537, 0.5382515920932925, 0.7052426101505856]","[0.900794551645857, 0.8942994264309961, 0.9106000609198903, 0.9281283599371434, 0.8781372002230898]",,0,"[null, null, null, null, null]",24.33407974243164,20.392844676971436,0.04170513153076172,3.401768922805786,0.0010044574737548828,0.31937170028686523,1115679,ai08,success,
lenet_fmnist,FashionMNIST,5,1.0,43,300,4.0,labelled_probe_warmup,labelled,100,0.0,0.6799,0.7778799999999999,0.8215,0.8908,0.1735,-0.20978926370637963,0,5,"[-0.30788820271216655, -0.181806631940033, -0.22653210116731515, -0.18620689655172418, -0.14651248616065937]","[0.6076908384796588, 0.6996569686189811, 0.6764956225680934, 0.7319710515112814, 0.7839832697748801]","[0.9155790411918253, 0.8814636005590141, 0.9030277237354085, 0.9181779480630056, 0.9304957559355395]",,0,"[null, null, null, null, null]",24.26448893547058,20.332775831222534,0.040678977966308594,3.3891897201538086,0.0009336471557617188,0.3148462772369385,1115740,ai08,success,
lenet_fmnist,FashionMNIST,5,1.0,44,300,4.0,labelled_probe_warmup,labelled,100,0.0,0.6108,0.7938799999999999,0.8219,0.8752,0.1837,-0.27166082469067765,0,5,"[-0.25668166181529506, -0.2421724166876521, -0.2769510470675376, -0.2504204821528686, -0.332078515730035]","[0.6141836464673194, 0.6863090741207085, 0.6171301595852131, 0.6133433003176977, 0.5870529712288249]","[0.8708653082826144, 0.9284814908083606, 0.8940812066527507, 0.8637637824705663, 0.9191314869588599]",,0,"[null, null, null, null, null]",24.12608551979065,20.2466561794281,0.04044818878173828,3.344377040863037,0.0009441375732421875,0.3156561851501465,1115790,ai08,success,
lenet_fmnist,FashionMNIST,5,1.0,42,300,4.0,no_phase0,none,0,0.0,0.6755,0.79916,0.8544,0.8795,0.1,-0.22805869599725534,0,5,"[-0.2338251986379114, -0.21924382535409104, -0.1882424611635699, -0.3450500372177653, -0.1539319576129392]","[0.664472190692395, 0.683483553786726, 0.7242867296172201, 0.5742287651972542, 0.739542665923034]","[0.8982973893303065, 0.902727379140817, 0.91252919078079, 0.9192788024150195, 0.8934746235359732]",,0,"[null, null, null, null, null]",24.18995213508606,20.284302234649658,0.021104097366333008,3.3819968700408936,0.0010223388671875,0.3180429935455322,1115790,ai08,success,
lenet_fmnist,FashionMNIST,5,1.0,43,300,4.0,no_phase0,none,0,0.0,0.6446,0.7723,0.8083,0.8859,0.0368,-0.2458633730670327,0,5,"[-0.3657604889539696, -0.18993774615677805, -0.27164396887159525, -0.19727543635589606, -0.2046992249969246]","[0.5633793849875851, 0.7151569050946512, 0.6274927042801557, 0.7157939548744147, 0.7426497724197318]","[0.9291398739415547, 0.9050946512514293, 0.8991366731517509, 0.9130693912303107, 0.9473489974166565]",,0,"[null, null, null, null, null]",24.308764457702637,20.39884352684021,0.02092909812927246,3.3862757682800293,0.0009319782257080078,0.31765151023864746,1115842,ai08,success,
lenet_fmnist,FashionMNIST,5,1.0,44,300,4.0,no_phase0,none,0,0.0,0.6035,0.7978999999999999,0.816,0.8749,0.0897,-0.2912735756422208,0,5,"[-0.42061391902619744, -0.22714681440443207, -0.24335061612012654, -0.2550925060736311, -0.31016402258671694]","[0.44231278115903677, 0.6970536388818938, 0.6571274661638947, 0.6107269669220706, 0.592296316214036]","[0.8629267001852342, 0.9242004532863258, 0.9004780822840213, 0.8658194729957017, 0.9024603388007529]",,0,"[null, null, null, null, null]",24.41225266456604,20.493871927261353,0.021178483963012695,3.3999993801116943,0.0009770393371582031,0.3170921802520752,1115910,ai08,success,
lenet_fmnist,FashionMNIST,5,1.0,42,300,4.0,raw_union_K20,raw_union,971,0.0,0.7178,0.78746,0.8485,0.8782,0.6119,-0.178085466062978,0,5,"[-0.19614074914869462, -0.1827226969448672, -0.1581886485937658, -0.26060706310478865, -0.0927681725227738]","[0.6929625425652668, 0.7219946154746576, 0.7477916539750229, 0.6612356298072947, 0.7912251347834169]","[0.8891032917139614, 0.9047173124195248, 0.9059803025687887, 0.9218426929120833, 0.8839933073061907]",,0,"[null, null, null, null, null]",24.422730445861816,20.38013219833374,0.15852618217468262,3.3863279819488525,0.0009462833404541016,0.3189396858215332,1115842,ai08,success,
lenet_fmnist,FashionMNIST,5,1.0,43,300,4.0,raw_union_K20,raw_union,1000,0.0,0.7488,0.7848599999999999,0.8391,0.8871,0.6772,-0.15181884606056592,0,5,"[-0.21990195454256056, -0.1787574641087537, -0.16901750972762652, -0.09263516389953164, -0.0987821380243572]","[0.7075826064811868, 0.7122347859230085, 0.7339494163424124, 0.8252022137079609, 0.8521343338664042]","[0.9274845610237473, 0.8909922500317622, 0.9029669260700389, 0.9178373776074925, 0.9509164718907614]",,0,"[null, null, null, null, null]",24.48585844039917,20.421995639801025,0.1651442050933838,3.3964550495147705,0.0009467601776123047,0.3208141326904297,1115910,ai08,success,
lenet_fmnist,FashionMNIST,5,1.0,44,300,4.0,raw_union_K20,raw_union,1000,0.0,0.7609,0.79674,0.8219,0.8826,0.6806,-0.12592902578132736,0,5,"[-0.13985181264884894, -0.11760261898766056, -0.13669113191030913, -0.14333769388899276, -0.09216187147082544]","[0.6984652024345065, 0.8034080416351884, 0.7636522793077907, 0.7126705288731078, 0.8251546114546922]","[0.8383170150833554, 0.921010660622849, 0.9003434112180998, 0.8560082227621005, 0.9173164829255176]",,0,"[null, null, null, null, null]",24.47819972038269,20.428425550460815,0.15776395797729492,3.3915321826934814,0.0009846687316894531,0.3195066452026367,1115965,ai08,success,
lenet_fmnist,FashionMNIST,5,1.0,42,300,4.0,warmup_only_labelled,warmup_only,100,0.0,0.1,0.7929799999999999,0.8512,0.8837,0.1,-0.8092048033201852,0,5,"[-0.8742338251986379, -0.7731476062273206, -0.7869326835211696, -0.7976180630220825, -0.8140918386317159]","[0.025085130533484677, 0.11869366732997776, 0.12229667986597624, 0.1335704242825242, 0.06729875441531884]","[0.8993189557321226, 0.8918412735572984, 0.9092293633871459, 0.9311884873046067, 0.8813905930470347]",,0,"[null, null, null, null, null]",20.868534564971924,20.352948904037476,0.024121999740600586,0.0,0.0,0.3122231960296631,1115965,ai08,success,
