backbone,dataset,N,alpha,seed,K,tau,method,phase0_kind,probe_size_actual,sigma,agg_method,agg_depth,acc,mean_teacher,best_teacher,oracle,theta0_acc,m3_mean_gap,m3_clients_helped,m3_clients_evaluated,m3_gap,m3_student_acc_on_Di,m3_teacher_acc_on_Di,m4_mean,m4_clients_evaluated,m4_ood_acc,wall_clock_sec,phase_teacher_sec,phase_phase0_sec,phase_distill_sec,phase_aggregate_sec,phase_eval_sec,job_id,node,status,error
mlp_mnist,MNIST,10,0.05,42,300,4.0,raw_union_K20,raw_union,763,0.0,agreement_gated,deep,0.8695,0.33282,0.5696,0.9735,0.8698,-0.11199960355870431,0,10,"[-0.027649769585253448, -0.3100784851127445, -0.15384615384615385, -0.11111111111111105, -0.1529175050301811, -0.12186001917545541, -0.07072145858557077, -0.009216589861751112, -0.10800079412348618, -0.05459414915533578]","[0.9262672811059908, 0.6880528217266725, 0.8401465201465201, 0.8838676451654436, 0.8458752515090543, 0.8745925215723873, 0.9210170215796596, 0.9493087557603687, 0.8888227119317054, 0.9439637412443346]","[0.9539170506912442, 0.998131306839417, 0.993992673992674, 0.9949787562765546, 0.9987927565392354, 0.9964525407478427, 0.9917384801652304, 0.9585253456221198, 0.9968235060551915, 0.9985578903996704]",0.8512841375212581,10,"[0.857536304456685, 0.8760768721007289, 0.8478389579632919, 0.8744053282588011, 0.8563989585419587, 0.8506016042780749, 0.8079658605974396, 0.8723012552301255, 0.899171943497321, 0.7705442902881536]",23.29015588760376,17.242138862609863,0.17237520217895508,5.286101818084717,0.04466128349304199,0.2368464469909668,,f37ca08ce36f,success,
mlp_mnist,MNIST,10,0.05,42,300,4.0,raw_union_K20,raw_union,763,0.0,consensus_proj,deep,0.8466,0.33282,0.5696,0.9735,0.8698,-0.1358368893474542,1,10,"[0.01382488479262678, -0.4104895976080728, -0.2244688644688645, -0.09939487575640527, -0.20724346076458755, -0.1277085330776606, -0.04558079908838397, -0.05069124423963134, -0.15346436370855665, -0.053152039555006136]","[0.967741935483871, 0.5876417092313442, 0.7695238095238095, 0.8955838805201494, 0.7915492957746478, 0.8687440076701821, 0.9461576810768464, 0.9078341013824884, 0.8433591423466349, 0.9454058508446642]","[0.9539170506912442, 0.998131306839417, 0.993992673992674, 0.9949787562765546, 0.9987927565392354, 0.9964525407478427, 0.9917384801652304, 0.9585253456221198, 0.9968235060551915, 0.9985578903996704]",0.8213980225848889,10,"[0.8276164246369554, 0.8744201457919152, 0.8221827511347938, 0.8399143672692674, 0.8345683957540557, 0.8073195187165776, 0.7467994310099573, 0.8565690376569037, 0.9050170482221139, 0.69957310565635]",23.789883852005005,17.882636547088623,0.16607308387756348,5.1985533237457275,0.0008528232574462891,0.22084712982177734,,f37ca08ce36f,success,
mlp_mnist,MNIST,10,0.05,42,300,4.0,raw_union_K20,raw_union,763,0.0,coord_median,deep,0.8692,0.33282,0.5696,0.9735,0.8698,-0.10990737493021677,0,10,"[-0.004608294930875556, -0.3194219509156596, -0.12322344322344325, -0.11226985966267544, -0.13038229376257537, -0.1582933844678811, -0.06751655864966877, -0.055299539170506895, -0.08417708953742298, -0.04388133498145852]","[0.9493087557603687, 0.6787093559237574, 0.8707692307692307, 0.8827088966138792, 0.86841046277666, 0.8381591562799616, 0.9242219215155616, 0.9032258064516129, 0.9126464165177686, 0.9546765554182118]","[0.9539170506912442, 0.998131306839417, 0.993992673992674, 0.9949787562765546, 0.9987927565392354, 0.9964525407478427, 0.9917384801652304, 0.9585253456221198, 0.9968235060551915, 0.9985578903996704]",0.8532022801817318,10,"[0.8619178768152228, 0.8807157057654076, 0.8391553187290309, 0.8670313986679353, 0.8590026036451032, 0.8624665775401069, 0.8158910790489737, 0.8768200836820084, 0.8915408345510635, 0.7774813233724653]",25.237825393676758,19.02911353111267,0.17012977600097656,5.441664218902588,0.026656627655029297,0.23782753944396973,,f37ca08ce36f,success,
mlp_mnist,MNIST,10,0.05,42,300,4.0,raw_union_K20,raw_union,763,0.0,coord_trimmed_mean,deep,0.86,0.33282,0.5696,0.9735,0.8698,-0.11288420691530143,1,10,"[0.01382488479262678, -0.3792201320543167, -0.11076923076923073, -0.10441611947985063, -0.12233400402414485, -0.18456375838926176, -0.06260237874795238, -0.03686635944700456, -0.07782410164780618, -0.06407086938607331]","[0.967741935483871, 0.6189111747851003, 0.8832234432234433, 0.890562636796704, 0.8764587525150905, 0.811888782358581, 0.929136101417278, 0.9216589861751152, 0.9189994044073854, 0.934487021013597]","[0.9539170506912442, 0.998131306839417, 0.993992673992674, 0.9949787562765546, 0.9987927565392354, 0.9964525407478427, 0.9917384801652304, 0.9585253456221198, 0.9968235060551915, 0.9985578903996704]",0.832660632032943,10,"[0.8455182774161242, 0.8727634194831014, 0.812907045589106, 0.8584681255946718, 0.8287602643701182, 0.852774064171123, 0.7904897378581589, 0.8512133891213389, 0.8895924663094659, 0.724119530416222]",24.76607608795166,18.544402837753296,0.16585659980773926,5.443234205245972,0.041368722915649414,0.23689937591552734,,f37ca08ce36f,success,
mlp_mnist,MNIST,10,0.05,42,300,4.0,raw_union_K20,raw_union,763,0.0,mag_weighted,depth-1,0.8467,0.33282,0.5696,0.9735,0.8698,-0.13741633473998313,1,10,"[0.004608294930875556, -0.3819608820231718, -0.2386813186813187, -0.09450238187202264, -0.21006036217303825, -0.14209012464046022, -0.04821593903568122, -0.03686635944700456, -0.1643835616438356, -0.06201071281417381]","[0.9585253456221198, 0.6161704248162452, 0.7553113553113553, 0.900476374404532, 0.7887323943661971, 0.8543624161073825, 0.9435225411295491, 0.9216589861751152, 0.8324399444113559, 0.9365471775854965]","[0.9539170506912442, 0.998131306839417, 0.993992673992674, 0.9949787562765546, 0.9987927565392354, 0.9964525407478427, 0.9917384801652304, 0.9585253456221198, 0.9968235060551915, 0.9985578903996704]",0.8241311550009748,10,"[0.8273660490736104, 0.8714380384360504, 0.8286954805604895, 0.8258801141769743, 0.8387742839975967, 0.8086564171122995, 0.7472058524690104, 0.8605857740585774, 0.9048546842019808, 0.727854855923159]",23.132120370864868,17.048898458480835,0.1468822956085205,5.162063121795654,0.0712118148803711,0.23607206344604492,,f37ca08ce36f,success,
mlp_mnist,MNIST,10,0.05,42,300,4.0,raw_union_K20,raw_union,763,0.0,poly_gate_d2_a,depth-2,0.8687,0.33282,0.5696,0.9735,0.8698,-0.11219585312027054,0,10,"[-0.02304147465437789, -0.2891491217142146, -0.14051282051282055, -0.1251448435689455, -0.138430583501006, -0.1294343240651965, -0.08589131828217356, -0.013824884792626668, -0.10998610283899146, -0.06654305727235266]","[0.9308755760368663, 0.7089821851252024, 0.8534798534798534, 0.8698339127076091, 0.8603621730382294, 0.8670182166826462, 0.9058471618830568, 0.9447004608294931, 0.8868374032162001, 0.9320148331273177]","[0.9539170506912442, 0.998131306839417, 0.993992673992674, 0.9949787562765546, 0.9987927565392354, 0.9964525407478427, 0.9917384801652304, 0.9585253456221198, 0.9968235060551915, 0.9985578903996704]",0.8519995190375077,10,"[0.8565348022033049, 0.8737574552683897, 0.8484310242747187, 0.8770218839200761, 0.8541958742239135, 0.8587901069518716, 0.8169071326966064, 0.8666108786610879, 0.8918655625913298, 0.775880469583778]",23.331958532333374,17.44612956047058,0.15804100036621094,5.172059059143066,0.0008957386016845703,0.23939013481140137,,f37ca08ce36f,success,
mlp_mnist,MNIST,10,0.05,42,300,4.0,raw_union_K20,raw_union,763,0.0,poly_gate_d2_b,depth-2,0.8681,0.33282,0.5696,0.9735,0.8698,-0.11139459965218287,0,10,"[-0.018433179723502335, -0.2950043602840414, -0.1424175824175824, -0.11922235097206124, -0.1412474849094567, -0.12751677852348986, -0.08339861833202755, -0.013824884792626668, -0.10839785586658723, -0.06448290070045326]","[0.9354838709677419, 0.7031269465553756, 0.8515750915750916, 0.8757564053044934, 0.8575452716297787, 0.8689357622243529, 0.9083398618332028, 0.9447004608294931, 0.8884256501886043, 0.9340749896992171]","[0.9539170506912442, 0.998131306839417, 0.993992673992674, 0.9949787562765546, 0.9987927565392354, 0.9964525407478427, 0.9917384801652304, 0.9585253456221198, 0.9968235060551915, 0.9985578903996704]",0.8505764012709337,10,"[0.8559088632949424, 0.8757455268389662, 0.8468521807775804, 0.8760704091341579, 0.8531944722611656, 0.8546122994652406, 0.813655761024182, 0.8661087866108786, 0.8941386588731937, 0.7694770544290288]",23.48056149482727,17.63799524307251,0.15253400802612305,5.148752212524414,0.0010809898376464844,0.23142743110656738,,f37ca08ce36f,success,
mlp_mnist,MNIST,10,0.05,42,300,4.0,raw_union_K20,raw_union,763,0.0,second_moment,deep,0.8672,0.33282,0.5696,0.9735,0.8698,-0.11389014231155614,0,10,"[-0.004608294930875556, -0.3346206552884017, -0.15443223443223442, -0.1031286210892236, -0.15774647887323945, -0.1274209012464046, -0.07100633857987315, -0.013824884792626668, -0.11236847329759769, -0.059744540585084494]","[0.9493087557603687, 0.6635106515510153, 0.8395604395604396, 0.891850135187331, 0.8410462776659959, 0.8690316395014381, 0.9207321415853572, 0.9447004608294931, 0.8844550327575939, 0.9388133498145859]","[0.9539170506912442, 0.998131306839417, 0.993992673992674, 0.9949787562765546, 0.9987927565392354, 0.9964525407478427, 0.9917384801652304, 0.9585253456221198, 0.9968235060551915, 0.9985578903996704]",0.8452811342068216,10,"[0.8534051076614922, 0.8764082173624917, 0.8413262285375962, 0.8720266412940058, 0.848387742839976, 0.8440842245989305, 0.7996342206868523, 0.8644351464435146, 0.9017697678194512, 0.7513340448239061]",25.25070548057556,19.318433046340942,0.1385178565979004,5.179849147796631,0.028860092163085938,0.23777508735656738,,f37ca08ce36f,success,
mlp_mnist,MNIST,10,0.05,42,300,4.0,raw_union_K20,raw_union,763,0.0,sign_majority,deep,0.8463,0.33282,0.5696,0.9735,0.8698,-0.13468884699325356,0,10,"[-0.02304147465437789, -0.377974336613928, -0.21010989010989012, -0.10196987253765932, -0.19476861167002013, -0.1414189837008628, -0.06644825867103477, -0.027649769585253448, -0.14850109191979344, -0.055006180469715726]","[0.9308755760368663, 0.620156970225489, 0.7838827838827839, 0.8930088837388953, 0.8040241448692153, 0.8550335570469799, 0.9252902214941956, 0.9308755760368663, 0.8483224141353981, 0.9435517099299546]","[0.9539170506912442, 0.998131306839417, 0.993992673992674, 0.9949787562765546, 0.9987927565392354, 0.9964525407478427, 0.9917384801652304, 0.9585253456221198, 0.9968235060551915, 0.9985578903996704]",0.8223250778306536,10,"[0.8301201802704056, 0.8624917163684559, 0.8217880402605092, 0.8377735490009515, 0.8321650310434608, 0.8099933155080213, 0.7567567567567568, 0.8535564853556485, 0.8960870271147914, 0.7225186766275347]",23.239429712295532,17.26248550415039,0.14877104759216309,5.175194263458252,0.03016972541809082,0.2192702293395996,,f37ca08ce36f,success,
mlp_mnist,MNIST,10,0.05,42,300,4.0,raw_union_K20,raw_union,763,0.0,weight_avg,depth-1,0.8466,0.33282,0.5696,0.9735,0.8698,-0.1358368893474542,1,10,"[0.01382488479262678, -0.4104895976080728, -0.2244688644688645, -0.09939487575640527, -0.20724346076458755, -0.1277085330776606, -0.04558079908838397, -0.05069124423963134, -0.15346436370855665, -0.053152039555006136]","[0.967741935483871, 0.5876417092313442, 0.7695238095238095, 0.8955838805201494, 0.7915492957746478, 0.8687440076701821, 0.9461576810768464, 0.9078341013824884, 0.8433591423466349, 0.9454058508446642]","[0.9539170506912442, 0.998131306839417, 0.993992673992674, 0.9949787562765546, 0.9987927565392354, 0.9964525407478427, 0.9917384801652304, 0.9585253456221198, 0.9968235060551915, 0.9985578903996704]",0.8213980225848889,10,"[0.8276164246369554, 0.8744201457919152, 0.8221827511347938, 0.8399143672692674, 0.8345683957540557, 0.8073195187165776, 0.7467994310099573, 0.8565690376569037, 0.9050170482221139, 0.69957310565635]",53.74971032142639,17.44266700744629,0.17564821243286133,5.3050055503845215,0.001995086669921875,0.2976081371307373,,f37ca08ce36f,success,
mlp_mnist,MNIST,10,0.05,43,300,4.0,raw_union_K20,raw_union,719,0.0,weight_avg,depth-1,0.8445,0.33494,0.573,0.9747,0.8132,-0.12131969418677543,0,10,"[-0.1015673981191223, -0.09027205276174777, -0.19620622568093382, -0.2958277851753218, -0.07642903018625558, -0.050392124144835626, -0.054294615042278616, 0.0, -0.11027253668763104, -0.23793517406962783]","[0.8966562173458725, 0.9089035449299258, 0.7991245136186771, 0.6993638112146767, 0.9216441875401413, 0.9491072918404806, 0.9403649310191367, 1.0, 0.8865828092243186, 0.758703481392557]","[0.9982236154649948, 0.9991755976916735, 0.9953307392996109, 0.9951915963899985, 0.9980732177263969, 0.9994994159853162, 0.9946595460614153, 1.0, 0.9968553459119497, 0.9966386554621849]",0.8372387727788874,9,"[0.810830017055145, 0.8233571893298633, 0.8499005964214712, 0.8551765409934171, 0.823051948051948, 0.9351777059773829, 0.85693359375, 0.8235002478929102, 0.7572211155378487, null]",23.31216812133789,17.568321466445923,0.15055274963378906,5.041072845458984,0.0016331672668457031,0.22829198837280273,,f37ca08ce36f,success,
mlp_mnist,MNIST,10,0.05,43,300,4.0,raw_union_K20,raw_union,719,0.0,agreement_gated,deep,0.831,0.33494,0.573,0.9747,0.8132,-0.13146009337591055,0,10,"[-0.10700104493207951, -0.1368507831821929, -0.25311284046692606, -0.344281698476106, -0.06486833654463708, -0.05022526280660777, -0.06542056074766356, 0.0, -0.10796645702306085, -0.18487394957983194]","[0.8912225705329153, 0.8623248145094806, 0.7422178988326849, 0.6509098979138925, 0.9332048811817598, 0.9492741531787084, 0.9292389853137517, 1.0, 0.8888888888888888, 0.8117647058823529]","[0.9982236154649948, 0.9991755976916735, 0.9953307392996109, 0.9951915963899985, 0.9980732177263969, 0.9994994159853162, 0.9946595460614153, 1.0, 0.9968553459119497, 0.9966386554621849]",0.8309604808446487,9,"[0.7927799886299034, 0.8287247885491217, 0.8946322067594433, 0.8481946937961301, 0.8131493506493507, 0.9212439418416801, 0.84521484375, 0.8125929598413485, 0.7221115537848606, null]",23.056938648223877,16.904781579971313,0.16831398010253906,5.442754507064819,0.001081705093383789,0.22384166717529297,,f37ca08ce36f,success,
mlp_mnist,MNIST,10,0.05,43,300,4.0,raw_union_K20,raw_union,719,0.0,consensus_proj,deep,0.8445,0.33494,0.573,0.9747,0.8132,-0.12131969418677543,0,10,"[-0.1015673981191223, -0.09027205276174777, -0.19620622568093382, -0.2958277851753218, -0.07642903018625558, -0.050392124144835626, -0.054294615042278616, 0.0, -0.11027253668763104, -0.23793517406962783]","[0.8966562173458725, 0.9089035449299258, 0.7991245136186771, 0.6993638112146767, 0.9216441875401413, 0.9491072918404806, 0.9403649310191367, 1.0, 0.8865828092243186, 0.758703481392557]","[0.9982236154649948, 0.9991755976916735, 0.9953307392996109, 0.9951915963899985, 0.9980732177263969, 0.9994994159853162, 0.9946595460614153, 1.0, 0.9968553459119497, 0.9966386554621849]",0.8372387727788874,9,"[0.810830017055145, 0.8233571893298633, 0.8499005964214712, 0.8551765409934171, 0.823051948051948, 0.9351777059773829, 0.85693359375, 0.8235002478929102, 0.7572211155378487, null]",22.957469940185547,16.67477798461914,0.15337228775024414,5.570490121841431,0.0010714530944824219,0.23475146293640137,,f37ca08ce36f,success,
mlp_mnist,MNIST,10,0.05,43,300,4.0,raw_union_K20,raw_union,719,0.0,coord_median,deep,0.8192,0.33494,0.573,0.9747,0.8132,-0.13061293683918315,0,10,"[-0.11462904911180782, -0.06306677658697446, -0.26215953307393003, -0.3819351975144253, -0.08263755084564328, -0.06807942599699657, -0.0522919448153093, 0.0, -0.1012578616352201, -0.18007202881152462]","[0.883594566353187, 0.9361088211046991, 0.7331712062256809, 0.6132563988755733, 0.9154356668807536, 0.9314199899883197, 0.942367601246106, 1.0, 0.8955974842767296, 0.8165666266506603]","[0.9982236154649948, 0.9991755976916735, 0.9953307392996109, 0.9951915963899985, 0.9980732177263969, 0.9994994159853162, 0.9946595460614153, 1.0, 0.9968553459119497, 0.9966386554621849]",0.815047271371631,9,"[0.770892552586697, 0.794242029928432, 0.8966202783300199, 0.8607620187512468, 0.7988636363636363, 0.9182148626817448, 0.8116861979166666, 0.7876797223599405, 0.6964641434262948, null]",24.15844202041626,17.840961933135986,0.1592400074005127,5.603536367416382,0.0010113716125488281,0.22388458251953125,,f37ca08ce36f,success,
mlp_mnist,MNIST,10,0.05,43,300,4.0,raw_union_K20,raw_union,719,0.0,coord_trimmed_mean,deep,0.8175,0.33494,0.573,0.9747,0.8132,-0.13007711329376415,0,10,"[-0.10846394984326024, -0.07666941467436106, -0.27363813229571987, -0.39658233466489123, -0.0772853778634125, -0.06507592190889377, -0.050066755674232355, 0.0, -0.09140461215932916, -0.16158463385354138]","[0.8897596656217346, 0.9225061830173125, 0.721692607003891, 0.5986092617251073, 0.9207878398629844, 0.9344234940764224, 0.9445927903871829, 1.0, 0.9054507337526205, 0.8350540216086435]","[0.9982236154649948, 0.9991755976916735, 0.9953307392996109, 0.9951915963899985, 0.9980732177263969, 0.9994994159853162, 0.9946595460614153, 1.0, 0.9968553459119497, 0.9966386554621849]",0.8142141783953354,9,"[0.7703240477544059, 0.7963565387117761, 0.9040755467196819, 0.855376022341911, 0.7972402597402597, 0.9232633279483037, 0.8123372395833334, 0.7876797223599405, 0.6812749003984063, null]",24.342203617095947,18.132585525512695,0.157759428024292,5.469193696975708,0.0007865428924560547,0.2269296646118164,,f37ca08ce36f,success,
mlp_mnist,MNIST,10,0.05,43,300,4.0,raw_union_K20,raw_union,719,0.0,mag_weighted,depth-1,0.8455,0.33494,0.573,0.9747,0.8132,-0.12482090007881588,0,10,"[-0.11024033437826541, -0.10098928276999175, -0.19951361867704287, -0.2645361739902352, -0.08991650610147717, -0.05539796429167365, -0.05629728526924793, 0.0, -0.10985324947589103, -0.26146458583433374]","[0.8879832810867294, 0.8981863149216818, 0.795817120622568, 0.7306554223997633, 0.9081567116249197, 0.9441014516936426, 0.9383622607921673, 1.0, 0.8870020964360587, 0.7351740696278511]","[0.9982236154649948, 0.9991755976916735, 0.9953307392996109, 0.9951915963899985, 0.9980732177263969, 0.9994994159853162, 0.9946595460614153, 1.0, 0.9968553459119497, 0.9966386554621849]",0.8378300151215345,9,"[0.8160886867538374, 0.8287247885491217, 0.8300198807157058, 0.8400159585078795, 0.8305194805194805, 0.9365912762520194, 0.8678385416666666, 0.8257312840852752, 0.7649402390438247, null]",23.24089741706848,17.32875084877014,0.15093755722045898,5.2037482261657715,0.0007793903350830078,0.23225069046020508,,f37ca08ce36f,success,
mlp_mnist,MNIST,10,0.05,43,300,4.0,raw_union_K20,raw_union,719,0.0,poly_gate_d2_a,depth-2,0.8186,0.33494,0.573,0.9747,0.8132,-0.1414247756506196,0,10,"[-0.11880877742946716, -0.15952184666117064, -0.27412451361867707, -0.3447255511170292, -0.07407407407407407, -0.05856832971800441, -0.08655985758789497, 0.0, -0.11635220125786161, -0.18151260504201683]","[0.8794148380355277, 0.8396537510305029, 0.7212062256809338, 0.6504660452729694, 0.9239991436523228, 0.9409310862673118, 0.9080996884735203, 1.0, 0.8805031446540881, 0.8151260504201681]","[0.9982236154649948, 0.9991755976916735, 0.9953307392996109, 0.9951915963899985, 0.9980732177263969, 0.9994994159853162, 0.9946595460614153, 1.0, 0.9968553459119497, 0.9966386554621849]",0.8208127638836176,9,"[0.7809835133598636, 0.8227065712426805, 0.8926441351888668, 0.8314382605226411, 0.8035714285714286, 0.9109450726978998, 0.8385416666666666, 0.8032969757064948, 0.703187250996016, null]",22.81047248840332,16.70647430419922,0.15421843528747559,5.322155952453613,0.0014262199401855469,0.2956728935241699,,f37ca08ce36f,success,
mlp_mnist,MNIST,10,0.05,43,300,4.0,raw_union_K20,raw_union,719,0.0,poly_gate_d2_b,depth-2,0.823,0.33494,0.573,0.9747,0.8132,-0.13895750907227006,0,10,"[-0.11504702194357375, -0.15251442704039575, -0.2707198443579767, -0.34147063175025893, -0.07236137871976023, -0.05756716168863674, -0.08277703604806408, 0.0, -0.11488469601677154, -0.18223289315726288]","[0.8831765935214211, 0.8466611706512778, 0.7246108949416342, 0.6537209646397396, 0.9257118390066367, 0.9419322542966795, 0.9118825100133512, 1.0, 0.8819706498951781, 0.814405762304922]","[0.9982236154649948, 0.9991755976916735, 0.9953307392996109, 0.9951915963899985, 0.9980732177263969, 0.9994994159853162, 0.9946595460614153, 1.0, 0.9968553459119497, 0.9966386554621849]",0.8247440121499581,9,"[0.7848209209778283, 0.8257970071567989, 0.8941351888667992, 0.8372232196289647, 0.8084415584415584, 0.9143780290791599, 0.8414713541666666, 0.8067674764501735, 0.7096613545816733, null]",22.978087663650513,16.799534559249878,0.1675279140472412,5.3519556522369385,0.0013718605041503906,0.2817728519439697,,f37ca08ce36f,success,
mlp_mnist,MNIST,10,0.05,43,300,4.0,raw_union_K20,raw_union,719,0.0,second_moment,deep,0.8393,0.33494,0.573,0.9747,0.8132,-0.12602886369464023,0,10,"[-0.1037617554858935, -0.11788953009068426, -0.23326848249027243, -0.31091877496671105, -0.06786555341468636, -0.05623227098281325, -0.06920338228749445, 0.0, -0.11027253668763104, -0.19087635054021612]","[0.8944618599791013, 0.8812860676009893, 0.7620622568093385, 0.6842728214232875, 0.9302076643117105, 0.943267145002503, 0.9254561637739208, 1.0, 0.8865828092243186, 0.8057623049219688]","[0.9982236154649948, 0.9991755976916735, 0.9953307392996109, 0.9951915963899985, 0.9980732177263969, 0.9994994159853162, 0.9946595460614153, 1.0, 0.9968553459119497, 0.9966386554621849]",0.8383092610068734,9,"[0.8030130756111427, 0.8345803513337671, 0.889662027833002, 0.8535806902054658, 0.8232142857142857, 0.9236672051696284, 0.853515625, 0.8212692117005453, 0.7422808764940239, null]",24.178459644317627,18.011495351791382,0.16690373420715332,5.456098556518555,0.0010945796966552734,0.22618436813354492,,f37ca08ce36f,success,
mlp_mnist,MNIST,10,0.05,43,300,4.0,raw_union_K20,raw_union,719,0.0,sign_majority,deep,0.8225,0.33494,0.573,0.9747,0.8132,-0.1346539837059953,0,10,"[-0.11086729362591441, -0.0956306677658697, -0.2317120622568094, -0.3563396952211866, -0.07129094412331405, -0.05623227098281325, -0.05607476635514019, 0.0, -0.11677148846960173, -0.25162064825930375]","[0.8873563218390804, 0.9035449299258038, 0.7636186770428015, 0.638851901168812, 0.9267822736030829, 0.943267145002503, 0.9385847797062751, 1.0, 0.880083857442348, 0.7450180072028811]","[0.9982236154649948, 0.9991755976916735, 0.9953307392996109, 0.9951915963899985, 0.9980732177263969, 0.9994994159853162, 0.9946595460614153, 1.0, 0.9968553459119497, 0.9966386554621849]",0.8153540156036361,9,"[0.7798465036952814, 0.7976577748861419, 0.8513916500994035, 0.84360662278077, 0.7964285714285714, 0.9291195476575121, 0.8313802083333334, 0.7966038671294001, 0.7121513944223108, null]",23.14348602294922,17.17338991165161,0.21045398712158203,5.212116718292236,0.00096893310546875,0.21699905395507812,,f37ca08ce36f,success,
mlp_mnist,MNIST,10,0.05,44,300,4.0,raw_union_K20,raw_union,770,0.0,weight_avg,depth-1,0.8435,0.32920999999999995,0.4505,0.9776,0.7815,-0.1559443008168851,0,10,"[-0.11078616893170479, -0.09844799629372247, -0.11880523548495348, -0.1839473042205415, -0.22651149588418962, -0.21702352630187682, -0.10095375202447365, -0.12243984331281477, -0.10961737331954502, -0.2709103123950286]","[0.885429210390504, 0.9015520037062775, 0.8799642018122833, 0.797267626250305, 0.7658245813227363, 0.7803330689928628, 0.8945474176714054, 0.8770005595970901, 0.889865563598759, 0.7235471951629157]","[0.9962153793222088, 1.0, 0.9987694372972368, 0.9812149304708465, 0.992336077206926, 0.9973565952947396, 0.9955011696958791, 0.9994404029099049, 0.999482936918304, 0.9944575075579443]",0.8235974999172988,10,"[0.8057980563333882, 0.8366197183098592, 0.810358408822371, 0.9224464060529635, 0.8329145728643216, 0.822183536433723, 0.7816347469220246, 0.8164271047227926, 0.8231981981981982, 0.784394250513347]",23.111276865005493,17.157836437225342,0.15677142143249512,5.115779638290405,0.0014657974243164062,0.22939586639404297,,f37ca08ce36f,success,
mlp_mnist,MNIST,10,0.05,44,300,4.0,raw_union_K20,raw_union,770,0.0,agreement_gated,deep,0.8122,0.32920999999999995,0.4505,0.9776,0.7815,-0.18287863127049825,0,10,"[-0.06003784620677788, -0.11003011350474867, -0.07808479695715398, -0.20078067821419854, -0.2661557384804618, -0.23896378535553797, -0.29728270649631094, -0.1597090095131506, -0.11995863495346437, -0.29778300302317773]","[0.936177533115431, 0.8899698864952513, 0.9206846403400828, 0.780434252256648, 0.7261803387264641, 0.7583928099392017, 0.6982184631995682, 0.8397313933967543, 0.8795243019648397, 0.6966745045347665]","[0.9962153793222088, 1.0, 0.9987694372972368, 0.9812149304708465, 0.992336077206926, 0.9973565952947396, 0.9955011696958791, 0.9994404029099049, 0.999482936918304, 0.9944575075579443]",0.7894641768256149,10,"[0.7805962773842859, 0.8084507042253521, 0.7304056715242221, 0.8165195460277428, 0.8248743718592965, 0.7510569510072121, 0.78984268125855, 0.8299794661190965, 0.7887887887887888, 0.7741273100616016]",22.871708393096924,17.026644706726074,0.15499377250671387,5.1378254890441895,0.0010128021240234375,0.22193264961242676,,f37ca08ce36f,success,
mlp_mnist,MNIST,10,0.05,44,300,4.0,raw_union_K20,raw_union,770,0.0,consensus_proj,deep,0.8435,0.32920999999999995,0.4505,0.9776,0.7815,-0.1559443008168851,0,10,"[-0.11078616893170479, -0.09844799629372247, -0.11880523548495348, -0.1839473042205415, -0.22651149588418962, -0.21702352630187682, -0.10095375202447365, -0.12243984331281477, -0.10961737331954502, -0.2709103123950286]","[0.885429210390504, 0.9015520037062775, 0.8799642018122833, 0.797267626250305, 0.7658245813227363, 0.7803330689928628, 0.8945474176714054, 0.8770005595970901, 0.889865563598759, 0.7235471951629157]","[0.9962153793222088, 1.0, 0.9987694372972368, 0.9812149304708465, 0.992336077206926, 0.9973565952947396, 0.9955011696958791, 0.9994404029099049, 0.999482936918304, 0.9944575075579443]",0.8235974999172988,10,"[0.8057980563333882, 0.8366197183098592, 0.810358408822371, 0.9224464060529635, 0.8329145728643216, 0.822183536433723, 0.7816347469220246, 0.8164271047227926, 0.8231981981981982, 0.784394250513347]",23.320842742919922,17.110817670822144,0.17057347297668457,5.499152183532715,0.0010085105895996094,0.23086261749267578,,f37ca08ce36f,success,
mlp_mnist,MNIST,10,0.05,44,300,4.0,raw_union_K20,raw_union,770,0.0,coord_median,deep,0.8101,0.32920999999999995,0.4505,0.9776,0.7815,-0.17542001821241632,0,10,"[-0.1162910717357647, -0.08176974750984478, -0.14867434836111415, -0.20565991705293973, -0.3307786924023087, -0.26962727993655833, -0.08907684002159444, -0.16541689983212093, -0.07549120992761116, -0.27141417534430634]","[0.8799243075864441, 0.9182302524901552, 0.8500950889361226, 0.7755550134179068, 0.6615573848046172, 0.7277293153581813, 0.9064243296742847, 0.834023503077784, 0.9239917269906929, 0.7230433322136379]","[0.9962153793222088, 1.0, 0.9987694372972368, 0.9812149304708465, 0.992336077206926, 0.9973565952947396, 0.9955011696958791, 0.9994404029099049, 0.999482936918304, 0.9944575075579443]",0.7794955682921991,10,"[0.7570416735298963, 0.7974647887323943, 0.7833792831823553, 0.9300126103404792, 0.8090452261306532, 0.7901019646854016, 0.7236662106703147, 0.7993839835728953, 0.7816566566566566, 0.6232032854209446]",23.393592834472656,17.39603853225708,0.21466994285583496,5.248209476470947,0.0010762214660644531,0.23010563850402832,,f37ca08ce36f,success,
mlp_mnist,MNIST,10,0.05,44,300,4.0,raw_union_K20,raw_union,770,0.0,coord_trimmed_mean,deep,0.8264,0.32920999999999995,0.4505,0.9776,0.7815,-0.16598910550044638,0,10,"[-0.10700154825391361, -0.06323835997220295, -0.136033113323638, -0.1888265430592827, -0.2967168133219794, -0.24292889241342852, -0.15835882670505674, -0.14840514829322893, -0.056876938986556325, -0.26150487067517636]","[0.8892138310682952, 0.936761640027797, 0.8627363239735988, 0.7923883874115638, 0.6956192638849465, 0.7544277028813111, 0.8371423429908224, 0.851035254616676, 0.9426059979317477, 0.7329526368827679]","[0.9962153793222088, 1.0, 0.9987694372972368, 0.9812149304708465, 0.992336077206926, 0.9973565952947396, 0.9955011696958791, 0.9994404029099049, 0.999482936918304, 0.9944575075579443]",0.8020252181426268,10,"[0.7888321528578488, 0.8129577464788732, 0.7877116975187082, 0.9183480453972257, 0.8261306532663316, 0.8065157920915195, 0.7573529411764706, 0.8219712525667351, 0.7981731731731732, 0.702258726899384]",22.88028645515442,16.651005029678345,0.15923070907592773,5.521602392196655,0.0008120536804199219,0.23050475120544434,,f37ca08ce36f,success,
mlp_mnist,MNIST,10,0.05,44,300,4.0,raw_union_K20,raw_union,770,0.0,mag_weighted,depth-1,0.8368,0.32920999999999995,0.4505,0.9776,0.7815,-0.1627595602351642,0,10,"[-0.14071907792878036, -0.13249942089413946, -0.16042062870567175, -0.1758965601366187, -0.20247894786640175, -0.21147237642083005, -0.07198128486593491, -0.11561275881365418, -0.14426059979317474, -0.272253946926436]","[0.8554963013934285, 0.8675005791058605, 0.838348808591565, 0.8053183703342278, 0.7898571293405242, 0.7858842188739096, 0.9235198848299442, 0.8838276440962507, 0.8552223371251293, 0.7222035606315083]","[0.9962153793222088, 1.0, 0.9987694372972368, 0.9812149304708465, 0.992336077206926, 0.9973565952947396, 0.9955011696958791, 0.9994404029099049, 0.999482936918304, 0.9944575075579443]",0.8214006031568445,10,"[0.8067863613902158, 0.8290140845070423, 0.8249310752264671, 0.9230769230769231, 0.8291457286432161, 0.8226809251429993, 0.7708618331053352, 0.7903490759753593, 0.8204454454454454, 0.7967145790554415]",23.722859621047974,17.892290115356445,0.15922284126281738,5.133595705032349,0.0009019374847412109,0.21963858604431152,,f37ca08ce36f,success,
mlp_mnist,MNIST,10,0.05,44,300,4.0,raw_union_K20,raw_union,770,0.0,poly_gate_d2_a,depth-2,0.7834,0.32920999999999995,0.4505,0.9776,0.7815,-0.20757544366684036,0,10,"[-0.06382246688456905, -0.13203613620569843, -0.09262781071708237, -0.202732373749695, -0.2787397104740279, -0.24081416864922023, -0.40885369803851, -0.19395635142697254, -0.1432264736297828, -0.3189452468928452]","[0.9323929124376398, 0.8679638637943016, 0.9061416265801544, 0.7784825567211515, 0.7135963667328981, 0.7565424266455194, 0.5866474716573691, 0.8054840514829323, 0.8562564632885212, 0.6755122606650991]","[0.9962153793222088, 1.0, 0.9987694372972368, 0.9812149304708465, 0.992336077206926, 0.9973565952947396, 0.9955011696958791, 0.9994404029099049, 0.999482936918304, 0.9944575075579443]",0.7621363662850648,10,"[0.7649481139845166, 0.7767605633802817, 0.6888538794801102, 0.7411727616645649, 0.8158291457286432, 0.7025615518527729, 0.7864227086183311, 0.8209445585215606, 0.76001001001001, 0.7638603696098563]",23.385756731033325,17.17170524597168,0.15984582901000977,5.511165618896484,0.0009527206420898438,0.2349717617034912,,f37ca08ce36f,success,
mlp_mnist,MNIST,10,0.05,44,300,4.0,raw_union_K20,raw_union,770,0.0,poly_gate_d2_b,depth-2,0.7852,0.32920999999999995,0.4505,0.9776,0.7815,-0.20626905624369565,0,10,"[-0.06261826939618098, -0.13134120917303682, -0.09150911735093403, -0.20126860209807262, -0.27779354716624094, -0.24240021147237645, -0.4039949613100594, -0.19350867375489644, -0.14115822130299893, -0.31709774941215996]","[0.9335971099260278, 0.8686587908269632, 0.9072603199463027, 0.7799463283727739, 0.714542530040685, 0.7549563838223632, 0.5915062083858197, 0.8059317291550084, 0.8583247156153051, 0.6773597581457843]","[0.9962153793222088, 1.0, 0.9987694372972368, 0.9812149304708465, 0.992336077206926, 0.9973565952947396, 0.9955011696958791, 0.9994404029099049, 0.999482936918304, 0.9944575075579443]",0.7639455679089202,10,"[0.7656069840224016, 0.7785915492957747, 0.6906262307995273, 0.7465321563682219, 0.8153266331658291, 0.7062919671723452, 0.7864227086183311, 0.8223819301848049, 0.7617617617617618, 0.7659137577002053]",23.534494876861572,17.253414392471313,0.16739964485168457,5.590088605880737,0.0009777545928955078,0.2194383144378662,,f37ca08ce36f,success,
mlp_mnist,MNIST,10,0.05,44,300,4.0,raw_union_K20,raw_union,770,0.0,second_moment,deep,0.8034,0.32920999999999995,0.4505,0.9776,0.7815,-0.18924737292746724,0,10,"[-0.05780147944262859, -0.12439193884642108, -0.08188835440205833, -0.18541107587216388, -0.2603841423029616, -0.23394131641554328, -0.35522764081338853, -0.16463346390598765, -0.13185108583247152, -0.29694323144104806]","[0.9384138998795802, 0.8756080611535789, 0.9168810828951784, 0.7958038545986826, 0.7319519349039644, 0.7634152788791964, 0.6402735288824906, 0.8348069390039172, 0.8676318510858325, 0.6975142761168962]","[0.9962153793222088, 1.0, 0.9987694372972368, 0.9812149304708465, 0.992336077206926, 0.9973565952947396, 0.9955011696958791, 0.9994404029099049, 0.999482936918304, 0.9944575075579443]",0.7829652723291117,10,"[0.7832317575358261, 0.798169014084507, 0.7176053564395432, 0.7771122320302648, 0.8241206030150754, 0.7301666252176076, 0.798734610123119, 0.8320328542094456, 0.7820320320320321, 0.7864476386036962]",23.688839435577393,17.853003978729248,0.1579427719116211,5.141459941864014,0.0009081363677978516,0.22370028495788574,,f37ca08ce36f,success,
mlp_mnist,MNIST,10,0.05,44,300,4.0,raw_union_K20,raw_union,770,0.0,sign_majority,deep,0.807,0.32920999999999995,0.4505,0.9776,0.7815,-0.19241324699093323,0,10,"[-0.06279029760880783, -0.1561269400046329, -0.07853227430361331, -0.23078799707245667, -0.29028290282902836, -0.27279936558287077, -0.1939895627136945, -0.16597649692221605, -0.17321613236814892, -0.299630500503863]","[0.933425081713401, 0.8438730599953671, 0.9202371629936235, 0.7504269333983898, 0.7020531743778976, 0.7245572297118689, 0.8015116069821846, 0.8334639059876888, 0.8262668045501551, 0.6948270070540813]","[0.9962153793222088, 1.0, 0.9987694372972368, 0.9812149304708465, 0.992336077206926, 0.9973565952947396, 0.9955011696958791, 0.9994404029099049, 0.999482936918304, 0.9944575075579443]",0.7832196439324391,10,"[0.7502882556415748, 0.8166197183098591, 0.7355257975580938, 0.8483606557377049, 0.8027638190954773, 0.7602586421288237, 0.7631668946648427, 0.7983572895277208, 0.789914914914915, 0.7669404517453798]",22.82571578025818,16.99497127532959,0.15861725807189941,5.127230167388916,0.001081228256225586,0.22275876998901367,,f37ca08ce36f,success,
mlp_mnist,MNIST,10,0.3,42,300,4.0,raw_union_K20,raw_union,1534,0.0,weight_avg,depth-1,0.9249,0.6729800000000001,0.8482,0.9735,0.9017,-0.06577796400341729,0,10,"[-0.06153137946908083, -0.06988847583643121, -0.056004195070791796, -0.06215700310188499, -0.04729729729729737, -0.06329271325540908, -0.059530623926731474, -0.10425160163075131, -0.046127803639441356, -0.08769854680635347]","[0.9327911615774129, 0.9143742255266419, 0.9324593602517043, 0.9308041040324505, 0.9463682432432432, 0.9210395424023875, 0.9253005151688609, 0.8887594641817123, 0.9403300888700804, 0.9018249408583981]","[0.9943225410464938, 0.9842627013630731, 0.9884635553224961, 0.9929611071343355, 0.9936655405405406, 0.9843322556577966, 0.9848311390955924, 0.9930110658124636, 0.9864578925095218, 0.9895234876647516]",0.9095905484728376,7,"[0.9205548549810845, 0.9293668469615017, 0.8542600896860987, null, 0.917864476386037, 0.9176356589147286, 0.9275510204081633, 0.8999008919722498, null, null]",22.71186923980713,16.63456106185913,0.23125529289245605,5.307498455047607,0.0017647743225097656,0.22358441352844238,,f37ca08ce36f,success,
mlp_mnist,MNIST,10,0.3,42,300,4.0,raw_union_K20,raw_union,1534,0.0,agreement_gated,deep,0.9218,0.6729800000000001,0.8482,0.9735,0.9017,-0.07239347460248993,0,10,"[-0.07764308731011194, -0.07360594795539033, -0.06303093864708964, -0.07706991171558097, -0.060810810810810856, -0.06553096244715251, -0.0666857469948483, -0.09726266744321488, -0.057130765975454856, -0.08516390672524499]","[0.9166794537363818, 0.9106567534076828, 0.9254326166754064, 0.9158911954187545, 0.9328547297297297, 0.9188012932106441, 0.9181453921007441, 0.8957483983692487, 0.9293271265340669, 0.9043595809395066]","[0.9943225410464938, 0.9842627013630731, 0.9884635553224961, 0.9929611071343355, 0.9936655405405406, 0.9843322556577966, 0.9848311390955924, 0.9930110658124636, 0.9864578925095218, 0.9895234876647516]",0.9133886787678307,7,"[0.9183480453972257, 0.9274578428253262, 0.875560538116592, null, 0.919917864476386, 0.9098837209302325, 0.9357142857142857, 0.9068384539147671, null, null]",23.114912033081055,17.149142503738403,0.21887779235839844,5.213428497314453,0.0008857250213623047,0.20859169960021973,,f37ca08ce36f,success,
mlp_mnist,MNIST,10,0.3,42,300,4.0,raw_union_K20,raw_union,1534,0.0,consensus_proj,deep,0.9249,0.6729800000000001,0.8482,0.9735,0.9017,-0.06577796400341729,0,10,"[-0.06153137946908083, -0.06988847583643121, -0.056004195070791796, -0.06215700310188499, -0.04729729729729737, -0.06329271325540908, -0.059530623926731474, -0.10425160163075131, -0.046127803639441356, -0.08769854680635347]","[0.9327911615774129, 0.9143742255266419, 0.9324593602517043, 0.9308041040324505, 0.9463682432432432, 0.9210395424023875, 0.9253005151688609, 0.8887594641817123, 0.9403300888700804, 0.9018249408583981]","[0.9943225410464938, 0.9842627013630731, 0.9884635553224961, 0.9929611071343355, 0.9936655405405406, 0.9843322556577966, 0.9848311390955924, 0.9930110658124636, 0.9864578925095218, 0.9895234876647516]",0.9095905484728376,7,"[0.9205548549810845, 0.9293668469615017, 0.8542600896860987, null, 0.917864476386037, 0.9176356589147286, 0.9275510204081633, 0.8999008919722498, null, null]",25.03828740119934,19.21766972541809,0.2502295970916748,5.066769123077393,0.0010867118835449219,0.2018284797668457,,f37ca08ce36f,success,
mlp_mnist,MNIST,10,0.3,42,300,4.0,raw_union_K20,raw_union,1534,0.0,coord_median,deep,0.9194,0.6729800000000001,0.8482,0.9735,0.9017,-0.07017368804780658,0,10,"[-0.06214515881540583, -0.08525402726146225, -0.06481384373361299, -0.06669052732044856, -0.039273648648648685, -0.0848047749316091, -0.0665426445334859, -0.10599883517763542, -0.04104951333051199, -0.08516390672524499]","[0.9321773822310879, 0.8990086741016109, 0.9236497115888831, 0.9262705798138869, 0.9543918918918919, 0.8995274807261875, 0.9182884945621065, 0.8870122306348281, 0.9454083791790098, 0.9043595809395066]","[0.9943225410464938, 0.9842627013630731, 0.9884635553224961, 0.9929611071343355, 0.9936655405405406, 0.9843322556577966, 0.9848311390955924, 0.9930110658124636, 0.9864578925095218, 0.9895234876647516]",0.8957897297106046,7,"[0.9117276166456494, 0.9290486796054724, 0.8598654708520179, null, 0.8901437371663244, 0.9273255813953488, 0.9030612244897959, 0.8493557978196233, null, null]",23.04531717300415,17.212526082992554,0.21213841438293457,5.1088783740997314,0.0011372566223144531,0.19560527801513672,,f37ca08ce36f,success,
mlp_mnist,MNIST,10,0.3,42,300,4.0,raw_union_K20,raw_union,1534,0.0,coord_trimmed_mean,deep,0.9253,0.6729800000000001,0.8482,0.9735,0.9017,-0.064015368973576,0,10,"[-0.059536596593524616, -0.08190830235439905, -0.05883586785527006, -0.06800286327845384, -0.038851351351351426, -0.07386222332753045, -0.060961648540354796, -0.08211997670355264, -0.04104951333051199, -0.07502534640081115]","[0.9347859444529691, 0.9023543990086741, 0.929627687467226, 0.9249582438558817, 0.9548141891891891, 0.9104700323302661, 0.9238694905552376, 0.9108910891089109, 0.9454083791790098, 0.9144981412639405]","[0.9943225410464938, 0.9842627013630731, 0.9884635553224961, 0.9929611071343355, 0.9936655405405406, 0.9843322556577966, 0.9848311390955924, 0.9930110658124636, 0.9864578925095218, 0.9895234876647516]",0.9079426518384499,7,"[0.9155107187894073, 0.93445752465797, 0.8934977578475336, null, 0.8921971252566735, 0.9302325581395349, 0.9244897959183673, 0.865213082259663, null, null]",22.865746021270752,16.81719946861267,0.28766512870788574,5.252485513687134,0.0007708072662353516,0.20029783248901367,,f37ca08ce36f,success,
mlp_mnist,MNIST,10,0.3,42,300,4.0,raw_union_K20,raw_union,1534,0.0,mag_weighted,depth-1,0.9248,0.6729800000000001,0.8482,0.9735,0.9017,-0.06593928704327501,0,10,"[-0.058769372410618304, -0.06753407682775714, -0.06502359727320395, -0.06525888809353375, -0.045608108108108114, -0.06689878139766225, -0.05767029192902118, -0.10133954571927772, -0.04528142192128648, -0.08600878675228119]","[0.9355531686358755, 0.916728624535316, 0.9234399580492921, 0.9277022190408017, 0.9480574324324325, 0.9174334742601343, 0.9271608471665712, 0.8916715200931858, 0.9411764705882353, 0.9035147009124704]","[0.9943225410464938, 0.9842627013630731, 0.9884635553224961, 0.9929611071343355, 0.9936655405405406, 0.9843322556577966, 0.9848311390955924, 0.9930110658124636, 0.9864578925095218, 0.9895234876647516]",0.9103778520836209,7,"[0.9164564943253468, 0.9245943366210627, 0.8665919282511211, null, 0.9229979466119097, 0.9186046511627907, 0.9244897959183673, 0.8989098116947473, null, null]",23.191418647766113,17.142226696014404,0.20591449737548828,5.109931468963623,0.0014190673828125,0.2866401672363281,,f37ca08ce36f,success,
mlp_mnist,MNIST,10,0.3,42,300,4.0,raw_union_K20,raw_union,1534,0.0,poly_gate_d2_a,depth-2,0.9061,0.6729800000000001,0.8482,0.9735,0.9017,-0.08685901045538136,0,10,"[-0.0995856989412306, -0.08574969021065681, -0.07026743576297856, -0.10128847530422336, -0.08319256756756754, -0.07261875155433972, -0.0799942759015454, -0.09959231217239373, -0.08082945408379172, -0.09547144305508615]","[0.8947368421052632, 0.8985130111524163, 0.9181961195595175, 0.8916726318301121, 0.910472972972973, 0.9117135041034569, 0.904836863194047, 0.8934187536400698, 0.90562843842573, 0.8940520446096655]","[0.9943225410464938, 0.9842627013630731, 0.9884635553224961, 0.9929611071343355, 0.9936655405405406, 0.9843322556577966, 0.9848311390955924, 0.9930110658124636, 0.9864578925095218, 0.9895234876647516]",0.9057727368463436,7,"[0.9076292559899117, 0.9191854915685651, 0.8789237668161435, null, 0.9158110882956879, 0.8701550387596899, 0.9428571428571428, 0.9058473736372646, null, null]",24.22019076347351,17.695504665374756,0.27428460121154785,5.735907316207886,0.000942230224609375,0.21482491493225098,,f37ca08ce36f,success,
mlp_mnist,MNIST,10,0.3,42,300,4.0,raw_union_K20,raw_union,1534,0.0,poly_gate_d2_b,depth-2,0.9109,0.6729800000000001,0.8482,0.9735,0.9017,-0.08206595743846369,0,10,"[-0.09360135031456185, -0.08240396530359362, -0.0664918720503409, -0.09389167263183018, -0.07728040540540548, -0.06863964188012939, -0.07670291929021178, -0.09668025626092014, -0.0740584003385526, -0.09090909090909094]","[0.9007211907319319, 0.9018587360594795, 0.9219716832721552, 0.8990694345025053, 0.9163851351351351, 0.9156926137776672, 0.9081282198053806, 0.8963308095515434, 0.9123994921709692, 0.8986143967556607]","[0.9943225410464938, 0.9842627013630731, 0.9884635553224961, 0.9929611071343355, 0.9936655405405406, 0.9843322556577966, 0.9848311390955924, 0.9930110658124636, 0.9864578925095218, 0.9895234876647516]",0.9082759588704871,7,"[0.9107818411097099, 0.9230034998409163, 0.8778026905829597, null, 0.9147843942505134, 0.8808139534883721, 0.9448979591836735, 0.9058473736372646, null, null]",24.75984239578247,18.0370032787323,0.28013181686401367,5.883532524108887,0.0014760494232177734,0.22135496139526367,,f37ca08ce36f,success,
mlp_mnist,MNIST,10,0.3,42,300,4.0,raw_union_K20,raw_union,1534,0.0,second_moment,deep,0.9227,0.6729800000000001,0.8482,0.9735,0.9017,-0.07256969108261284,0,10,"[-0.07488108025164952, -0.0759603469640645, -0.055794441531200833, -0.0767120019088523, -0.061233108108108114, -0.056453618502860015, -0.06682884945621059, -0.10192195690157246, -0.06517139229792634, -0.09074011490368372]","[0.9194414607948442, 0.9083023543990086, 0.9326691137912952, 0.9162491052254832, 0.9324324324324325, 0.9278786371549366, 0.9180022896393818, 0.8910891089108911, 0.9212865002115954, 0.8987833727610679]","[0.9943225410464938, 0.9842627013630731, 0.9884635553224961, 0.9929611071343355, 0.9936655405405406, 0.9843322556577966, 0.9848311390955924, 0.9930110658124636, 0.9864578925095218, 0.9895234876647516]",0.9191380121943323,7,"[0.9224464060529635, 0.9335030225898823, 0.8688340807174888, null, 0.9147843942505134, 0.9195736434108527, 0.9551020408163265, 0.9197224975222993, null, null]",22.99863052368164,16.999961137771606,0.21042251586914062,5.257566928863525,0.0009801387786865234,0.21985340118408203,,f37ca08ce36f,success,
mlp_mnist,MNIST,10,0.3,42,300,4.0,raw_union_K20,raw_union,1534,0.0,sign_majority,deep,0.9235,0.6729800000000001,0.8482,0.9735,0.9017,-0.07067899883514636,0,10,"[-0.06874328678839958, -0.07360594795539033, -0.06963817514420556, -0.07241708422810789, -0.05067567567567566, -0.07448395921412587, -0.06067544361763022, -0.10483401281304594, -0.047397376216673726, -0.0843190266982089]","[0.9255792542580942, 0.9106567534076828, 0.9188253801782905, 0.9205440229062276, 0.9429898648648649, 0.9098482964436707, 0.9241556954779622, 0.8881770529994176, 0.939060516292848, 0.9052044609665427]","[0.9943225410464938, 0.9842627013630731, 0.9884635553224961, 0.9929611071343355, 0.9936655405405406, 0.9843322556577966, 0.9848311390955924, 0.9930110658124636, 0.9864578925095218, 0.9895234876647516]",0.9094769089686711,7,"[0.9215006305170239, 0.922685332484887, 0.8778026905829597, null, 0.917864476386037, 0.9215116279069767, 0.9040816326530612, 0.9008919722497523, null, null]",23.404873847961426,17.379137992858887,0.20981526374816895,5.195452928543091,0.0011243820190429688,0.20840930938720703,,f37ca08ce36f,success,
mlp_mnist,MNIST,10,0.3,43,300,4.0,raw_union_K20,raw_union,1638,0.0,agreement_gated,deep,0.9126,0.7063500000000001,0.9234,0.9747,0.8809,-0.07827624007194897,0,10,"[-0.056685307574987354, -0.05423094904160819, -0.07200447034405677, -0.08476200617612606, -0.0616447823082239, -0.04852346526161011, -0.09601386481802432, -0.12765957446808518, -0.09097669806643527, -0.09026128266033251]","[0.9062023385866802, 0.9181860682561945, 0.9152231180649797, 0.9089553828133319, 0.9282653766413269, 0.9464526406077687, 0.891161178509532, 0.8627779105904853, 0.8963807635101636, 0.9061757719714965]","[0.9628876461616676, 0.9724170172978027, 0.9872275884090365, 0.9937173889894579, 0.9899101589495508, 0.9949761058693788, 0.9871750433275563, 0.9904374850585704, 0.9873574615765989, 0.996437054631829]",0.9008052850068551,4,"[0.9234642497482377, 0.899009900990099, null, null, null, null, 0.8634496919917864, 0.9172972972972973, null, null]",23.340782642364502,17.147688150405884,0.24419307708740234,5.430834054946899,0.0009739398956298828,0.19199395179748535,,f37ca08ce36f,success,
mlp_mnist,MNIST,10,0.3,43,300,4.0,raw_union_K20,raw_union,1638,0.0,consensus_proj,deep,0.9259,0.7063500000000001,0.9234,0.9747,0.8809,-0.0654991060122254,0,10,"[-0.05566853075749878, -0.03880317905563346, -0.05939171389798037, -0.06527526355020763, -0.05390463026952319, -0.04631785320426418, -0.07296360485268638, -0.11427205355008374, -0.07238472979672783, -0.07600950118764849]","[0.9072191154041688, 0.9336138382421693, 0.9278358745110561, 0.9284421254392503, 0.9360055286800276, 0.9486582526651146, 0.91421143847487, 0.8761654315084867, 0.914972731779871, 0.9204275534441805]","[0.9628876461616676, 0.9724170172978027, 0.9872275884090365, 0.9937173889894579, 0.9899101589495508, 0.9949761058693788, 0.9871750433275563, 0.9904374850585704, 0.9873574615765989, 0.996437054631829]",0.9166622766131574,4,"[0.945619335347432, 0.9257425742574258, null, null, null, null, 0.864476386036961, 0.9308108108108109, null, null]",23.8465576171875,17.22924780845642,0.2397470474243164,5.798869609832764,0.001497030258178711,0.25064635276794434,,f37ca08ce36f,success,
mlp_mnist,MNIST,10,0.3,43,300,4.0,raw_union_K20,raw_union,1638,0.0,coord_median,deep,0.9198,0.7063500000000001,0.9234,0.9747,0.8809,-0.06675527194832208,0,10,"[-0.05261820030503306, -0.03272557269752219, -0.06242516165083423, -0.07368757320839092, -0.055563234277816176, -0.0629824776375445, -0.0823223570190641, -0.10757829309108302, -0.06916212196331184, -0.06848772763262079]","[0.9102694458566345, 0.9396914446002805, 0.9248024267582022, 0.920029815781067, 0.9343469246717346, 0.9319936282318343, 0.9048526863084922, 0.8828591919674874, 0.918195339613287, 0.9279493269992082]","[0.9628876461616676, 0.9724170172978027, 0.9872275884090365, 0.9937173889894579, 0.9899101589495508, 0.9949761058693788, 0.9871750433275563, 0.9904374850585704, 0.9873574615765989, 0.996437054631829]",0.9148180680016509,4,"[0.9491440080563948, 0.901980198019802, null, null, null, null, 0.8767967145790554, 0.9313513513513514, null, null]",23.38810706138611,17.129451274871826,0.23657655715942383,5.491645097732544,0.00106048583984375,0.20195317268371582,,f37ca08ce36f,success,
mlp_mnist,MNIST,10,0.3,43,300,4.0,raw_union_K20,raw_union,1638,0.0,coord_trimmed_mean,deep,0.9214,0.7063500000000001,0.9234,0.9747,0.8809,-0.06563770389071494,0,10,"[-0.05109303507880025, -0.03459560542309492, -0.06202602378861655, -0.07294217868171649, -0.05473393227366963, -0.05783604950373733, -0.07608318890814558, -0.10757829309108302, -0.07337630143777885, -0.06611243072050677]","[0.9117946110828673, 0.9378214118747078, 0.9252015646204199, 0.9207752103077415, 0.9351762266758812, 0.9371400563656415, 0.9110918544194108, 0.8828591919674874, 0.91398116013882, 0.9303246239113222]","[0.9628876461616676, 0.9724170172978027, 0.9872275884090365, 0.9937173889894579, 0.9899101589495508, 0.9949761058693788, 0.9871750433275563, 0.9904374850585704, 0.9873574615765989, 0.996437054631829]",0.9159714220142021,4,"[0.947129909365559, 0.903960396039604, null, null, null, null, 0.8809034907597536, 0.9318918918918919, null, null]",23.252259492874146,16.98729705810547,0.24607372283935547,5.480314254760742,0.0012009143829345703,0.2186145782470703,,f37ca08ce36f,success,
mlp_mnist,MNIST,10,0.3,43,300,4.0,raw_union_K20,raw_union,1638,0.0,mag_weighted,depth-1,0.9261,0.7063500000000001,0.9234,0.9747,0.8809,-0.06446798038797937,0,10,"[-0.05236400610066094, -0.03973819541841983, -0.05819430031132755, -0.064423384091151, -0.05501036627505185, -0.04864599926479607, -0.07521663778162913, -0.10972985895290466, -0.06693108577094686, -0.07442596991290573]","[0.9105236400610066, 0.9326788218793829, 0.9290332880977089, 0.9292940048983069, 0.934899792674499, 0.9463301066045827, 0.9119584055459272, 0.8807076261056658, 0.920426375805652, 0.9220110847189232]","[0.9628876461616676, 0.9724170172978027, 0.9872275884090365, 0.9937173889894579, 0.9899101589495508, 0.9949761058693788, 0.9871750433275563, 0.9904374850585704, 0.9873574615765989, 0.996437054631829]",0.9183148125063989,4,"[0.9451158106747231, 0.9277227722772278, null, null, null, null, 0.8696098562628337, 0.9308108108108109, null, null]",23.850338459014893,17.912158727645874,0.3106677532196045,5.112879991531372,0.0009710788726806641,0.19509053230285645,,f37ca08ce36f,success,
mlp_mnist,MNIST,10,0.3,43,300,4.0,raw_union_K20,raw_union,1638,0.0,poly_gate_d2_a,depth-2,0.8887,0.7063500000000001,0.9234,0.9747,0.8809,-0.10248947608918875,0,10,"[-0.07015760040671082, -0.0729312762973352, -0.09339825975892069, -0.1275689489937173, -0.07933655839668285, -0.06285994363435854, -0.12824956672443677, -0.16017212526894575, -0.11303916707982153, -0.11718131433095802]","[0.8927300457549567, 0.8994857410004675, 0.8938293286501158, 0.8661484399957406, 0.910573600552868, 0.9321161622350203, 0.8589254766031196, 0.8302653597896247, 0.8743182944967773, 0.879255740300871]","[0.9628876461616676, 0.9724170172978027, 0.9872275884090365, 0.9937173889894579, 0.9899101589495508, 0.9949761058693788, 0.9871750433275563, 0.9904374850585704, 0.9873574615765989, 0.996437054631829]",0.8649101352665969,4,"[0.8892245720040282, 0.808910891089109, null, null, null, null, 0.8593429158110883, 0.9021621621621622, null, null]",23.08597993850708,16.91541028022766,0.23368263244628906,5.266482830047607,0.0012431144714355469,0.23761773109436035,,f37ca08ce36f,success,
mlp_mnist,MNIST,10,0.3,43,300,4.0,raw_union_K20,raw_union,1638,0.0,poly_gate_d2_b,depth-2,0.8957,0.7063500000000001,0.9234,0.9747,0.8809,-0.09633767924704226,0,10,"[-0.06736146415861721, -0.06872370266479666, -0.08844895026742239, -0.11766585028218501, -0.0736696613683483, -0.06065433157701261, -0.11854419410745232, -0.14893617021276595, -0.10733763014377784, -0.11203483768804434]","[0.8955261820030503, 0.9036933146330061, 0.8987786381416141, 0.8760515387072729, 0.9162404975812025, 0.9343217742923662, 0.868630849220104, 0.8415013148458045, 0.880019831432821, 0.8844022169437846]","[0.9628876461616676, 0.9724170172978027, 0.9872275884090365, 0.9937173889894579, 0.9899101589495508, 0.9949761058693788, 0.9871750433275563, 0.9904374850585704, 0.9873574615765989, 0.996437054631829]",0.8733077124648565,4,"[0.8942598187311178, 0.8316831683168316, null, null, null, null, 0.8624229979466119, 0.9048648648648648, null, null]",23.402374505996704,17.399229764938354,0.23201823234558105,5.141929864883423,0.0009088516235351562,0.20156574249267578,,f37ca08ce36f,success,
mlp_mnist,MNIST,10,0.3,43,300,4.0,raw_union_K20,raw_union,1638,0.0,second_moment,deep,0.9127,0.7063500000000001,0.9234,0.9747,0.8809,-0.07751902637522647,0,10,"[-0.05388917132689375, -0.05282842449742875, -0.07415981480003186, -0.0873176445532956, -0.06095369730476852, -0.05195441735081485, -0.08908145580589255, -0.12574707147979924, -0.09097669806643527, -0.08828186856690423]","[0.9089984748347738, 0.919588592800374, 0.9130677736090046, 0.9063997444361623, 0.9289564616447823, 0.9430216885185639, 0.8980935875216638, 0.8646904135787712, 0.8963807635101636, 0.9081551860649247]","[0.9628876461616676, 0.9724170172978027, 0.9872275884090365, 0.9937173889894579, 0.9899101589495508, 0.9949761058693788, 0.9871750433275563, 0.9904374850585704, 0.9873574615765989, 0.996437054631829]",0.8993660661364704,4,"[0.918932527693857, 0.8722772277227723, null, null, null, null, 0.8819301848049281, 0.9243243243243243, null, null]",23.15162992477417,16.879101037979126,0.2533857822418213,5.5010950565338135,0.0009818077087402344,0.20153188705444336,,f37ca08ce36f,success,
mlp_mnist,MNIST,10,0.3,43,300,4.0,raw_union_K20,raw_union,1638,0.0,sign_majority,deep,0.9215,0.7063500000000001,0.9234,0.9747,0.8809,-0.06902696548722796,0,10,"[-0.054143365531265975, -0.04114071996259938, -0.060349644767302646, -0.0751783622617399, -0.06192121630960612, -0.053914961401789085, -0.09012131715771232, -0.10710016734401151, -0.06445215666831927, -0.08194774346793343]","[0.9087442806304016, 0.9312762973352033, 0.9268779436417338, 0.918539026727718, 0.9279889426399447, 0.9410611444675897, 0.897053726169844, 0.8833373177145589, 0.9229053049082796, 0.9144893111638955]","[0.9628876461616676, 0.9724170172978027, 0.9872275884090365, 0.9937173889894579, 0.9899101589495508, 0.9949761058693788, 0.9871750433275563, 0.9904374850585704, 0.9873574615765989, 0.996437054631829]",0.9115511249275872,4,"[0.9360523665659617, 0.9188118811881189, null, null, null, null, 0.8675564681724846, 0.9237837837837838, null, null]",23.15807271003723,16.94670820236206,0.29346203804016113,5.4135825634002686,0.0010123252868652344,0.19738388061523438,,f37ca08ce36f,success,
mlp_mnist,MNIST,10,0.3,43,300,4.0,raw_union_K20,raw_union,1638,0.0,weight_avg,depth-1,0.9259,0.7063500000000001,0.9234,0.9747,0.8809,-0.0654991060122254,0,10,"[-0.05566853075749878, -0.03880317905563346, -0.05939171389798037, -0.06527526355020763, -0.05390463026952319, -0.04631785320426418, -0.07296360485268638, -0.11427205355008374, -0.07238472979672783, -0.07600950118764849]","[0.9072191154041688, 0.9336138382421693, 0.9278358745110561, 0.9284421254392503, 0.9360055286800276, 0.9486582526651146, 0.91421143847487, 0.8761654315084867, 0.914972731779871, 0.9204275534441805]","[0.9628876461616676, 0.9724170172978027, 0.9872275884090365, 0.9937173889894579, 0.9899101589495508, 0.9949761058693788, 0.9871750433275563, 0.9904374850585704, 0.9873574615765989, 0.996437054631829]",0.9166622766131574,4,"[0.945619335347432, 0.9257425742574258, null, null, null, null, 0.864476386036961, 0.9308108108108109, null, null]",24.927311182022095,18.781947135925293,0.32311034202575684,5.284818887710571,0.0014672279357910156,0.1984400749206543,,f37ca08ce36f,success,
mlp_mnist,MNIST,10,0.3,44,300,4.0,raw_union_K20,raw_union,1627,0.0,agreement_gated,deep,0.9223,0.7194,0.8892,0.9776,0.8885,-0.07217674753833755,0,10,"[-0.06872852233676974, -0.0648295003965107, -0.07058226134055523, -0.07271514342895258, -0.07222440686852805, -0.0662020905923345, -0.06294406084258974, -0.09259649862898123, -0.08169291338582685, -0.06925207756232687]","[0.9276059564719359, 0.9298176050753371, 0.9143534190927556, 0.9150862479748404, 0.9199108664307248, 0.9151701956580005, 0.9304513159211448, 0.8939042396118962, 0.8927165354330708, 0.9236688211757463]","[0.9963344788087056, 0.9946471054718478, 0.9849356804333108, 0.987801391403793, 0.9921352732992529, 0.981372286250335, 0.9933953767637346, 0.9865007382408775, 0.9744094488188977, 0.9929208987380732]",0.925726956680738,4,"[0.8866943866943867, null, null, 0.9638766519823788, null, null, 0.9338308457711443, null, 0.9185059422750425, null]",23.006802558898926,17.02339744567871,0.2429494857788086,5.221229553222656,0.0012428760528564453,0.20197153091430664,,f37ca08ce36f,success,
mlp_mnist,MNIST,10,0.3,44,300,4.0,raw_union_K20,raw_union,1627,0.0,consensus_proj,deep,0.9266,0.7194,0.8892,0.9776,0.8885,-0.06450350658862025,0,10,"[-0.054753722794959936, -0.07513877874702624, -0.05433310765064325, -0.0642332983894024, -0.07170009175514491, -0.06955239882069153, -0.060142099469628674, -0.0634887154608732, -0.05905511811023623, -0.07263773468759616]","[0.9415807560137457, 0.9195083267248215, 0.9306025727826676, 0.9235680930143906, 0.920435181544108, 0.9118198874296435, 0.9332532772941059, 0.9230120227800043, 0.9153543307086615, 0.920283164050477]","[0.9963344788087056, 0.9946471054718478, 0.9849356804333108, 0.987801391403793, 0.9921352732992529, 0.981372286250335, 0.9933953767637346, 0.9865007382408775, 0.9744094488188977, 0.9929208987380732]",0.9180820367787854,4,"[0.8726611226611226, null, null, 0.9656387665198238, null, null, 0.9194029850746268, null, 0.9146252728595683, null]",23.05057644844055,16.752481937408447,0.23264288902282715,5.5406739711761475,0.0008625984191894531,0.20252299308776855,,f37ca08ce36f,success,
mlp_mnist,MNIST,10,0.3,44,300,4.0,raw_union_K20,raw_union,1627,0.0,coord_median,deep,0.916,0.7194,0.8892,0.9776,0.8885,-0.07325419440174116,0,10,"[-0.05040091638029787, -0.08683584456780336, -0.05331753554502372, -0.07357285809587344, -0.09686721719753577, -0.07678906459394264, -0.0832582807965575, -0.06159038177599663, -0.06496062992125984, -0.08494921514312093]","[0.9459335624284078, 0.9078112609040444, 0.9316181448882871, 0.9142285333079195, 0.8952680561017171, 0.9045832216563924, 0.9101370959671771, 0.9249103564648808, 0.9094488188976378, 0.9079716835949523]","[0.9963344788087056, 0.9946471054718478, 0.9849356804333108, 0.987801391403793, 0.9921352732992529, 0.981372286250335, 0.9933953767637346, 0.9865007382408775, 0.9744094488188977, 0.9929208987380732]",0.9006985325037443,4,"[0.8097713097713097, null, null, 0.9638766519823788, null, null, 0.927860696517413, null, 0.9012854717438759, null]",23.174157857894897,17.05759620666504,0.28766775131225586,5.324831247329712,0.0008726119995117188,0.19120407104492188,,f37ca08ce36f,success,
mlp_mnist,MNIST,10,0.3,44,300,4.0,raw_union_K20,raw_union,1627,0.0,coord_trimmed_mean,deep,0.921,0.7194,0.8892,0.9776,0.8885,-0.06849255690666106,0,10,"[-0.05567010309278353, -0.07890563045202226, -0.0560257278266757, -0.07109501572476884, -0.08310394547122824, -0.07410881801125702, -0.07185029520664465, -0.05927019616114748, -0.05610236220472442, -0.07879347491535849]","[0.9406643757159221, 0.9157414750198255, 0.9289099526066351, 0.9167063756790241, 0.9090313278280246, 0.907263468239078, 0.9215450815570899, 0.92723054207973, 0.9183070866141733, 0.9141274238227147]","[0.9963344788087056, 0.9946471054718478, 0.9849356804333108, 0.987801391403793, 0.9921352732992529, 0.981372286250335, 0.9933953767637346, 0.9865007382408775, 0.9744094488188977, 0.9929208987380732]",0.9097315917601322,4,"[0.841995841995842, null, null, 0.9656387665198238, null, null, 0.9263681592039801, null, 0.9049235993208828, null]",23.205452919006348,16.877975463867188,0.2599222660064697,5.54096794128418,0.0009679794311523438,0.20191264152526855,,f37ca08ce36f,success,
mlp_mnist,MNIST,10,0.3,44,300,4.0,raw_union_K20,raw_union,1627,0.0,mag_weighted,depth-1,0.927,0.7194,0.8892,0.9776,0.8885,-0.06477471532168466,0,10,"[-0.05521191294387173, -0.07533703409992076, -0.05551794177386604, -0.06490040979700751, -0.0713068554201075, -0.07062449745376576, -0.059841889322525765, -0.06306686353090063, -0.05807086614173229, -0.07386888273314862]","[0.9411225658648339, 0.919310071371927, 0.9294177386594448, 0.9229009816067855, 0.9208284178791454, 0.9107477887965693, 0.9335534874412088, 0.9234338747099768, 0.9163385826771654, 0.9190520160049246]","[0.9963344788087056, 0.9946471054718478, 0.9849356804333108, 0.987801391403793, 0.9921352732992529, 0.981372286250335, 0.9933953767637346, 0.9865007382408775, 0.9744094488188977, 0.9929208987380732]",0.9180269608396535,4,"[0.8731808731808732, null, null, 0.9656387665198238, null, null, 0.9189054726368159, null, 0.9143827310211011, null]",23.356475830078125,17.46196675300598,0.2178652286529541,5.1696391105651855,0.0008943080902099609,0.20062589645385742,,f37ca08ce36f,success,
mlp_mnist,MNIST,10,0.3,44,300,4.0,raw_union_K20,raw_union,1627,0.0,poly_gate_d2_a,depth-2,0.8971,0.7194,0.8892,0.9776,0.8885,-0.10540950246753875,0,10,"[-0.10652920962199319, -0.07295796986518643, -0.11188219363574814, -0.10378347469741733, -0.08939572683182595, -0.08241758241758235, -0.08495947163014106, -0.15524151022990929, -0.15059055118110243, -0.09633733456448135]","[0.8898052691867124, 0.9216891356066613, 0.8730534867975627, 0.8840179167063756, 0.9027395464674269, 0.8989547038327527, 0.9084359051335935, 0.8312592280109682, 0.8238188976377953, 0.8965835641735919]","[0.9963344788087056, 0.9946471054718478, 0.9849356804333108, 0.987801391403793, 0.9921352732992529, 0.981372286250335, 0.9933953767637346, 0.9865007382408775, 0.9744094488188977, 0.9929208987380732]",0.9181454338284549,4,"[0.8903326403326404, null, null, 0.9515418502202643, null, null, 0.9223880597014925, null, 0.9083191850594228, null]",23.098095417022705,16.854002952575684,0.23679375648498535,5.47339129447937,0.0010986328125,0.2007129192352295,,f37ca08ce36f,success,
mlp_mnist,MNIST,10,0.3,44,300,4.0,raw_union_K20,raw_union,1627,0.0,poly_gate_d2_b,depth-2,0.9025,0.7194,0.8892,0.9776,0.8885,-0.095939545339875,0,10,"[-0.09942726231386023, -0.0741475019825536, -0.09783344617467848, -0.09720766225102451, -0.08467689081137764, -0.07611900294827123, -0.08265786050235158, -0.13140687618645852, -0.12696850393700787, -0.08895044629116644]","[0.8969072164948454, 0.9204996034892942, 0.8871022342586323, 0.8905937291527685, 0.9074583824878752, 0.9052532833020638, 0.910737516261383, 0.855093862054419, 0.8474409448818898, 0.9039704524469068]","[0.9963344788087056, 0.9946471054718478, 0.9849356804333108, 0.987801391403793, 0.9921352732992529, 0.981372286250335, 0.9933953767637346, 0.9865007382408775, 0.9744094488188977, 0.9929208987380732]",0.9202820682557794,4,"[0.8887733887733887, null, null, 0.9515418502202643, null, null, 0.9288557213930348, null, 0.9119573126364298, null]",22.914175987243652,16.730095863342285,0.2490229606628418,5.359520196914673,0.0015354156494140625,0.24870014190673828,,f37ca08ce36f,success,
mlp_mnist,MNIST,10,0.3,44,300,4.0,raw_union_K20,raw_union,1627,0.0,second_moment,deep,0.9181,0.7194,0.8892,0.9776,0.8885,-0.076647615041214,0,10,"[-0.07857961053837348, -0.0691911181601903, -0.07261340555179419, -0.08081578194987127, -0.07510813999213528, -0.06499597963012593, -0.07205043530471322, -0.09344020248892637, -0.0885826771653544, -0.07109879963065557]","[0.9177548682703321, 0.9254559873116575, 0.9123222748815166, 0.9069856094539217, 0.9170271333071176, 0.9163763066202091, 0.9213449414590213, 0.8930605357519511, 0.8858267716535433, 0.9218220991074176]","[0.9963344788087056, 0.9946471054718478, 0.9849356804333108, 0.987801391403793, 0.9921352732992529, 0.981372286250335, 0.9933953767637346, 0.9865007382408775, 0.9744094488188977, 0.9929208987380732]",0.9237234965936478,4,"[0.8898128898128899, null, null, 0.9533039647577093, null, null, 0.9308457711442786, null, 0.9209313606597138, null]",23.215168952941895,17.094326972961426,0.3057088851928711,5.293829441070557,0.0012247562408447266,0.20643401145935059,,f37ca08ce36f,success,
mlp_mnist,MNIST,10,0.3,44,300,4.0,raw_union_K20,raw_union,1627,0.0,sign_majority,deep,0.9244,0.7194,0.8892,0.9776,0.8885,-0.06678646010827977,0,10,"[-0.059106529209622005, -0.07018239492466294, -0.05737982396750174, -0.06690174401982274, -0.07261764320356534, -0.06781023854194579, -0.06664665265685976, -0.07171482809533858, -0.06594488188976377, -0.06955986457371499]","[0.9372279495990836, 0.9244647105471848, 0.9275558564658091, 0.9208996473839702, 0.9195176300956875, 0.9135620477083892, 0.9267487241068748, 0.9147859101455389, 0.9084645669291339, 0.9233610341643582]","[0.9963344788087056, 0.9946471054718478, 0.9849356804333108, 0.987801391403793, 0.9921352732992529, 0.981372286250335, 0.9933953767637346, 0.9865007382408775, 0.9744094488188977, 0.9929208987380732]",0.9184789760992687,4,"[0.8742203742203742, null, null, 0.9559471365638766, null, null, 0.9298507462686567, null, 0.9138976473441669, null]",23.19947123527527,17.216036796569824,0.23848986625671387,5.199631214141846,0.0009479522705078125,0.2136240005493164,,f37ca08ce36f,success,
mlp_mnist,MNIST,10,0.3,44,300,4.0,raw_union_K20,raw_union,1627,0.0,weight_avg,depth-1,0.9266,0.7194,0.8892,0.9776,0.8885,-0.06450350658862025,0,10,"[-0.054753722794959936, -0.07513877874702624, -0.05433310765064325, -0.0642332983894024, -0.07170009175514491, -0.06955239882069153, -0.060142099469628674, -0.0634887154608732, -0.05905511811023623, -0.07263773468759616]","[0.9415807560137457, 0.9195083267248215, 0.9306025727826676, 0.9235680930143906, 0.920435181544108, 0.9118198874296435, 0.9332532772941059, 0.9230120227800043, 0.9153543307086615, 0.920283164050477]","[0.9963344788087056, 0.9946471054718478, 0.9849356804333108, 0.987801391403793, 0.9921352732992529, 0.981372286250335, 0.9933953767637346, 0.9865007382408775, 0.9744094488188977, 0.9929208987380732]",0.9180820367787854,4,"[0.8726611226611226, null, null, 0.9656387665198238, null, null, 0.9194029850746268, null, 0.9146252728595683, null]",23.399356365203857,17.478123903274536,0.2491893768310547,5.095838785171509,0.0021774768829345703,0.19656109809875488,,f37ca08ce36f,success,
mlp_mnist,MNIST,10,1.0,42,300,4.0,raw_union_K20,raw_union,1978,0.0,weight_avg,depth-1,0.939,0.89937,0.924,0.9735,0.8963,-0.046323026196880134,0,10,"[-0.052832590706556326, -0.05944954128440372, -0.04164954103301821, -0.04026416702172986, -0.04676952748312446, -0.0403431175445651, -0.05961070559610704, -0.039044796932194537, -0.04072164948453605, -0.04254462488256605]","[0.9368555060471038, 0.9354128440366972, 0.9456089875325387, 0.949936088623775, 0.929926068788171, 0.9351293392306661, 0.9219890510948905, 0.9477078612515252, 0.9301546391752578, 0.9413501543416991]","[0.9896880967536601, 0.9948623853211009, 0.987258528565557, 0.9902002556455048, 0.9766955962712954, 0.9754724567752312, 0.9815997566909975, 0.9867526581837197, 0.9708762886597938, 0.9838947792242652]",,0,"[null, null, null, null, null, null, null, null, null, null]",23.89908456802368,17.703641176223755,0.25551462173461914,5.282190799713135,0.0018396377563476562,0.21496367454528809,,f37ca08ce36f,success,
mlp_mnist,MNIST,10,1.0,42,300,4.0,raw_union_K20,raw_union,1978,0.0,agreement_gated,deep,0.9327,0.89937,0.924,0.9735,0.8963,-0.05127386025387326,0,10,"[-0.05576066199872698, -0.06055045871559639, -0.04685573366214557, -0.04431188751597781, -0.04885888781742209, -0.049457177322074775, -0.0672141119221411, -0.03991633257800242, -0.04948453608247427, -0.050328814924171184]","[0.9339274347549331, 0.9343119266055046, 0.9404027949034114, 0.945888368129527, 0.9278367084538733, 0.9260152794531564, 0.9143856447688564, 0.9468363256057173, 0.9213917525773195, 0.933565964300094]","[0.9896880967536601, 0.9948623853211009, 0.987258528565557, 0.9902002556455048, 0.9766955962712954, 0.9754724567752312, 0.9815997566909975, 0.9867526581837197, 0.9708762886597938, 0.9838947792242652]",,0,"[null, null, null, null, null, null, null, null, null, null]",23.71085476875305,17.725378036499023,0.25383806228637695,5.219135522842407,0.0010437965393066406,0.1979215145111084,,f37ca08ce36f,success,
mlp_mnist,MNIST,10,1.0,42,300,4.0,raw_union_K20,raw_union,1978,0.0,consensus_proj,deep,0.939,0.89937,0.924,0.9735,0.8963,-0.046323026196880134,0,10,"[-0.052832590706556326, -0.05944954128440372, -0.04164954103301821, -0.04026416702172986, -0.04676952748312446, -0.0403431175445651, -0.05961070559610704, -0.039044796932194537, -0.04072164948453605, -0.04254462488256605]","[0.9368555060471038, 0.9354128440366972, 0.9456089875325387, 0.949936088623775, 0.929926068788171, 0.9351293392306661, 0.9219890510948905, 0.9477078612515252, 0.9301546391752578, 0.9413501543416991]","[0.9896880967536601, 0.9948623853211009, 0.987258528565557, 0.9902002556455048, 0.9766955962712954, 0.9754724567752312, 0.9815997566909975, 0.9867526581837197, 0.9708762886597938, 0.9838947792242652]",,0,"[null, null, null, null, null, null, null, null, null, null]",23.30261540412903,17.14668321609497,0.29433512687683105,5.327418804168701,0.0009238719940185547,0.19521665573120117,,f37ca08ce36f,success,
mlp_mnist,MNIST,10,1.0,42,300,4.0,raw_union_K20,raw_union,1978,0.0,coord_median,deep,0.9391,0.89937,0.924,0.9735,0.8963,-0.04669249019402966,0,10,"[-0.05907065563335456, -0.053211009174311985, -0.04055350047951778, -0.040051129100979965, -0.04805528768884604, -0.038868784345261975, -0.06523722627737227, -0.03991633257800242, -0.03659793814432988, -0.04536303851831969]","[0.9306174411203055, 0.941651376146789, 0.9467050280860392, 0.9501491265445249, 0.9286403085824494, 0.9366036724299692, 0.9163625304136253, 0.9468363256057173, 0.9342783505154639, 0.9385317407059455]","[0.9896880967536601, 0.9948623853211009, 0.987258528565557, 0.9902002556455048, 0.9766955962712954, 0.9754724567752312, 0.9815997566909975, 0.9867526581837197, 0.9708762886597938, 0.9838947792242652]",,0,"[null, null, null, null, null, null, null, null, null, null]",22.94050669670105,17.118054151535034,0.26030445098876953,5.071709632873535,0.0008821487426757812,0.1872560977935791,,f37ca08ce36f,success,
mlp_mnist,MNIST,10,1.0,42,300,4.0,raw_union_K20,raw_union,1978,0.0,coord_trimmed_mean,deep,0.9391,0.89937,0.924,0.9735,0.8963,-0.04707046059562171,0,10,"[-0.059834500318268646, -0.05357798165137617, -0.04069050554870535, -0.04026416702172986, -0.047251687560269984, -0.03927087521779926, -0.06417274939172746, -0.04148509674045664, -0.03865979381443296, -0.045497248691450776]","[0.9298535964353914, 0.9412844036697248, 0.9465680230168516, 0.949936088623775, 0.9294439087110254, 0.9362015815574319, 0.9174270072992701, 0.9452675614432631, 0.9322164948453608, 0.9383975305328144]","[0.9896880967536601, 0.9948623853211009, 0.987258528565557, 0.9902002556455048, 0.9766955962712954, 0.9754724567752312, 0.9815997566909975, 0.9867526581837197, 0.9708762886597938, 0.9838947792242652]",,0,"[null, null, null, null, null, null, null, null, null, null]",23.261142253875732,17.236738681793213,0.31545042991638184,5.201674699783325,0.0007827281951904297,0.19847369194030762,,f37ca08ce36f,success,
mlp_mnist,MNIST,10,1.0,42,300,4.0,raw_union_K20,raw_union,1978,0.0,mag_weighted,depth-1,0.9391,0.89937,0.924,0.9735,0.8963,-0.04618555246357373,0,10,"[-0.052832590706556326, -0.05908256880733942, -0.041512535963830643, -0.04026416702172986, -0.047090967534554884, -0.0402090872537193, -0.0588503649635036, -0.03887048980303298, -0.04046391752577316, -0.04267883505569714]","[0.9368555060471038, 0.9357798165137615, 0.9457459926017263, 0.949936088623775, 0.9296046287367405, 0.9352633695215119, 0.9227493917274939, 0.9478821683806867, 0.9304123711340206, 0.941215944168568]","[0.9896880967536601, 0.9948623853211009, 0.987258528565557, 0.9902002556455048, 0.9766955962712954, 0.9754724567752312, 0.9815997566909975, 0.9867526581837197, 0.9708762886597938, 0.9838947792242652]",,0,"[null, null, null, null, null, null, null, null, null, null]",23.331125259399414,17.248968839645386,0.25093507766723633,5.147588014602661,0.002330780029296875,0.24921345710754395,,f37ca08ce36f,success,
mlp_mnist,MNIST,10,1.0,42,300,4.0,raw_union_K20,raw_union,1978,0.0,poly_gate_d2_a,depth-2,0.9031,0.89937,0.924,0.9735,0.8963,-0.0810680546626997,0,10,"[-0.07256524506683637, -0.08550458715596332, -0.08083299082066042, -0.07179377929271402, -0.0726454516232723, -0.08778984050395389, -0.11009732360097324, -0.06013595956074602, -0.09201030927835052, -0.07730505972352697]","[0.9171228516868237, 0.9093577981651376, 0.9064255377448965, 0.9184064763527908, 0.9040501446480231, 0.8876826162712773, 0.8715024330900243, 0.9266166986229737, 0.8788659793814433, 0.9065897195007382]","[0.9896880967536601, 0.9948623853211009, 0.987258528565557, 0.9902002556455048, 0.9766955962712954, 0.9754724567752312, 0.9815997566909975, 0.9867526581837197, 0.9708762886597938, 0.9838947792242652]",,0,"[null, null, null, null, null, null, null, null, null, null]",23.196067333221436,16.938704013824463,0.2599661350250244,5.490164279937744,0.0008399486541748047,0.190765380859375,,f37ca08ce36f,success,
mlp_mnist,MNIST,10,1.0,42,300,4.0,raw_union_K20,raw_union,1978,0.0,poly_gate_d2_b,depth-2,0.9103,0.89937,0.924,0.9735,0.8963,-0.07282163560624333,0,10,"[-0.06670910248249529, -0.07633027522935787, -0.07220167146184409, -0.06455048998721769, -0.06605593056894887, -0.07639726578206674, -0.10066909975669092, -0.05386090291092904, -0.0796391752577319, -0.0718024426251509]","[0.9229789942711648, 0.9185321100917431, 0.9150568571037129, 0.9256497656582872, 0.9106396657023466, 0.8990751909931645, 0.8809306569343066, 0.9328917552727907, 0.8912371134020619, 0.9120923365991143]","[0.9896880967536601, 0.9948623853211009, 0.987258528565557, 0.9902002556455048, 0.9766955962712954, 0.9754724567752312, 0.9815997566909975, 0.9867526581837197, 0.9708762886597938, 0.9838947792242652]",,0,"[null, null, null, null, null, null, null, null, null, null]",22.912726163864136,16.66395092010498,0.25414562225341797,5.489968299865723,0.0011487007141113281,0.19675016403198242,,f37ca08ce36f,success,
mlp_mnist,MNIST,10,1.0,42,300,4.0,raw_union_K20,raw_union,1978,0.0,second_moment,deep,0.9259,0.89937,0.924,0.9735,0.8963,-0.05757156466127491,0,10,"[-0.05996180776575433, -0.06495412844036696, -0.05863816961227564, -0.04899872177247544, -0.05512696882031509, -0.057364964481972924, -0.07223236009732359, -0.042008018127941416, -0.0597938144329897, -0.05663669306133401]","[0.9297262889879058, 0.929908256880734, 0.9286203589532813, 0.9412015338730294, 0.9215686274509803, 0.9181074922932583, 0.9093673965936739, 0.9447446400557783, 0.9110824742268041, 0.9272580861629311]","[0.9896880967536601, 0.9948623853211009, 0.987258528565557, 0.9902002556455048, 0.9766955962712954, 0.9754724567752312, 0.9815997566909975, 0.9867526581837197, 0.9708762886597938, 0.9838947792242652]",,0,"[null, null, null, null, null, null, null, null, null, null]",23.27812147140503,17.342893362045288,0.2639610767364502,5.1611247062683105,0.0009710788726806641,0.18909144401550293,,f37ca08ce36f,success,
mlp_mnist,MNIST,10,1.0,42,300,4.0,raw_union_K20,raw_union,1978,0.0,sign_majority,deep,0.9374,0.89937,0.924,0.9735,0.8963,-0.04930507262356561,0,10,"[-0.05385105028644177, -0.05944954128440372, -0.045348677901082324, -0.0417554324669791, -0.049180327868852514, -0.04570432917839429, -0.06614963503649629, -0.03991633257800242, -0.044587628865979334, -0.04710777076902428]","[0.9358370464672183, 0.9354128440366972, 0.9419098506644746, 0.9484448231785257, 0.9275152684024429, 0.9297681275968369, 0.9154501216545012, 0.9468363256057173, 0.9262886597938145, 0.9367870084552409]","[0.9896880967536601, 0.9948623853211009, 0.987258528565557, 0.9902002556455048, 0.9766955962712954, 0.9754724567752312, 0.9815997566909975, 0.9867526581837197, 0.9708762886597938, 0.9838947792242652]",,0,"[null, null, null, null, null, null, null, null, null, null]",23.267967224121094,17.250564098358154,0.2539231777191162,5.161826848983765,0.0009694099426269531,0.19313359260559082,,f37ca08ce36f,success,
mlp_mnist,MNIST,10,1.0,43,300,4.0,raw_union_K20,raw_union,1966,0.0,weight_avg,depth-1,0.9386,0.8797,0.93,0.9747,0.9146,-0.048726412580162415,0,10,"[-0.05498246337940993, -0.06182416549130232, -0.04405962297238053, -0.04710671706891534, -0.05032325703302465, -0.04602888086642598, -0.03875379939209722, -0.04495548961424323, -0.05730968858131491, -0.041920041402510044]","[0.9334639983494946, 0.9231311706629055, 0.9362121876370013, 0.9300668799069497, 0.9379695963655426, 0.9438176895306859, 0.9471884498480243, 0.9434718100890208, 0.9288494809688581, 0.9402251261482727]","[0.9884464617289045, 0.9849553361542078, 0.9802718106093818, 0.977173596975865, 0.9882928533985672, 0.9898465703971119, 0.9859422492401215, 0.988427299703264, 0.986159169550173, 0.9821451675507827]",,0,"[null, null, null, null, null, null, null, null, null, null]",23.431814670562744,17.08849024772644,0.2556028366088867,5.576860427856445,0.0014462471008300781,0.19112324714660645,,f37ca08ce36f,success,
mlp_mnist,MNIST,10,1.0,43,300,4.0,raw_union_K20,raw_union,1966,0.0,agreement_gated,deep,0.9311,0.8797,0.93,0.9747,0.9146,-0.05339887170688488,0,10,"[-0.05797400453889001, -0.06464503996238835, -0.047347654537483574, -0.0565571387031113, -0.05486632884850606, -0.050541516245487306, -0.04122340425531912, -0.05163204747774475, -0.06055363321799312, -0.048647949281925174]","[0.9304724571900145, 0.9203102961918195, 0.9329241560718983, 0.9206164582727537, 0.9334265245500611, 0.9393050541516246, 0.9447188449848024, 0.9367952522255193, 0.9256055363321799, 0.9334972182688576]","[0.9884464617289045, 0.9849553361542078, 0.9802718106093818, 0.977173596975865, 0.9882928533985672, 0.9898465703971119, 0.9859422492401215, 0.988427299703264, 0.986159169550173, 0.9821451675507827]",,0,"[null, null, null, null, null, null, null, null, null, null]",23.058089017868042,16.911370754241943,0.24823474884033203,5.328833103179932,0.0013780593872070312,0.23302173614501953,,f37ca08ce36f,success,
mlp_mnist,MNIST,10,1.0,43,300,4.0,raw_union_K20,raw_union,1966,0.0,consensus_proj,deep,0.9386,0.8797,0.93,0.9747,0.9146,-0.048726412580162415,0,10,"[-0.05498246337940993, -0.06182416549130232, -0.04405962297238053, -0.04710671706891534, -0.05032325703302465, -0.04602888086642598, -0.03875379939209722, -0.04495548961424323, -0.05730968858131491, -0.041920041402510044]","[0.9334639983494946, 0.9231311706629055, 0.9362121876370013, 0.9300668799069497, 0.9379695963655426, 0.9438176895306859, 0.9471884498480243, 0.9434718100890208, 0.9288494809688581, 0.9402251261482727]","[0.9884464617289045, 0.9849553361542078, 0.9802718106093818, 0.977173596975865, 0.9882928533985672, 0.9898465703971119, 0.9859422492401215, 0.988427299703264, 0.986159169550173, 0.9821451675507827]",,0,"[null, null, null, null, null, null, null, null, null, null]",23.284271478652954,17.3440203666687,0.2682223320007324,5.139718055725098,0.001027822494506836,0.20117449760437012,,f37ca08ce36f,success,
mlp_mnist,MNIST,10,1.0,43,300,4.0,raw_union_K20,raw_union,1966,0.0,coord_median,deep,0.9368,0.8797,0.93,0.9747,0.9146,-0.04988457681363834,0,10,"[-0.056839282030121785, -0.06135401974612131, -0.04296361245067948, -0.05045071241640009, -0.05207059234667133, -0.04625451263537905, -0.03951367781155013, -0.04658753709198804, -0.058174740484429055, -0.0446370811230431]","[0.9316071796987827, 0.9236013164080865, 0.9373081981587024, 0.9267228845594649, 0.9362222610518959, 0.9435920577617328, 0.9464285714285714, 0.941839762611276, 0.927984429065744, 0.9375080864277396]","[0.9884464617289045, 0.9849553361542078, 0.9802718106093818, 0.977173596975865, 0.9882928533985672, 0.9898465703971119, 0.9859422492401215, 0.988427299703264, 0.986159169550173, 0.9821451675507827]",,0,"[null, null, null, null, null, null, null, null, null, null]",23.247097492218018,17.205294847488403,0.24831533432006836,5.168015480041504,0.0008962154388427734,0.20969390869140625,,f37ca08ce36f,success,
mlp_mnist,MNIST,10,1.0,43,300,4.0,raw_union_K20,raw_union,1966,0.0,coord_trimmed_mean,deep,0.9376,0.8797,0.93,0.9747,0.9146,-0.04940825003306033,0,10,"[-0.05704559521353414, -0.059003291020216286, -0.04274441034633936, -0.05132305902878742, -0.05154639175257736, -0.04602888086642598, -0.03837386018237077, -0.04554896142433229, -0.05860726643598613, -0.043860784060033575]","[0.9314008665153704, 0.9259520451339915, 0.9375274002630425, 0.9258505379470776, 0.9367464616459898, 0.9438176895306859, 0.9475683890577508, 0.9428783382789317, 0.9275519031141869, 0.9382843834907492]","[0.9884464617289045, 0.9849553361542078, 0.9802718106093818, 0.977173596975865, 0.9882928533985672, 0.9898465703971119, 0.9859422492401215, 0.988427299703264, 0.986159169550173, 0.9821451675507827]",,0,"[null, null, null, null, null, null, null, null, null, null]",23.352660655975342,17.449588298797607,0.2588355541229248,5.126636505126953,0.0008301734924316406,0.19429397583007812,,f37ca08ce36f,success,
mlp_mnist,MNIST,10,1.0,43,300,4.0,raw_union_K20,raw_union,1966,0.0,mag_weighted,depth-1,0.9384,0.8797,0.93,0.9747,0.9146,-0.048791224355436244,0,10,"[-0.05467299360429134, -0.062294311236483324, -0.0438404208680403, -0.04667054376272173, -0.05084745762711862, -0.046480144404332124, -0.03875379939209722, -0.04525222551928776, -0.05730968858131491, -0.04179065855867514]","[0.9337734681246131, 0.9226610249177245, 0.9364313897413415, 0.9305030532131433, 0.9374453957714486, 0.9433664259927798, 0.9471884498480243, 0.9431750741839763, 0.9288494809688581, 0.9403545089921076]","[0.9884464617289045, 0.9849553361542078, 0.9802718106093818, 0.977173596975865, 0.9882928533985672, 0.9898465703971119, 0.9859422492401215, 0.988427299703264, 0.986159169550173, 0.9821451675507827]",,0,"[null, null, null, null, null, null, null, null, null, null]",22.998969793319702,16.731548309326172,0.28043651580810547,5.48278021812439,0.0009188652038574219,0.18639755249023438,,f37ca08ce36f,success,
mlp_mnist,MNIST,10,1.0,43,300,4.0,raw_union_K20,raw_union,1966,0.0,poly_gate_d2_a,depth-2,0.9175,0.8797,0.93,0.9747,0.9146,-0.06906443567988377,0,10,"[-0.07313802351970289, -0.077574047954866, -0.059842174484875055, -0.07574876417563237, -0.07338808317316092, -0.06836642599277976, -0.05357142857142849, -0.06439169139465872, -0.08044982698961933, -0.06417389054211409]","[0.9153084382092016, 0.9073812881993418, 0.9204296361245068, 0.9014248328002327, 0.9149047702254063, 0.9214801444043321, 0.932370820668693, 0.9240356083086053, 0.9057093425605537, 0.9179712770086687]","[0.9884464617289045, 0.9849553361542078, 0.9802718106093818, 0.977173596975865, 0.9882928533985672, 0.9898465703971119, 0.9859422492401215, 0.988427299703264, 0.986159169550173, 0.9821451675507827]",,0,"[null, null, null, null, null, null, null, null, null, null]",23.181864261627197,17.282631635665894,0.2644834518432617,5.134108066558838,0.001110076904296875,0.19160842895507812,,f37ca08ce36f,success,
mlp_mnist,MNIST,10,1.0,43,300,4.0,raw_union_K20,raw_union,1966,0.0,poly_gate_d2_b,depth-2,0.9214,0.8797,0.93,0.9747,0.9146,-0.0643017821536699,0,10,"[-0.06890860325974835, -0.07169722614010343, -0.05633494081543178, -0.06746147135795288, -0.06762187663812691, -0.06543321299638982, -0.04939209726443761, -0.060830860534124565, -0.07569204152249132, -0.05964549100789229]","[0.9195378584691561, 0.9132581100141044, 0.9239368697939501, 0.9097121256179121, 0.9206709767604403, 0.9244133574007221, 0.9365501519756839, 0.9275964391691395, 0.9104671280276817, 0.9224996765428904]","[0.9884464617289045, 0.9849553361542078, 0.9802718106093818, 0.977173596975865, 0.9882928533985672, 0.9898465703971119, 0.9859422492401215, 0.988427299703264, 0.986159169550173, 0.9821451675507827]",,0,"[null, null, null, null, null, null, null, null, null, null]",23.145275354385376,17.25726342201233,0.2481684684753418,5.12438440322876,0.0009589195251464844,0.1923995018005371,,f37ca08ce36f,success,
mlp_mnist,MNIST,10,1.0,43,300,4.0,raw_union_K20,raw_union,1966,0.0,second_moment,deep,0.9291,0.8797,0.93,0.9747,0.9146,-0.05575571248342407,0,10,"[-0.06117185888178256, -0.06182416549130232, -0.050197281893906154, -0.05713870311136959, -0.05573999650532935, -0.05663357400722013, -0.04445288753799381, -0.052077151335311544, -0.06747404844290661, -0.05084745762711862]","[0.9272746028471219, 0.9231311706629055, 0.9300745287154757, 0.9200348938644954, 0.9325528568932379, 0.9332129963898917, 0.9414893617021277, 0.9363501483679525, 0.9186851211072664, 0.9312977099236641]","[0.9884464617289045, 0.9849553361542078, 0.9802718106093818, 0.977173596975865, 0.9882928533985672, 0.9898465703971119, 0.9859422492401215, 0.988427299703264, 0.986159169550173, 0.9821451675507827]",,0,"[null, null, null, null, null, null, null, null, null, null]",23.509923219680786,17.34063410758972,0.256117582321167,5.259269714355469,0.001314401626586914,0.23713469505310059,,f37ca08ce36f,success,
mlp_mnist,MNIST,10,1.0,43,300,4.0,raw_union_K20,raw_union,1966,0.0,sign_majority,deep,0.9349,0.8797,0.93,0.9747,0.9146,-0.05092724143636396,0,10,"[-0.05663296884670932, -0.06393982134461684, -0.04515563349408158, -0.05219540564117475, -0.05311899353485938, -0.046480144404332124, -0.039893617021276584, -0.048219584569732854, -0.059904844290657455, -0.04373140121619867]","[0.9318134928821952, 0.921015514809591, 0.9351161771153003, 0.9249781913346903, 0.9351738598637078, 0.9433664259927798, 0.9460486322188449, 0.9402077151335312, 0.9262543252595156, 0.9384137663345841]","[0.9884464617289045, 0.9849553361542078, 0.9802718106093818, 0.977173596975865, 0.9882928533985672, 0.9898465703971119, 0.9859422492401215, 0.988427299703264, 0.986159169550173, 0.9821451675507827]",,0,"[null, null, null, null, null, null, null, null, null, null]",24.162492275238037,17.94217848777771,0.2557964324951172,5.399477481842041,0.0016341209411621094,0.24838805198669434,,f37ca08ce36f,success,
mlp_mnist,MNIST,10,1.0,44,300,4.0,raw_union_K20,raw_union,1993,0.0,weight_avg,depth-1,0.9393,0.8891600000000001,0.9255,0.9776,0.905,-0.04799413619547788,0,10,"[-0.05439495467087119, -0.0427545691906005, -0.043401382414402834, -0.04812354103070571, -0.04512905911740217, -0.04286308780690806, -0.04868177613321001, -0.049762007788835994, -0.04942485147263309, -0.05540613232920921]","[0.9300354749704375, 0.9386422976501305, 0.946793120077158, 0.933560782905369, 0.9460449625312239, 0.9483978360382854, 0.9339731729879741, 0.9450454348766768, 0.9300973328277082, 0.9245113860498476]","[0.9844304296413087, 0.981396866840731, 0.9901945024915608, 0.9816843239360747, 0.9911740216486261, 0.9912609238451935, 0.9826549491211841, 0.9948074426655128, 0.9795221843003413, 0.9799175183790568]",,0,"[null, null, null, null, null, null, null, null, null, null]",23.226490020751953,17.141241788864136,0.3052093982696533,5.26703143119812,0.0014314651489257812,0.19678020477294922,,f37ca08ce36f,success,
mlp_mnist,MNIST,10,1.0,44,300,4.0,raw_union_K20,raw_union,1993,0.0,agreement_gated,deep,0.9355,0.8891600000000001,0.9255,0.9776,0.905,-0.052798210862816296,0,10,"[-0.05360662199448174, -0.049934725848563954, -0.04709853721266677, -0.04345483928892091, -0.05095753538717729, -0.04882785407129975, -0.06093894542090661, -0.056685417568152374, -0.055871571229933026, -0.06060606060606055]","[0.9308238076468269, 0.9314621409921671, 0.943095965278894, 0.9382294846471538, 0.9402164862614488, 0.9424330697738937, 0.9217160037002775, 0.9381220250973604, 0.9236506130704083, 0.9193114577729963]","[0.9844304296413087, 0.981396866840731, 0.9901945024915608, 0.9816843239360747, 0.9911740216486261, 0.9912609238451935, 0.9826549491211841, 0.9948074426655128, 0.9795221843003413, 0.9799175183790568]",,0,"[null, null, null, null, null, null, null, null, null, null]",23.292598962783813,16.96592092514038,0.2544889450073242,5.568634748458862,0.0008828639984130859,0.18521547317504883,,f37ca08ce36f,success,
mlp_mnist,MNIST,10,1.0,44,300,4.0,raw_union_K20,raw_union,1993,0.0,consensus_proj,deep,0.9393,0.8891600000000001,0.9255,0.9776,0.905,-0.04799413619547788,0,10,"[-0.05439495467087119, -0.0427545691906005, -0.043401382414402834, -0.04812354103070571, -0.04512905911740217, -0.04286308780690806, -0.04868177613321001, -0.049762007788835994, -0.04942485147263309, -0.05540613232920921]","[0.9300354749704375, 0.9386422976501305, 0.946793120077158, 0.933560782905369, 0.9460449625312239, 0.9483978360382854, 0.9339731729879741, 0.9450454348766768, 0.9300973328277082, 0.9245113860498476]","[0.9844304296413087, 0.981396866840731, 0.9901945024915608, 0.9816843239360747, 0.9911740216486261, 0.9912609238451935, 0.9826549491211841, 0.9948074426655128, 0.9795221843003413, 0.9799175183790568]",,0,"[null, null, null, null, null, null, null, null, null, null]",25.224679470062256,18.765410661697388,0.2735304832458496,5.647442579269409,0.00106048583984375,0.20124268531799316,,f37ca08ce36f,success,
mlp_mnist,MNIST,10,1.0,44,300,4.0,raw_union_K20,raw_union,1993,0.0,coord_median,deep,0.9396,0.8891600000000001,0.9255,0.9776,0.905,-0.04790728210541558,0,10,"[-0.05340953882538435, -0.039817232375979006, -0.0425976531104324, -0.04776441012749155, -0.04596169858451282, -0.04522125121376053, -0.052150786308973185, -0.04868022501081781, -0.049677664012135025, -0.05379236148466915]","[0.9310208908159243, 0.941579634464752, 0.9475968493811284, 0.9339199138085832, 0.9452123230641133, 0.946039672631433, 0.9305041628122109, 0.946127217654695, 0.9298445202882063, 0.9261251568943877]","[0.9844304296413087, 0.981396866840731, 0.9901945024915608, 0.9816843239360747, 0.9911740216486261, 0.9912609238451935, 0.9826549491211841, 0.9948074426655128, 0.9795221843003413, 0.9799175183790568]",,0,"[null, null, null, null, null, null, null, null, null, null]",23.95232844352722,17.558937788009644,0.27477312088012695,5.563047170639038,0.0014874935150146484,0.24019789695739746,,f37ca08ce36f,success,
mlp_mnist,MNIST,10,1.0,44,300,4.0,raw_union_K20,raw_union,1993,0.0,coord_trimmed_mean,deep,0.9387,0.8891600000000001,0.9255,0.9776,0.905,-0.04801505592791318,0,10,"[-0.05360662199448174, -0.040143603133159234, -0.0435621282751969, -0.04650745196624173, -0.045795170691090736, -0.04563739769732278, -0.05122571692876965, -0.04932929467762881, -0.05144735178864879, -0.052895822126591385]","[0.9308238076468269, 0.9412532637075718, 0.9466323742163639, 0.935176871969833, 0.9453788509575354, 0.9456235261478707, 0.9314292321924145, 0.945478147987884, 0.9280748325116925, 0.9270216962524654]","[0.9844304296413087, 0.981396866840731, 0.9901945024915608, 0.9816843239360747, 0.9911740216486261, 0.9912609238451935, 0.9826549491211841, 0.9948074426655128, 0.9795221843003413, 0.9799175183790568]",,0,"[null, null, null, null, null, null, null, null, null, null]",24.989068746566772,18.182169198989868,0.27635812759399414,6.011091709136963,0.0008618831634521484,0.2024846076965332,,f37ca08ce36f,success,
mlp_mnist,MNIST,10,1.0,44,300,4.0,raw_union_K20,raw_union,1993,0.0,mag_weighted,depth-1,0.9389,0.8891600000000001,0.9255,0.9776,0.905,-0.04819432685376712,0,10,"[-0.054592037839968466, -0.043080939947780617, -0.04468734930075546, -0.04830310648231284, -0.045295587010824256, -0.04341794978499092, -0.04798797409805733, -0.050843790566854175, -0.049045632663380134, -0.054688900842747024]","[0.9298383918013402, 0.9383159268929504, 0.9455071531908054, 0.9333812174537619, 0.9458784346378019, 0.9478429740602026, 0.9346669750231268, 0.9439636520986586, 0.9304765516369612, 0.9252286175363098]","[0.9844304296413087, 0.981396866840731, 0.9901945024915608, 0.9816843239360747, 0.9911740216486261, 0.9912609238451935, 0.9826549491211841, 0.9948074426655128, 0.9795221843003413, 0.9799175183790568]",,0,"[null, null, null, null, null, null, null, null, null, null]",22.89913773536682,16.758604049682617,0.27069950103759766,5.361178636550903,0.0009877681732177734,0.19200396537780762,,f37ca08ce36f,success,
mlp_mnist,MNIST,10,1.0,44,300,4.0,raw_union_K20,raw_union,1993,0.0,poly_gate_d2_a,depth-2,0.9105,0.8891600000000001,0.9255,0.9776,0.905,-0.07720332463224028,0,10,"[-0.06681119432400473, -0.07539164490861616, -0.062047902266516575, -0.05889746812713237, -0.07993338884263113, -0.07532251352476071, -0.10268270120259027, -0.08394634357421038, -0.08039438756162309, -0.08660570199031736]","[0.9176192353173039, 0.9060052219321149, 0.9281466002250442, 0.9227868558089424, 0.911240632805995, 0.9159384103204328, 0.8799722479185939, 0.9108610990913024, 0.8991277967387182, 0.8933118163887395]","[0.9844304296413087, 0.981396866840731, 0.9901945024915608, 0.9816843239360747, 0.9911740216486261, 0.9912609238451935, 0.9826549491211841, 0.9948074426655128, 0.9795221843003413, 0.9799175183790568]",,0,"[null, null, null, null, null, null, null, null, null, null]",23.14114212989807,16.884427785873413,0.253432035446167,5.4342803955078125,0.001207113265991211,0.2482311725616455,,f37ca08ce36f,success,
mlp_mnist,MNIST,10,1.0,44,300,4.0,raw_union_K20,raw_union,1993,0.0,poly_gate_d2_b,depth-2,0.916,0.8891600000000001,0.9255,0.9776,0.905,-0.07080766666906259,0,10,"[-0.06208119826566816, -0.06755874673629236, -0.057868509885870445, -0.054587897288561726, -0.07293921731890085, -0.06991260923845188, -0.0921600370027752, -0.07810471657291218, -0.07432688661357612, -0.07853684776761694]","[0.9223492313756405, 0.9138381201044387, 0.9323259926056904, 0.927096426647513, 0.9182348043297253, 0.9213483146067416, 0.8904949121184089, 0.9167027260926006, 0.9051952976867652, 0.9013806706114399]","[0.9844304296413087, 0.981396866840731, 0.9901945024915608, 0.9816843239360747, 0.9911740216486261, 0.9912609238451935, 0.9826549491211841, 0.9948074426655128, 0.9795221843003413, 0.9799175183790568]",,0,"[null, null, null, null, null, null, null, null, null, null]",23.311554193496704,17.237571954727173,0.27302050590515137,5.273504734039307,0.0014004707336425781,0.21715497970581055,,f37ca08ce36f,success,
mlp_mnist,MNIST,10,1.0,44,300,4.0,raw_union_K20,raw_union,1993,0.0,second_moment,deep,0.9285,0.8891600000000001,0.9255,0.9776,0.905,-0.05851481389448595,0,10,"[-0.05695703586913681, -0.055156657963446376, -0.052724642340459704, -0.04812354103070571, -0.05811823480432965, -0.05742821473158555, -0.06833950046253467, -0.06295975768065776, -0.06168625963847807, -0.06365429442352522]","[0.9274733937721719, 0.9262402088772846, 0.9374698601511011, 0.933560782905369, 0.9330557868442965, 0.9338327091136079, 0.9143154486586494, 0.931847684984855, 0.9178359246618633, 0.9162632239555316]","[0.9844304296413087, 0.981396866840731, 0.9901945024915608, 0.9816843239360747, 0.9911740216486261, 0.9912609238451935, 0.9826549491211841, 0.9948074426655128, 0.9795221843003413, 0.9799175183790568]",,0,"[null, null, null, null, null, null, null, null, null, null]",23.243850231170654,17.00823211669922,0.2588820457458496,5.4754462242126465,0.0009539127349853516,0.18551373481750488,,f37ca08ce36f,success,
mlp_mnist,MNIST,10,1.0,44,300,4.0,raw_union_K20,raw_union,1993,0.0,sign_majority,deep,0.9377,0.8891600000000001,0.9255,0.9776,0.905,-0.05014667762508797,0,10,"[-0.052227039810800235, -0.04569190600522188, -0.0454910786047259, -0.04596875561142044, -0.04796003330557863, -0.04535996670828124, -0.054694727104532825, -0.05408913890090872, -0.052964227025660504, -0.057019903173749276]","[0.9322033898305084, 0.9357049608355091, 0.9447034238868349, 0.9357155683246543, 0.9432139883430475, 0.9459009571369122, 0.9279602220166513, 0.9407183037646041, 0.9265579572746808, 0.9228976152053076]","[0.9844304296413087, 0.981396866840731, 0.9901945024915608, 0.9816843239360747, 0.9911740216486261, 0.9912609238451935, 0.9826549491211841, 0.9948074426655128, 0.9795221843003413, 0.9799175183790568]",,0,"[null, null, null, null, null, null, null, null, null, null]",23.08471155166626,16.843292474746704,0.25696229934692383,5.4798784255981445,0.0009658336639404297,0.19364428520202637,,f37ca08ce36f,success,
vit_b32_cifar100,CIFAR100,10,0.05,42,300,4.0,raw_union_K20,raw_union,4828,0.0,agreement_gated,deep,0.805,0.22524000000000002,0.2926,0.8692,0.8091,-0.1507929917134478,0,10,"[-0.15125, -0.14408892582588817, -0.17659574468085104, -0.1474644128113879, -0.18792062122519415, -0.1677783478707029, -0.1882538770821367, -0.13709021945272282, -0.060518731988472685, -0.14696903619712165]","[0.8378125, 0.8391855391647621, 0.8077127659574468, 0.8118327402135231, 0.7756686798964625, 0.8193945613134941, 0.7922171165996553, 0.8452993768626389, 0.9164265129682997, 0.8314435237679896]","[0.9890625, 0.9832744649906503, 0.9843085106382978, 0.959297153024911, 0.9635893011216566, 0.987172909184197, 0.980470993681792, 0.9823895963153617, 0.9769452449567724, 0.9784125599651112]",0.7954622380239208,10,"[0.7997368421052632, 0.7766101694915254, 0.8004761904761905, 0.803134328358209, 0.7895081967213115, 0.7896923076923077, 0.786271186440678, 0.8064788732394366, 0.7877142857142857, 0.815]",7.216803312301636,2.8430988788604736,0.262453556060791,3.5584237575531006,0.0007717609405517578,0.18552708625793457,,f37ca08ce36f,success,
vit_b32_cifar100,CIFAR100,10,0.05,42,300,4.0,raw_union_K20,raw_union,4828,0.0,consensus_proj,deep,0.7709,0.22524000000000002,0.2926,0.8692,0.8091,-0.19029962487497118,0,10,"[-0.229375, -0.15042592977352998, -0.22739361702127658, -0.2095195729537367, -0.2226056945642796, -0.2098512057465366, -0.21180356117174037, -0.1747493904091032, -0.10547550432276664, -0.16179677278674232]","[0.7596875, 0.8328485352171203, 0.7569148936170212, 0.7497775800711743, 0.740983606557377, 0.7773217034376604, 0.7686674325100517, 0.8076402059062585, 0.8714697406340057, 0.8166157871783689]","[0.9890625, 0.9832744649906503, 0.9843085106382978, 0.959297153024911, 0.9635893011216566, 0.987172909184197, 0.980470993681792, 0.9823895963153617, 0.9769452449567724, 0.9784125599651112]",0.7544325598187627,10,"[0.7723684210526316, 0.7215254237288136, 0.7633333333333333, 0.7617910447761194, 0.7460655737704918, 0.7512307692307693, 0.7335593220338983, 0.7733802816901408, 0.7535714285714286, 0.7675]",7.071621417999268,2.702395439147949,0.2627105712890625,3.584414005279541,0.001085519790649414,0.21216821670532227,,f37ca08ce36f,success,
vit_b32_cifar100,CIFAR100,10,0.05,42,300,4.0,raw_union_K20,raw_union,4828,0.0,coord_median,deep,0.7482,0.22524000000000002,0.2926,0.8692,0.8091,-0.19755881889800078,0,10,"[-0.22375, -0.2447537918138375, -0.2093085106382978, -0.2032918149466192, -0.2357204486626402, -0.23140071831708564, -0.24325100516944276, -0.16391221891086427, -0.0778097982708934, -0.14238988225032712]","[0.7653125, 0.7385206731768128, 0.775, 0.7560053380782918, 0.7278688524590164, 0.7557721908671113, 0.7372199885123493, 0.8184773774044974, 0.899135446685879, 0.8360226777147841]","[0.9890625, 0.9832744649906503, 0.9843085106382978, 0.959297153024911, 0.9635893011216566, 0.987172909184197, 0.980470993681792, 0.9823895963153617, 0.9769452449567724, 0.9784125599651112]",0.7286193433766446,10,"[0.7389473684210527, 0.7222033898305085, 0.743015873015873, 0.7331343283582089, 0.72, 0.7238461538461538, 0.7130508474576271, 0.7428169014084507, 0.7254285714285714, 0.72375]",7.2091710567474365,2.771347999572754,0.2832825183868408,3.700343608856201,0.0011012554168701172,0.18291592597961426,,f37ca08ce36f,success,
vit_b32_cifar100,CIFAR100,10,0.05,42,300,4.0,raw_union_K20,raw_union,4828,0.0,coord_trimmed_mean,deep,0.7517,0.22524000000000002,0.2926,0.8692,0.8091,-0.1937200496550655,0,10,"[-0.2165625, -0.24735092457926444, -0.21329787234042552, -0.19973309608540923, -0.236755823986195, -0.23122969043954156, -0.23908673176335438, -0.1422378759143864, -0.06397694524495678, -0.14696903619712165]","[0.7725, 0.7359235404113859, 0.7710106382978723, 0.7595640569395018, 0.7268334771354616, 0.7559432187446554, 0.7413842619184376, 0.8401517204009753, 0.9129682997118156, 0.8314435237679896]","[0.9890625, 0.9832744649906503, 0.9843085106382978, 0.959297153024911, 0.9635893011216566, 0.987172909184197, 0.980470993681792, 0.9823895963153617, 0.9769452449567724, 0.9784125599651112]",0.7308799719074834,10,"[0.7397368421052631, 0.7276271186440678, 0.7425396825396825, 0.7340298507462687, 0.7227868852459016, 0.7221538461538461, 0.713728813559322, 0.7387323943661972, 0.7237142857142858, 0.74375]",7.4956793785095215,2.893710136413574,0.33640074729919434,3.775825262069702,0.0007231235504150391,0.18274760246276855,,f37ca08ce36f,success,
vit_b32_cifar100,CIFAR100,10,0.05,42,300,4.0,raw_union_K20,raw_union,4828,0.0,mag_weighted,depth-1,0.7699,0.22524000000000002,0.2926,0.8692,0.8091,-0.1935817079043049,0,10,"[-0.23812499999999992, -0.14315395803033448, -0.23324468085106376, -0.21152135231316727, -0.22519413287316659, -0.21344279117496145, -0.2123779437105111, -0.18125169330804658, -0.10720461095100864, -0.17030091583078943]","[0.7509375, 0.8401205069603158, 0.7510638297872341, 0.7477758007117438, 0.73839516824849, 0.7737301180092355, 0.7680930499712809, 0.8011379030073151, 0.8697406340057637, 0.8081116441343218]","[0.9890625, 0.9832744649906503, 0.9843085106382978, 0.959297153024911, 0.9635893011216566, 0.987172909184197, 0.980470993681792, 0.9823895963153617, 0.9769452449567724, 0.9784125599651112]",0.7536716012453157,10,"[0.7730263157894737, 0.716271186440678, 0.763015873015873, 0.7592537313432836, 0.7459016393442623, 0.7512307692307693, 0.7306779661016949, 0.7738028169014084, 0.7522857142857143, 0.77125]",7.143030881881714,2.7688066959381104,0.32181429862976074,3.60305118560791,0.0010733604431152344,0.17528367042541504,,f37ca08ce36f,success,
vit_b32_cifar100,CIFAR100,10,0.05,42,300,4.0,raw_union_K20,raw_union,4828,0.0,poly_gate_d2_a,depth-2,0.8088,0.22524000000000002,0.2926,0.8692,0.8091,-0.145787668788182,0,10,"[-0.13749999999999996, -0.14782879700810303, -0.1800531914893616, -0.1345640569395018, -0.18533218291630715, -0.15854284248332473, -0.1901206203331418, -0.13275535085342727, -0.05533141210374648, -0.1358482337549063]","[0.8515625, 0.8354456679825473, 0.8042553191489362, 0.8247330960854092, 0.7782571182053495, 0.8286300667008722, 0.7903503733486502, 0.8496342454619344, 0.9216138328530259, 0.8425643262102049]","[0.9890625, 0.9832744649906503, 0.9843085106382978, 0.959297153024911, 0.9635893011216566, 0.987172909184197, 0.980470993681792, 0.9823895963153617, 0.9769452449567724, 0.9784125599651112]",0.8009408902522361,10,"[0.8023684210526316, 0.7879661016949152, 0.8057142857142857, 0.8065671641791045, 0.7980327868852459, 0.7946153846153846, 0.7940677966101695, 0.8121126760563381, 0.7917142857142857, 0.81625]",7.338947534561157,2.8986027240753174,0.27616453170776367,3.583545207977295,0.0008673667907714844,0.1804342269897461,,f37ca08ce36f,success,
vit_b32_cifar100,CIFAR100,10,0.05,42,300,4.0,raw_union_K20,raw_union,4828,0.0,poly_gate_d2_b,depth-2,0.8076,0.22524000000000002,0.2926,0.8692,0.8091,-0.14741453041638866,0,10,"[-0.14249999999999996, -0.146478287970081, -0.1800531914893616, -0.13723309608540923, -0.18895599654874895, -0.16008209338122115, -0.18839747271682938, -0.13410999729070716, -0.05590778097982718, -0.14042738770170082]","[0.8465625, 0.8367961770205693, 0.8042553191489362, 0.8220640569395018, 0.7746333045729077, 0.8270908158029758, 0.7920735209649626, 0.8482795990246546, 0.9210374639769452, 0.8379851722634104]","[0.9890625, 0.9832744649906503, 0.9843085106382978, 0.959297153024911, 0.9635893011216566, 0.987172909184197, 0.980470993681792, 0.9823895963153617, 0.9769452449567724, 0.9784125599651112]",0.7990154260132061,10,"[0.800921052631579, 0.7840677966101695, 0.803968253968254, 0.804179104477612, 0.7965573770491803, 0.792923076923077, 0.7908474576271186, 0.8116901408450704, 0.79, 0.815]",7.463303804397583,2.7143046855926514,0.2835094928741455,3.9972546100616455,0.0007648468017578125,0.1795036792755127,,f37ca08ce36f,success,
vit_b32_cifar100,CIFAR100,10,0.05,42,300,4.0,raw_union_K20,raw_union,4828,0.0,second_moment,deep,0.8016,0.22524000000000002,0.2926,0.8692,0.8091,-0.15570715957493958,0,10,"[-0.16593749999999996, -0.1389985456056514, -0.1906914893617021, -0.14902135231316727, -0.19482312338222607, -0.17290918419702406, -0.19170017231476155, -0.1446762395014901, -0.06570605187319889, -0.1426079372001745]","[0.823125, 0.8442759193849989, 0.7936170212765957, 0.8102758007117438, 0.7687661777394306, 0.8142637249871729, 0.7887708213670305, 0.8377133568138716, 0.9112391930835735, 0.8358046227649367]","[0.9890625, 0.9832744649906503, 0.9843085106382978, 0.959297153024911, 0.9635893011216566, 0.987172909184197, 0.980470993681792, 0.9823895963153617, 0.9769452449567724, 0.9784125599651112]",0.7903244655817432,10,"[0.7988157894736843, 0.7689830508474577, 0.7979365079365079, 0.7964179104477612, 0.7855737704918033, 0.7870769230769231, 0.7762711864406779, 0.8056338028169014, 0.7852857142857143, 0.80125]",7.404019594192505,2.762295722961426,0.2741210460662842,3.879279136657715,0.0008499622344970703,0.18227243423461914,,f37ca08ce36f,success,
vit_b32_cifar100,CIFAR100,10,0.05,42,300,4.0,raw_union_K20,raw_union,4828,0.0,sign_majority,deep,0.763,0.22524000000000002,0.2926,0.8692,0.8091,-0.19057490173158803,0,10,"[-0.21187499999999992, -0.19748597548306668, -0.2053191489361702, -0.19661921708185048, -0.22571182053494399, -0.21686334872584223, -0.22113727742676614, -0.18396098618260637, -0.11354466858789625, -0.13323157435673794]","[0.7771875, 0.7857884895075836, 0.7789893617021276, 0.7626779359430605, 0.7378774805867127, 0.7703095604583547, 0.7593337162550259, 0.7984286101327553, 0.8634005763688761, 0.8451809856083733]","[0.9890625, 0.9832744649906503, 0.9843085106382978, 0.959297153024911, 0.9635893011216566, 0.987172909184197, 0.980470993681792, 0.9823895963153617, 0.9769452449567724, 0.9784125599651112]",0.7463571149140471,10,"[0.758421052631579, 0.7264406779661017, 0.7526984126984126, 0.7523880597014926, 0.7408196721311475, 0.7467692307692307, 0.724406779661017, 0.7685915492957747, 0.7492857142857143, 0.74375]",7.069664239883423,2.6894450187683105,0.26091670989990234,3.5858206748962402,0.001287221908569336,0.20910024642944336,,f37ca08ce36f,success,
vit_b32_cifar100,CIFAR100,10,0.05,42,300,4.0,raw_union_K20,raw_union,4828,0.0,weight_avg,depth-1,0.7709,0.22524000000000002,0.2926,0.8692,0.8091,-0.19029962487497118,0,10,"[-0.229375, -0.15042592977352998, -0.22739361702127658, -0.2095195729537367, -0.2226056945642796, -0.2098512057465366, -0.21180356117174037, -0.1747493904091032, -0.10547550432276664, -0.16179677278674232]","[0.7596875, 0.8328485352171203, 0.7569148936170212, 0.7497775800711743, 0.740983606557377, 0.7773217034376604, 0.7686674325100517, 0.8076402059062585, 0.8714697406340057, 0.8166157871783689]","[0.9890625, 0.9832744649906503, 0.9843085106382978, 0.959297153024911, 0.9635893011216566, 0.987172909184197, 0.980470993681792, 0.9823895963153617, 0.9769452449567724, 0.9784125599651112]",0.7544325598187627,10,"[0.7723684210526316, 0.7215254237288136, 0.7633333333333333, 0.7617910447761194, 0.7460655737704918, 0.7512307692307693, 0.7335593220338983, 0.7733802816901408, 0.7535714285714286, 0.7675]",228.09219360351562,2.7320234775543213,0.2765812873840332,3.616149425506592,0.0005557537078857422,0.20337843894958496,,f37ca08ce36f,success,
vit_b32_cifar100,CIFAR100,10,0.05,43,300,4.0,raw_union_K20,raw_union,5083,0.0,agreement_gated,deep,0.7927,0.22685999999999998,0.2738,0.8683,0.7989,-0.16020305654102815,0,10,"[-0.17765911386924527, -0.22190544072226182, -0.1429056347589952, -0.1178467507274491, -0.1509259259259259, -0.09447128287707995, -0.2621755613881598, -0.11509021323127389, -0.16376739562624254, -0.1552832462836481]","[0.7796218790590272, 0.7650273224043715, 0.8385947046843177, 0.8685741998060136, 0.8154320987654321, 0.8950617283950617, 0.7143482064741907, 0.8690541279387644, 0.8203280318091452, 0.8157894736842105]","[0.9572809929282725, 0.9869327631266334, 0.9815003394433129, 0.9864209505334627, 0.966358024691358, 0.9895330112721417, 0.9765237678623505, 0.9841443411700382, 0.9840954274353877, 0.9710727199678586]",0.7826960875758838,10,"[0.7929032258064516, 0.781, 0.7624615384615384, 0.7812698412698412, 0.7738333333333334, 0.7561428571428571, 0.7891228070175439, 0.7827272727272727, 0.7775, 0.83]",7.199373483657837,2.771265983581543,0.2835977077484131,3.540709972381592,0.0009400844573974609,0.18066883087158203,,f37ca08ce36f,success,
vit_b32_cifar100,CIFAR100,10,0.05,43,300,4.0,raw_union_K20,raw_union,5083,0.0,consensus_proj,deep,0.7552,0.22685999999999998,0.2738,0.8683,0.7989,-0.19998961104903504,0,10,"[-0.20695627074613943, -0.3029223093371347, -0.15597420230821446, -0.1338506304558681, -0.19598765432098764, -0.12855609232420817, -0.31364829396325455, -0.13039912520503005, -0.23533797216699803, -0.19626355966251507]","[0.7503247221821331, 0.6840104537894987, 0.8255261371350985, 0.8525703200775946, 0.7703703703703704, 0.8609769189479335, 0.662875473899096, 0.8537452159650082, 0.7487574552683897, 0.7748091603053435]","[0.9572809929282725, 0.9869327631266334, 0.9815003394433129, 0.9864209505334627, 0.966358024691358, 0.9895330112721417, 0.9765237678623505, 0.9841443411700382, 0.9840954274353877, 0.9710727199678586]",0.7383930568388177,10,"[0.7480645161290322, 0.746, 0.7089230769230769, 0.7325396825396825, 0.7226666666666667, 0.7077142857142857, 0.7494736842105263, 0.7406493506493507, 0.74234375, 0.7855555555555556]",7.189037084579468,2.6873483657836914,0.2767598628997803,3.699828624725342,0.0009701251983642578,0.19773197174072266,,f37ca08ce36f,success,
vit_b32_cifar100,CIFAR100,10,0.05,43,300,4.0,raw_union_K20,raw_union,5083,0.0,coord_median,deep,0.7279,0.22685999999999998,0.2738,0.8683,0.7989,-0.22818958167652953,0,10,"[-0.2778178669360658, -0.35257780945592776, -0.1785471826205024, -0.17054639508567737, -0.1987654320987654, -0.1465378421900161, -0.35068533100029164, -0.1755057408419901, -0.22440357852882709, -0.20650863800723185]","[0.6794631259922067, 0.6343549536707056, 0.8029531568228105, 0.8158745554477853, 0.7675925925925926, 0.8429951690821256, 0.6258384368620589, 0.8086386003280481, 0.7596918489065606, 0.7645640819606268]","[0.9572809929282725, 0.9869327631266334, 0.9815003394433129, 0.9864209505334627, 0.966358024691358, 0.9895330112721417, 0.9765237678623505, 0.9841443411700382, 0.9840954274353877, 0.9710727199678586]",0.7130170663342035,10,"[0.7304838709677419, 0.7228571428571429, 0.6758461538461539, 0.709047619047619, 0.6875, 0.6757142857142857, 0.73, 0.7109090909090909, 0.7078125, 0.78]",7.0027077198028564,2.6532845497131348,0.2780623435974121,3.5665037631988525,0.0007197856903076172,0.1857898235321045,,f37ca08ce36f,success,
vit_b32_cifar100,CIFAR100,10,0.05,43,300,4.0,raw_union_K20,raw_union,5083,0.0,coord_trimmed_mean,deep,0.7314,0.22685999999999998,0.2738,0.8683,0.7989,-0.2213247440218927,0,10,"[-0.25660268437003897, -0.36089332382988826, -0.1792260692464358, -0.1590688651794374, -0.1753086419753086, -0.1312399355877616, -0.3709536307961504, -0.1443411700382723, -0.2311133200795229, -0.20449979911611094]","[0.7006783085582335, 0.6260394392967451, 0.8022742701968771, 0.8273520853540253, 0.7910493827160494, 0.8582930756843801, 0.6055701370662001, 0.839803171131766, 0.7529821073558648, 0.7665729208517477]","[0.9572809929282725, 0.9869327631266334, 0.9815003394433129, 0.9864209505334627, 0.966358024691358, 0.9895330112721417, 0.9765237678623505, 0.9841443411700382, 0.9840954274353877, 0.9710727199678586]",0.7146160385590404,10,"[0.7261290322580645, 0.7197142857142858, 0.6815384615384615, 0.7076190476190476, 0.6875, 0.6741428571428572, 0.7324561403508771, 0.7120779220779221, 0.70609375, 0.7988888888888889]",7.510713577270508,2.9223055839538574,0.363339900970459,3.7243945598602295,0.0006647109985351562,0.1834125518798828,,f37ca08ce36f,success,
vit_b32_cifar100,CIFAR100,10,0.05,43,300,4.0,raw_union_K20,raw_union,5083,0.0,mag_weighted,depth-1,0.7545,0.22685999999999998,0.2738,0.8683,0.7989,-0.20096201126865956,0,10,"[-0.20623466589695483, -0.2995961035875504, -0.15291921249151386, -0.13595215001616556, -0.19845679012345674, -0.1325818572195383, -0.31408573928258965, -0.13039912520503005, -0.23931411530815117, -0.2000803535556449]","[0.7510463270313177, 0.687336659539083, 0.8285811269517991, 0.8504688005172971, 0.7679012345679013, 0.8569511540526034, 0.6624380285797609, 0.8537452159650082, 0.7447813121272365, 0.7709923664122137]","[0.9572809929282725, 0.9869327631266334, 0.9815003394433129, 0.9864209505334627, 0.966358024691358, 0.9895330112721417, 0.9765237678623505, 0.9841443411700382, 0.9840954274353877, 0.9710727199678586]",0.7378723557250616,10,"[0.7461290322580645, 0.7444285714285714, 0.7075384615384616, 0.733015873015873, 0.7226666666666667, 0.7082857142857143, 0.748421052631579, 0.7398701298701299, 0.7428125, 0.7855555555555556]",7.547722339630127,2.81935453414917,0.37641453742980957,3.8602938652038574,0.000606536865234375,0.18615007400512695,,f37ca08ce36f,success,
vit_b32_cifar100,CIFAR100,10,0.05,43,300,4.0,raw_union_K20,raw_union,5083,0.0,poly_gate_d2_a,depth-2,0.7981,0.22685999999999998,0.2738,0.8683,0.7989,-0.15695216074330814,0,10,"[-0.18011257035647288, -0.22309337134711327, -0.14850644942294633, -0.12431296475913356, -0.13734567901234562, -0.09500805152979064, -0.23563721201516474, -0.12001093493712411, -0.15382703777335982, -0.15166733627963036]","[0.7771684225717996, 0.7638393917795201, 0.8329938900203666, 0.8621079857743291, 0.8290123456790124, 0.894524959742351, 0.7408865558471858, 0.8641334062329141, 0.8302683896620279, 0.8194053836882282]","[0.9572809929282725, 0.9869327631266334, 0.9815003394433129, 0.9864209505334627, 0.966358024691358, 0.9895330112721417, 0.9765237678623505, 0.9841443411700382, 0.9840954274353877, 0.9710727199678586]",0.7914446150299662,10,"[0.8048387096774193, 0.789, 0.7724615384615384, 0.7923809523809524, 0.7801666666666667, 0.7655714285714286, 0.7935087719298246, 0.7903896103896104, 0.78390625, 0.8422222222222222]",7.381534099578857,2.8311851024627686,0.2917294502258301,3.6623923778533936,0.0006966590881347656,0.18643665313720703,,f37ca08ce36f,success,
vit_b32_cifar100,CIFAR100,10,0.05,43,300,4.0,raw_union_K20,raw_union,5083,0.0,poly_gate_d2_b,depth-2,0.7985,0.22685999999999998,0.2738,0.8683,0.7989,-0.15813149310163732,0,10,"[-0.17996824938663591, -0.22713233547160838, -0.14663951120162932, -0.12172647914645973, -0.1376543209876543, -0.0947396672034353, -0.24599008457276172, -0.11673045379989067, -0.15705765407554673, -0.15367617517075127]","[0.7773127435416366, 0.759800427655025, 0.8348608282416836, 0.864694471387003, 0.8287037037037037, 0.8947933440687064, 0.7305336832895888, 0.8674138873701476, 0.827037773359841, 0.8173965447971073]","[0.9572809929282725, 0.9869327631266334, 0.9815003394433129, 0.9864209505334627, 0.966358024691358, 0.9895330112721417, 0.9765237678623505, 0.9841443411700382, 0.9840954274353877, 0.9710727199678586]",0.7911033620895941,10,"[0.8032258064516129, 0.7891428571428571, 0.7707692307692308, 0.7911111111111111, 0.7791666666666667, 0.7651428571428571, 0.7942105263157895, 0.7897402597402597, 0.78296875, 0.8455555555555555]",7.602973222732544,2.761489152908325,0.2964813709259033,4.049956321716309,0.0008363723754882812,0.19313812255859375,,f37ca08ce36f,success,
vit_b32_cifar100,CIFAR100,10,0.05,43,300,4.0,raw_union_K20,raw_union,5083,0.0,second_moment,deep,0.7873,0.22685999999999998,0.2738,0.8683,0.7989,-0.1673571030116912,0,10,"[-0.18617405108962337, -0.2556426704680447, -0.14358452138492872, -0.1184933721306175, -0.13950617283950617, -0.09957058507783145, -0.26480023330417024, -0.12165117550574078, -0.17942345924453285, -0.16472478907191646]","[0.7711069418386491, 0.7312900926585887, 0.8379158180583842, 0.8679275784028452, 0.8268518518518518, 0.8899624261943102, 0.7117235345581803, 0.8624931656642975, 0.8046719681908548, 0.8063479308959421]","[0.9572809929282725, 0.9869327631266334, 0.9815003394433129, 0.9864209505334627, 0.966358024691358, 0.9895330112721417, 0.9765237678623505, 0.9841443411700382, 0.9840954274353877, 0.9710727199678586]",0.7768874879429899,10,"[0.7861290322580645, 0.7782857142857142, 0.7532307692307693, 0.7753968253968254, 0.7628333333333334, 0.7472857142857143, 0.7824561403508772, 0.7758441558441559, 0.77296875, 0.8344444444444444]",7.334861755371094,2.691802978515625,0.27284669876098633,3.8644299507141113,0.0008637905120849609,0.18805503845214844,,f37ca08ce36f,success,
vit_b32_cifar100,CIFAR100,10,0.05,43,300,4.0,raw_union_K20,raw_union,5083,0.0,sign_majority,deep,0.7668,0.22685999999999998,0.2738,0.8683,0.7989,-0.18629341983915673,0,10,"[-0.2134507143888007, -0.2722736992159658, -0.15580448065173114, -0.12657613967022308, -0.16172839506172842, -0.13311862587224899, -0.29512977544473606, -0.1593767085839256, -0.18215705765407553, -0.16331860184813185]","[0.7438302785394718, 0.7146590639106676, 0.8256958587915818, 0.8598448108632396, 0.8046296296296296, 0.8564143853998927, 0.6813939924176144, 0.8247676325861126, 0.8019383697813122, 0.8077541181197267]","[0.9572809929282725, 0.9869327631266334, 0.9815003394433129, 0.9864209505334627, 0.966358024691358, 0.9895330112721417, 0.9765237678623505, 0.9841443411700382, 0.9840954274353877, 0.9710727199678586]",0.7557717454040724,10,"[0.7638709677419355, 0.7601428571428571, 0.7269230769230769, 0.756031746031746, 0.741, 0.729, 0.7668421052631579, 0.7564935064935064, 0.75296875, 0.8044444444444444]",7.36824369430542,2.860067844390869,0.3063342571258545,3.7317471504211426,0.0011665821075439453,0.2002420425415039,,f37ca08ce36f,success,
vit_b32_cifar100,CIFAR100,10,0.05,43,300,4.0,raw_union_K20,raw_union,5083,0.0,weight_avg,depth-1,0.7552,0.22685999999999998,0.2738,0.8683,0.7989,-0.19998961104903504,0,10,"[-0.20695627074613943, -0.3029223093371347, -0.15597420230821446, -0.1338506304558681, -0.19598765432098764, -0.12855609232420817, -0.31364829396325455, -0.13039912520503005, -0.23533797216699803, -0.19626355966251507]","[0.7503247221821331, 0.6840104537894987, 0.8255261371350985, 0.8525703200775946, 0.7703703703703704, 0.8609769189479335, 0.662875473899096, 0.8537452159650082, 0.7487574552683897, 0.7748091603053435]","[0.9572809929282725, 0.9869327631266334, 0.9815003394433129, 0.9864209505334627, 0.966358024691358, 0.9895330112721417, 0.9765237678623505, 0.9841443411700382, 0.9840954274353877, 0.9710727199678586]",0.7383930568388177,10,"[0.7480645161290322, 0.746, 0.7089230769230769, 0.7325396825396825, 0.7226666666666667, 0.7077142857142857, 0.7494736842105263, 0.7406493506493507, 0.74234375, 0.7855555555555556]",7.150219678878784,2.742924690246582,0.273099422454834,3.6395270824432373,0.0005562305450439453,0.1782841682434082,,f37ca08ce36f,success,
vit_b32_cifar100,CIFAR100,10,0.05,44,300,4.0,raw_union_K20,raw_union,5046,0.0,weight_avg,depth-1,0.7855,0.22843,0.3192,0.8673,0.8072,-0.1791239284992399,0,10,"[-0.18735798388762648, -0.12127059522042449, -0.1574005436125524, -0.07595586348473193, -0.22840434419381794, -0.17477744807121665, -0.151782363977486, -0.15402750491159134, -0.33019095963258394, -0.21007167800036763]","[0.7806238380499897, 0.856018999554698, 0.809488510007413, 0.9119835771105979, 0.7538847117794486, 0.7974777448071216, 0.8219512195121951, 0.8345776031434184, 0.6499879139473048, 0.7704466090792134]","[0.9679818219376162, 0.9772895947751224, 0.9668890536199654, 0.9879394405953298, 0.9822890559732665, 0.9722551928783383, 0.9737335834896811, 0.9886051080550098, 0.9801788735798888, 0.980518287079581]",0.7704172893108401,10,"[0.7795833333333333, 0.7458064516129033, 0.7675, 0.7591549295774648, 0.775, 0.765079365079365, 0.7542857142857143, 0.7707246376811594, 0.7795384615384615, 0.8075]",7.104105472564697,2.7359845638275146,0.28945040702819824,3.5773849487304688,0.0005612373352050781,0.18839597702026367,,f37ca08ce36f,success,
vit_b32_cifar100,CIFAR100,10,0.05,44,300,4.0,raw_union_K20,raw_union,5046,0.0,agreement_gated,deep,0.8121,0.22843,0.3192,0.8673,0.8072,-0.15214072595492747,0,10,"[-0.16566825036149557, -0.12097372717826926, -0.13862120088954777, -0.07005388760585074, -0.19448621553884715, -0.15964391691394664, -0.125328330206379, -0.14027504911591349, -0.24462170655064053, -0.16173497518838453]","[0.8023135715761206, 0.8563158675968532, 0.8282678527304176, 0.917885552989479, 0.7878028404344194, 0.8126112759643916, 0.8484052532833021, 0.8483300589390963, 0.7355571670292482, 0.8187833118911965]","[0.9679818219376162, 0.9772895947751224, 0.9668890536199654, 0.9879394405953298, 0.9822890559732665, 0.9722551928783383, 0.9737335834896811, 0.9886051080550098, 0.9801788735798888, 0.980518287079581]",0.8050757026441111,10,"[0.8116666666666666, 0.7882258064516129, 0.7973611111111111, 0.7921126760563381, 0.8072413793103448, 0.8028571428571428, 0.7883928571428571, 0.8050724637681159, 0.809076923076923, 0.84875]",7.536393880844116,2.878072738647461,0.2880363464355469,3.7742486000061035,0.0007081031799316406,0.18117022514343262,,f37ca08ce36f,success,
vit_b32_cifar100,CIFAR100,10,0.05,44,300,4.0,raw_union_K20,raw_union,5046,0.0,consensus_proj,deep,0.7855,0.22843,0.3192,0.8673,0.8072,-0.1791239284992399,0,10,"[-0.18735798388762648, -0.12127059522042449, -0.1574005436125524, -0.07595586348473193, -0.22840434419381794, -0.17477744807121665, -0.151782363977486, -0.15402750491159134, -0.33019095963258394, -0.21007167800036763]","[0.7806238380499897, 0.856018999554698, 0.809488510007413, 0.9119835771105979, 0.7538847117794486, 0.7974777448071216, 0.8219512195121951, 0.8345776031434184, 0.6499879139473048, 0.7704466090792134]","[0.9679818219376162, 0.9772895947751224, 0.9668890536199654, 0.9879394405953298, 0.9822890559732665, 0.9722551928783383, 0.9737335834896811, 0.9886051080550098, 0.9801788735798888, 0.980518287079581]",0.7704172893108401,10,"[0.7795833333333333, 0.7458064516129033, 0.7675, 0.7591549295774648, 0.775, 0.765079365079365, 0.7542857142857143, 0.7707246376811594, 0.7795384615384615, 0.8075]",7.135101079940796,2.6013944149017334,0.2756776809692383,3.7474074363708496,0.0009744167327880859,0.21149277687072754,,f37ca08ce36f,success,
vit_b32_cifar100,CIFAR100,10,0.05,44,300,4.0,raw_union_K20,raw_union,5046,0.0,coord_median,deep,0.7714,0.22843,0.3192,0.8673,0.8072,-0.1868562214548041,0,10,"[-0.21131997521173307, -0.15110583345702833, -0.16135408944897445, -0.08365409289196823, -0.2616541353383459, -0.20667655786350148, -0.14709193245778618, -0.14931237721021606, -0.29054870679236156, -0.2058445138761258]","[0.7566618467258831, 0.8261837613180941, 0.8055349641709909, 0.9042853477033616, 0.7206349206349206, 0.7655786350148368, 0.8266416510318949, 0.8392927308447937, 0.6896301667875272, 0.7746737732034552]","[0.9679818219376162, 0.9772895947751224, 0.9668890536199654, 0.9879394405953298, 0.9822890559732665, 0.9722551928783383, 0.9737335834896811, 0.9886051080550098, 0.9801788735798888, 0.980518287079581]",0.7573569742808322,10,"[0.7651388888888889, 0.7374193548387097, 0.7522222222222222, 0.742112676056338, 0.7625862068965518, 0.7617460317460317, 0.7371428571428571, 0.7539130434782608, 0.7575384615384615, 0.80375]",7.112668991088867,2.7533819675445557,0.2877678871154785,3.5887057781219482,0.0006940364837646484,0.17993474006652832,,f37ca08ce36f,success,
vit_b32_cifar100,CIFAR100,10,0.05,44,300,4.0,raw_union_K20,raw_union,5046,0.0,coord_trimmed_mean,deep,0.7666,0.22843,0.3192,0.8673,0.8072,-0.19127214439290746,0,10,"[-0.1978929973146044, -0.14739498293008757, -0.1729676303434643, -0.08237105465742889, -0.26750208855472013, -0.20593471810089026, -0.1583489681050657, -0.13713163064833, -0.32318104906937384, -0.2199963242051094]","[0.7700888246230118, 0.8298946118450349, 0.7939214232765011, 0.9055683859379009, 0.7147869674185464, 0.766320474777448, 0.8153846153846154, 0.8514734774066798, 0.6569978245105149, 0.7605219628744716]","[0.9679818219376162, 0.9772895947751224, 0.9668890536199654, 0.9879394405953298, 0.9822890559732665, 0.9722551928783383, 0.9737335834896811, 0.9886051080550098, 0.9801788735798888, 0.980518287079581]",0.7503285006948864,10,"[0.7595833333333334, 0.7314516129032258, 0.7461111111111111, 0.7340845070422535, 0.7556896551724138, 0.7471428571428571, 0.7298214285714286, 0.741304347826087, 0.7518461538461538, 0.80625]",7.26338791847229,2.8658831119537354,0.2924659252166748,3.6213130950927734,0.0006768703460693359,0.17786741256713867,,f37ca08ce36f,success,
vit_b32_cifar100,CIFAR100,10,0.05,44,300,4.0,raw_union_K20,raw_union,5046,0.0,mag_weighted,depth-1,0.7837,0.22843,0.3192,0.8673,0.8072,-0.18049558257198728,0,10,"[-0.18735798388762648, -0.12127059522042449, -0.1574005436125524, -0.07698229407236346, -0.22740183792815372, -0.17314540059347183, -0.15403377110694183, -0.15638506876227898, -0.3350253807106598, -0.2159529498253998]","[0.7806238380499897, 0.856018999554698, 0.809488510007413, 0.9109571465229663, 0.7548872180451128, 0.7991097922848664, 0.8196998123827393, 0.8322200392927308, 0.645153492869229, 0.7645653372541812]","[0.9679818219376162, 0.9772895947751224, 0.9668890536199654, 0.9879394405953298, 0.9822890559732665, 0.9722551928783383, 0.9737335834896811, 0.9886051080550098, 0.9801788735798888, 0.980518287079581]",0.7683348295726387,10,"[0.7776388888888889, 0.7433870967741936, 0.7655555555555555, 0.7574647887323943, 0.7725862068965518, 0.7619047619047619, 0.7532142857142857, 0.7681159420289855, 0.7772307692307693, 0.80625]",7.267965793609619,2.783970355987549,0.37596631050109863,3.620826005935669,0.0008895397186279297,0.18363237380981445,,f37ca08ce36f,success,
vit_b32_cifar100,CIFAR100,10,0.05,44,300,4.0,raw_union_K20,raw_union,5046,0.0,poly_gate_d2_a,depth-2,0.8087,0.22843,0.3192,0.8673,0.8072,-0.15074033195290948,0,10,"[-0.16876678372237142, -0.1327000148434021, -0.13367926859402024, -0.07467282525019248, -0.1914786967418547, -0.1602373887240356, -0.1279549718574109, -0.13988212180746562, -0.2284263959390862, -0.14960485204925567]","[0.7992150382152448, 0.8445895799317203, 0.8332097850259451, 0.9132666153451373, 0.7908103592314119, 0.8120178041543027, 0.8457786116322702, 0.8487229862475442, 0.7517524776408026, 0.8309134350303253]","[0.9679818219376162, 0.9772895947751224, 0.9668890536199654, 0.9879394405953298, 0.9822890559732665, 0.9722551928783383, 0.9737335834896811, 0.9886051080550098, 0.9801788735798888, 0.980518287079581]",0.8046454429655467,10,"[0.8108333333333333, 0.7912903225806451, 0.7931944444444444, 0.7909859154929577, 0.8068965517241379, 0.8057142857142857, 0.7875, 0.806231884057971, 0.8063076923076923, 0.8475]",7.4151389598846436,2.819265127182007,0.30962395668029785,3.6857099533081055,0.0007131099700927734,0.18526625633239746,,f37ca08ce36f,success,
vit_b32_cifar100,CIFAR100,10,0.05,44,300,4.0,raw_union_K20,raw_union,5046,0.0,poly_gate_d2_b,depth-2,0.8102,0.22843,0.3192,0.8673,0.8072,-0.15093105671672497,0,10,"[-0.16794050815947115, -0.12809856018999555, -0.13293797874969104, -0.07185014113420585, -0.19515455304928997, -0.15801186943620182, -0.12682926829268293, -0.13831041257367382, -0.23616146966400764, -0.15401580591802977]","[0.800041313778145, 0.8491910345851269, 0.8339510748702743, 0.9160892994611239, 0.7871345029239766, 0.8142433234421365, 0.8469043151969982, 0.850294695481336, 0.7440174039158811, 0.8265024811615512]","[0.9679818219376162, 0.9772895947751224, 0.9668890536199654, 0.9879394405953298, 0.9822890559732665, 0.9722551928783383, 0.9737335834896811, 0.9886051080550098, 0.9801788735798888, 0.980518287079581]",0.8053434679302818,10,"[0.8113888888888889, 0.7906451612903226, 0.7947222222222222, 0.7911267605633803, 0.8072413793103448, 0.8058730158730159, 0.7882142857142858, 0.8063768115942029, 0.8078461538461539, 0.85]",7.431520223617554,2.7415056228637695,0.33669495582580566,3.852315902709961,0.0008435249328613281,0.18715953826904297,,f37ca08ce36f,success,
vit_b32_cifar100,CIFAR100,10,0.05,44,300,4.0,raw_union_K20,raw_union,5046,0.0,second_moment,deep,0.8077,0.22843,0.3192,0.8673,0.8072,-0.15563455901001333,0,10,"[-0.16897335261309643, -0.12067685913611403, -0.13170249567580916, -0.07031049525275856, -0.20334168755221393, -0.1538575667655786, -0.1328330206378987, -0.13988212180746562, -0.26347594875513647, -0.17129204190406178]","[0.7990084693245197, 0.8566127356390084, 0.8351865579441562, 0.9176289453425712, 0.7789473684210526, 0.8183976261127597, 0.8409005628517824, 0.8487229862475442, 0.7167029248247523, 0.8092262451755192]","[0.9679818219376162, 0.9772895947751224, 0.9668890536199654, 0.9879394405953298, 0.9822890559732665, 0.9722551928783383, 0.9737335834896811, 0.9886051080550098, 0.9801788735798888, 0.980518287079581]",0.7982324432910552,10,"[0.8055555555555556, 0.7795161290322581, 0.7898611111111111, 0.7859154929577464, 0.8025862068965517, 0.7925396825396825, 0.7814285714285715, 0.7997101449275362, 0.8064615384615385, 0.83875]",7.523099899291992,2.723942995071411,0.32816290855407715,3.965430736541748,0.0008223056793212891,0.19562077522277832,,f37ca08ce36f,success,
vit_b32_cifar100,CIFAR100,10,0.05,44,300,4.0,raw_union_K20,raw_union,5046,0.0,sign_majority,deep,0.7921,0.22843,0.3192,0.8673,0.8072,-0.17058540358953916,0,10,"[-0.18921710390415203, -0.14249666023452578, -0.16851989127748945, -0.08391070053887606, -0.21954887218045116, -0.18011869436201777, -0.13846153846153852, -0.15206286836935168, -0.2637176698090403, -0.16780003675794897]","[0.7787647180334641, 0.8347929345405967, 0.7983691623424759, 0.9040287400564537, 0.7627401837928154, 0.7921364985163205, 0.8352720450281426, 0.8365422396856581, 0.7164612037708484, 0.812718250321632]","[0.9679818219376162, 0.9772895947751224, 0.9668890536199654, 0.9879394405953298, 0.9822890559732665, 0.9722551928783383, 0.9737335834896811, 0.9886051080550098, 0.9801788735798888, 0.980518287079581]",0.7811391326634863,10,"[0.7904166666666667, 0.7620967741935484, 0.7786111111111111, 0.7707042253521127, 0.7848275862068965, 0.785079365079365, 0.7585714285714286, 0.7855072463768116, 0.7830769230769231, 0.8125]",7.729093313217163,2.820108413696289,0.3096041679382324,4.132998704910278,0.0009531974792480469,0.19056248664855957,,f37ca08ce36f,success,
vit_b32_cifar100,CIFAR100,10,0.3,42,300,4.0,raw_union_K20,raw_union,11608,0.0,weight_avg,depth-1,0.8372,0.51112,0.5723,0.8692,0.8452,-0.09975947126734884,0,10,"[-0.0761523046092184, -0.08526587022721954, -0.08833988396032189, -0.08939340191557288, -0.1313043478260869, -0.09915356711003631, -0.10098522167487678, -0.1000486460191341, -0.13514689880304676, -0.09180457052797486]","[0.8883767535070141, 0.876317638791286, 0.8875163765674715, 0.8733593472862717, 0.8408695652173913, 0.8663845223700121, 0.8719211822660099, 0.8741689638397925, 0.8367791077257889, 0.8745074862096138]","[0.9645290581162325, 0.9615835090185055, 0.9758562605277934, 0.9627527492018446, 0.9721739130434782, 0.9655380894800484, 0.9729064039408867, 0.9742176098589266, 0.9719260065288357, 0.9663120567375887]",0.8022246213300135,9,"[0.7976190476190477, 0.7733333333333333, 0.8052941176470588, 0.768125, 0.8466666666666667, 0.7838888888888889, 0.8270588235294117, 0.8042857142857143, 0.81375, null]",7.278578519821167,2.6725897789001465,0.5448434352874756,3.6012330055236816,0.0006144046783447266,0.15677714347839355,,f37ca08ce36f,success,
vit_b32_cifar100,CIFAR100,10,0.3,42,300,4.0,raw_union_K20,raw_union,11608,0.0,agreement_gated,deep,0.8456,0.51112,0.5723,0.8692,0.8452,-0.09079333709645607,0,10,"[-0.07234468937875749, -0.07613024127430312, -0.08197641774284115, -0.08957076977651646, -0.11565217391304339, -0.09532446594115274, -0.08669950738916254, -0.09177882276633698, -0.11926006528835686, -0.0791962174940899]","[0.892184368737475, 0.8854532677442024, 0.8938798427849522, 0.8731819794253282, 0.8565217391304348, 0.8702136235388956, 0.8862068965517241, 0.8824387870925896, 0.8526659412404788, 0.8871158392434988]","[0.9645290581162325, 0.9615835090185055, 0.9758562605277934, 0.9627527492018446, 0.9721739130434782, 0.9655380894800484, 0.9729064039408867, 0.9742176098589266, 0.9719260065288357, 0.9663120567375887]",0.8245465037866998,9,"[0.8252380952380952, 0.7980952380952381, 0.8264705882352941, 0.79375, 0.8666666666666667, 0.8127777777777778, 0.8447058823529412, 0.8257142857142857, 0.8275, null]",7.359955072402954,2.7343862056732178,0.5595881938934326,3.5960874557495117,0.000701904296875,0.1580817699432373,,f37ca08ce36f,success,
vit_b32_cifar100,CIFAR100,10,0.3,42,300,4.0,raw_union_K20,raw_union,11608,0.0,consensus_proj,deep,0.8372,0.51112,0.5723,0.8692,0.8452,-0.09975947126734884,0,10,"[-0.0761523046092184, -0.08526587022721954, -0.08833988396032189, -0.08939340191557288, -0.1313043478260869, -0.09915356711003631, -0.10098522167487678, -0.1000486460191341, -0.13514689880304676, -0.09180457052797486]","[0.8883767535070141, 0.876317638791286, 0.8875163765674715, 0.8733593472862717, 0.8408695652173913, 0.8663845223700121, 0.8719211822660099, 0.8741689638397925, 0.8367791077257889, 0.8745074862096138]","[0.9645290581162325, 0.9615835090185055, 0.9758562605277934, 0.9627527492018446, 0.9721739130434782, 0.9655380894800484, 0.9729064039408867, 0.9742176098589266, 0.9719260065288357, 0.9663120567375887]",0.8022246213300135,9,"[0.7976190476190477, 0.7733333333333333, 0.8052941176470588, 0.768125, 0.8466666666666667, 0.7838888888888889, 0.8270588235294117, 0.8042857142857143, 0.81375, null]",7.813820838928223,2.7732977867126465,0.5649459362030029,4.005377292633057,0.0008699893951416016,0.16174530982971191,,f37ca08ce36f,success,
vit_b32_cifar100,CIFAR100,10,0.3,42,300,4.0,raw_union_K20,raw_union,11608,0.0,coord_median,deep,0.8348,0.51112,0.5723,0.8692,0.8452,-0.10062464449276724,0,10,"[-0.07635270541082162, -0.08315764816116189, -0.08609395470709347, -0.0936502305782192, -0.12760869565217392, -0.10781942765014108, -0.09926108374384235, -0.11383168477379602, -0.13297062023939055, -0.08550039401103238]","[0.8881763527054108, 0.8784258608573436, 0.8897623058206999, 0.8691025186236254, 0.8445652173913043, 0.8577186618299073, 0.8736453201970443, 0.8603859250851306, 0.8389553862894451, 0.8808116627265563]","[0.9645290581162325, 0.9615835090185055, 0.9758562605277934, 0.9627527492018446, 0.9721739130434782, 0.9655380894800484, 0.9729064039408867, 0.9742176098589266, 0.9719260065288357, 0.9663120567375887]",0.8040425614690321,9,"[0.8104761904761905, 0.7738095238095238, 0.7947058823529412, 0.780625, 0.8483333333333334, 0.7983333333333333, 0.8141176470588235, 0.8078571428571428, 0.808125, null]",7.401586055755615,2.7219536304473877,0.5579776763916016,3.6428849697113037,0.0009315013885498047,0.17541265487670898,,f37ca08ce36f,success,
vit_b32_cifar100,CIFAR100,10,0.3,42,300,4.0,raw_union_K20,raw_union,11608,0.0,coord_trimmed_mean,deep,0.8337,0.51112,0.5723,0.8692,0.8452,-0.10294128886175549,0,10,"[-0.07955911823647299, -0.0873740922932772, -0.09058581321355041, -0.09418233416105004, -0.133695652173913, -0.10499798468359534, -0.10147783251231524, -0.11285876439111397, -0.1340587595212187, -0.09062253743104809]","[0.8849699398797595, 0.8742094167252283, 0.885270447314243, 0.8685704150407946, 0.8384782608695652, 0.860540104796453, 0.8714285714285714, 0.8613588454678126, 0.8378672470076169, 0.8756895193065406]","[0.9645290581162325, 0.9615835090185055, 0.9758562605277934, 0.9627527492018446, 0.9721739130434782, 0.9655380894800484, 0.9729064039408867, 0.9742176098589266, 0.9719260065288357, 0.9663120567375887]",0.7974175225645814,9,"[0.7952380952380952, 0.7652380952380953, 0.7976470588235294, 0.770625, 0.84, 0.785, 0.8147058823529412, 0.8014285714285714, 0.806875, null]",7.572428464889526,2.824178457260132,0.5536859035491943,3.629685878753662,0.0006737709045410156,0.15462946891784668,,f37ca08ce36f,success,
vit_b32_cifar100,CIFAR100,10,0.3,42,300,4.0,raw_union_K20,raw_union,11608,0.0,mag_weighted,depth-1,0.8376,0.51112,0.5723,0.8692,0.8452,-0.09981719881394875,0,10,"[-0.07655310621242484, -0.08339189505739053, -0.0894628485869362, -0.08957076977651646, -0.13043478260869557, -0.0995566303909714, -0.10147783251231524, -0.10150802659315716, -0.13362350380848742, -0.09259259259259267]","[0.8879759519038076, 0.878191613961115, 0.8863934119408572, 0.8731819794253282, 0.8417391304347827, 0.865981459089077, 0.8714285714285714, 0.8727095832657694, 0.8383025027203482, 0.873719464144996]","[0.9645290581162325, 0.9615835090185055, 0.9758562605277934, 0.9627527492018446, 0.9721739130434782, 0.9655380894800484, 0.9729064039408867, 0.9742176098589266, 0.9719260065288357, 0.9663120567375887]",0.8023793962029256,9,"[0.7995238095238095, 0.7733333333333333, 0.8058823529411765, 0.766875, 0.8461111111111111, 0.7855555555555556, 0.8252941176470588, 0.8057142857142857, 0.813125, null]",7.681486368179321,3.063251256942749,0.5380923748016357,3.6130950450897217,0.0006048679351806641,0.15783405303955078,,f37ca08ce36f,success,
vit_b32_cifar100,CIFAR100,10,0.3,42,300,4.0,raw_union_K20,raw_union,11608,0.0,poly_gate_d2_a,depth-2,0.8453,0.51112,0.5723,0.8692,0.8452,-0.09401708855229533,0,10,"[-0.08036072144288575, -0.07308503162333102, -0.09769792251544074, -0.10606598084427099, -0.10739130434782607, -0.09653365578395812, -0.08743842364532017, -0.09631911788551972, -0.10859630032644174, -0.08668242710795904]","[0.8841683366733467, 0.8884984773951745, 0.8781583380123527, 0.8566867683575736, 0.8647826086956522, 0.8690044336960903, 0.8854679802955665, 0.8778984919734069, 0.8633297062023939, 0.8796296296296297]","[0.9645290581162325, 0.9615835090185055, 0.9758562605277934, 0.9627527492018446, 0.9721739130434782, 0.9655380894800484, 0.9729064039408867, 0.9742176098589266, 0.9719260065288357, 0.9663120567375887]",0.832372847287063,9,"[0.8333333333333334, 0.8052380952380952, 0.84, 0.80625, 0.8683333333333333, 0.8288888888888889, 0.8452941176470589, 0.8321428571428572, 0.831875, null]",7.24420166015625,2.6928019523620605,0.5418047904968262,3.5604379177093506,0.0007960796356201172,0.16394400596618652,,f37ca08ce36f,success,
vit_b32_cifar100,CIFAR100,10,0.3,42,300,4.0,raw_union_K20,raw_union,11608,0.0,poly_gate_d2_b,depth-2,0.8457,0.51112,0.5723,0.8692,0.8452,-0.09169033861109585,0,10,"[-0.07535070140280564, -0.07331927851955966, -0.09152161706906237, -0.10021284143313236, -0.10804347826086957, -0.09351068117694483, -0.08448275862068966, -0.09469758391438299, -0.1116430903155603, -0.08412135539795118]","[0.8891783567134268, 0.8882642304989459, 0.884334643458731, 0.8625399077687123, 0.8641304347826086, 0.8720274083031035, 0.888423645320197, 0.8795200259445436, 0.8602829162132754, 0.8821907013396375]","[0.9645290581162325, 0.9615835090185055, 0.9758562605277934, 0.9627527492018446, 0.9721739130434782, 0.9655380894800484, 0.9729064039408867, 0.9742176098589266, 0.9719260065288357, 0.9663120567375887]",0.8300913606183214,9,"[0.8323809523809523, 0.8047619047619048, 0.84, 0.801875, 0.8683333333333333, 0.8227777777777778, 0.841764705882353, 0.8264285714285714, 0.8325, null]",7.4442596435546875,2.8703725337982178,0.5496973991394043,3.591398000717163,0.0008723735809326172,0.155745267868042,,f37ca08ce36f,success,
vit_b32_cifar100,CIFAR100,10,0.3,42,300,4.0,raw_union_K20,raw_union,11608,0.0,second_moment,deep,0.8438,0.51112,0.5723,0.8692,0.8452,-0.09363194540860188,0,10,"[-0.0749498997995992, -0.07800421644413214, -0.08852704473142436, -0.09560127704859878, -0.11347826086956514, -0.09330914953647729, -0.0913793103448276, -0.09712988487108809, -0.12100108813928179, -0.08293932230102441]","[0.8895791583166333, 0.8835792925743734, 0.887329215796369, 0.8671514721532458, 0.8586956521739131, 0.8722289399435711, 0.8815270935960591, 0.8770877249878385, 0.8509249183895539, 0.8833727344365643]","[0.9645290581162325, 0.9615835090185055, 0.9758562605277934, 0.9627527492018446, 0.9721739130434782, 0.9655380894800484, 0.9729064039408867, 0.9742176098589266, 0.9719260065288357, 0.9663120567375887]",0.822267092021994,9,"[0.8228571428571428, 0.7971428571428572, 0.8352941176470589, 0.791875, 0.8583333333333333, 0.8194444444444444, 0.8341176470588235, 0.8157142857142857, 0.825625, null]",7.554814338684082,2.811999559402466,0.6191184520721436,3.6650798320770264,0.0007200241088867188,0.15781354904174805,,f37ca08ce36f,success,
vit_b32_cifar100,CIFAR100,10,0.3,42,300,4.0,raw_union_K20,raw_union,11608,0.0,sign_majority,deep,0.8344,0.51112,0.5723,0.8692,0.8452,-0.0996386774907925,0,10,"[-0.07595190380761518, -0.08713984539704855, -0.08740408010481004, -0.09240865555161404, -0.12760869565217392, -0.09653365578395812, -0.0923645320197044, -0.10945354305172694, -0.13492927094668117, -0.09259259259259267]","[0.8885771543086173, 0.874443663621457, 0.8884521804229834, 0.8703440936502306, 0.8445652173913043, 0.8690044336960903, 0.8805418719211823, 0.8647640668071996, 0.8369967355821545, 0.873719464144996]","[0.9645290581162325, 0.9615835090185055, 0.9758562605277934, 0.9627527492018446, 0.9721739130434782, 0.9655380894800484, 0.9729064039408867, 0.9742176098589266, 0.9719260065288357, 0.9663120567375887]",0.8037559005083516,9,"[0.8042857142857143, 0.7823809523809524, 0.8094117647058824, 0.768125, 0.8588888888888889, 0.7916666666666666, 0.8152941176470588, 0.79, 0.81375, null]",7.706986665725708,2.7460272312164307,0.5709435939788818,3.9423162937164307,0.0007433891296386719,0.1733410358428955,,f37ca08ce36f,success,
vit_b32_cifar100,CIFAR100,10,0.3,43,300,4.0,raw_union_K20,raw_union,11432,0.0,weight_avg,depth-1,0.839,0.49278000000000005,0.5464,0.8683,0.8389,-0.09725231211376396,0,10,"[-0.0848199259508583, -0.05942622950819676, -0.10138760407030534, -0.12685533346526812, -0.09313822424362272, -0.11898228984784243, -0.0804361242542686, -0.1115732109565466, -0.10704505850136925, -0.0888591203393615]","[0.8889262874453047, 0.9044569672131147, 0.8695652173913043, 0.8395012863645359, 0.8760134467075341, 0.8406086305811923, 0.8940547212507715, 0.8497060088914384, 0.8693054518297236, 0.8613529805760214]","[0.973746213396163, 0.9638831967213115, 0.9709528214616097, 0.966356619829804, 0.9691516709511568, 0.9595909204290347, 0.9744908455050401, 0.961279219847985, 0.9763505103310929, 0.9502121009153829]",0.8136699616003964,9,"[0.8134615384615385, 0.8035, 0.8308, 0.8338888888888889, 0.8183333333333334, 0.8125, 0.7611111111111111, 0.849, 0.8004347826086956, null]",7.735754489898682,2.7794203758239746,0.5588667392730713,3.9076099395751953,0.001001119613647461,0.16681647300720215,,f37ca08ce36f,success,
vit_b32_cifar100,CIFAR100,10,0.3,43,300,4.0,raw_union_K20,raw_union,11432,0.0,agreement_gated,deep,0.8463,0.49278000000000005,0.5464,0.8683,0.8389,-0.09003474193098356,0,10,"[-0.07876135981151133, -0.05737704918032793, -0.09509713228492145, -0.1165644171779141, -0.09076527585525018, -0.09977550511349464, -0.07549886854556676, -0.10899182561307896, -0.09111277072442125, -0.08640321500334891]","[0.8949848535846516, 0.9065061475409836, 0.8758556891766882, 0.8497922026518899, 0.8783863950959067, 0.8598154153155401, 0.8989919769594733, 0.8522873942349061, 0.8852377396066716, 0.863808885912034]","[0.973746213396163, 0.9638831967213115, 0.9709528214616097, 0.966356619829804, 0.9691516709511568, 0.9595909204290347, 0.9744908455050401, 0.961279219847985, 0.9763505103310929, 0.9502121009153829]",0.8303047070481853,9,"[0.8342307692307692, 0.8235, 0.8492, 0.8566666666666667, 0.8308333333333333, 0.8258333333333333, 0.775, 0.864, 0.8134782608695652, null]",7.442556142807007,2.7778069972991943,0.5561015605926514,3.624192476272583,0.0011115074157714844,0.18054914474487305,,f37ca08ce36f,success,
vit_b32_cifar100,CIFAR100,10,0.3,43,300,4.0,raw_union_K20,raw_union,11432,0.0,consensus_proj,deep,0.839,0.49278000000000005,0.5464,0.8683,0.8389,-0.09725231211376396,0,10,"[-0.0848199259508583, -0.05942622950819676, -0.10138760407030534, -0.12685533346526812, -0.09313822424362272, -0.11898228984784243, -0.0804361242542686, -0.1115732109565466, -0.10704505850136925, -0.0888591203393615]","[0.8889262874453047, 0.9044569672131147, 0.8695652173913043, 0.8395012863645359, 0.8760134467075341, 0.8406086305811923, 0.8940547212507715, 0.8497060088914384, 0.8693054518297236, 0.8613529805760214]","[0.973746213396163, 0.9638831967213115, 0.9709528214616097, 0.966356619829804, 0.9691516709511568, 0.9595909204290347, 0.9744908455050401, 0.961279219847985, 0.9763505103310929, 0.9502121009153829]",0.8136699616003964,9,"[0.8134615384615385, 0.8035, 0.8308, 0.8338888888888889, 0.8183333333333334, 0.8125, 0.7611111111111111, 0.849, 0.8004347826086956, null]",7.61981201171875,2.9686896800994873,0.6690206527709961,3.5407745838165283,0.0008080005645751953,0.15843796730041504,,f37ca08ce36f,success,
vit_b32_cifar100,CIFAR100,10,0.3,43,300,4.0,raw_union_K20,raw_union,11432,0.0,coord_median,deep,0.8381,0.49278000000000005,0.5464,0.8683,0.8389,-0.09864800149396788,0,10,"[-0.10417367889599471, -0.06070696721311475, -0.10582793709528215, -0.12843855135563031, -0.09531342693296418, -0.10700922923422307, -0.07940752931495576, -0.11946077728380888, -0.10331092855364699, -0.08283098906005804]","[0.8695725345001682, 0.9031762295081968, 0.8651248843663275, 0.8379180684741737, 0.8738382440181927, 0.8525816911948116, 0.8950833161900843, 0.8418184425641762, 0.8730395817774459, 0.8673811118553248]","[0.973746213396163, 0.9638831967213115, 0.9709528214616097, 0.966356619829804, 0.9691516709511568, 0.9595909204290347, 0.9744908455050401, 0.961279219847985, 0.9763505103310929, 0.9502121009153829]",0.8117776084892028,9,"[0.8196153846153846, 0.805, 0.8344, 0.83, 0.8175, 0.805, 0.7472222222222222, 0.859, 0.7882608695652173, null]",7.616482496261597,2.7712109088897705,0.5473682880401611,3.843825340270996,0.0007827281951904297,0.15630483627319336,,f37ca08ce36f,success,
vit_b32_cifar100,CIFAR100,10,0.3,43,300,4.0,raw_union_K20,raw_union,11432,0.0,coord_trimmed_mean,deep,0.8349,0.49278000000000005,0.5464,0.8683,0.8389,-0.10268975170924932,0,10,"[-0.10063951531470894, -0.05814549180327877, -0.10767807585568923, -0.13081337819117356, -0.09551117263199527, -0.1272137690197057, -0.08311047109648217, -0.12290262440843247, -0.11202389843166549, -0.0888591203393615]","[0.873106698081454, 0.9057377049180327, 0.8632747456059204, 0.8355432416386305, 0.8736404983191616, 0.832377151409329, 0.8913803744085579, 0.8383765954395526, 0.8643266118994274, 0.8613529805760214]","[0.973746213396163, 0.9638831967213115, 0.9709528214616097, 0.966356619829804, 0.9691516709511568, 0.9595909204290347, 0.9744908455050401, 0.961279219847985, 0.9763505103310929, 0.9502121009153829]",0.8044526384243775,9,"[0.8103846153846154, 0.7935, 0.8272, 0.8222222222222222, 0.8075, 0.79875, 0.7477777777777778, 0.851, 0.7817391304347826, null]",7.290421724319458,2.7152347564697266,0.5493764877319336,3.5713610649108887,0.0007467269897460938,0.15451884269714355,,f37ca08ce36f,success,
vit_b32_cifar100,CIFAR100,10,0.3,43,300,4.0,raw_union_K20,raw_union,11432,0.0,mag_weighted,depth-1,0.8383,0.49278000000000005,0.5464,0.8683,0.8389,-0.0973357275765621,0,10,"[-0.08448333894311688, -0.05942622950819676, -0.09990749306197966, -0.12764694241044916, -0.09491793553490213, -0.11898228984784243, -0.07940752931495576, -0.11300731392513974, -0.10604929051530998, -0.08952891270372854]","[0.8892628744530461, 0.9044569672131147, 0.87104532839963, 0.8387096774193549, 0.8742337354162547, 0.8406086305811923, 0.8950833161900843, 0.8482719059228453, 0.8703012198157829, 0.8606831882116543]","[0.973746213396163, 0.9638831967213115, 0.9709528214616097, 0.966356619829804, 0.9691516709511568, 0.9595909204290347, 0.9744908455050401, 0.961279219847985, 0.9763505103310929, 0.9502121009153829]",0.8128004954787564,9,"[0.813076923076923, 0.802, 0.8292, 0.8327777777777777, 0.8183333333333334, 0.8116666666666666, 0.7588888888888888, 0.851, 0.7982608695652174, null]",7.312504768371582,2.698507070541382,0.5410528182983398,3.5965702533721924,0.0006875991821289062,0.17182374000549316,,f37ca08ce36f,success,
vit_b32_cifar100,CIFAR100,10,0.3,43,300,4.0,raw_union_K20,raw_union,11432,0.0,poly_gate_d2_a,depth-2,0.8398,0.49278000000000005,0.5464,0.8683,0.8389,-0.09423732230303455,0,10,"[-0.08179064288118487, -0.05558401639344268, -0.10249768732654951, -0.1090441321986938, -0.1081668973699822, -0.1017710152157646, -0.08475622299938279, -0.11845690520579377, -0.09434901667911377, -0.08595668676043755]","[0.8919555705149781, 0.9082991803278688, 0.8684551341350601, 0.8573124876311102, 0.8609847735811746, 0.8578199052132701, 0.8897346225056573, 0.8428223146421913, 0.8820014936519791, 0.8642554141549453]","[0.973746213396163, 0.9638831967213115, 0.9709528214616097, 0.966356619829804, 0.9691516709511568, 0.9595909204290347, 0.9744908455050401, 0.961279219847985, 0.9763505103310929, 0.9502121009153829]",0.8305487365291713,9,"[0.8361538461538461, 0.827, 0.8436, 0.8566666666666667, 0.8241666666666667, 0.82625, 0.7866666666666666, 0.864, 0.8104347826086956, null]",7.411568880081177,2.6712872982025146,0.5375299453735352,3.729573965072632,0.00115203857421875,0.18725371360778809,,f37ca08ce36f,success,
vit_b32_cifar100,CIFAR100,10,0.3,43,300,4.0,raw_union_K20,raw_union,11432,0.0,poly_gate_d2_b,depth-2,0.8437,0.49278000000000005,0.5464,0.8683,0.8389,-0.09129442549001755,0,10,"[-0.07758330528441604, -0.05737704918032793, -0.10120259019426459, -0.11023154561646542, -0.09966383231164722, -0.09678223996008983, -0.0783789343756428, -0.11401118600315496, -0.09086382872790644, -0.08684974324626027]","[0.8961629081117469, 0.9065061475409836, 0.8697502312673451, 0.8561250742133386, 0.8694878386395096, 0.8628086804689449, 0.8961119111293973, 0.8472680338448301, 0.8854866816031864, 0.8633623576691226]","[0.973746213396163, 0.9638831967213115, 0.9709528214616097, 0.966356619829804, 0.9691516709511568, 0.9595909204290347, 0.9744908455050401, 0.961279219847985, 0.9763505103310929, 0.9502121009153829]",0.8331459308807134,9,"[0.8342307692307692, 0.8305, 0.8488, 0.8572222222222222, 0.8266666666666667, 0.8283333333333334, 0.7877777777777778, 0.87, 0.8147826086956522, null]",7.657739639282227,2.815518617630005,0.563833475112915,3.6717793941497803,0.0007829666137695312,0.1581892967224121,,f37ca08ce36f,success,
vit_b32_cifar100,CIFAR100,10,0.3,43,300,4.0,raw_union_K20,raw_union,11432,0.0,second_moment,deep,0.8409,0.49278000000000005,0.5464,0.8683,0.8389,-0.09310471342786925,0,10,"[-0.07876135981151133, -0.05584016393442626, -0.1032377428307123, -0.11399168810607552, -0.09333596994265381, -0.1060114741830881, -0.08002468627854342, -0.11315072422199912, -0.09783420463032111, -0.0888591203393615]","[0.8949848535846516, 0.9080430327868853, 0.8677150786308974, 0.8523649317237285, 0.875815701008503, 0.8535794462459466, 0.8944661592264966, 0.8481284956259859, 0.8785163057007718, 0.8613529805760214]","[0.973746213396163, 0.9638831967213115, 0.9709528214616097, 0.966356619829804, 0.9691516709511568, 0.9595909204290347, 0.9744908455050401, 0.961279219847985, 0.9763505103310929, 0.9502121009153829]",0.8257343986126595,9,"[0.8246153846153846, 0.822, 0.8384, 0.8466666666666667, 0.8233333333333334, 0.8233333333333334, 0.78, 0.865, 0.8082608695652174, null]",7.548133373260498,2.8043816089630127,0.5442116260528564,3.6553289890289307,0.0009791851043701172,0.16850662231445312,,f37ca08ce36f,success,
vit_b32_cifar100,CIFAR100,10,0.3,43,300,4.0,raw_union_K20,raw_union,11432,0.0,sign_majority,deep,0.8372,0.49278000000000005,0.5464,0.8683,0.8389,-0.10020826433242935,0,10,"[-0.09962975429148435, -0.06326844262295084, -0.1039777983348752, -0.12547001781120126, -0.09907059521455408, -0.11474183088051892, -0.0886648837687718, -0.11515846837802945, -0.10480458053273589, -0.08729627148917163]","[0.8741164591046786, 0.9006147540983607, 0.8669750231267345, 0.8408866020186028, 0.8700810757366028, 0.8448490895485158, 0.8858259617362683, 0.8461207514699556, 0.871545929798357, 0.8629158294262113]","[0.973746213396163, 0.9638831967213115, 0.9709528214616097, 0.966356619829804, 0.9691516709511568, 0.9595909204290347, 0.9744908455050401, 0.961279219847985, 0.9763505103310929, 0.9502121009153829]",0.8119117862009166,9,"[0.8176923076923077, 0.814, 0.8248, 0.8272222222222222, 0.8158333333333333, 0.8104166666666667, 0.7561111111111111, 0.852, 0.7891304347826087, null]",7.6315343379974365,2.750861883163452,0.6022510528564453,3.814751386642456,0.0007498264312744141,0.1583576202392578,,f37ca08ce36f,success,
vit_b32_cifar100,CIFAR100,10,0.3,44,300,4.0,raw_union_K20,raw_union,11174,0.0,weight_avg,depth-1,0.8384,0.49283,0.5567,0.8673,0.8402,-0.10276227569569833,0,10,"[-0.06280991735537189, -0.09986320109439117, -0.09994848016486346, -0.11566901408450703, -0.11096127913696785, -0.13387458973916044, -0.090023883887562, -0.1060103244837759, -0.10439560439560436, -0.10406646261477914]","[0.8923258559622196, 0.8846329229366166, 0.8760947964966512, 0.8545774647887324, 0.860527836640339, 0.8244947313871135, 0.8886643395186478, 0.8676253687315634, 0.8704866562009419, 0.8585483165719283]","[0.9551357733175915, 0.9844961240310077, 0.9760432766615147, 0.9702464788732394, 0.9714891157773069, 0.9583693211262739, 0.9786882234062098, 0.9736356932153393, 0.9748822605965463, 0.9626147791867075]",0.806756977590311,9,"[0.8236363636363636, 0.7784615384615384, 0.7972222222222223, 0.8165384615384615, 0.8164285714285714, 0.8276923076923077, 0.7595833333333334, 0.815, 0.82625, null]",7.549375057220459,2.713271141052246,0.6391515731811523,3.7320621013641357,0.0005502700805664062,0.158858060836792,,f37ca08ce36f,success,
vit_b32_cifar100,CIFAR100,10,0.3,44,300,4.0,raw_union_K20,raw_union,11174,0.0,agreement_gated,deep,0.8438,0.49283,0.5567,0.8673,0.8402,-0.09489548885820612,0,10,"[-0.060448642266824115, -0.0966712266301869, -0.08165893869139618, -0.0992957746478873, -0.10344827586206895, -0.12264639834168245, -0.0883703839794231, -0.10103244837758119, -0.09831240188383039, -0.09707039790118055]","[0.8946871310507674, 0.8878248974008208, 0.8943843379701185, 0.8709507042253521, 0.868040839915238, 0.8357229227845915, 0.8903178394267867, 0.8726032448377581, 0.8765698587127159, 0.8655443812855269]","[0.9551357733175915, 0.9844961240310077, 0.9760432766615147, 0.9702464788732394, 0.9714891157773069, 0.9583693211262739, 0.9786882234062098, 0.9736356932153393, 0.9748822605965463, 0.9626147791867075]",0.8182134994634995,9,"[0.8290909090909091, 0.801923076923077, 0.8033333333333333, 0.828076923076923, 0.8192857142857143, 0.8384615384615385, 0.78125, 0.8216666666666667, 0.8408333333333333, null]",7.535808086395264,2.6596100330352783,0.5239360332489014,3.8608365058898926,0.0007922649383544922,0.17245101928710938,,f37ca08ce36f,success,
vit_b32_cifar100,CIFAR100,10,0.3,44,300,4.0,raw_union_K20,raw_union,11174,0.0,consensus_proj,deep,0.8384,0.49283,0.5567,0.8673,0.8402,-0.10276227569569833,0,10,"[-0.06280991735537189, -0.09986320109439117, -0.09994848016486346, -0.11566901408450703, -0.11096127913696785, -0.13387458973916044, -0.090023883887562, -0.1060103244837759, -0.10439560439560436, -0.10406646261477914]","[0.8923258559622196, 0.8846329229366166, 0.8760947964966512, 0.8545774647887324, 0.860527836640339, 0.8244947313871135, 0.8886643395186478, 0.8676253687315634, 0.8704866562009419, 0.8585483165719283]","[0.9551357733175915, 0.9844961240310077, 0.9760432766615147, 0.9702464788732394, 0.9714891157773069, 0.9583693211262739, 0.9786882234062098, 0.9736356932153393, 0.9748822605965463, 0.9626147791867075]",0.806756977590311,9,"[0.8236363636363636, 0.7784615384615384, 0.7972222222222223, 0.8165384615384615, 0.8164285714285714, 0.8276923076923077, 0.7595833333333334, 0.815, 0.82625, null]",7.511542320251465,2.8415331840515137,0.5429773330688477,3.566180467605591,0.0009348392486572266,0.16992759704589844,,f37ca08ce36f,success,
vit_b32_cifar100,CIFAR100,10,0.3,44,300,4.0,raw_union_K20,raw_union,11174,0.0,coord_median,deep,0.8333,0.49283,0.5567,0.8673,0.8402,-0.10757435612853863,0,10,"[-0.059031877213695405, -0.10328317373461005, -0.10613086038124675, -0.1362676056338028, -0.1157773068772876, -0.13853860770426663, -0.09020760609957734, -0.11191002949852513, -0.1157770800627943, -0.09881941407958017]","[0.8961038961038961, 0.8812129502963977, 0.8699124162802679, 0.8339788732394366, 0.8557118089000193, 0.8198307134220073, 0.8884806173066324, 0.8617256637168141, 0.859105180533752, 0.8637953651071273]","[0.9551357733175915, 0.9844961240310077, 0.9760432766615147, 0.9702464788732394, 0.9714891157773069, 0.9583693211262739, 0.9786882234062098, 0.9736356932153393, 0.9748822605965463, 0.9626147791867075]",0.797651484318151,9,"[0.8168181818181818, 0.7638461538461538, 0.77, 0.8276923076923077, 0.7978571428571428, 0.8315384615384616, 0.755, 0.7977777777777778, 0.8183333333333334, null]",7.565043210983276,2.7716031074523926,0.6395893096923828,3.6879093647003174,0.0006356239318847656,0.16394281387329102,,f37ca08ce36f,success,
vit_b32_cifar100,CIFAR100,10,0.3,44,300,4.0,raw_union_K20,raw_union,11174,0.0,coord_trimmed_mean,deep,0.8344,0.49283,0.5567,0.8673,0.8402,-0.10727633785291144,0,10,"[-0.06092089728453365, -0.10214318285453716, -0.10046367851622873, -0.13274647887323943, -0.11789635908302831, -0.14095698738987728, -0.09222855043174716, -0.1085914454277287, -0.1116562009419152, -0.10515959772627892]","[0.8942148760330578, 0.8823529411764706, 0.875579598145286, 0.8375, 0.8535927566942786, 0.8174123337363967, 0.8864596729744626, 0.8650442477876106, 0.8632260596546311, 0.8574551814604285]","[0.9551357733175915, 0.9844961240310077, 0.9760432766615147, 0.9702464788732394, 0.9714891157773069, 0.9583693211262739, 0.9786882234062098, 0.9736356932153393, 0.9748822605965463, 0.9626147791867075]",0.7988213021546354,9,"[0.8113636363636364, 0.7661538461538462, 0.7777777777777778, 0.8223076923076923, 0.8078571428571428, 0.8261538461538461, 0.7566666666666667, 0.8027777777777778, 0.8183333333333334, null]",7.300611734390259,2.6834616661071777,0.5237338542938232,3.61934757232666,0.0007357597351074219,0.17960333824157715,,f37ca08ce36f,success,
vit_b32_cifar100,CIFAR100,10,0.3,44,300,4.0,raw_union_K20,raw_union,11174,0.0,mag_weighted,depth-1,0.8384,0.49283,0.5567,0.8673,0.8402,-0.10282836534881094,0,10,"[-0.0630460448642266, -0.09917920656634749, -0.10020607934054615, -0.11531690140845074, -0.11153920246580618, -0.1347382967697357, -0.08892155061546936, -0.1058259587020649, -0.10478806907378335, -0.10472234368167899]","[0.8920897284533649, 0.8853169174646602, 0.8758371973209685, 0.8549295774647887, 0.8599499133115007, 0.8236310243565382, 0.8897666727907404, 0.8678097345132744, 0.8700941915227629, 0.8578924355050285]","[0.9551357733175915, 0.9844961240310077, 0.9760432766615147, 0.9702464788732394, 0.9714891157773069, 0.9583693211262739, 0.9786882234062098, 0.9736356932153393, 0.9748822605965463, 0.9626147791867075]",0.8069359652692987,9,"[0.825, 0.7776923076923077, 0.7983333333333333, 0.815, 0.8157142857142857, 0.8284615384615385, 0.7595833333333334, 0.8155555555555556, 0.8270833333333333, null]",7.177861928939819,2.6157076358795166,0.5294387340545654,3.5945498943328857,0.0007433891296386719,0.1642768383026123,,f37ca08ce36f,success,
vit_b32_cifar100,CIFAR100,10,0.3,44,300,4.0,raw_union_K20,raw_union,11174,0.0,poly_gate_d2_a,depth-2,0.8407,0.49283,0.5567,0.8673,0.8402,-0.09626673538524946,0,10,"[-0.06587957497048402, -0.09119927040583675, -0.07315816589386914, -0.10440140845070423, -0.1099980735889039, -0.12264639834168245, -0.0990262722763181, -0.1047197640117995, -0.10047095761381475, -0.09116746829908173]","[0.8892561983471075, 0.893296853625171, 0.9028851107676455, 0.8658450704225352, 0.861491042188403, 0.8357229227845915, 0.8796619511298917, 0.8689159292035398, 0.8744113029827315, 0.8714473108876257]","[0.9551357733175915, 0.9844961240310077, 0.9760432766615147, 0.9702464788732394, 0.9714891157773069, 0.9583693211262739, 0.9786882234062098, 0.9736356932153393, 0.9748822605965463, 0.9626147791867075]",0.8217411138244471,9,"[0.82, 0.8138461538461539, 0.8094444444444444, 0.8211538461538461, 0.8214285714285714, 0.8507692307692307, 0.7954166666666667, 0.8211111111111111, 0.8425, null]",7.494115114212036,2.693445920944214,0.5136997699737549,3.8281567096710205,0.0007548332214355469,0.159254789352417,,f37ca08ce36f,success,
vit_b32_cifar100,CIFAR100,10,0.3,44,300,4.0,raw_union_K20,raw_union,11174,0.0,poly_gate_d2_b,depth-2,0.8426,0.49283,0.5567,0.8673,0.8402,-0.09452350684431292,0,10,"[-0.05997638724911447, -0.08960328317373456, -0.07496136012364762, -0.10404929577464794, -0.10672317472548642, -0.12143720849887718, -0.09663788352011748, -0.10103244837758119, -0.0981161695447409, -0.09269785745518144]","[0.895159386068477, 0.8948928408572732, 0.9010819165378671, 0.8661971830985915, 0.8647659410518205, 0.8369321126273968, 0.8820503398860923, 0.8726032448377581, 0.8767660910518054, 0.869916921731526]","[0.9551357733175915, 0.9844961240310077, 0.9760432766615147, 0.9702464788732394, 0.9714891157773069, 0.9583693211262739, 0.9786882234062098, 0.9736356932153393, 0.9748822605965463, 0.9626147791867075]",0.8224258457591791,9,"[0.8231818181818182, 0.8126923076923077, 0.8144444444444444, 0.8211538461538461, 0.8214285714285714, 0.8461538461538461, 0.79375, 0.8261111111111111, 0.8429166666666666, null]",7.310750722885132,2.7265524864196777,0.5369327068328857,3.573270082473755,0.0007545948028564453,0.16135931015014648,,f37ca08ce36f,success,
vit_b32_cifar100,CIFAR100,10,0.3,44,300,4.0,raw_union_K20,raw_union,11174,0.0,second_moment,deep,0.8412,0.49283,0.5567,0.8673,0.8402,-0.0958990557544604,0,10,"[-0.05785123966942152, -0.08937528499771996, -0.08243173621844413, -0.11161971830985917, -0.10383355808129457, -0.12610122646398336, -0.09314716149182434, -0.10158554572271394, -0.09772370486656201, -0.09532138172278093]","[0.89728453364817, 0.8951208390332878, 0.8936115404430706, 0.8586267605633803, 0.8676555576960123, 0.8322680946622906, 0.8855410619143854, 0.8720501474926253, 0.8771585557299842, 0.8672933974639265]","[0.9551357733175915, 0.9844961240310077, 0.9760432766615147, 0.9702464788732394, 0.9714891157773069, 0.9583693211262739, 0.9786882234062098, 0.9736356932153393, 0.9748822605965463, 0.9626147791867075]",0.8159009971509971,9,"[0.82, 0.7973076923076923, 0.8133333333333334, 0.8203846153846154, 0.82, 0.84, 0.7820833333333334, 0.8166666666666667, 0.8333333333333334, null]",7.632056474685669,2.7976934909820557,0.5597689151763916,3.8366575241088867,0.0008504390716552734,0.1565871238708496,,f37ca08ce36f,success,
vit_b32_cifar100,CIFAR100,10,0.3,44,300,4.0,raw_union_K20,raw_union,11174,0.0,sign_majority,deep,0.8349,0.49283,0.5567,0.8673,0.8402,-0.10577781579668448,0,10,"[-0.059031877213695405, -0.0966712266301869, -0.1025244719216899, -0.13292253521126762, -0.11153920246580618, -0.13922957332872687, -0.0920448282197317, -0.11375368731563429, -0.1114599686028257, -0.09860078705728026]","[0.8961038961038961, 0.8878248974008208, 0.8735188047398248, 0.8373239436619718, 0.8599499133115007, 0.8191397477975471, 0.8866433951864781, 0.859882005899705, 0.8634222919937206, 0.8640139921294272]","[0.9551357733175915, 0.9844961240310077, 0.9760432766615147, 0.9702464788732394, 0.9714891157773069, 0.9583693211262739, 0.9786882234062098, 0.9736356932153393, 0.9748822605965463, 0.9626147791867075]",0.8029072933239599,9,"[0.8181818181818182, 0.7753846153846153, 0.7838888888888889, 0.8207692307692308, 0.7935714285714286, 0.8392307692307692, 0.7604166666666666, 0.8088888888888889, 0.8258333333333333, null]",7.525480508804321,2.923574209213257,0.548133373260498,3.583287477493286,0.0007929801940917969,0.1588268280029297,,f37ca08ce36f,success,
vit_b32_cifar100,CIFAR100,10,1.0,42,300,4.0,raw_union_K20,raw_union,16992,0.0,agreement_gated,deep,0.8578,0.7057100000000001,0.7613,0.8692,0.8494,-0.0617701108972008,0,10,"[-0.06408436422632324, -0.07137628111273786, -0.06857366771159867, -0.05318081477021874, -0.05878634639696578, -0.07505518763796915, -0.05796038151137195, -0.06006825938566551, -0.05512591711282966, -0.05348988910632746]","[0.8955587102007706, 0.8900073206442167, 0.8918495297805643, 0.9177202488460766, 0.9007585335018964, 0.8910295003010235, 0.8949009537784299, 0.9089874857792947, 0.900456077731509, 0.9006305718634485]","[0.9596430744270938, 0.9613836017569546, 0.960423197492163, 0.9709010636162954, 0.9595448798988622, 0.9660846879389926, 0.9528613352898019, 0.9690557451649602, 0.9555819948443387, 0.954120460969776]",0.8383333333333334,6,"[0.8966666666666666, null, 0.7, 0.79, 0.8333333333333334, 0.94, null, 0.87, null, null]",7.6651129722595215,2.6869070529937744,0.9166498184204102,3.599229097366333,0.0006406307220458984,0.14731049537658691,,f37ca08ce36f,success,
vit_b32_cifar100,CIFAR100,10,1.0,42,300,4.0,raw_union_K20,raw_union,16992,0.0,consensus_proj,deep,0.8577,0.7057100000000001,0.7613,0.8692,0.8494,-0.06251264581087865,0,10,"[-0.06367876698438446, -0.06826500732064422, -0.06994514106583072, -0.052578767810555815, -0.06005056890012639, -0.07425245835841865, -0.061445341159207634, -0.0630261660978384, -0.057307158437438055, -0.05457708197434219]","[0.8959643074427094, 0.8931185944363104, 0.8904780564263323, 0.9183222958057395, 0.8994943109987358, 0.891832229580574, 0.8914159941305942, 0.9060295790671218, 0.8982748364069006, 0.8995433789954338]","[0.9596430744270938, 0.9613836017569546, 0.960423197492163, 0.9709010636162954, 0.9595448798988622, 0.9660846879389926, 0.9528613352898019, 0.9690557451649602, 0.9555819948443387, 0.954120460969776]",0.8225000000000001,6,"[0.8933333333333333, null, 0.68, 0.745, 0.81, 0.94, null, 0.8666666666666667, null, null]",7.304335594177246,2.6113955974578857,0.7492012977600098,3.4786882400512695,0.0006928443908691406,0.14710617065429688,,f37ca08ce36f,success,
vit_b32_cifar100,CIFAR100,10,1.0,42,300,4.0,raw_union_K20,raw_union,16992,0.0,coord_median,deep,0.8575,0.7057100000000001,0.7613,0.8692,0.8494,-0.062496067947373335,0,10,"[-0.06408436422632324, -0.06826500732064422, -0.06857366771159867, -0.05237808549066825, -0.06152549515381367, -0.07525586995785671, -0.05906089508437273, -0.06370875995449377, -0.05948839976204645, -0.05262013481191563]","[0.8955587102007706, 0.8931185944363104, 0.8918495297805643, 0.9185229781256271, 0.8980193847450485, 0.8908288179811359, 0.8938004402054291, 0.9053469852104664, 0.8960935950822922, 0.9015003261578604]","[0.9596430744270938, 0.9613836017569546, 0.960423197492163, 0.9709010636162954, 0.9595448798988622, 0.9660846879389926, 0.9528613352898019, 0.9690557451649602, 0.9555819948443387, 0.954120460969776]",0.8455555555555555,6,"[0.8966666666666666, null, 0.72, 0.8, 0.83, 0.94, null, 0.8866666666666667, null, null]",7.60931396484375,2.7347679138183594,0.7518389225006104,3.549255847930908,0.0007762908935546875,0.15598797798156738,,f37ca08ce36f,success,
vit_b32_cifar100,CIFAR100,10,1.0,42,300,4.0,raw_union_K20,raw_union,16992,0.0,coord_trimmed_mean,deep,0.859,0.7057100000000001,0.7613,0.8692,0.8494,-0.0621494402876822,0,10,"[-0.06307037112147629, -0.06661786237188871, -0.06974921630094044, -0.05157535621111775, -0.060261272650653175, -0.07485450531808147, -0.06034482758620685, -0.06234357224118314, -0.05810033710093199, -0.05457708197434219]","[0.8965727033056176, 0.8947657393850659, 0.8906739811912225, 0.9193257074051776, 0.899283607248209, 0.8912301826209111, 0.892516507703595, 0.906712172923777, 0.8974816577434067, 0.8995433789954338]","[0.9596430744270938, 0.9613836017569546, 0.960423197492163, 0.9709010636162954, 0.9595448798988622, 0.9660846879389926, 0.9528613352898019, 0.9690557451649602, 0.9555819948443387, 0.954120460969776]",0.8388888888888889,6,"[0.9, null, 0.71, 0.77, 0.8266666666666667, 0.95, null, 0.8766666666666667, null, null]",7.961980104446411,2.770742416381836,0.9058046340942383,3.826767683029175,0.0006334781646728516,0.14609265327453613,,f37ca08ce36f,success,
vit_b32_cifar100,CIFAR100,10,1.0,42,300,4.0,raw_union_K20,raw_union,16992,0.0,mag_weighted,depth-1,0.8574,0.7057100000000001,0.7613,0.8692,0.8494,-0.06261393161649025,0,10,"[-0.06367876698438446, -0.06789897510980969, -0.070141065830721, -0.052779450130443495, -0.0598398651495996, -0.0746538229981939, -0.061812179016874524, -0.06279863481228665, -0.057307158437438055, -0.05522939769515112]","[0.8959643074427094, 0.8934846266471449, 0.890282131661442, 0.9181216134858519, 0.8997050147492626, 0.8914308649407987, 0.8910491562729274, 0.9062571103526735, 0.8982748364069006, 0.8988910632746249]","[0.9596430744270938, 0.9613836017569546, 0.960423197492163, 0.9709010636162954, 0.9595448798988622, 0.9660846879389926, 0.9528613352898019, 0.9690557451649602, 0.9555819948443387, 0.954120460969776]",0.821388888888889,6,"[0.8933333333333333, null, 0.68, 0.745, 0.81, 0.94, null, 0.86, null, null]",7.757326602935791,2.6829323768615723,0.7456605434417725,3.8798086643218994,0.0006678104400634766,0.14938879013061523,,f37ca08ce36f,success,
vit_b32_cifar100,CIFAR100,10,1.0,42,300,4.0,raw_union_K20,raw_union,16992,0.0,poly_gate_d2_a,depth-2,0.8502,0.7057100000000001,0.7613,0.8692,0.8494,-0.07009647577234548,0,10,"[-0.06935712837152708, -0.0796120058565154, -0.0785658307210031, -0.058398555087296744, -0.07016434892541079, -0.0798715633152719, -0.07079970652971379, -0.06666666666666665, -0.06642871306761844, -0.061100239182430904]","[0.8902859460555668, 0.8817715959004392, 0.8818573667711599, 0.9125025085289986, 0.8893805309734514, 0.8862131246237207, 0.8820616287600881, 0.9023890784982935, 0.8891532817767203, 0.8930202217873451]","[0.9596430744270938, 0.9613836017569546, 0.960423197492163, 0.9709010636162954, 0.9595448798988622, 0.9660846879389926, 0.9528613352898019, 0.9690557451649602, 0.9555819948443387, 0.954120460969776]",0.8105555555555556,6,"[0.9033333333333333, null, 0.6, 0.72, 0.8533333333333334, 0.94, null, 0.8466666666666667, null, null]",7.743844270706177,2.874398946762085,0.7419168949127197,3.5491740703582764,0.0008561611175537109,0.1479930877685547,,f37ca08ce36f,success,
vit_b32_cifar100,CIFAR100,10,1.0,42,300,4.0,raw_union_K20,raw_union,16992,0.0,poly_gate_d2_b,depth-2,0.854,0.7057100000000001,0.7613,0.8692,0.8494,-0.06565944662871516,0,10,"[-0.06611235043601693, -0.07558565153733521, -0.07072884012539182, -0.056191049568532936, -0.06468605141171513, -0.0768613285169577, -0.06584739545121054, -0.06370875995449377, -0.05968669442791985, -0.057186344857577676]","[0.8935307239910769, 0.8857979502196194, 0.8896943573667712, 0.9147100140477624, 0.894858828487147, 0.8892233594220349, 0.8870139398385913, 0.9053469852104664, 0.8958953004164188, 0.8969341161121983]","[0.9596430744270938, 0.9613836017569546, 0.960423197492163, 0.9709010636162954, 0.9595448798988622, 0.9660846879389926, 0.9528613352898019, 0.9690557451649602, 0.9555819948443387, 0.954120460969776]",0.8216666666666667,6,"[0.8933333333333333, null, 0.64, 0.76, 0.8366666666666667, 0.94, null, 0.86, null, null]",7.717203140258789,2.6612486839294434,0.7526087760925293,3.8458402156829834,0.0014503002166748047,0.14882230758666992,,f37ca08ce36f,success,
vit_b32_cifar100,CIFAR100,10,1.0,42,300,4.0,raw_union_K20,raw_union,16992,0.0,second_moment,deep,0.8541,0.7057100000000001,0.7613,0.8692,0.8494,-0.0647902772829967,0,10,"[-0.06530115595213948, -0.0733894582723279, -0.07112068965517238, -0.054384908689544376, -0.0623683101559207, -0.08007224563515958, -0.06419662509170942, -0.06166097838452789, -0.05909181043029943, -0.05631659056316585]","[0.8943419184749544, 0.8879941434846267, 0.8893025078369906, 0.916516154926751, 0.8971765697429415, 0.886012442303833, 0.8886647101980925, 0.9073947667804323, 0.8964901844140393, 0.8978038704066101]","[0.9596430744270938, 0.9613836017569546, 0.960423197492163, 0.9709010636162954, 0.9595448798988622, 0.9660846879389926, 0.9528613352898019, 0.9690557451649602, 0.9555819948443387, 0.954120460969776]",0.81,6,"[0.8866666666666667, null, 0.65, 0.71, 0.8266666666666667, 0.93, null, 0.8566666666666667, null, null]",7.61271071434021,2.7634353637695312,0.7572104930877686,3.6274445056915283,0.0012254714965820312,0.17030763626098633,,f37ca08ce36f,success,
vit_b32_cifar100,CIFAR100,10,1.0,42,300,4.0,raw_union_K20,raw_union,16992,0.0,sign_majority,deep,0.8546,0.7057100000000001,0.7613,0.8692,0.8494,-0.06311344099281059,0,10,"[-0.062259176637598834, -0.07082723279648606, -0.07072884012539182, -0.051976720850893, -0.05899705014749257, -0.07625928155729478, -0.059427732942039624, -0.06370875995449377, -0.05889351576442592, -0.058056099151989504]","[0.897383897789495, 0.8905563689604685, 0.8896943573667712, 0.9189243427654024, 0.9005478297513696, 0.8898254063816978, 0.8934336023477623, 0.9053469852104664, 0.8966884790799128, 0.8960643618177865]","[0.9596430744270938, 0.9613836017569546, 0.960423197492163, 0.9709010636162954, 0.9595448798988622, 0.9660846879389926, 0.9528613352898019, 0.9690557451649602, 0.9555819948443387, 0.954120460969776]",0.826388888888889,6,"[0.89, null, 0.65, 0.785, 0.8266666666666667, 0.93, null, 0.8766666666666667, null, null]",7.459610462188721,2.7002408504486084,0.7655577659606934,3.5295636653900146,0.0007781982421875,0.155961275100708,,f37ca08ce36f,success,
vit_b32_cifar100,CIFAR100,10,1.0,42,300,4.0,raw_union_K20,raw_union,16992,0.0,weight_avg,depth-1,0.8577,0.7057100000000001,0.7613,0.8692,0.8494,-0.06251264581087865,0,10,"[-0.06367876698438446, -0.06826500732064422, -0.06994514106583072, -0.052578767810555815, -0.06005056890012639, -0.07425245835841865, -0.061445341159207634, -0.0630261660978384, -0.057307158437438055, -0.05457708197434219]","[0.8959643074427094, 0.8931185944363104, 0.8904780564263323, 0.9183222958057395, 0.8994943109987358, 0.891832229580574, 0.8914159941305942, 0.9060295790671218, 0.8982748364069006, 0.8995433789954338]","[0.9596430744270938, 0.9613836017569546, 0.960423197492163, 0.9709010636162954, 0.9595448798988622, 0.9660846879389926, 0.9528613352898019, 0.9690557451649602, 0.9555819948443387, 0.954120460969776]",0.8225000000000001,6,"[0.8933333333333333, null, 0.68, 0.745, 0.81, 0.94, null, 0.8666666666666667, null, null]",8.24799656867981,3.074497938156128,0.8403358459472656,3.8784737586975098,0.0006070137023925781,0.15241003036499023,,f37ca08ce36f,success,
vit_b32_cifar100,CIFAR100,10,1.0,43,300,4.0,raw_union_K20,raw_union,16877,0.0,weight_avg,depth-1,0.8598,0.7019,0.7476,0.8683,0.8515,-0.06195267537879132,0,10,"[-0.05616093880972339, -0.055420333270923106, -0.0729435084241824, -0.04748021657642654, -0.06360856269113146, -0.07352625937834945, -0.06366704161979753, -0.06386354621182067, -0.05954465849387036, -0.06331168831168832]","[0.8929170159262364, 0.909754727579105, 0.8911793855302279, 0.9135776759683465, 0.8958205912334353, 0.8831725616291533, 0.9001124859392576, 0.8972629908766363, 0.9065966141272621, 0.9022366522366523]","[0.9490779547359598, 0.9651750608500281, 0.9641228939544103, 0.961057892544773, 0.9594291539245667, 0.9566988210075027, 0.9637795275590552, 0.961126537088457, 0.9661412726211325, 0.9655483405483406]",0.825,4,"[0.88, 0.79, null, null, null, null, null, 0.75, 0.88, null]",7.4501965045928955,2.6748604774475098,0.745417594909668,3.560877799987793,0.0005581378936767578,0.15671658515930176,,f37ca08ce36f,success,
vit_b32_cifar100,CIFAR100,10,1.0,43,300,4.0,raw_union_K20,raw_union,16877,0.0,agreement_gated,deep,0.8603,0.7019,0.7476,0.8683,0.8515,-0.061571441044815246,0,10,"[-0.05616093880972339, -0.056356487549148127, -0.06977205153617438, -0.050187421907538554, -0.06422018348623848, -0.07309753483386927, -0.06074240719910018, -0.06386354621182067, -0.05818252578322625, -0.06313131313131315]","[0.8929170159262364, 0.90881857330088, 0.8943508424182359, 0.9108704706372345, 0.8952089704383283, 0.8836012861736334, 0.903037120359955, 0.8972629908766363, 0.9079587468379062, 0.9024170274170275]","[0.9490779547359598, 0.9651750608500281, 0.9641228939544103, 0.961057892544773, 0.9594291539245667, 0.9566988210075027, 0.9637795275590552, 0.961126537088457, 0.9661412726211325, 0.9655483405483406]",0.84,4,"[0.88, 0.82, null, null, null, null, null, 0.78, 0.88, null]",7.58025336265564,2.75657057762146,0.769951343536377,3.58415150642395,0.0006694793701171875,0.14848995208740234,,f37ca08ce36f,success,
vit_b32_cifar100,CIFAR100,10,1.0,43,300,4.0,raw_union_K20,raw_union,16877,0.0,consensus_proj,deep,0.8598,0.7019,0.7476,0.8683,0.8515,-0.06195267537879132,0,10,"[-0.05616093880972339, -0.055420333270923106, -0.0729435084241824, -0.04748021657642654, -0.06360856269113146, -0.07352625937834945, -0.06366704161979753, -0.06386354621182067, -0.05954465849387036, -0.06331168831168832]","[0.8929170159262364, 0.909754727579105, 0.8911793855302279, 0.9135776759683465, 0.8958205912334353, 0.8831725616291533, 0.9001124859392576, 0.8972629908766363, 0.9065966141272621, 0.9022366522366523]","[0.9490779547359598, 0.9651750608500281, 0.9641228939544103, 0.961057892544773, 0.9594291539245667, 0.9566988210075027, 0.9637795275590552, 0.961126537088457, 0.9661412726211325, 0.9655483405483406]",0.825,4,"[0.88, 0.79, null, null, null, null, null, 0.75, 0.88, null]",7.7727532386779785,2.700294017791748,0.7912917137145996,3.8336844444274902,0.0007853507995605469,0.14677691459655762,,f37ca08ce36f,success,
vit_b32_cifar100,CIFAR100,10,1.0,43,300,4.0,raw_union_K20,raw_union,16877,0.0,coord_median,deep,0.8567,0.7019,0.7476,0.8683,0.8515,-0.062367603629780236,0,10,"[-0.05448449287510482, -0.058041565249953186, -0.06937561942517345, -0.04789670970428994, -0.06564729867482155, -0.0743837084673098, -0.06389201349831275, -0.06525188417294725, -0.060128429655574966, -0.06457431457431462]","[0.894593461860855, 0.907133495600075, 0.8947472745292369, 0.9131611828404831, 0.8937818552497452, 0.8823151125401929, 0.8998875140607424, 0.8958746529155097, 0.9060128429655575, 0.900974025974026]","[0.9490779547359598, 0.9651750608500281, 0.9641228939544103, 0.961057892544773, 0.9594291539245667, 0.9566988210075027, 0.9637795275590552, 0.961126537088457, 0.9661412726211325, 0.9655483405483406]",0.825,4,"[0.88, 0.79, null, null, null, null, null, 0.76, 0.87, null]",7.57086181640625,2.6637516021728516,0.7482819557189941,3.646472215652466,0.0008802413940429688,0.17317485809326172,,f37ca08ce36f,success,
vit_b32_cifar100,CIFAR100,10,1.0,43,300,4.0,raw_union_K20,raw_union,16877,0.0,coord_trimmed_mean,deep,0.8581,0.7019,0.7476,0.8683,0.8515,-0.061903966193197914,0,10,"[-0.05427493713327747, -0.056356487549148127, -0.07135777998017845, -0.04685547688463143, -0.06401630988786944, -0.07309753483386927, -0.06434195725534309, -0.0634668782229274, -0.060517610430044666, -0.06475468975468979]","[0.8948030176026823, 0.90881857330088, 0.8927651139742319, 0.9142024156601416, 0.8954128440366973, 0.8836012861736334, 0.8994375703037121, 0.8976596588655296, 0.9056236621910878, 0.9007936507936508]","[0.9490779547359598, 0.9651750608500281, 0.9641228939544103, 0.961057892544773, 0.9594291539245667, 0.9566988210075027, 0.9637795275590552, 0.961126537088457, 0.9661412726211325, 0.9655483405483406]",0.8325,4,"[0.88, 0.8, null, null, null, null, null, 0.76, 0.89, null]",7.720447778701782,2.848984956741333,0.7405350208282471,3.557258367538452,0.0006439685821533203,0.14916539192199707,,f37ca08ce36f,success,
vit_b32_cifar100,CIFAR100,10,1.0,43,300,4.0,raw_union_K20,raw_union,16877,0.0,mag_weighted,depth-1,0.8595,0.7019,0.7476,0.8683,0.8515,-0.06201792410828123,0,10,"[-0.055741827326068805, -0.05579479498221307, -0.07333994053518333, -0.047271970012494835, -0.06360856269113146, -0.07352625937834945, -0.06366704161979753, -0.06366521221737409, -0.059350068106635456, -0.06421356421356428]","[0.893336127409891, 0.9093802658678151, 0.890782953419227, 0.9137859225322782, 0.8958205912334353, 0.8831725616291533, 0.9001124859392576, 0.8974613248710829, 0.906791204514497, 0.9013347763347763]","[0.9490779547359598, 0.9651750608500281, 0.9641228939544103, 0.961057892544773, 0.9594291539245667, 0.9566988210075027, 0.9637795275590552, 0.961126537088457, 0.9661412726211325, 0.9655483405483406]",0.825,4,"[0.88, 0.79, null, null, null, null, null, 0.75, 0.88, null]",7.656040906906128,2.7603983879089355,0.83294677734375,3.5983083248138428,0.0006282329559326172,0.14692926406860352,,f37ca08ce36f,success,
vit_b32_cifar100,CIFAR100,10,1.0,43,300,4.0,raw_union_K20,raw_union,16877,0.0,poly_gate_d2_a,depth-2,0.8525,0.7019,0.7476,0.8683,0.8515,-0.06880481273245799,0,10,"[-0.07103939647946356, -0.06328402920801357, -0.07274529236868188, -0.055393586005830886, -0.07176350662589193, -0.08124330117899248, -0.06456692913385831, -0.0704085680285601, -0.06635532204709083, -0.07124819624819634]","[0.8780385582564962, 0.9018910316420146, 0.8913776015857284, 0.9056643065389421, 0.8876656472986748, 0.8754555198285102, 0.8992125984251969, 0.8907179690598969, 0.8997859505740416, 0.8943001443001443]","[0.9490779547359598, 0.9651750608500281, 0.9641228939544103, 0.961057892544773, 0.9594291539245667, 0.9566988210075027, 0.9637795275590552, 0.961126537088457, 0.9661412726211325, 0.9655483405483406]",0.8474999999999999,4,"[0.88, 0.82, null, null, null, null, null, 0.82, 0.87, null]",7.439738750457764,2.6849629878997803,0.7389049530029297,3.5477774143218994,0.0007836818695068359,0.14864253997802734,,f37ca08ce36f,success,
vit_b32_cifar100,CIFAR100,10,1.0,43,300,4.0,raw_union_K20,raw_union,16877,0.0,poly_gate_d2_b,depth-2,0.856,0.7019,0.7476,0.8683,0.8515,-0.06588387689006361,0,10,"[-0.06475272422464373, -0.05822879610559828, -0.0729435084241824, -0.05268638067471887, -0.0685015290519877, -0.07631296891747053, -0.06501687289088864, -0.07001190003966684, -0.0638256470130375, -0.0665584415584416]","[0.8843252305113161, 0.9069462647444299, 0.8911793855302279, 0.9083715118700542, 0.890927624872579, 0.8803858520900322, 0.8987626546681665, 0.8911146370487901, 0.902315625608095, 0.898989898989899]","[0.9490779547359598, 0.9651750608500281, 0.9641228939544103, 0.961057892544773, 0.9594291539245667, 0.9566988210075027, 0.9637795275590552, 0.961126537088457, 0.9661412726211325, 0.9655483405483406]",0.8325,4,"[0.86, 0.82, null, null, null, null, null, 0.77, 0.88, null]",7.756401300430298,2.8368308544158936,0.749809741973877,3.706728458404541,0.0009343624114990234,0.15310955047607422,,f37ca08ce36f,success,
vit_b32_cifar100,CIFAR100,10,1.0,43,300,4.0,raw_union_K20,raw_union,16877,0.0,second_moment,deep,0.8572,0.7019,0.7476,0.8683,0.8515,-0.06467548549093073,0,10,"[-0.06496227996647108, -0.056356487549148127, -0.07115956392467793, -0.05102040816326536, -0.06788990825688068, -0.07502679528403, -0.06434195725534309, -0.06882189607298694, -0.06187974314068878, -0.0652958152958153]","[0.8841156747694887, 0.90881857330088, 0.8929633300297324, 0.9100374843815077, 0.891539245667686, 0.8816720257234727, 0.8994375703037121, 0.89230464101547, 0.9042615294804437, 0.9002525252525253]","[0.9490779547359598, 0.9651750608500281, 0.9641228939544103, 0.961057892544773, 0.9594291539245667, 0.9566988210075027, 0.9637795275590552, 0.961126537088457, 0.9661412726211325, 0.9655483405483406]",0.8300000000000001,4,"[0.87, 0.8, null, null, null, null, null, 0.75, 0.9, null]",7.62221622467041,2.7055933475494385,0.8309061527252197,3.633057117462158,0.0008161067962646484,0.1435694694519043,,f37ca08ce36f,success,
vit_b32_cifar100,CIFAR100,10,1.0,43,300,4.0,raw_union_K20,raw_union,16877,0.0,sign_majority,deep,0.858,0.7019,0.7476,0.8683,0.8515,-0.06348071033209088,0,10,"[-0.05699916177703268, -0.057105410971728165, -0.07314172447968281, -0.04789670970428994, -0.06564729867482155, -0.07759914255091105, -0.06434195725534309, -0.06723522411741378, -0.05954465849387036, -0.0652958152958153]","[0.8920787929589271, 0.9080696498783, 0.8909811694747275, 0.9131611828404831, 0.8937818552497452, 0.8790996784565916, 0.8994375703037121, 0.8938913129710432, 0.9065966141272621, 0.9002525252525253]","[0.9490779547359598, 0.9651750608500281, 0.9641228939544103, 0.961057892544773, 0.9594291539245667, 0.9566988210075027, 0.9637795275590552, 0.961126537088457, 0.9661412726211325, 0.9655483405483406]",0.8200000000000001,4,"[0.88, 0.8, null, null, null, null, null, 0.74, 0.86, null]",7.872835636138916,2.711937665939331,0.7662303447723389,3.886198043823242,0.0011754035949707031,0.1949622631072998,,f37ca08ce36f,success,
vit_b32_cifar100,CIFAR100,10,1.0,44,300,4.0,raw_union_K20,raw_union,16800,0.0,weight_avg,depth-1,0.8544,0.6986999999999999,0.7292,0.8673,0.8521,-0.0627860396485863,0,10,"[-0.053939962476547865, -0.06761492475778186, -0.06661133015148368, -0.05453479280688034, -0.06915225994584462, -0.07402031930333819, -0.058369421954434175, -0.06308889799262596, -0.05817120622568095, -0.06235728087124537]","[0.9052532833020638, 0.8923933209647495, 0.8970740817597012, 0.910086004691165, 0.8871068527390127, 0.8886585113000207, 0.901148559593297, 0.8963539532978287, 0.9021400778210117, 0.89671526435974]","[0.9591932457786116, 0.9600082457225314, 0.9636854119111848, 0.9646207974980453, 0.9562591126848573, 0.9626788306033589, 0.9595179815477312, 0.9594428512904547, 0.9603112840466926, 0.9590725452309854]",0.775,4,"[0.835, 0.805, null, 0.56, 0.9, null, null, null, null, null]",7.8916144371032715,2.7865166664123535,0.7577965259552002,3.85897159576416,0.0007185935974121094,0.14940834045410156,,f37ca08ce36f,success,
vit_b32_cifar100,CIFAR100,10,1.0,44,300,4.0,raw_union_K20,raw_union,16800,0.0,agreement_gated,deep,0.8567,0.6986999999999999,0.7292,0.8673,0.8521,-0.06127696213916069,0,10,"[-0.05159474671669795, -0.06596578025149447, -0.06557377049180324, -0.056684910086004625, -0.06477817121433038, -0.07277628032345018, -0.05592167200150633, -0.05919705038918477, -0.057392996108949434, -0.06288424380818547]","[0.9075984990619137, 0.8940424654710369, 0.8981116414193816, 0.9079358874120407, 0.8914809414705269, 0.8899025502799087, 0.9035963095462248, 0.9002458009012699, 0.9029182879377432, 0.8961883014227999]","[0.9591932457786116, 0.9600082457225314, 0.9636854119111848, 0.9646207974980453, 0.9562591126848573, 0.9626788306033589, 0.9595179815477312, 0.9594428512904547, 0.9603112840466926, 0.9590725452309854]",0.791875,4,"[0.8575, 0.8, null, 0.6, 0.91, null, null, null, null, null]",7.81701922416687,2.7484288215637207,0.7671120166778564,3.841949462890625,0.0010404586791992188,0.18199801445007324,,f37ca08ce36f,success,
vit_b32_cifar100,CIFAR100,10,1.0,44,300,4.0,raw_union_K20,raw_union,16800,0.0,consensus_proj,deep,0.8544,0.6986999999999999,0.7292,0.8673,0.8521,-0.0627860396485863,0,10,"[-0.053939962476547865, -0.06761492475778186, -0.06661133015148368, -0.05453479280688034, -0.06915225994584462, -0.07402031930333819, -0.058369421954434175, -0.06308889799262596, -0.05817120622568095, -0.06235728087124537]","[0.9052532833020638, 0.8923933209647495, 0.8970740817597012, 0.910086004691165, 0.8871068527390127, 0.8886585113000207, 0.901148559593297, 0.8963539532978287, 0.9021400778210117, 0.89671526435974]","[0.9591932457786116, 0.9600082457225314, 0.9636854119111848, 0.9646207974980453, 0.9562591126848573, 0.9626788306033589, 0.9595179815477312, 0.9594428512904547, 0.9603112840466926, 0.9590725452309854]",0.775,4,"[0.835, 0.805, null, 0.56, 0.9, null, null, null, null, null]",7.999848127365112,2.9219555854797363,0.7685379981994629,3.7589361667633057,0.000997304916381836,0.1530623435974121,,f37ca08ce36f,success,
vit_b32_cifar100,CIFAR100,10,1.0,44,300,4.0,raw_union_K20,raw_union,16800,0.0,coord_median,deep,0.8548,0.6986999999999999,0.7292,0.8673,0.8521,-0.062411433636982705,0,10,"[-0.05229831144465291, -0.06864564007421148, -0.06640381821954755, -0.05648944487881158, -0.06790252030826904, -0.07319095998341285, -0.05799284503859914, -0.06001638672675125, -0.05758754863813231, -0.06358686105743894]","[0.9068949343339587, 0.8913626056483199, 0.8972815936916373, 0.9081313526192337, 0.8883565923765883, 0.889487870619946, 0.901525136509132, 0.8994264645637035, 0.9027237354085603, 0.8954856841735465]","[0.9591932457786116, 0.9600082457225314, 0.9636854119111848, 0.9646207974980453, 0.9562591126848573, 0.9626788306033589, 0.9595179815477312, 0.9594428512904547, 0.9603112840466926, 0.9590725452309854]",0.79625,4,"[0.845, 0.81, null, 0.63, 0.9, null, null, null, null, null]",8.011363983154297,2.9656686782836914,0.8786592483520508,3.707277774810791,0.0006771087646484375,0.14684367179870605,,f37ca08ce36f,success,
vit_b32_cifar100,CIFAR100,10,1.0,44,300,4.0,raw_union_K20,raw_union,16800,0.0,coord_trimmed_mean,deep,0.8552,0.6986999999999999,0.7292,0.8673,0.8521,-0.062124891735218714,0,10,"[-0.05136022514071292, -0.06926406926406925, -0.06370616310437849, -0.056098514464425264, -0.06769423036867317, -0.07360563964337552, -0.05780455658068162, -0.06083572306431784, -0.05817120622568095, -0.0627085894958721]","[0.9078330206378987, 0.8907441764584622, 0.8999792488068064, 0.90852228303362, 0.8885648823161841, 0.8890731909599834, 0.9017134249670495, 0.8986071282261369, 0.9021400778210117, 0.8963639557351133]","[0.9591932457786116, 0.9600082457225314, 0.9636854119111848, 0.9646207974980453, 0.9562591126848573, 0.9626788306033589, 0.9595179815477312, 0.9594428512904547, 0.9603112840466926, 0.9590725452309854]",0.7949999999999999,4,"[0.835, 0.815, null, 0.63, 0.9, null, null, null, null, null]",7.552236080169678,2.6144723892211914,0.7551944255828857,3.708623170852661,0.00096893310546875,0.1658639907836914,,f37ca08ce36f,success,
vit_b32_cifar100,CIFAR100,10,1.0,44,300,4.0,raw_union_K20,raw_union,16800,0.0,mag_weighted,depth-1,0.8544,0.6986999999999999,0.7292,0.8673,0.8521,-0.06278161801041825,0,10,"[-0.053470919324577926, -0.06823335394763963, -0.06661133015148368, -0.05453479280688034, -0.06936054988544049, -0.07381297947335685, -0.058369421954434175, -0.06308889799262596, -0.05797665369649807, -0.06235728087124537]","[0.9057223264540337, 0.8917748917748918, 0.8970740817597012, 0.910086004691165, 0.8868985627994168, 0.888865851130002, 0.901148559593297, 0.8963539532978287, 0.9023346303501946, 0.89671526435974]","[0.9591932457786116, 0.9600082457225314, 0.9636854119111848, 0.9646207974980453, 0.9562591126848573, 0.9626788306033589, 0.9595179815477312, 0.9594428512904547, 0.9603112840466926, 0.9590725452309854]",0.775,4,"[0.835, 0.805, null, 0.56, 0.9, null, null, null, null, null]",7.468206882476807,2.6896119117736816,0.7215533256530762,3.6019415855407715,0.0006120204925537109,0.15006279945373535,,f37ca08ce36f,success,
vit_b32_cifar100,CIFAR100,10,1.0,44,300,4.0,raw_union_K20,raw_union,16800,0.0,poly_gate_d2_a,depth-2,0.8528,0.6986999999999999,0.7292,0.8673,0.8521,-0.068423125704209,0,10,"[-0.06308630393996251, -0.07029478458049887, -0.07387424776924667, -0.06372165754495696, -0.0720683191001874, -0.07795977607298366, -0.06571267181321794, -0.06267922982384266, -0.06439688715953307, -0.07043737923766025]","[0.8961069418386491, 0.8897134611420325, 0.8898111641419382, 0.9008991399530883, 0.8841907935846699, 0.8847190545303752, 0.8938053097345132, 0.896763621466612, 0.8959143968871596, 0.8886351659933251]","[0.9591932457786116, 0.9600082457225314, 0.9636854119111848, 0.9646207974980453, 0.9562591126848573, 0.9626788306033589, 0.9595179815477312, 0.9594428512904547, 0.9603112840466926, 0.9590725452309854]",0.793125,4,"[0.8825, 0.8, null, 0.58, 0.91, null, null, null, null, null]",7.9309468269348145,2.836409091949463,0.8327538967132568,3.7972192764282227,0.0007548332214355469,0.14815568923950195,,f37ca08ce36f,success,
vit_b32_cifar100,CIFAR100,10,1.0,44,300,4.0,raw_union_K20,raw_union,16800,0.0,poly_gate_d2_b,depth-2,0.857,0.6986999999999999,0.7292,0.8673,0.8521,-0.06414749476585221,0,10,"[-0.05628517823639778, -0.06740878169449593, -0.07117659265407761, -0.059225957779515226, -0.06873568006665276, -0.07402031930333819, -0.061570325739032206, -0.060221220811142895, -0.05836575875486383, -0.06446513261900577]","[0.9029080675422139, 0.8925994640280355, 0.8925088192571072, 0.9053948397185301, 0.8875234326182045, 0.8886585113000207, 0.897947655808699, 0.8992216304793118, 0.9019455252918288, 0.8946074126119796]","[0.9591932457786116, 0.9600082457225314, 0.9636854119111848, 0.9646207974980453, 0.9562591126848573, 0.9626788306033589, 0.9595179815477312, 0.9594428512904547, 0.9603112840466926, 0.9590725452309854]",0.795625,4,"[0.8775, 0.795, null, 0.6, 0.91, null, null, null, null, null]",7.500808954238892,2.6781089305877686,0.7446198463439941,3.5988996028900146,0.0009462833404541016,0.17066240310668945,,f37ca08ce36f,success,
vit_b32_cifar100,CIFAR100,10,1.0,44,300,4.0,raw_union_K20,raw_union,16800,0.0,second_moment,deep,0.8557,0.6986999999999999,0.7292,0.8673,0.8521,-0.06345155053718428,0,10,"[-0.056050656660412757, -0.06596578025149447, -0.06847893753890844, -0.05785770132916335, -0.06811081024786503, -0.07422765913331952, -0.06081717190736213, -0.06206472757066772, -0.05700389105058368, -0.06393816968206567]","[0.9031425891181989, 0.8940424654710369, 0.8952064743722764, 0.906763096168882, 0.8881483024369923, 0.8884511714700394, 0.898700809640369, 0.897378123719787, 0.903307392996109, 0.8951343755489197]","[0.9591932457786116, 0.9600082457225314, 0.9636854119111848, 0.9646207974980453, 0.9562591126848573, 0.9626788306033589, 0.9595179815477312, 0.9594428512904547, 0.9603112840466926, 0.9590725452309854]",0.784375,4,"[0.8625, 0.795, null, 0.57, 0.91, null, null, null, null, null]",7.7651896476745605,2.827787399291992,0.7632794380187988,3.6162025928497314,0.0007245540618896484,0.1473848819732666,,f37ca08ce36f,success,
vit_b32_cifar100,CIFAR100,10,1.0,44,300,4.0,raw_union_K20,raw_union,16800,0.0,sign_majority,deep,0.855,0.6986999999999999,0.7292,0.8673,0.8521,-0.06295067699607468,0,10,"[-0.05511257035647277, -0.0688517831374974, -0.06619630628761153, -0.05688037529319778, -0.06915225994584462, -0.07381297947335685, -0.057239691206929066, -0.06206472757066772, -0.05836575875486383, -0.06183031793430527]","[0.9040806754221389, 0.891156462585034, 0.8974891056235733, 0.9077404222048475, 0.8871068527390127, 0.888865851130002, 0.9022782903408021, 0.897378123719787, 0.9019455252918288, 0.8972422272966801]","[0.9591932457786116, 0.9600082457225314, 0.9636854119111848, 0.9646207974980453, 0.9562591126848573, 0.9626788306033589, 0.9595179815477312, 0.9594428512904547, 0.9603112840466926, 0.9590725452309854]",0.8031250000000001,4,"[0.8425, 0.81, null, 0.65, 0.91, null, null, null, null, null]",7.6678009033203125,2.7572836875915527,0.8992533683776855,3.575770139694214,0.0009472370147705078,0.14409446716308594,,f37ca08ce36f,success,